gpu_id,utilization_percent,memory_used_mib,memory_total_mib,temperature_c,power_w,timestamp,task_id,task_kind
0,3.0,105.0,15360.0,39.0,26.08,1786262669.8110738,benchmark_g0,benchmark
0,86.0,1313.0,15360.0,45.0,73.28,1786262674.869159,benchmark_g0,benchmark
0,93.0,1313.0,15360.0,45.0,68.77,1786262674.9653013,benchmark_g0,benchmark
1,0.0,107.0,15360.0,43.0,27.15,1786262669.8113952,benchmark_g1,benchmark
1,87.0,1313.0,15360.0,47.0,69.36,1786262674.8692849,benchmark_g1,benchmark
1,87.0,1313.0,15360.0,47.0,72.5,1786262674.9486942,benchmark_g1,benchmark
0,93.0,1525.0,15360.0,44.0,33.17,1786262675.0395787,cache_g0,initialize_cache
0,2.0,2167.0,15360.0,42.0,26.08,1786262680.0903516,cache_g0,initialize_cache
0,2.0,2795.0,15360.0,42.0,26.28,1786262683.462433,cache_g0,initialize_cache
1,39.0,1333.0,15360.0,46.0,33.84,1786262675.040152,cache_g1,initialize_cache
1,2.0,2745.0,15360.0,45.0,27.35,1786262680.096479,cache_g1,initialize_cache
1,2.0,3429.0,15360.0,46.0,27.65,1786262685.1380584,cache_g1,initialize_cache
1,2.0,3881.0,15360.0,46.0,27.65,1786262686.757909,cache_g1,initialize_cache
0,0.0,2815.0,15360.0,43.0,26.08,1786262686.8136828,collect_g0,collect_records
0,73.0,3991.0,15360.0,50.0,58.82,1786262691.8655007,collect_g0,collect_records
0,65.0,5123.0,15360.0,53.0,65.59,1786262696.9145496,collect_g0,collect_records
0,81.0,6257.0,15360.0,55.0,68.04,1786262701.9628747,collect_g0,collect_records
0,59.0,7349.0,15360.0,57.0,60.78,1786262707.0110638,collect_g0,collect_records
0,62.0,7379.0,15360.0,59.0,57.76,1786262712.058108,collect_g0,collect_records
0,62.0,7381.0,15360.0,61.0,56.26,1786262717.1134038,collect_g0,collect_records
0,69.0,7391.0,15360.0,63.0,68.32,1786262722.1708262,collect_g0,collect_records
0,79.0,7393.0,15360.0,65.0,69.31,1786262727.2234323,collect_g0,collect_records
0,69.0,7411.0,15360.0,67.0,70.68,1786262732.2718694,collect_g0,collect_records
0,71.0,7425.0,15360.0,68.0,71.37,1786262737.3152683,collect_g0,collect_records
0,75.0,7431.0,15360.0,70.0,66.38,1786262742.3642662,collect_g0,collect_records
0,71.0,7433.0,15360.0,71.0,60.45,1786262747.415822,collect_g0,collect_records
0,85.0,7433.0,15360.0,73.0,66.32,1786262752.4661515,collect_g0,collect_records
0,65.0,7441.0,15360.0,75.0,71.42,1786262757.5173702,collect_g0,collect_records
0,65.0,7443.0,15360.0,76.0,67.16,1786262762.564241,collect_g0,collect_records
0,76.0,7443.0,15360.0,78.0,65.77,1786262767.6158311,collect_g0,collect_records
0,61.0,7443.0,15360.0,80.0,68.08,1786262772.6592376,collect_g0,collect_records
0,78.0,7443.0,15360.0,81.0,67.59,1786262777.7038646,collect_g0,collect_records
0,73.0,7443.0,15360.0,83.0,68.22,1786262782.7533026,collect_g0,collect_records
0,63.0,7443.0,15360.0,83.0,67.97,1786262787.8000069,collect_g0,collect_records
0,71.0,7443.0,15360.0,81.0,69.4,1786262792.8517382,collect_g0,collect_records
0,76.0,7443.0,15360.0,79.0,69.55,1786262797.9048178,collect_g0,collect_records
0,87.0,7443.0,15360.0,78.0,66.95,1786262802.9524608,collect_g0,collect_records
0,84.0,7445.0,15360.0,76.0,63.97,1786262808.0023224,collect_g0,collect_records
0,66.0,7449.0,15360.0,76.0,62.44,1786262813.0559173,collect_g0,collect_records
0,77.0,7449.0,15360.0,74.0,65.91,1786262818.104391,collect_g0,collect_records
0,56.0,7449.0,15360.0,74.0,70.98,1786262823.15875,collect_g0,collect_records
0,65.0,7449.0,15360.0,74.0,70.43,1786262828.2192397,collect_g0,collect_records
0,85.0,7449.0,15360.0,74.0,67.24,1786262833.2741053,collect_g0,collect_records
0,73.0,7455.0,15360.0,75.0,61.95,1786262838.325001,collect_g0,collect_records
0,71.0,7455.0,15360.0,75.0,70.98,1786262843.376741,collect_g0,collect_records
0,74.0,7455.0,15360.0,76.0,67.0,1786262848.432041,collect_g0,collect_records
0,79.0,7591.0,15360.0,77.0,64.26,1786262853.479857,collect_g0,collect_records
0,86.0,7731.0,15360.0,78.0,66.2,1786262858.5316634,collect_g0,collect_records
0,89.0,7731.0,15360.0,78.0,67.28,1786262863.5862734,collect_g0,collect_records
0,74.0,7743.0,15360.0,79.0,67.69,1786262868.6396382,collect_g0,collect_records
0,78.0,8033.0,15360.0,79.0,68.53,1786262873.6883578,collect_g0,collect_records
0,65.0,8033.0,15360.0,79.0,70.98,1786262878.738008,collect_g0,collect_records
0,58.0,8033.0,15360.0,79.0,71.41,1786262883.79368,collect_g0,collect_records
0,69.0,8033.0,15360.0,79.0,68.77,1786262888.841665,collect_g0,collect_records
0,68.0,8039.0,15360.0,78.0,67.68,1786262893.8846664,collect_g0,collect_records
0,60.0,8039.0,15360.0,77.0,69.12,1786262898.9294643,collect_g0,collect_records
0,86.0,8039.0,15360.0,76.0,65.4,1786262903.9784944,collect_g0,collect_records
0,83.0,8039.0,15360.0,76.0,67.58,1786262909.0290961,collect_g0,collect_records
0,73.0,8039.0,15360.0,76.0,64.28,1786262914.0767138,collect_g0,collect_records
0,62.0,8039.0,15360.0,75.0,70.84,1786262919.122897,collect_g0,collect_records
0,86.0,8039.0,15360.0,75.0,68.28,1786262924.171803,collect_g0,collect_records
0,66.0,8039.0,15360.0,76.0,67.34,1786262929.2178233,collect_g0,collect_records
0,74.0,8039.0,15360.0,76.0,64.79,1786262934.2679484,collect_g0,collect_records
0,68.0,8039.0,15360.0,76.0,65.91,1786262939.313971,collect_g0,collect_records
0,73.0,8105.0,15360.0,77.0,66.6,1786262944.3611693,collect_g0,collect_records
0,86.0,8107.0,15360.0,77.0,68.56,1786262949.409663,collect_g0,collect_records
0,75.0,8107.0,15360.0,78.0,66.16,1786262954.4557633,collect_g0,collect_records
0,80.0,8107.0,15360.0,78.0,65.83,1786262959.502549,collect_g0,collect_records
0,84.0,8109.0,15360.0,78.0,60.51,1786262964.5502625,collect_g0,collect_records
0,62.0,8113.0,15360.0,78.0,71.27,1786262969.6002748,collect_g0,collect_records
0,78.0,8113.0,15360.0,78.0,68.03,1786262974.6454406,collect_g0,collect_records
0,65.0,8113.0,15360.0,78.0,69.83,1786262979.6961796,collect_g0,collect_records
0,78.0,8113.0,15360.0,77.0,63.26,1786262984.7425227,collect_g0,collect_records
0,76.0,8113.0,15360.0,77.0,59.1,1786262989.7884262,collect_g0,collect_records
0,78.0,8113.0,15360.0,77.0,64.97,1786262994.8317144,collect_g0,collect_records
0,63.0,8113.0,15360.0,77.0,58.99,1786262999.8794088,collect_g0,collect_records
0,83.0,8245.0,15360.0,76.0,67.09,1786263004.9324017,collect_g0,collect_records
0,66.0,8249.0,15360.0,76.0,60.08,1786263009.9775085,collect_g0,collect_records
0,71.0,8249.0,15360.0,76.0,67.79,1786263015.0280266,collect_g0,collect_records
0,74.0,8249.0,15360.0,76.0,61.37,1786263020.07651,collect_g0,collect_records
0,66.0,8249.0,15360.0,76.0,66.99,1786263025.1245632,collect_g0,collect_records
0,71.0,8249.0,15360.0,77.0,62.38,1786263030.1780477,collect_g0,collect_records
0,90.0,8249.0,15360.0,77.0,67.89,1786263035.2238111,collect_g0,collect_records
0,56.0,8257.0,15360.0,77.0,67.69,1786263040.2724788,collect_g0,collect_records
0,77.0,8257.0,15360.0,77.0,61.43,1786263045.3171349,collect_g0,collect_records
0,72.0,8257.0,15360.0,77.0,61.49,1786263050.3661835,collect_g0,collect_records
0,63.0,8257.0,15360.0,78.0,67.22,1786263055.409515,collect_g0,collect_records
0,79.0,8257.0,15360.0,77.0,62.28,1786263060.460039,collect_g0,collect_records
0,67.0,8257.0,15360.0,77.0,67.28,1786263065.503899,collect_g0,collect_records
0,88.0,8257.0,15360.0,77.0,65.28,1786263070.5504375,collect_g0,collect_records
0,69.0,8257.0,15360.0,77.0,63.95,1786263075.5947523,collect_g0,collect_records
0,63.0,8257.0,15360.0,77.0,59.05,1786263080.6459174,collect_g0,collect_records
0,72.0,8257.0,15360.0,77.0,55.94,1786263085.6990254,collect_g0,collect_records
0,77.0,8257.0,15360.0,77.0,58.33,1786263090.7482722,collect_g0,collect_records
0,75.0,8257.0,15360.0,76.0,59.51,1786263095.7931318,collect_g0,collect_records
0,91.0,8257.0,15360.0,77.0,65.42,1786263100.8451993,collect_g0,collect_records
0,85.0,8263.0,15360.0,76.0,61.76,1786263105.8978207,collect_g0,collect_records
0,77.0,8263.0,15360.0,76.0,65.3,1786263110.9474504,collect_g0,collect_records
0,71.0,8263.0,15360.0,77.0,62.91,1786263115.9958916,collect_g0,collect_records
0,84.0,8263.0,15360.0,77.0,63.91,1786263121.040881,collect_g0,collect_records
0,83.0,8263.0,15360.0,77.0,60.49,1786263126.0887616,collect_g0,collect_records
0,91.0,8263.0,15360.0,77.0,62.73,1786263131.1387691,collect_g0,collect_records
0,84.0,8263.0,15360.0,77.0,63.26,1786263136.18791,collect_g0,collect_records
0,84.0,8263.0,15360.0,77.0,59.63,1786263141.2387152,collect_g0,collect_records
0,82.0,8263.0,15360.0,77.0,59.86,1786263146.2822483,collect_g0,collect_records
0,83.0,8263.0,15360.0,77.0,62.47,1786263151.3280003,collect_g0,collect_records
0,64.0,8263.0,15360.0,78.0,63.63,1786263156.377586,collect_g0,collect_records
0,72.0,8263.0,15360.0,77.0,61.92,1786263161.4282289,collect_g0,collect_records
0,65.0,8263.0,15360.0,77.0,59.83,1786263166.4844778,collect_g0,collect_records
0,71.0,8263.0,15360.0,77.0,63.59,1786263171.5268743,collect_g0,collect_records
0,53.0,8263.0,15360.0,77.0,62.61,1786263176.5714004,collect_g0,collect_records
0,78.0,8263.0,15360.0,77.0,61.43,1786263181.6150258,collect_g0,collect_records
0,55.0,8263.0,15360.0,77.0,57.11,1786263186.6629992,collect_g0,collect_records
0,87.0,8263.0,15360.0,76.0,59.2,1786263191.7137055,collect_g0,collect_records
0,73.0,8263.0,15360.0,77.0,61.71,1786263196.7595942,collect_g0,collect_records
0,81.0,8263.0,15360.0,76.0,62.87,1786263201.8085556,collect_g0,collect_records
0,77.0,8263.0,15360.0,76.0,57.7,1786263206.8562214,collect_g0,collect_records
0,68.0,8263.0,15360.0,76.0,64.75,1786263211.9098692,collect_g0,collect_records
0,62.0,8263.0,15360.0,77.0,67.14,1786263216.9549332,collect_g0,collect_records
0,78.0,8263.0,15360.0,76.0,67.45,1786263222.0007274,collect_g0,collect_records
0,80.0,8263.0,15360.0,77.0,68.08,1786263227.0485342,collect_g0,collect_records
0,77.0,8263.0,15360.0,77.0,71.76,1786263232.0933728,collect_g0,collect_records
0,49.0,8263.0,15360.0,77.0,60.35,1786263237.137803,collect_g0,collect_records
0,82.0,8263.0,15360.0,77.0,69.5,1786263242.1894078,collect_g0,collect_records
0,71.0,8263.0,15360.0,77.0,66.34,1786263247.2395136,collect_g0,collect_records
0,76.0,8263.0,15360.0,77.0,67.24,1786263252.2889643,collect_g0,collect_records
0,74.0,8263.0,15360.0,77.0,68.18,1786263257.3384194,collect_g0,collect_records
0,80.0,8263.0,15360.0,77.0,70.18,1786263262.3857856,collect_g0,collect_records
0,66.0,8263.0,15360.0,77.0,67.14,1786263267.429877,collect_g0,collect_records
0,74.0,8265.0,15360.0,77.0,69.7,1786263272.477658,collect_g0,collect_records
0,77.0,8265.0,15360.0,77.0,66.42,1786263277.5274131,collect_g0,collect_records
0,87.0,8335.0,15360.0,77.0,68.38,1786263282.5726798,collect_g0,collect_records
0,78.0,8335.0,15360.0,77.0,66.6,1786263287.6219757,collect_g0,collect_records
0,75.0,8335.0,15360.0,77.0,69.41,1786263292.6645358,collect_g0,collect_records
0,87.0,8335.0,15360.0,77.0,67.4,1786263297.7120125,collect_g0,collect_records
0,78.0,8347.0,15360.0,77.0,67.97,1786263302.759235,collect_g0,collect_records
0,82.0,8347.0,15360.0,77.0,69.59,1786263307.80721,collect_g0,collect_records
0,91.0,8349.0,15360.0,77.0,68.91,1786263312.8620505,collect_g0,collect_records
0,91.0,8355.0,15360.0,77.0,67.68,1786263317.9125123,collect_g0,collect_records
0,89.0,8359.0,15360.0,76.0,67.73,1786263322.9631689,collect_g0,collect_records
0,67.0,8359.0,15360.0,77.0,67.09,1786263328.0084805,collect_g0,collect_records
0,75.0,8359.0,15360.0,77.0,66.51,1786263333.0609071,collect_g0,collect_records
0,92.0,8359.0,15360.0,77.0,65.32,1786263338.1073284,collect_g0,collect_records
0,77.0,8363.0,15360.0,76.0,76.42,1786263343.1544213,collect_g0,collect_records
0,82.0,8363.0,15360.0,77.0,67.2,1786263348.2023852,collect_g0,collect_records
0,91.0,8363.0,15360.0,76.0,67.73,1786263353.2475126,collect_g0,collect_records
0,79.0,8363.0,15360.0,77.0,73.86,1786263358.295737,collect_g0,collect_records
0,88.0,8363.0,15360.0,77.0,68.32,1786263363.343785,collect_g0,collect_records
0,77.0,8363.0,15360.0,77.0,67.87,1786263368.389487,collect_g0,collect_records
0,57.0,8363.0,15360.0,77.0,66.02,1786263373.434372,collect_g0,collect_records
0,75.0,8363.0,15360.0,77.0,66.06,1786263378.4797878,collect_g0,collect_records
0,80.0,8363.0,15360.0,77.0,67.98,1786263383.531786,collect_g0,collect_records
0,83.0,8365.0,15360.0,77.0,66.42,1786263388.5767045,collect_g0,collect_records
0,84.0,8365.0,15360.0,77.0,64.12,1786263393.6244185,collect_g0,collect_records
0,90.0,8365.0,15360.0,77.0,68.32,1786263398.6731122,collect_g0,collect_records
0,86.0,8369.0,15360.0,77.0,67.14,1786263403.7215343,collect_g0,collect_records
0,89.0,8369.0,15360.0,77.0,67.69,1786263408.773146,collect_g0,collect_records
0,77.0,8371.0,15360.0,77.0,74.75,1786263413.8209531,collect_g0,collect_records
0,87.0,8371.0,15360.0,77.0,69.94,1786263418.8687992,collect_g0,collect_records
0,77.0,8507.0,15360.0,77.0,70.14,1786263423.9187753,collect_g0,collect_records
0,86.0,8507.0,15360.0,77.0,64.59,1786263428.9705756,collect_g0,collect_records
0,82.0,8511.0,15360.0,77.0,69.16,1786263434.0175424,collect_g0,collect_records
0,89.0,8511.0,15360.0,77.0,67.14,1786263439.0657723,collect_g0,collect_records
0,87.0,8515.0,15360.0,77.0,69.1,1786263444.1149406,collect_g0,collect_records
0,85.0,8515.0,15360.0,77.0,68.12,1786263449.1582098,collect_g0,collect_records
0,73.0,8515.0,15360.0,77.0,58.95,1786263454.2057533,collect_g0,collect_records
0,81.0,8515.0,15360.0,77.0,64.85,1786263459.2566772,collect_g0,collect_records
0,69.0,8515.0,15360.0,77.0,71.26,1786263464.3045504,collect_g0,collect_records
0,72.0,8515.0,15360.0,77.0,61.85,1786263469.3450823,collect_g0,collect_records
0,75.0,8515.0,15360.0,77.0,71.4,1786263474.3871834,collect_g0,collect_records
0,76.0,8515.0,15360.0,77.0,62.65,1786263479.431139,collect_g0,collect_records
0,72.0,8515.0,15360.0,77.0,58.17,1786263484.4738007,collect_g0,collect_records
0,71.0,8515.0,15360.0,77.0,71.02,1786263489.5239184,collect_g0,collect_records
0,85.0,8515.0,15360.0,77.0,63.75,1786263494.573676,collect_g0,collect_records
0,87.0,8515.0,15360.0,77.0,60.81,1786263499.623116,collect_g0,collect_records
0,79.0,8515.0,15360.0,77.0,59.57,1786263504.6688569,collect_g0,collect_records
0,84.0,8515.0,15360.0,76.0,61.57,1786263509.7170608,collect_g0,collect_records
0,85.0,8515.0,15360.0,77.0,65.16,1786263514.766805,collect_g0,collect_records
0,80.0,8517.0,15360.0,77.0,61.04,1786263519.8143206,collect_g0,collect_records
0,78.0,8517.0,15360.0,77.0,62.65,1786263524.8636682,collect_g0,collect_records
0,70.0,8517.0,15360.0,77.0,65.42,1786263529.9099097,collect_g0,collect_records
0,85.0,8517.0,15360.0,77.0,63.47,1786263534.9569516,collect_g0,collect_records
0,76.0,8517.0,15360.0,77.0,64.59,1786263540.0065057,collect_g0,collect_records
0,70.0,8517.0,15360.0,77.0,63.49,1786263545.0485637,collect_g0,collect_records
0,83.0,8517.0,15360.0,77.0,64.3,1786263550.100297,collect_g0,collect_records
0,78.0,8517.0,15360.0,77.0,64.28,1786263555.157808,collect_g0,collect_records
0,64.0,8517.0,15360.0,77.0,66.6,1786263560.208741,collect_g0,collect_records
0,72.0,8517.0,15360.0,77.0,68.42,1786263565.255229,collect_g0,collect_records
0,71.0,8517.0,15360.0,77.0,67.62,1786263570.2974994,collect_g0,collect_records
0,76.0,8517.0,15360.0,77.0,62.71,1786263575.3440971,collect_g0,collect_records
0,72.0,8517.0,15360.0,77.0,67.59,1786263580.3929372,collect_g0,collect_records
0,81.0,8517.0,15360.0,77.0,68.28,1786263585.4376667,collect_g0,collect_records
0,76.0,8517.0,15360.0,77.0,66.79,1786263590.4887145,collect_g0,collect_records
0,85.0,8517.0,15360.0,77.0,62.61,1786263595.5340421,collect_g0,collect_records
0,84.0,8517.0,15360.0,77.0,67.38,1786263600.5803995,collect_g0,collect_records
0,71.0,8517.0,15360.0,77.0,64.24,1786263605.626041,collect_g0,collect_records
0,80.0,8517.0,15360.0,77.0,67.77,1786263610.6707299,collect_g0,collect_records
0,80.0,8517.0,15360.0,77.0,67.98,1786263615.7152824,collect_g0,collect_records
0,78.0,8517.0,15360.0,77.0,68.18,1786263620.765696,collect_g0,collect_records
0,76.0,8517.0,15360.0,77.0,62.87,1786263625.8105571,collect_g0,collect_records
0,85.0,8517.0,15360.0,77.0,67.04,1786263630.8561652,collect_g0,collect_records
0,86.0,8517.0,15360.0,77.0,69.55,1786263635.9033704,collect_g0,collect_records
0,83.0,8517.0,15360.0,77.0,71.41,1786263640.9475281,collect_g0,collect_records
0,86.0,8517.0,15360.0,77.0,69.21,1786263645.9969437,collect_g0,collect_records
0,68.0,8517.0,15360.0,77.0,66.01,1786263651.0415263,collect_g0,collect_records
0,86.0,8517.0,15360.0,77.0,67.09,1786263656.0887198,collect_g0,collect_records
0,75.0,8517.0,15360.0,77.0,67.69,1786263661.13586,collect_g0,collect_records
0,85.0,8517.0,15360.0,77.0,67.79,1786263666.1835685,collect_g0,collect_records
0,87.0,8517.0,15360.0,77.0,68.22,1786263671.2323647,collect_g0,collect_records
0,79.0,8517.0,15360.0,77.0,63.3,1786263676.2810175,collect_g0,collect_records
0,84.0,8517.0,15360.0,77.0,65.57,1786263681.324784,collect_g0,collect_records
0,80.0,8517.0,15360.0,77.0,61.67,1786263686.3755434,collect_g0,collect_records
0,73.0,8517.0,15360.0,77.0,62.51,1786263691.4276683,collect_g0,collect_records
0,83.0,8517.0,15360.0,77.0,60.65,1786263696.4829924,collect_g0,collect_records
0,87.0,8517.0,15360.0,77.0,57.81,1786263701.529736,collect_g0,collect_records
0,89.0,8517.0,15360.0,77.0,53.22,1786263706.5785315,collect_g0,collect_records
0,86.0,8517.0,15360.0,77.0,60.78,1786263711.6258395,collect_g0,collect_records
0,80.0,8517.0,15360.0,77.0,59.7,1786263716.6731973,collect_g0,collect_records
0,80.0,8517.0,15360.0,77.0,61.89,1786263721.7244895,collect_g0,collect_records
0,71.0,8517.0,15360.0,77.0,67.44,1786263726.7670345,collect_g0,collect_records
0,85.0,8517.0,15360.0,77.0,65.16,1786263731.812531,collect_g0,collect_records
0,79.0,8517.0,15360.0,77.0,68.17,1786263736.8574429,collect_g0,collect_records
0,88.0,8517.0,15360.0,77.0,61.83,1786263741.90433,collect_g0,collect_records
0,78.0,8517.0,15360.0,77.0,68.4,1786263746.946952,collect_g0,collect_records
0,77.0,8517.0,15360.0,77.0,62.14,1786263751.9971032,collect_g0,collect_records
0,86.0,8517.0,15360.0,76.0,52.13,1786263757.0502384,collect_g0,collect_records
0,78.0,8517.0,15360.0,77.0,69.69,1786263762.0935216,collect_g0,collect_records
0,88.0,8517.0,15360.0,77.0,68.96,1786263767.1395922,collect_g0,collect_records
0,82.0,8517.0,15360.0,77.0,71.85,1786263772.187743,collect_g0,collect_records
0,67.0,8517.0,15360.0,77.0,67.44,1786263777.2388828,collect_g0,collect_records
0,81.0,8517.0,15360.0,77.0,73.77,1786263782.2844465,collect_g0,collect_records
0,82.0,8517.0,15360.0,77.0,66.69,1786263787.3302367,collect_g0,collect_records
0,89.0,8517.0,15360.0,77.0,64.14,1786263792.3759322,collect_g0,collect_records
0,70.0,8519.0,15360.0,77.0,66.12,1786263797.4231372,collect_g0,collect_records
0,77.0,8519.0,15360.0,77.0,68.18,1786263802.4718933,collect_g0,collect_records
0,82.0,8519.0,15360.0,77.0,67.04,1786263807.5239742,collect_g0,collect_records
0,84.0,8519.0,15360.0,77.0,67.79,1786263812.5671134,collect_g0,collect_records
0,91.0,8519.0,15360.0,77.0,68.28,1786263817.615261,collect_g0,collect_records
0,88.0,8519.0,15360.0,77.0,65.22,1786263822.6581073,collect_g0,collect_records
0,87.0,8519.0,15360.0,77.0,68.96,1786263827.7021108,collect_g0,collect_records
0,81.0,8519.0,15360.0,77.0,67.73,1786263832.7485611,collect_g0,collect_records
0,89.0,8521.0,15360.0,77.0,67.89,1786263837.7967982,collect_g0,collect_records
0,87.0,8523.0,15360.0,77.0,67.59,1786263842.8427656,collect_g0,collect_records
0,91.0,8523.0,15360.0,77.0,61.47,1786263847.8897707,collect_g0,collect_records
0,85.0,8523.0,15360.0,77.0,70.59,1786263852.9388053,collect_g0,collect_records
0,92.0,8523.0,15360.0,77.0,67.89,1786263857.9847882,collect_g0,collect_records
0,85.0,8523.0,15360.0,77.0,67.34,1786263863.029762,collect_g0,collect_records
0,80.0,8523.0,15360.0,77.0,66.06,1786263868.0751417,collect_g0,collect_records
0,85.0,8523.0,15360.0,77.0,66.85,1786263873.119179,collect_g0,collect_records
0,86.0,8523.0,15360.0,77.0,68.67,1786263878.1708,collect_g0,collect_records
0,88.0,8523.0,15360.0,77.0,68.67,1786263883.2233887,collect_g0,collect_records
0,77.0,8523.0,15360.0,77.0,66.91,1786263888.269114,collect_g0,collect_records
0,80.0,8523.0,15360.0,77.0,74.5,1786263893.3159993,collect_g0,collect_records
0,68.0,8523.0,15360.0,77.0,68.11,1786263898.3658645,collect_g0,collect_records
0,64.0,8523.0,15360.0,77.0,68.32,1786263903.4128714,collect_g0,collect_records
0,80.0,8523.0,15360.0,77.0,68.47,1786263908.460833,collect_g0,collect_records
0,68.0,8523.0,15360.0,77.0,72.5,1786263913.505536,collect_g0,collect_records
0,58.0,8523.0,15360.0,77.0,71.12,1786263918.559561,collect_g0,collect_records
0,52.0,8523.0,15360.0,77.0,70.08,1786263923.6019228,collect_g0,collect_records
0,71.0,8523.0,15360.0,77.0,68.12,1786263928.6485922,collect_g0,collect_records
0,60.0,8523.0,15360.0,77.0,67.31,1786263933.6919022,collect_g0,collect_records
0,65.0,8523.0,15360.0,77.0,69.21,1786263938.7374287,collect_g0,collect_records
0,82.0,8523.0,15360.0,77.0,51.41,1786263943.7833023,collect_g0,collect_records
0,82.0,8523.0,15360.0,77.0,66.61,1786263948.8309214,collect_g0,collect_records
0,72.0,8523.0,15360.0,77.0,65.26,1786263953.8729973,collect_g0,collect_records
0,74.0,8541.0,15360.0,77.0,68.28,1786263958.9273043,collect_g0,collect_records
0,47.0,8541.0,15360.0,77.0,68.72,1786263963.9719968,collect_g0,collect_records
0,80.0,8541.0,15360.0,77.0,64.14,1786263969.0207927,collect_g0,collect_records
0,65.0,8545.0,15360.0,77.0,66.92,1786263974.0647135,collect_g0,collect_records
0,73.0,8553.0,15360.0,77.0,64.08,1786263979.1153953,collect_g0,collect_records
0,57.0,8553.0,15360.0,77.0,59.74,1786263984.1684825,collect_g0,collect_records
0,81.0,8553.0,15360.0,77.0,58.29,1786263989.2147064,collect_g0,collect_records
0,78.0,8553.0,15360.0,77.0,60.03,1786263994.262263,collect_g0,collect_records
0,76.0,8553.0,15360.0,77.0,66.4,1786263999.3101015,collect_g0,collect_records
0,76.0,8553.0,15360.0,77.0,62.47,1786264004.3572016,collect_g0,collect_records
0,70.0,8553.0,15360.0,77.0,62.1,1786264009.4125013,collect_g0,collect_records
0,72.0,8553.0,15360.0,77.0,61.08,1786264014.4671612,collect_g0,collect_records
0,61.0,8553.0,15360.0,77.0,59.43,1786264019.5187995,collect_g0,collect_records
0,71.0,8553.0,15360.0,77.0,62.18,1786264024.570096,collect_g0,collect_records
0,76.0,8553.0,15360.0,77.0,63.26,1786264029.6225843,collect_g0,collect_records
0,66.0,8553.0,15360.0,77.0,62.57,1786264034.684433,collect_g0,collect_records
0,51.0,8553.0,15360.0,77.0,75.39,1786264039.7358482,collect_g0,collect_records
0,80.0,8553.0,15360.0,77.0,63.95,1786264044.7844095,collect_g0,collect_records
0,53.0,8553.0,15360.0,77.0,68.12,1786264049.8325417,collect_g0,collect_records
0,64.0,8553.0,15360.0,77.0,68.33,1786264054.8756583,collect_g0,collect_records
0,87.0,8553.0,15360.0,77.0,67.54,1786264059.9275644,collect_g0,collect_records
0,62.0,8553.0,15360.0,77.0,69.75,1786264064.98395,collect_g0,collect_records
0,86.0,8553.0,15360.0,77.0,66.91,1786264070.0353088,collect_g0,collect_records
0,66.0,8553.0,15360.0,77.0,68.47,1786264075.0875618,collect_g0,collect_records
0,76.0,8553.0,15360.0,77.0,67.09,1786264080.141266,collect_g0,collect_records
0,88.0,8553.0,15360.0,77.0,67.04,1786264085.199163,collect_g0,collect_records
0,51.0,8553.0,15360.0,77.0,65.85,1786264090.2528448,collect_g0,collect_records
0,75.0,8553.0,15360.0,77.0,59.94,1786264095.299937,collect_g0,collect_records
0,71.0,8553.0,15360.0,77.0,63.99,1786264100.3508668,collect_g0,collect_records
0,72.0,8553.0,15360.0,77.0,58.89,1786264105.416247,collect_g0,collect_records
0,64.0,8561.0,15360.0,77.0,65.16,1786264110.4684935,collect_g0,collect_records
0,80.0,8563.0,15360.0,77.0,66.32,1786264115.5242424,collect_g0,collect_records
0,82.0,8563.0,15360.0,77.0,66.26,1786264120.5788586,collect_g0,collect_records
0,65.0,8563.0,15360.0,77.0,67.54,1786264125.6423259,collect_g0,collect_records
0,82.0,8563.0,15360.0,77.0,64.87,1786264130.687583,collect_g0,collect_records
0,65.0,8563.0,15360.0,77.0,67.49,1786264135.7383764,collect_g0,collect_records
0,75.0,8563.0,15360.0,77.0,66.64,1786264140.7898405,collect_g0,collect_records
0,77.0,8563.0,15360.0,77.0,58.0,1786264145.840664,collect_g0,collect_records
0,78.0,8563.0,15360.0,77.0,63.65,1786264150.8867385,collect_g0,collect_records
0,76.0,8563.0,15360.0,77.0,64.81,1786264155.940023,collect_g0,collect_records
0,77.0,8563.0,15360.0,77.0,57.77,1786264160.9854891,collect_g0,collect_records
0,73.0,8563.0,15360.0,77.0,62.94,1786264166.0347621,collect_g0,collect_records
0,61.0,8563.0,15360.0,77.0,60.71,1786264171.0852625,collect_g0,collect_records
0,72.0,8563.0,15360.0,77.0,61.96,1786264176.1377716,collect_g0,collect_records
0,56.0,8563.0,15360.0,77.0,64.97,1786264181.1796649,collect_g0,collect_records
0,75.0,8563.0,15360.0,77.0,63.79,1786264186.2242458,collect_g0,collect_records
0,66.0,8563.0,15360.0,77.0,59.63,1786264191.2733045,collect_g0,collect_records
0,77.0,8563.0,15360.0,77.0,63.75,1786264196.319062,collect_g0,collect_records
0,81.0,8563.0,15360.0,77.0,62.0,1786264201.373684,collect_g0,collect_records
0,67.0,8563.0,15360.0,77.0,61.89,1786264206.4268758,collect_g0,collect_records
0,65.0,8563.0,15360.0,77.0,70.49,1786264211.4818935,collect_g0,collect_records
0,82.0,8563.0,15360.0,77.0,60.29,1786264216.539679,collect_g0,collect_records
0,72.0,8563.0,15360.0,77.0,60.84,1786264221.5880644,collect_g0,collect_records
0,55.0,8563.0,15360.0,77.0,63.49,1786264226.634833,collect_g0,collect_records
0,77.0,8563.0,15360.0,77.0,63.26,1786264231.6809125,collect_g0,collect_records
0,63.0,8563.0,15360.0,77.0,58.33,1786264236.729037,collect_g0,collect_records
0,67.0,8563.0,15360.0,77.0,63.53,1786264241.7776256,collect_g0,collect_records
0,74.0,8563.0,15360.0,77.0,61.86,1786264246.8304586,collect_g0,collect_records
0,79.0,8563.0,15360.0,77.0,60.72,1786264251.8772173,collect_g0,collect_records
0,68.0,8563.0,15360.0,77.0,62.71,1786264256.9243126,collect_g0,collect_records
0,73.0,8563.0,15360.0,77.0,50.39,1786264261.9742298,collect_g0,collect_records
0,81.0,8563.0,15360.0,77.0,61.79,1786264267.0262015,collect_g0,collect_records
0,86.0,8563.0,15360.0,77.0,63.36,1786264272.0736842,collect_g0,collect_records
0,62.0,8563.0,15360.0,77.0,55.68,1786264277.1231022,collect_g0,collect_records
0,50.0,8563.0,15360.0,77.0,57.71,1786264282.1756306,collect_g0,collect_records
0,67.0,8563.0,15360.0,77.0,58.13,1786264287.2308881,collect_g0,collect_records
0,84.0,8563.0,15360.0,77.0,66.93,1786264292.2944622,collect_g0,collect_records
0,84.0,8563.0,15360.0,77.0,67.89,1786264297.347528,collect_g0,collect_records
0,84.0,8563.0,15360.0,77.0,68.86,1786264302.3932633,collect_g0,collect_records
0,83.0,8563.0,15360.0,77.0,62.77,1786264307.4392648,collect_g0,collect_records
0,55.0,8563.0,15360.0,77.0,63.63,1786264312.4943895,collect_g0,collect_records
0,75.0,8563.0,15360.0,77.0,69.5,1786264317.5441127,collect_g0,collect_records
0,82.0,8563.0,15360.0,77.0,62.77,1786264322.5964365,collect_g0,collect_records
0,90.0,8563.0,15360.0,77.0,64.67,1786264327.6462016,collect_g0,collect_records
0,83.0,8567.0,15360.0,77.0,59.08,1786264332.6902227,collect_g0,collect_records
0,81.0,8567.0,15360.0,77.0,65.52,1786264337.7406218,collect_g0,collect_records
0,78.0,8567.0,15360.0,77.0,64.73,1786264342.7881017,collect_g0,collect_records
0,78.0,8567.0,15360.0,77.0,60.13,1786264347.8278053,collect_g0,collect_records
0,87.0,8567.0,15360.0,77.0,68.67,1786264352.8734715,collect_g0,collect_records
0,86.0,8567.0,15360.0,77.0,64.3,1786264357.9163969,collect_g0,collect_records
0,76.0,8567.0,15360.0,77.0,68.66,1786264362.9635012,collect_g0,collect_records
0,86.0,8567.0,15360.0,77.0,66.61,1786264368.0119114,collect_g0,collect_records
0,85.0,8567.0,15360.0,77.0,63.95,1786264373.0589619,collect_g0,collect_records
0,71.0,8567.0,15360.0,77.0,62.89,1786264378.111085,collect_g0,collect_records
0,67.0,8567.0,15360.0,77.0,61.73,1786264383.1558256,collect_g0,collect_records
0,72.0,8567.0,15360.0,77.0,62.73,1786264388.2017848,collect_g0,collect_records
0,91.0,8567.0,15360.0,76.0,64.79,1786264393.2450778,collect_g0,collect_records
0,63.0,8567.0,15360.0,77.0,60.78,1786264398.291366,collect_g0,collect_records
0,58.0,8567.0,15360.0,77.0,65.07,1786264403.3359268,collect_g0,collect_records
0,77.0,8567.0,15360.0,77.0,60.78,1786264408.3847284,collect_g0,collect_records
0,80.0,8567.0,15360.0,77.0,65.95,1786264413.4363098,collect_g0,collect_records
0,67.0,8567.0,15360.0,77.0,63.24,1786264418.483849,collect_g0,collect_records
0,91.0,8567.0,15360.0,77.0,59.24,1786264423.5439818,collect_g0,collect_records
0,58.0,8569.0,15360.0,77.0,59.37,1786264428.5933945,collect_g0,collect_records
0,87.0,8569.0,15360.0,77.0,58.82,1786264433.64197,collect_g0,collect_records
0,79.0,8569.0,15360.0,77.0,63.06,1786264438.690689,collect_g0,collect_records
0,86.0,8569.0,15360.0,77.0,61.24,1786264443.7357607,collect_g0,collect_records
0,92.0,8569.0,15360.0,77.0,62.51,1786264448.7874787,collect_g0,collect_records
0,81.0,8573.0,15360.0,76.0,48.62,1786264453.8347547,collect_g0,collect_records
0,82.0,8573.0,15360.0,76.0,57.58,1786264458.8822918,collect_g0,collect_records
0,60.0,8573.0,15360.0,77.0,70.67,1786264463.9327443,collect_g0,collect_records
0,70.0,8573.0,15360.0,77.0,66.01,1786264468.9850209,collect_g0,collect_records
0,89.0,8573.0,15360.0,77.0,59.9,1786264474.0323758,collect_g0,collect_records
0,47.0,8573.0,15360.0,77.0,67.27,1786264479.0801659,collect_g0,collect_records
0,82.0,8573.0,15360.0,77.0,61.08,1786264484.1299086,collect_g0,collect_records
0,71.0,8573.0,15360.0,77.0,59.86,1786264489.1806083,collect_g0,collect_records
0,67.0,8573.0,15360.0,77.0,63.79,1786264494.2318082,collect_g0,collect_records
0,87.0,8573.0,15360.0,77.0,62.94,1786264499.279297,collect_g0,collect_records
0,86.0,8573.0,15360.0,77.0,57.38,1786264504.3246891,collect_g0,collect_records
0,90.0,8573.0,15360.0,77.0,64.79,1786264509.3755615,collect_g0,collect_records
0,85.0,8573.0,15360.0,77.0,59.9,1786264514.4228191,collect_g0,collect_records
0,71.0,8573.0,15360.0,77.0,63.22,1786264519.4713073,collect_g0,collect_records
0,74.0,8573.0,15360.0,77.0,65.56,1786264524.5221696,collect_g0,collect_records
0,78.0,8573.0,15360.0,77.0,62.61,1786264529.5731683,collect_g0,collect_records
0,84.0,8573.0,15360.0,77.0,68.12,1786264534.6210804,collect_g0,collect_records
0,74.0,8573.0,15360.0,77.0,63.67,1786264539.6677248,collect_g0,collect_records
0,62.0,8573.0,15360.0,77.0,65.12,1786264544.714803,collect_g0,collect_records
0,90.0,8573.0,15360.0,77.0,57.61,1786264549.7673607,collect_g0,collect_records
0,73.0,8573.0,15360.0,77.0,62.47,1786264554.8170555,collect_g0,collect_records
0,83.0,8573.0,15360.0,77.0,60.49,1786264559.8609798,collect_g0,collect_records
0,86.0,8573.0,15360.0,77.0,60.71,1786264564.9113429,collect_g0,collect_records
0,80.0,8573.0,15360.0,77.0,62.55,1786264569.957746,collect_g0,collect_records
0,75.0,8573.0,15360.0,77.0,63.61,1786264575.0037844,collect_g0,collect_records
0,73.0,8573.0,15360.0,77.0,65.65,1786264580.0479965,collect_g0,collect_records
0,78.0,8573.0,15360.0,77.0,62.93,1786264585.0929058,collect_g0,collect_records
0,71.0,8573.0,15360.0,77.0,63.36,1786264590.1397967,collect_g0,collect_records
0,76.0,8573.0,15360.0,77.0,65.56,1786264595.1863883,collect_g0,collect_records
0,74.0,8573.0,15360.0,77.0,60.84,1786264600.2377164,collect_g0,collect_records
0,79.0,8573.0,15360.0,77.0,67.73,1786264605.288735,collect_g0,collect_records
0,86.0,8573.0,15360.0,77.0,74.11,1786264610.3378365,collect_g0,collect_records
0,88.0,8573.0,15360.0,77.0,67.89,1786264615.3827646,collect_g0,collect_records
0,77.0,8573.0,15360.0,77.0,69.06,1786264620.4300828,collect_g0,collect_records
0,76.0,8573.0,15360.0,77.0,69.89,1786264625.4742486,collect_g0,collect_records
0,75.0,8573.0,15360.0,77.0,61.83,1786264630.523844,collect_g0,collect_records
0,91.0,8575.0,15360.0,77.0,65.91,1786264635.569542,collect_g0,collect_records
0,72.0,8575.0,15360.0,77.0,65.46,1786264640.6188033,collect_g0,collect_records
0,89.0,8575.0,15360.0,77.0,66.85,1786264645.6628613,collect_g0,collect_records
0,84.0,8575.0,15360.0,77.0,67.93,1786264650.7109373,collect_g0,collect_records
0,92.0,8575.0,15360.0,77.0,69.1,1786264655.7612524,collect_g0,collect_records
0,73.0,8575.0,15360.0,77.0,64.87,1786264660.8087697,collect_g0,collect_records
0,88.0,8575.0,15360.0,77.0,67.54,1786264665.8608131,collect_g0,collect_records
0,86.0,8575.0,15360.0,77.0,65.71,1786264670.903271,collect_g0,collect_records
0,88.0,8575.0,15360.0,77.0,67.14,1786264675.9480326,collect_g0,collect_records
0,81.0,8575.0,15360.0,76.0,66.6,1786264680.992647,collect_g0,collect_records
0,82.0,8575.0,15360.0,77.0,66.56,1786264686.0382326,collect_g0,collect_records
0,91.0,8575.0,15360.0,77.0,65.97,1786264691.0835423,collect_g0,collect_records
0,88.0,8575.0,15360.0,77.0,67.89,1786264696.1416867,collect_g0,collect_records
0,74.0,8575.0,15360.0,77.0,73.58,1786264701.188815,collect_g0,collect_records
0,90.0,8575.0,15360.0,76.0,65.18,1786264706.2547553,collect_g0,collect_records
0,81.0,8575.0,15360.0,77.0,66.89,1786264711.3042772,collect_g0,collect_records
0,73.0,8575.0,15360.0,77.0,71.81,1786264716.3527977,collect_g0,collect_records
0,91.0,8575.0,15360.0,77.0,69.85,1786264721.3977823,collect_g0,collect_records
0,85.0,8575.0,15360.0,77.0,62.04,1786264726.449836,collect_g0,collect_records
0,87.0,8575.0,15360.0,77.0,67.93,1786264731.4910102,collect_g0,collect_records
0,85.0,8575.0,15360.0,77.0,61.21,1786264736.5399408,collect_g0,collect_records
0,85.0,8575.0,15360.0,77.0,63.4,1786264741.5836802,collect_g0,collect_records
0,76.0,8575.0,15360.0,77.0,64.79,1786264746.6293874,collect_g0,collect_records
0,73.0,8575.0,15360.0,77.0,67.87,1786264751.674668,collect_g0,collect_records
0,72.0,8575.0,15360.0,77.0,66.22,1786264756.7301986,collect_g0,collect_records
0,92.0,8575.0,15360.0,77.0,64.81,1786264761.7822816,collect_g0,collect_records
0,70.0,8575.0,15360.0,77.0,64.4,1786264766.8391442,collect_g0,collect_records
0,87.0,8575.0,15360.0,77.0,59.28,1786264771.890267,collect_g0,collect_records
0,85.0,8575.0,15360.0,77.0,66.19,1786264776.942084,collect_g0,collect_records
0,79.0,8575.0,15360.0,77.0,74.01,1786264781.9927664,collect_g0,collect_records
0,82.0,8575.0,15360.0,77.0,65.4,1786264787.0393097,collect_g0,collect_records
0,84.0,8575.0,15360.0,77.0,64.63,1786264792.0892758,collect_g0,collect_records
0,93.0,8575.0,15360.0,77.0,48.1,1786264797.1407995,collect_g0,collect_records
0,77.0,8575.0,15360.0,77.0,62.47,1786264802.191249,collect_g0,collect_records
0,90.0,8575.0,15360.0,77.0,65.24,1786264807.238043,collect_g0,collect_records
0,81.0,8575.0,15360.0,77.0,63.06,1786264812.2857888,collect_g0,collect_records
0,87.0,8575.0,15360.0,77.0,59.76,1786264817.3326395,collect_g0,collect_records
0,67.0,8575.0,15360.0,77.0,63.0,1786264822.3786616,collect_g0,collect_records
0,78.0,8575.0,15360.0,77.0,69.26,1786264827.4282298,collect_g0,collect_records
0,89.0,8641.0,15360.0,77.0,65.63,1786264832.4772742,collect_g0,collect_records
0,74.0,8707.0,15360.0,77.0,66.51,1786264837.519514,collect_g0,collect_records
0,85.0,8707.0,15360.0,77.0,63.89,1786264842.5625916,collect_g0,collect_records
0,90.0,8707.0,15360.0,77.0,65.36,1786264847.6093,collect_g0,collect_records
0,85.0,8707.0,15360.0,77.0,66.01,1786264852.658759,collect_g0,collect_records
0,82.0,8709.0,15360.0,77.0,71.9,1786264857.7055736,collect_g0,collect_records
0,76.0,8709.0,15360.0,77.0,73.23,1786264862.7519178,collect_g0,collect_records
0,82.0,8709.0,15360.0,77.0,64.4,1786264867.7971425,collect_g0,collect_records
0,87.0,8775.0,15360.0,77.0,68.03,1786264872.8419328,collect_g0,collect_records
0,85.0,8841.0,15360.0,77.0,67.93,1786264877.885054,collect_g0,collect_records
0,79.0,8841.0,15360.0,77.0,68.18,1786264882.9246435,collect_g0,collect_records
0,91.0,8841.0,15360.0,77.0,67.73,1786264887.9734776,collect_g0,collect_records
0,67.0,8841.0,15360.0,77.0,67.79,1786264893.0151653,collect_g0,collect_records
0,87.0,8841.0,15360.0,77.0,67.97,1786264898.058044,collect_g0,collect_records
0,71.0,8841.0,15360.0,77.0,70.24,1786264903.106834,collect_g0,collect_records
0,90.0,8841.0,15360.0,77.0,67.44,1786264908.1505084,collect_g0,collect_records
0,79.0,8841.0,15360.0,77.0,60.72,1786264913.1918223,collect_g0,collect_records
0,91.0,8841.0,15360.0,77.0,66.91,1786264918.2363496,collect_g0,collect_records
0,85.0,8841.0,15360.0,77.0,66.06,1786264923.2809658,collect_g0,collect_records
0,89.0,8841.0,15360.0,77.0,67.0,1786264928.3303552,collect_g0,collect_records
0,81.0,8841.0,15360.0,77.0,69.94,1786264933.3771784,collect_g0,collect_records
0,91.0,8841.0,15360.0,77.0,68.67,1786264938.4215817,collect_g0,collect_records
0,90.0,8841.0,15360.0,77.0,68.91,1786264943.463877,collect_g0,collect_records
0,92.0,8907.0,15360.0,76.0,66.36,1786264948.5117466,collect_g0,collect_records
0,80.0,9237.0,15360.0,77.0,68.57,1786264953.5627034,collect_g0,collect_records
0,79.0,9237.0,15360.0,77.0,55.05,1786264958.6094997,collect_g0,collect_records
0,90.0,9237.0,15360.0,77.0,68.08,1786264963.6539328,collect_g0,collect_records
0,62.0,9237.0,15360.0,77.0,66.36,1786264968.697037,collect_g0,collect_records
0,87.0,9237.0,15360.0,77.0,60.81,1786264973.741812,collect_g0,collect_records
0,86.0,9237.0,15360.0,77.0,61.33,1786264978.7857907,collect_g0,collect_records
0,92.0,9237.0,15360.0,77.0,63.95,1786264983.8328295,collect_g0,collect_records
0,89.0,9237.0,15360.0,77.0,63.93,1786264988.8802938,collect_g0,collect_records
0,90.0,9237.0,15360.0,77.0,66.06,1786264993.936747,collect_g0,collect_records
0,85.0,9237.0,15360.0,77.0,68.22,1786264998.9840996,collect_g0,collect_records
0,85.0,9237.0,15360.0,77.0,64.59,1786265004.032364,collect_g0,collect_records
0,78.0,9237.0,15360.0,77.0,64.91,1786265009.0768461,collect_g0,collect_records
0,92.0,9237.0,15360.0,77.0,60.94,1786265014.129177,collect_g0,collect_records
0,86.0,9237.0,15360.0,77.0,67.68,1786265019.1809752,collect_g0,collect_records
0,86.0,9237.0,15360.0,77.0,67.1,1786265024.2275596,collect_g0,collect_records
0,93.0,9237.0,15360.0,77.0,63.95,1786265029.2723,collect_g0,collect_records
0,85.0,9237.0,15360.0,77.0,63.65,1786265034.3289797,collect_g0,collect_records
0,91.0,9237.0,15360.0,77.0,64.4,1786265039.3764122,collect_g0,collect_records
0,82.0,9237.0,15360.0,77.0,65.87,1786265044.4231431,collect_g0,collect_records
0,91.0,9237.0,15360.0,77.0,67.04,1786265049.4688568,collect_g0,collect_records
0,92.0,9237.0,15360.0,77.0,65.85,1786265054.5227597,collect_g0,collect_records
0,86.0,9237.0,15360.0,77.0,68.57,1786265059.5772355,collect_g0,collect_records
0,89.0,9237.0,15360.0,77.0,56.2,1786265064.6256862,collect_g0,collect_records
0,52.0,9237.0,15360.0,77.0,62.47,1786265069.6683621,collect_g0,collect_records
0,70.0,9237.0,15360.0,77.0,67.97,1786265074.714988,collect_g0,collect_records
0,73.0,9237.0,15360.0,77.0,65.75,1786265079.7612987,collect_g0,collect_records
0,55.0,9237.0,15360.0,77.0,73.92,1786265084.8107462,collect_g0,collect_records
0,68.0,9237.0,15360.0,77.0,69.89,1786265089.8537018,collect_g0,collect_records
0,82.0,9237.0,15360.0,77.0,67.18,1786265094.9014978,collect_g0,collect_records
0,82.0,9237.0,15360.0,77.0,68.86,1786265099.9477413,collect_g0,collect_records
0,70.0,9237.0,15360.0,77.0,63.57,1786265104.9979138,collect_g0,collect_records
0,84.0,9237.0,15360.0,77.0,63.32,1786265110.041471,collect_g0,collect_records
0,88.0,9237.0,15360.0,77.0,63.42,1786265115.0901616,collect_g0,collect_records
0,75.0,9237.0,15360.0,77.0,60.9,1786265120.1462197,collect_g0,collect_records
0,81.0,9237.0,15360.0,77.0,65.08,1786265125.1948216,collect_g0,collect_records
0,64.0,9237.0,15360.0,77.0,59.83,1786265130.2402325,collect_g0,collect_records
0,83.0,9237.0,15360.0,77.0,66.26,1786265135.288843,collect_g0,collect_records
0,71.0,9237.0,15360.0,77.0,62.1,1786265140.3356807,collect_g0,collect_records
0,86.0,9237.0,15360.0,76.0,59.48,1786265145.381728,collect_g0,collect_records
0,61.0,9237.0,15360.0,77.0,61.76,1786265150.4327855,collect_g0,collect_records
0,75.0,9237.0,15360.0,77.0,67.14,1786265155.481596,collect_g0,collect_records
0,82.0,9237.0,15360.0,77.0,68.32,1786265160.5359545,collect_g0,collect_records
0,65.0,9237.0,15360.0,77.0,66.51,1786265165.5820296,collect_g0,collect_records
0,85.0,9237.0,15360.0,76.0,60.03,1786265170.6255765,collect_g0,collect_records
0,68.0,9237.0,15360.0,77.0,64.44,1786265175.6716542,collect_g0,collect_records
0,84.0,9237.0,15360.0,76.0,66.6,1786265180.7175434,collect_g0,collect_records
0,75.0,9237.0,15360.0,77.0,64.3,1786265185.7610111,collect_g0,collect_records
0,86.0,9237.0,15360.0,76.0,60.98,1786265190.8099384,collect_g0,collect_records
0,43.0,9237.0,15360.0,76.0,60.65,1786265195.862238,collect_g0,collect_records
0,77.0,9237.0,15360.0,76.0,55.64,1786265200.914072,collect_g0,collect_records
0,79.0,9237.0,15360.0,76.0,64.87,1786265205.9646833,collect_g0,collect_records
0,81.0,9237.0,15360.0,76.0,60.94,1786265211.0147753,collect_g0,collect_records
0,50.0,9237.0,15360.0,77.0,67.87,1786265216.0620148,collect_g0,collect_records
0,70.0,9237.0,15360.0,77.0,68.92,1786265221.1111085,collect_g0,collect_records
0,74.0,9237.0,15360.0,77.0,62.38,1786265226.164728,collect_g0,collect_records
0,82.0,9237.0,15360.0,77.0,62.23,1786265231.2154458,collect_g0,collect_records
0,69.0,9237.0,15360.0,77.0,61.27,1786265236.2742696,collect_g0,collect_records
0,79.0,9237.0,15360.0,77.0,58.51,1786265241.319069,collect_g0,collect_records
0,80.0,9237.0,15360.0,77.0,64.89,1786265246.3630815,collect_g0,collect_records
0,75.0,9237.0,15360.0,77.0,61.84,1786265251.4140916,collect_g0,collect_records
0,74.0,9237.0,15360.0,77.0,62.75,1786265256.4687843,collect_g0,collect_records
0,74.0,9237.0,15360.0,77.0,65.48,1786265261.5169816,collect_g0,collect_records
0,85.0,9237.0,15360.0,77.0,65.26,1786265266.564759,collect_g0,collect_records
0,81.0,9237.0,15360.0,77.0,62.44,1786265271.6108658,collect_g0,collect_records
0,74.0,9237.0,15360.0,77.0,67.44,1786265276.6594005,collect_g0,collect_records
0,51.0,9237.0,15360.0,77.0,71.07,1786265281.7114213,collect_g0,collect_records
0,68.0,9237.0,15360.0,77.0,68.04,1786265286.7562258,collect_g0,collect_records
0,65.0,9237.0,15360.0,77.0,63.48,1786265291.8041306,collect_g0,collect_records
0,67.0,9237.0,15360.0,77.0,66.95,1786265296.8510978,collect_g0,collect_records
0,70.0,9237.0,15360.0,77.0,68.61,1786265301.9017324,collect_g0,collect_records
0,60.0,9237.0,15360.0,77.0,64.65,1786265306.9489567,collect_g0,collect_records
0,74.0,9237.0,15360.0,77.0,68.15,1786265311.9994314,collect_g0,collect_records
0,47.0,9237.0,15360.0,77.0,59.7,1786265317.0460925,collect_g0,collect_records
0,68.0,9237.0,15360.0,77.0,67.14,1786265322.0971475,collect_g0,collect_records
0,84.0,9237.0,15360.0,77.0,67.38,1786265327.1468499,collect_g0,collect_records
0,78.0,9237.0,15360.0,77.0,68.18,1786265332.1984873,collect_g0,collect_records
0,70.0,9237.0,15360.0,76.0,68.38,1786265337.2489803,collect_g0,collect_records
0,69.0,9237.0,15360.0,77.0,60.67,1786265342.2966359,collect_g0,collect_records
0,76.0,9237.0,15360.0,77.0,67.58,1786265347.3446825,collect_g0,collect_records
0,76.0,9237.0,15360.0,77.0,64.59,1786265352.3900385,collect_g0,collect_records
0,84.0,9237.0,15360.0,76.0,68.03,1786265357.4424138,collect_g0,collect_records
0,78.0,9237.0,15360.0,76.0,67.98,1786265362.4877746,collect_g0,collect_records
0,78.0,9237.0,15360.0,77.0,67.75,1786265367.5381248,collect_g0,collect_records
0,75.0,9237.0,15360.0,77.0,67.04,1786265372.5923057,collect_g0,collect_records
0,69.0,9237.0,15360.0,77.0,70.63,1786265377.643407,collect_g0,collect_records
0,72.0,9237.0,15360.0,77.0,66.54,1786265382.6958199,collect_g0,collect_records
0,76.0,9237.0,15360.0,77.0,67.14,1786265387.740745,collect_g0,collect_records
0,66.0,9237.0,15360.0,77.0,64.46,1786265392.7871947,collect_g0,collect_records
0,70.0,9237.0,15360.0,77.0,70.87,1786265397.8368683,collect_g0,collect_records
0,81.0,9237.0,15360.0,77.0,70.24,1786265402.8948371,collect_g0,collect_records
0,64.0,9237.0,15360.0,77.0,76.02,1786265407.9452908,collect_g0,collect_records
0,68.0,9237.0,15360.0,77.0,65.48,1786265412.9925685,collect_g0,collect_records
0,77.0,9237.0,15360.0,77.0,68.18,1786265418.0439374,collect_g0,collect_records
0,76.0,9237.0,15360.0,77.0,67.2,1786265423.092675,collect_g0,collect_records
0,82.0,9237.0,15360.0,77.0,67.44,1786265428.1479325,collect_g0,collect_records
0,75.0,9237.0,15360.0,77.0,67.2,1786265433.1991706,collect_g0,collect_records
0,79.0,9237.0,15360.0,77.0,60.59,1786265438.2468677,collect_g0,collect_records
0,70.0,9237.0,15360.0,77.0,59.04,1786265443.2954342,collect_g0,collect_records
0,78.0,9237.0,15360.0,77.0,59.11,1786265448.3454447,collect_g0,collect_records
0,56.0,9237.0,15360.0,77.0,65.24,1786265453.3891313,collect_g0,collect_records
0,84.0,9237.0,15360.0,77.0,61.27,1786265458.434839,collect_g0,collect_records
0,81.0,9237.0,15360.0,77.0,60.26,1786265463.483817,collect_g0,collect_records
0,68.0,9237.0,15360.0,77.0,58.26,1786265468.5365453,collect_g0,collect_records
0,74.0,9237.0,15360.0,77.0,62.32,1786265473.5837677,collect_g0,collect_records
0,81.0,9237.0,15360.0,77.0,64.97,1786265478.6359794,collect_g0,collect_records
0,73.0,9237.0,15360.0,77.0,68.31,1786265483.6865933,collect_g0,collect_records
0,82.0,9237.0,15360.0,77.0,56.39,1786265488.735252,collect_g0,collect_records
0,70.0,9237.0,15360.0,77.0,46.23,1786265493.7837112,collect_g0,collect_records
0,60.0,9237.0,15360.0,77.0,65.71,1786265498.828875,collect_g0,collect_records
0,65.0,9237.0,15360.0,77.0,67.77,1786265503.8737776,collect_g0,collect_records
0,74.0,9237.0,15360.0,77.0,63.46,1786265508.9220116,collect_g0,collect_records
0,82.0,9237.0,15360.0,77.0,62.24,1786265513.9749227,collect_g0,collect_records
0,77.0,9237.0,15360.0,77.0,68.86,1786265519.0242727,collect_g0,collect_records
0,83.0,9237.0,15360.0,76.0,63.04,1786265524.0723298,collect_g0,collect_records
0,85.0,9237.0,15360.0,76.0,63.44,1786265529.1196961,collect_g0,collect_records
0,68.0,9237.0,15360.0,77.0,65.97,1786265534.1664374,collect_g0,collect_records
0,79.0,9237.0,15360.0,77.0,63.59,1786265539.2188203,collect_g0,collect_records
0,81.0,9237.0,15360.0,77.0,65.22,1786265544.269462,collect_g0,collect_records
0,61.0,9237.0,15360.0,77.0,62.75,1786265549.3161678,collect_g0,collect_records
0,70.0,9237.0,15360.0,77.0,62.32,1786265554.3574955,collect_g0,collect_records
0,70.0,9237.0,15360.0,77.0,65.46,1786265559.4042928,collect_g0,collect_records
0,63.0,9237.0,15360.0,77.0,61.76,1786265564.4546902,collect_g0,collect_records
0,77.0,9237.0,15360.0,77.0,68.42,1786265569.5034392,collect_g0,collect_records
0,83.0,9237.0,15360.0,77.0,68.26,1786265574.5470142,collect_g0,collect_records
0,66.0,9237.0,15360.0,77.0,68.96,1786265579.5936298,collect_g0,collect_records
0,73.0,9237.0,15360.0,77.0,67.68,1786265584.6439967,collect_g0,collect_records
0,85.0,9237.0,15360.0,77.0,67.68,1786265589.6945872,collect_g0,collect_records
0,73.0,9237.0,15360.0,77.0,70.38,1786265594.7500696,collect_g0,collect_records
0,73.0,9237.0,15360.0,77.0,68.08,1786265599.7985868,collect_g0,collect_records
0,73.0,9237.0,15360.0,77.0,64.34,1786265604.848198,collect_g0,collect_records
0,80.0,9237.0,15360.0,77.0,67.98,1786265609.8897305,collect_g0,collect_records
0,74.0,9237.0,15360.0,77.0,64.34,1786265614.9348114,collect_g0,collect_records
0,89.0,9237.0,15360.0,77.0,61.53,1786265619.9824414,collect_g0,collect_records
0,90.0,9237.0,15360.0,77.0,64.87,1786265625.0273416,collect_g0,collect_records
0,70.0,9237.0,15360.0,77.0,67.44,1786265630.070115,collect_g0,collect_records
0,86.0,9237.0,15360.0,77.0,65.22,1786265635.1204581,collect_g0,collect_records
0,86.0,9237.0,15360.0,76.0,67.3,1786265640.1645756,collect_g0,collect_records
0,77.0,9237.0,15360.0,76.0,66.71,1786265645.209254,collect_g0,collect_records
0,88.0,9237.0,15360.0,77.0,61.4,1786265650.2557466,collect_g0,collect_records
0,67.0,9237.0,15360.0,77.0,64.55,1786265655.2978306,collect_g0,collect_records
0,85.0,9237.0,15360.0,77.0,69.36,1786265660.340684,collect_g0,collect_records
0,90.0,9237.0,15360.0,77.0,65.12,1786265665.3867855,collect_g0,collect_records
0,84.0,9237.0,15360.0,77.0,66.6,1786265670.4328554,collect_g0,collect_records
0,79.0,9237.0,15360.0,77.0,68.08,1786265675.4756966,collect_g0,collect_records
0,87.0,9237.0,15360.0,77.0,65.07,1786265680.520081,collect_g0,collect_records
0,90.0,9237.0,15360.0,77.0,65.18,1786265685.5677595,collect_g0,collect_records
0,78.0,9237.0,15360.0,77.0,66.48,1786265690.6082566,collect_g0,collect_records
0,85.0,9237.0,15360.0,77.0,69.02,1786265695.6515863,collect_g0,collect_records
0,81.0,9237.0,15360.0,77.0,68.17,1786265700.695506,collect_g0,collect_records
0,77.0,9237.0,15360.0,77.0,67.34,1786265705.7382667,collect_g0,collect_records
0,75.0,9237.0,15360.0,78.0,65.65,1786265710.7805543,collect_g0,collect_records
0,70.0,9237.0,15360.0,78.0,69.75,1786265715.8209896,collect_g0,collect_records
0,73.0,9237.0,15360.0,77.0,61.22,1786265720.869643,collect_g0,collect_records
0,89.0,9237.0,15360.0,77.0,63.93,1786265725.9149892,collect_g0,collect_records
0,85.0,9237.0,15360.0,77.0,62.33,1786265730.9578147,collect_g0,collect_records
0,77.0,9237.0,15360.0,77.0,66.42,1786265736.0014238,collect_g0,collect_records
0,82.0,9237.0,15360.0,77.0,61.02,1786265741.0469067,collect_g0,collect_records
0,83.0,9237.0,15360.0,77.0,59.73,1786265746.091782,collect_g0,collect_records
0,77.0,9237.0,15360.0,76.0,61.02,1786265751.1354306,collect_g0,collect_records
0,59.0,9237.0,15360.0,77.0,69.2,1786265756.179657,collect_g0,collect_records
0,59.0,9237.0,15360.0,77.0,69.42,1786265761.2249131,collect_g0,collect_records
0,72.0,9237.0,15360.0,76.0,57.02,1786265766.3005545,collect_g0,collect_records
0,83.0,9237.0,15360.0,77.0,61.65,1786265771.3521566,collect_g0,collect_records
0,65.0,9237.0,15360.0,77.0,67.89,1786265776.403819,collect_g0,collect_records
0,83.0,9237.0,15360.0,77.0,62.71,1786265781.4580858,collect_g0,collect_records
0,80.0,9237.0,15360.0,76.0,66.91,1786265786.5107954,collect_g0,collect_records
0,80.0,9237.0,15360.0,77.0,68.61,1786265791.5609293,collect_g0,collect_records
0,79.0,9237.0,15360.0,77.0,72.73,1786265796.618093,collect_g0,collect_records
0,84.0,9237.0,15360.0,77.0,66.38,1786265801.671925,collect_g0,collect_records
0,78.0,9237.0,15360.0,77.0,66.36,1786265806.7230816,collect_g0,collect_records
0,88.0,9237.0,15360.0,77.0,62.38,1786265811.7728355,collect_g0,collect_records
0,70.0,9237.0,15360.0,77.0,61.96,1786265816.8239412,collect_g0,collect_records
0,69.0,9237.0,15360.0,77.0,65.77,1786265821.879388,collect_g0,collect_records
0,71.0,9237.0,15360.0,77.0,64.99,1786265826.9394393,collect_g0,collect_records
0,80.0,9237.0,15360.0,77.0,64.69,1786265831.994559,collect_g0,collect_records
0,86.0,9237.0,15360.0,77.0,62.42,1786265837.0456364,collect_g0,collect_records
0,77.0,9237.0,15360.0,77.0,65.42,1786265842.1063786,collect_g0,collect_records
0,89.0,9237.0,15360.0,77.0,68.24,1786265847.1531487,collect_g0,collect_records
0,74.0,9237.0,15360.0,77.0,68.82,1786265852.1988125,collect_g0,collect_records
0,89.0,9237.0,15360.0,77.0,62.83,1786265857.2435248,collect_g0,collect_records
0,76.0,9237.0,15360.0,77.0,67.65,1786265862.2913587,collect_g0,collect_records
0,92.0,9237.0,15360.0,77.0,64.5,1786265867.3362942,collect_g0,collect_records
0,78.0,9237.0,15360.0,77.0,66.22,1786265872.384281,collect_g0,collect_records
0,92.0,9237.0,15360.0,77.0,65.53,1786265877.4318793,collect_g0,collect_records
0,80.0,9237.0,15360.0,77.0,67.63,1786265882.481677,collect_g0,collect_records
0,87.0,9237.0,15360.0,77.0,67.59,1786265887.5378215,collect_g0,collect_records
0,85.0,9237.0,15360.0,77.0,62.67,1786265892.5918758,collect_g0,collect_records
0,86.0,9237.0,15360.0,77.0,68.38,1786265897.644351,collect_g0,collect_records
0,73.0,9237.0,15360.0,77.0,66.75,1786265902.6967714,collect_g0,collect_records
0,76.0,9237.0,15360.0,77.0,67.97,1786265907.7477937,collect_g0,collect_records
0,90.0,9237.0,15360.0,77.0,64.5,1786265912.7951517,collect_g0,collect_records
0,88.0,9237.0,15360.0,77.0,66.16,1786265917.8488119,collect_g0,collect_records
0,68.0,9237.0,15360.0,77.0,70.88,1786265922.8973875,collect_g0,collect_records
0,69.0,9237.0,15360.0,77.0,69.07,1786265927.9446714,collect_g0,collect_records
0,68.0,9237.0,15360.0,77.0,65.57,1786265932.9978034,collect_g0,collect_records
0,77.0,9237.0,15360.0,77.0,66.2,1786265938.0500355,collect_g0,collect_records
0,64.0,9237.0,15360.0,77.0,68.63,1786265943.098567,collect_g0,collect_records
0,78.0,9237.0,15360.0,77.0,68.12,1786265948.142454,collect_g0,collect_records
0,81.0,9237.0,15360.0,77.0,68.12,1786265953.192723,collect_g0,collect_records
0,74.0,9237.0,15360.0,77.0,64.54,1786265958.2409873,collect_g0,collect_records
0,78.0,9237.0,15360.0,77.0,71.51,1786265963.2885606,collect_g0,collect_records
0,83.0,9237.0,15360.0,77.0,67.14,1786265968.3397758,collect_g0,collect_records
0,77.0,9237.0,15360.0,77.0,67.06,1786265973.391022,collect_g0,collect_records
0,79.0,9237.0,15360.0,77.0,60.55,1786265978.439752,collect_g0,collect_records
0,80.0,9237.0,15360.0,77.0,52.59,1786265983.488388,collect_g0,collect_records
0,84.0,9237.0,15360.0,77.0,67.94,1786265988.5360217,collect_g0,collect_records
0,88.0,9237.0,15360.0,77.0,67.89,1786265993.5844996,collect_g0,collect_records
0,85.0,9237.0,15360.0,77.0,69.26,1786265998.6310616,collect_g0,collect_records
0,88.0,9237.0,15360.0,76.0,69.06,1786266003.6751292,collect_g0,collect_records
0,83.0,9237.0,15360.0,77.0,68.43,1786266008.7206838,collect_g0,collect_records
0,86.0,9237.0,15360.0,76.0,66.16,1786266013.7665691,collect_g0,collect_records
0,80.0,9237.0,15360.0,77.0,65.73,1786266018.8142369,collect_g0,collect_records
0,88.0,9237.0,15360.0,77.0,67.44,1786266023.8634107,collect_g0,collect_records
0,86.0,9237.0,15360.0,77.0,67.24,1786266028.9135203,collect_g0,collect_records
0,90.0,9237.0,15360.0,77.0,66.95,1786266033.9629757,collect_g0,collect_records
0,90.0,9237.0,15360.0,77.0,66.42,1786266039.0121782,collect_g0,collect_records
0,82.0,9237.0,15360.0,77.0,68.42,1786266044.054924,collect_g0,collect_records
0,88.0,9237.0,15360.0,77.0,66.95,1786266049.1013198,collect_g0,collect_records
0,86.0,9237.0,15360.0,77.0,66.6,1786266054.1505144,collect_g0,collect_records
0,76.0,9237.0,15360.0,77.0,66.42,1786266059.1970155,collect_g0,collect_records
0,88.0,9237.0,15360.0,77.0,66.85,1786266064.2467866,collect_g0,collect_records
0,78.0,9237.0,15360.0,77.0,68.67,1786266069.2938995,collect_g0,collect_records
0,84.0,9237.0,15360.0,77.0,65.03,1786266074.3415856,collect_g0,collect_records
0,83.0,9237.0,15360.0,77.0,69.55,1786266079.3852758,collect_g0,collect_records
0,88.0,9237.0,15360.0,77.0,63.95,1786266084.4306285,collect_g0,collect_records
0,91.0,9237.0,15360.0,77.0,63.65,1786266089.474661,collect_g0,collect_records
0,87.0,9237.0,15360.0,77.0,65.48,1786266094.5188093,collect_g0,collect_records
0,91.0,9237.0,15360.0,77.0,65.56,1786266099.5678272,collect_g0,collect_records
0,83.0,9237.0,15360.0,77.0,60.62,1786266104.610929,collect_g0,collect_records
0,80.0,9237.0,15360.0,77.0,67.2,1786266109.6578414,collect_g0,collect_records
0,86.0,9237.0,15360.0,77.0,71.71,1786266114.7039623,collect_g0,collect_records
0,80.0,9237.0,15360.0,77.0,67.63,1786266119.7498462,collect_g0,collect_records
0,71.0,9237.0,15360.0,77.0,60.19,1786266124.7952151,collect_g0,collect_records
0,71.0,9237.0,15360.0,77.0,65.77,1786266129.8457954,collect_g0,collect_records
0,91.0,9237.0,15360.0,77.0,65.03,1786266134.8918014,collect_g0,collect_records
0,91.0,9237.0,15360.0,77.0,72.05,1786266139.9392936,collect_g0,collect_records
0,88.0,9237.0,15360.0,77.0,65.22,1786266144.995783,collect_g0,collect_records
0,75.0,9237.0,15360.0,78.0,57.25,1786266150.0394893,collect_g0,collect_records
0,77.0,9237.0,15360.0,77.0,68.26,1786266155.0838757,collect_g0,collect_records
0,77.0,9237.0,15360.0,77.0,67.59,1786266160.1306248,collect_g0,collect_records
0,86.0,9237.0,15360.0,77.0,65.67,1786266165.1765015,collect_g0,collect_records
0,65.0,9237.0,15360.0,77.0,67.4,1786266170.2208438,collect_g0,collect_records
0,86.0,9237.0,15360.0,76.0,65.87,1786266175.2687736,collect_g0,collect_records
0,77.0,9237.0,15360.0,76.0,68.53,1786266180.3185644,collect_g0,collect_records
0,86.0,9237.0,15360.0,76.0,65.91,1786266185.3644893,collect_g0,collect_records
0,87.0,9237.0,15360.0,76.0,66.95,1786266190.4131217,collect_g0,collect_records
0,93.0,9237.0,15360.0,77.0,68.91,1786266195.4587438,collect_g0,collect_records
0,92.0,9237.0,15360.0,77.0,66.01,1786266200.5057948,collect_g0,collect_records
0,92.0,9237.0,15360.0,77.0,66.51,1786266205.5541332,collect_g0,collect_records
0,86.0,9237.0,15360.0,77.0,66.3,1786266210.5986378,collect_g0,collect_records
0,83.0,9237.0,15360.0,78.0,67.44,1786266215.646601,collect_g0,collect_records
0,91.0,9237.0,15360.0,78.0,68.26,1786266220.691194,collect_g0,collect_records
0,83.0,9237.0,15360.0,78.0,66.75,1786266225.7387412,collect_g0,collect_records
0,89.0,9237.0,15360.0,77.0,67.54,1786266230.7858875,collect_g0,collect_records
0,91.0,9237.0,15360.0,77.0,66.54,1786266235.8319445,collect_g0,collect_records
0,84.0,9237.0,15360.0,77.0,66.51,1786266240.8798678,collect_g0,collect_records
0,93.0,9237.0,15360.0,77.0,68.28,1786266245.9280796,collect_g0,collect_records
0,91.0,9237.0,15360.0,77.0,68.61,1786266250.9764252,collect_g0,collect_records
0,90.0,9237.0,15360.0,77.0,67.84,1786266256.0250335,collect_g0,collect_records
0,84.0,9237.0,15360.0,76.0,66.65,1786266261.0727317,collect_g0,collect_records
0,91.0,9237.0,15360.0,76.0,66.69,1786266266.1199646,collect_g0,collect_records
0,92.0,9237.0,15360.0,76.0,69.8,1786266271.1655927,collect_g0,collect_records
0,88.0,9237.0,15360.0,77.0,66.06,1786266276.2127652,collect_g0,collect_records
0,91.0,9237.0,15360.0,76.0,66.44,1786266281.256695,collect_g0,collect_records
0,92.0,9237.0,15360.0,77.0,63.85,1786266286.3038533,collect_g0,collect_records
0,81.0,9237.0,15360.0,77.0,71.47,1786266291.3494554,collect_g0,collect_records
0,81.0,9237.0,15360.0,77.0,69.89,1786266296.39366,collect_g0,collect_records
0,86.0,9237.0,15360.0,77.0,71.56,1786266301.443994,collect_g0,collect_records
0,79.0,9237.0,15360.0,77.0,69.31,1786266306.498263,collect_g0,collect_records
0,92.0,9237.0,15360.0,77.0,67.59,1786266311.5401955,collect_g0,collect_records
0,79.0,9237.0,15360.0,78.0,73.18,1786266316.5880184,collect_g0,collect_records
0,89.0,9237.0,15360.0,78.0,67.63,1786266321.6390293,collect_g0,collect_records
0,78.0,9237.0,15360.0,77.0,74.21,1786266326.6889932,collect_g0,collect_records
0,87.0,9237.0,15360.0,77.0,66.36,1786266331.7414658,collect_g0,collect_records
0,72.0,9237.0,15360.0,77.0,66.06,1786266336.7922564,collect_g0,collect_records
0,81.0,9237.0,15360.0,77.0,66.54,1786266341.842896,collect_g0,collect_records
0,70.0,9237.0,15360.0,77.0,68.53,1786266346.893287,collect_g0,collect_records
0,83.0,9237.0,15360.0,77.0,69.55,1786266351.9421105,collect_g0,collect_records
0,78.0,9237.0,15360.0,77.0,67.49,1786266356.994379,collect_g0,collect_records
0,86.0,9237.0,15360.0,76.0,64.54,1786266362.0481548,collect_g0,collect_records
0,77.0,9237.0,15360.0,76.0,68.71,1786266367.1039069,collect_g0,collect_records
0,76.0,9237.0,15360.0,76.0,65.63,1786266372.150007,collect_g0,collect_records
0,78.0,9237.0,15360.0,76.0,68.52,1786266377.1997275,collect_g0,collect_records
0,89.0,9237.0,15360.0,76.0,67.04,1786266382.2565024,collect_g0,collect_records
0,61.0,9237.0,15360.0,77.0,68.96,1786266387.3070097,collect_g0,collect_records
0,45.0,9241.0,15360.0,77.0,59.31,1786266392.35522,collect_g0,collect_records
0,79.0,9241.0,15360.0,77.0,60.71,1786266397.408657,collect_g0,collect_records
0,83.0,9241.0,15360.0,77.0,67.69,1786266402.456178,collect_g0,collect_records
0,78.0,9241.0,15360.0,77.0,62.28,1786266407.5027142,collect_g0,collect_records
0,79.0,9241.0,15360.0,77.0,60.68,1786266412.5515506,collect_g0,collect_records
0,69.0,9241.0,15360.0,78.0,63.38,1786266417.5997822,collect_g0,collect_records
0,67.0,9241.0,15360.0,78.0,62.42,1786266422.6452146,collect_g0,collect_records
0,74.0,9241.0,15360.0,78.0,65.03,1786266427.6957123,collect_g0,collect_records
0,65.0,9241.0,15360.0,77.0,63.75,1786266432.746192,collect_g0,collect_records
0,77.0,9241.0,15360.0,77.0,61.43,1786266437.797899,collect_g0,collect_records
0,61.0,9241.0,15360.0,77.0,62.77,1786266442.8439896,collect_g0,collect_records
0,79.0,9241.0,15360.0,77.0,62.97,1786266447.90526,collect_g0,collect_records
0,72.0,9241.0,15360.0,76.0,58.52,1786266452.9645834,collect_g0,collect_records
0,81.0,9241.0,15360.0,76.0,70.63,1786266458.012842,collect_g0,collect_records
0,66.0,9241.0,15360.0,77.0,68.77,1786266463.06602,collect_g0,collect_records
0,61.0,9241.0,15360.0,77.0,69.89,1786266468.1131756,collect_g0,collect_records
0,71.0,9241.0,15360.0,77.0,69.1,1786266473.1578567,collect_g0,collect_records
0,86.0,9241.0,15360.0,76.0,67.1,1786266478.2057772,collect_g0,collect_records
0,82.0,9241.0,15360.0,77.0,65.07,1786266483.25029,collect_g0,collect_records
0,63.0,9241.0,15360.0,77.0,67.32,1786266488.2945914,collect_g0,collect_records
0,73.0,9241.0,15360.0,77.0,64.1,1786266493.3435297,collect_g0,collect_records
0,82.0,9241.0,15360.0,77.0,69.69,1786266498.3887756,collect_g0,collect_records
0,70.0,9241.0,15360.0,77.0,68.14,1786266503.4365768,collect_g0,collect_records
0,79.0,9241.0,15360.0,77.0,68.28,1786266508.4801462,collect_g0,collect_records
0,87.0,9241.0,15360.0,77.0,59.96,1786266513.5279598,collect_g0,collect_records
0,82.0,9241.0,15360.0,77.0,65.03,1786266518.5745852,collect_g0,collect_records
0,62.0,9241.0,15360.0,77.0,61.49,1786266523.6259997,collect_g0,collect_records
0,71.0,9241.0,15360.0,77.0,65.48,1786266528.6776996,collect_g0,collect_records
0,75.0,9241.0,15360.0,77.0,61.37,1786266533.7249014,collect_g0,collect_records
0,89.0,9241.0,15360.0,77.0,62.59,1786266538.7693026,collect_g0,collect_records
0,78.0,9241.0,15360.0,77.0,64.44,1786266543.8141341,collect_g0,collect_records
0,76.0,9241.0,15360.0,77.0,63.26,1786266548.861356,collect_g0,collect_records
0,67.0,9241.0,15360.0,77.0,64.69,1786266553.9085267,collect_g0,collect_records
0,63.0,9241.0,15360.0,77.0,57.64,1786266558.9548316,collect_g0,collect_records
0,77.0,9241.0,15360.0,77.0,66.56,1786266564.0058248,collect_g0,collect_records
0,65.0,9241.0,15360.0,77.0,64.22,1786266569.0591385,collect_g0,collect_records
0,56.0,9241.0,15360.0,77.0,69.26,1786266574.107207,collect_g0,collect_records
0,70.0,9241.0,15360.0,77.0,69.01,1786266579.1538415,collect_g0,collect_records
0,53.0,9241.0,15360.0,77.0,68.82,1786266584.1998065,collect_g0,collect_records
0,87.0,9241.0,15360.0,77.0,59.8,1786266589.2467139,collect_g0,collect_records
0,56.0,9241.0,15360.0,77.0,63.42,1786266594.297103,collect_g0,collect_records
0,60.0,9245.0,15360.0,77.0,62.65,1786266599.3454134,collect_g0,collect_records
0,80.0,9251.0,15360.0,77.0,60.03,1786266604.3942862,collect_g0,collect_records
0,86.0,9251.0,15360.0,76.0,64.67,1786266609.4415438,collect_g0,collect_records
0,65.0,9251.0,15360.0,77.0,65.71,1786266614.4901676,collect_g0,collect_records
0,72.0,9251.0,15360.0,77.0,61.79,1786266619.540004,collect_g0,collect_records
0,64.0,9255.0,15360.0,76.0,50.95,1786266624.5839586,collect_g0,collect_records
0,86.0,9255.0,15360.0,77.0,65.91,1786266629.6308074,collect_g0,collect_records
0,84.0,9255.0,15360.0,76.0,69.8,1786266634.6789048,collect_g0,collect_records
0,80.0,9255.0,15360.0,76.0,69.3,1786266639.7270265,collect_g0,collect_records
0,75.0,9255.0,15360.0,76.0,64.5,1786266644.7738209,collect_g0,collect_records
0,77.0,9255.0,15360.0,76.0,69.3,1786266649.8229504,collect_g0,collect_records
0,87.0,9255.0,15360.0,77.0,66.12,1786266654.8673182,collect_g0,collect_records
0,79.0,9255.0,15360.0,77.0,67.65,1786266659.915695,collect_g0,collect_records
0,89.0,9255.0,15360.0,76.0,66.85,1786266664.9628713,collect_g0,collect_records
0,73.0,9255.0,15360.0,77.0,66.69,1786266670.0119386,collect_g0,collect_records
0,90.0,9255.0,15360.0,77.0,67.54,1786266675.06278,collect_g0,collect_records
0,86.0,9255.0,15360.0,77.0,67.73,1786266680.1102612,collect_g0,collect_records
0,81.0,9255.0,15360.0,77.0,68.95,1786266685.163581,collect_g0,collect_records
0,64.0,9255.0,15360.0,77.0,69.3,1786266690.21389,collect_g0,collect_records
0,80.0,9255.0,15360.0,77.0,68.57,1786266695.2595932,collect_g0,collect_records
0,81.0,9255.0,15360.0,77.0,68.38,1786266700.3074539,collect_g0,collect_records
0,74.0,9255.0,15360.0,77.0,65.93,1786266705.3506556,collect_g0,collect_records
0,75.0,9255.0,15360.0,77.0,68.04,1786266710.3965437,collect_g0,collect_records
0,79.0,9255.0,15360.0,77.0,67.69,1786266715.451834,collect_g0,collect_records
0,77.0,9255.0,15360.0,77.0,49.11,1786266720.4975657,collect_g0,collect_records
0,82.0,9255.0,15360.0,77.0,67.59,1786266725.5442283,collect_g0,collect_records
0,73.0,9255.0,15360.0,77.0,69.36,1786266730.5905116,collect_g0,collect_records
0,71.0,9255.0,15360.0,77.0,72.34,1786266735.639104,collect_g0,collect_records
0,78.0,9255.0,15360.0,77.0,69.06,1786266740.6894877,collect_g0,collect_records
0,76.0,9255.0,15360.0,77.0,68.24,1786266745.7369525,collect_g0,collect_records
0,61.0,9255.0,15360.0,77.0,61.24,1786266750.7866826,collect_g0,collect_records
0,86.0,9255.0,15360.0,77.0,67.63,1786266755.8333879,collect_g0,collect_records
0,78.0,9255.0,15360.0,77.0,67.42,1786266760.8818483,collect_g0,collect_records
0,87.0,9255.0,15360.0,76.0,64.08,1786266765.931919,collect_g0,collect_records
0,85.0,9255.0,15360.0,76.0,65.69,1786266770.9799864,collect_g0,collect_records
0,66.0,9255.0,15360.0,77.0,68.77,1786266776.0253482,collect_g0,collect_records
0,78.0,9255.0,15360.0,77.0,67.3,1786266781.0758054,collect_g0,collect_records
0,61.0,9255.0,15360.0,77.0,69.79,1786266786.1205747,collect_g0,collect_records
0,65.0,9255.0,15360.0,77.0,69.75,1786266791.1683378,collect_g0,collect_records
0,85.0,9255.0,15360.0,77.0,65.63,1786266796.21996,collect_g0,collect_records
0,70.0,9255.0,15360.0,77.0,70.73,1786266801.2699637,collect_g0,collect_records
0,77.0,9255.0,15360.0,77.0,71.71,1786266806.3215165,collect_g0,collect_records
0,73.0,9255.0,15360.0,77.0,68.72,1786266811.374801,collect_g0,collect_records
0,74.0,9255.0,15360.0,77.0,68.67,1786266816.4337335,collect_g0,collect_records
0,68.0,9255.0,15360.0,77.0,71.18,1786266821.4830608,collect_g0,collect_records
0,59.0,9255.0,15360.0,77.0,63.89,1786266826.5368006,collect_g0,collect_records
0,65.0,9255.0,15360.0,77.0,67.84,1786266831.58774,collect_g0,collect_records
0,58.0,9255.0,15360.0,77.0,72.35,1786266836.6331174,collect_g0,collect_records
0,82.0,9255.0,15360.0,77.0,69.9,1786266841.6795025,collect_g0,collect_records
0,77.0,9255.0,15360.0,77.0,67.59,1786266846.7253215,collect_g0,collect_records
0,72.0,9255.0,15360.0,77.0,61.26,1786266851.774585,collect_g0,collect_records
0,79.0,9255.0,15360.0,77.0,61.63,1786266856.821855,collect_g0,collect_records
0,68.0,9255.0,15360.0,77.0,57.14,1786266861.8738441,collect_g0,collect_records
0,69.0,9255.0,15360.0,77.0,67.79,1786266866.9236662,collect_g0,collect_records
0,71.0,9255.0,15360.0,77.0,59.99,1786266871.969316,collect_g0,collect_records
0,71.0,9255.0,15360.0,77.0,64.44,1786266877.0182748,collect_g0,collect_records
0,69.0,9255.0,15360.0,77.0,64.5,1786266882.066452,collect_g0,collect_records
0,77.0,9255.0,15360.0,77.0,60.57,1786266887.1213179,collect_g0,collect_records
0,78.0,9255.0,15360.0,77.0,67.84,1786266892.1739454,collect_g0,collect_records
0,61.0,9255.0,15360.0,77.0,67.79,1786266897.221942,collect_g0,collect_records
0,63.0,9255.0,15360.0,77.0,66.99,1786266902.275133,collect_g0,collect_records
0,67.0,9255.0,15360.0,77.0,63.49,1786266907.3208694,collect_g0,collect_records
0,73.0,9255.0,15360.0,77.0,62.22,1786266912.3677862,collect_g0,collect_records
0,52.0,9255.0,15360.0,77.0,68.81,1786266917.4217067,collect_g0,collect_records
0,71.0,9255.0,15360.0,77.0,58.98,1786266922.47665,collect_g0,collect_records
0,74.0,9255.0,15360.0,77.0,62.83,1786266927.5297081,collect_g0,collect_records
0,69.0,9255.0,15360.0,77.0,63.83,1786266932.5810263,collect_g0,collect_records
0,79.0,9255.0,15360.0,76.0,61.22,1786266937.631129,collect_g0,collect_records
0,86.0,9255.0,15360.0,76.0,61.37,1786266942.6825898,collect_g0,collect_records
0,66.0,9255.0,15360.0,77.0,63.46,1786266947.7263618,collect_g0,collect_records
0,79.0,9255.0,15360.0,77.0,61.7,1786266952.7721648,collect_g0,collect_records
0,84.0,9255.0,15360.0,77.0,66.96,1786266957.8172967,collect_g0,collect_records
0,53.0,9255.0,15360.0,77.0,61.43,1786266962.8691938,collect_g0,collect_records
0,70.0,9255.0,15360.0,77.0,60.23,1786266967.9197872,collect_g0,collect_records
0,70.0,9255.0,15360.0,77.0,61.33,1786266972.963832,collect_g0,collect_records
0,88.0,9255.0,15360.0,77.0,68.03,1786266978.0103583,collect_g0,collect_records
0,69.0,9255.0,15360.0,77.0,65.34,1786266983.056274,collect_g0,collect_records
0,78.0,9255.0,15360.0,77.0,67.0,1786266988.1049147,collect_g0,collect_records
0,82.0,9255.0,15360.0,77.0,63.06,1786266993.1548176,collect_g0,collect_records
0,82.0,9255.0,15360.0,77.0,68.53,1786266998.2041502,collect_g0,collect_records
0,77.0,9255.0,15360.0,77.0,73.43,1786267003.262589,collect_g0,collect_records
0,82.0,9255.0,15360.0,77.0,68.43,1786267008.3079596,collect_g0,collect_records
0,75.0,9255.0,15360.0,77.0,66.85,1786267013.3556783,collect_g0,collect_records
0,71.0,9255.0,15360.0,77.0,70.57,1786267018.4068344,collect_g0,collect_records
0,81.0,9255.0,15360.0,77.0,66.95,1786267023.459673,collect_g0,collect_records
0,88.0,9255.0,15360.0,77.0,66.56,1786267028.512794,collect_g0,collect_records
0,81.0,9255.0,15360.0,77.0,65.32,1786267033.5632696,collect_g0,collect_records
0,71.0,9255.0,15360.0,77.0,70.39,1786267038.612776,collect_g0,collect_records
0,62.0,9255.0,15360.0,77.0,71.26,1786267043.6570888,collect_g0,collect_records
0,54.0,9255.0,15360.0,77.0,69.45,1786267048.7036333,collect_g0,collect_records
0,59.0,9255.0,15360.0,77.0,65.44,1786267053.751732,collect_g0,collect_records
0,74.0,9255.0,15360.0,77.0,66.75,1786267058.8022215,collect_g0,collect_records
0,81.0,9255.0,15360.0,77.0,67.89,1786267063.8545127,collect_g0,collect_records
0,74.0,9255.0,15360.0,77.0,69.5,1786267068.900965,collect_g0,collect_records
0,82.0,9255.0,15360.0,77.0,63.12,1786267073.9477465,collect_g0,collect_records
0,76.0,9255.0,15360.0,77.0,68.29,1786267078.9977367,collect_g0,collect_records
0,68.0,9255.0,15360.0,77.0,67.58,1786267084.0450897,collect_g0,collect_records
0,71.0,9255.0,15360.0,77.0,69.17,1786267089.0938463,collect_g0,collect_records
0,68.0,9255.0,15360.0,77.0,62.01,1786267094.1457422,collect_g0,collect_records
0,88.0,9255.0,15360.0,76.0,68.61,1786267099.1901345,collect_g0,collect_records
0,77.0,9255.0,15360.0,76.0,67.04,1786267104.2414577,collect_g0,collect_records
0,83.0,9255.0,15360.0,77.0,68.18,1786267109.2962058,collect_g0,collect_records
0,86.0,9255.0,15360.0,77.0,68.08,1786267114.3477817,collect_g0,collect_records
0,71.0,9255.0,15360.0,77.0,73.62,1786267119.3970673,collect_g0,collect_records
0,86.0,9255.0,15360.0,77.0,55.48,1786267124.4454262,collect_g0,collect_records
0,83.0,9255.0,15360.0,77.0,67.14,1786267129.494889,collect_g0,collect_records
0,63.0,9255.0,15360.0,77.0,66.42,1786267134.560814,collect_g0,collect_records
0,77.0,9255.0,15360.0,77.0,67.3,1786267139.6148527,collect_g0,collect_records
0,73.0,9255.0,15360.0,77.0,65.79,1786267144.6760762,collect_g0,collect_records
0,74.0,9255.0,15360.0,77.0,66.51,1786267149.7294886,collect_g0,collect_records
0,60.0,9255.0,15360.0,77.0,70.79,1786267154.7831995,collect_g0,collect_records
0,79.0,9255.0,15360.0,77.0,66.69,1786267159.837009,collect_g0,collect_records
0,56.0,9255.0,15360.0,77.0,70.82,1786267164.8896725,collect_g0,collect_records
0,80.0,9255.0,15360.0,77.0,69.2,1786267169.945533,collect_g0,collect_records
0,75.0,9255.0,15360.0,77.0,67.1,1786267174.994068,collect_g0,collect_records
0,68.0,9255.0,15360.0,77.0,60.35,1786267180.0446389,collect_g0,collect_records
0,83.0,9255.0,15360.0,77.0,66.81,1786267185.0884526,collect_g0,collect_records
0,89.0,9255.0,15360.0,76.0,67.63,1786267190.1344373,collect_g0,collect_records
0,69.0,9255.0,15360.0,76.0,66.71,1786267195.1831274,collect_g0,collect_records
0,83.0,9255.0,15360.0,76.0,67.59,1786267200.2302046,collect_g0,collect_records
0,87.0,9255.0,15360.0,77.0,67.98,1786267205.2833984,collect_g0,collect_records
0,92.0,9255.0,15360.0,77.0,67.2,1786267210.327059,collect_g0,collect_records
0,81.0,9255.0,15360.0,77.0,66.22,1786267215.3737578,collect_g0,collect_records
0,79.0,9255.0,15360.0,77.0,67.35,1786267220.4190404,collect_g0,collect_records
0,89.0,9255.0,15360.0,77.0,67.3,1786267225.465287,collect_g0,collect_records
0,82.0,9255.0,15360.0,77.0,67.0,1786267230.5174515,collect_g0,collect_records
0,80.0,9255.0,15360.0,77.0,67.04,1786267235.5646298,collect_g0,collect_records
0,90.0,9255.0,15360.0,77.0,69.05,1786267240.6154706,collect_g0,collect_records
0,89.0,9255.0,15360.0,77.0,68.67,1786267245.6604714,collect_g0,collect_records
0,90.0,9255.0,15360.0,77.0,67.3,1786267250.7138321,collect_g0,collect_records
0,88.0,9255.0,15360.0,77.0,68.92,1786267255.7624657,collect_g0,collect_records
0,91.0,9255.0,15360.0,77.0,68.03,1786267260.8102298,collect_g0,collect_records
0,66.0,9255.0,15360.0,78.0,74.12,1786267265.8596797,collect_g0,collect_records
0,82.0,9255.0,15360.0,77.0,58.3,1786267270.9058833,collect_g0,collect_records
0,71.0,9255.0,15360.0,78.0,69.54,1786267275.9507372,collect_g0,collect_records
0,83.0,9255.0,15360.0,77.0,73.43,1786267280.996865,collect_g0,collect_records
0,85.0,9255.0,15360.0,77.0,68.38,1786267286.0432205,collect_g0,collect_records
0,83.0,9255.0,15360.0,77.0,66.95,1786267291.0924926,collect_g0,collect_records
0,78.0,9255.0,15360.0,77.0,63.95,1786267296.1455169,collect_g0,collect_records
0,65.0,9255.0,15360.0,77.0,61.49,1786267301.1888623,collect_g0,collect_records
0,75.0,9255.0,15360.0,77.0,66.65,1786267306.2411938,collect_g0,collect_records
0,89.0,9255.0,15360.0,77.0,67.1,1786267311.287642,collect_g0,collect_records
0,81.0,9255.0,15360.0,77.0,69.55,1786267316.3360431,collect_g0,collect_records
0,74.0,9255.0,15360.0,77.0,75.49,1786267321.3811646,collect_g0,collect_records
0,68.0,9255.0,15360.0,77.0,67.14,1786267326.4348292,collect_g0,collect_records
0,72.0,9255.0,15360.0,77.0,74.7,1786267331.4758384,collect_g0,collect_records
0,56.0,9255.0,15360.0,77.0,61.03,1786267336.5221386,collect_g0,collect_records
0,76.0,9255.0,15360.0,77.0,71.32,1786267341.5710385,collect_g0,collect_records
0,61.0,9255.0,15360.0,77.0,74.45,1786267346.6224053,collect_g0,collect_records
0,71.0,9255.0,15360.0,77.0,74.4,1786267351.6711125,collect_g0,collect_records
0,72.0,9255.0,15360.0,77.0,67.4,1786267356.7242584,collect_g0,collect_records
0,68.0,9255.0,15360.0,77.0,69.05,1786267361.7684608,collect_g0,collect_records
0,69.0,9255.0,15360.0,77.0,64.83,1786267366.8132436,collect_g0,collect_records
0,70.0,9255.0,15360.0,77.0,67.1,1786267371.8603237,collect_g0,collect_records
0,76.0,9255.0,15360.0,77.0,68.46,1786267376.9111874,collect_g0,collect_records
0,86.0,9255.0,15360.0,77.0,67.79,1786267381.9634383,collect_g0,collect_records
0,74.0,9255.0,15360.0,77.0,67.04,1786267387.009828,collect_g0,collect_records
0,90.0,9255.0,15360.0,77.0,54.82,1786267392.057996,collect_g0,collect_records
0,83.0,9255.0,15360.0,77.0,61.2,1786267397.1117198,collect_g0,collect_records
0,82.0,9255.0,15360.0,76.0,66.36,1786267402.1605694,collect_g0,collect_records
0,89.0,9255.0,15360.0,77.0,66.69,1786267407.2125638,collect_g0,collect_records
0,85.0,9255.0,15360.0,76.0,67.04,1786267412.2586558,collect_g0,collect_records
0,73.0,9255.0,15360.0,77.0,66.28,1786267417.3097863,collect_g0,collect_records
0,88.0,9255.0,15360.0,77.0,65.22,1786267422.3626418,collect_g0,collect_records
0,90.0,9255.0,15360.0,76.0,67.63,1786267427.4094613,collect_g0,collect_records
0,54.0,9255.0,15360.0,77.0,58.16,1786267432.4568026,collect_g0,collect_records
0,81.0,9255.0,15360.0,77.0,67.24,1786267437.5056791,collect_g0,collect_records
0,87.0,9255.0,15360.0,77.0,66.77,1786267442.5551658,collect_g0,collect_records
0,81.0,9255.0,15360.0,77.0,64.4,1786267447.605029,collect_g0,collect_records
0,90.0,9255.0,15360.0,77.0,67.09,1786267452.6557305,collect_g0,collect_records
0,82.0,9255.0,15360.0,77.0,69.59,1786267457.703706,collect_g0,collect_records
0,82.0,9255.0,15360.0,77.0,69.26,1786267462.7505202,collect_g0,collect_records
0,79.0,9255.0,15360.0,77.0,70.88,1786267467.8017135,collect_g0,collect_records
0,85.0,9255.0,15360.0,77.0,67.73,1786267472.848774,collect_g0,collect_records
0,79.0,9255.0,15360.0,77.0,66.79,1786267477.8939197,collect_g0,collect_records
0,91.0,9255.0,15360.0,77.0,66.75,1786267482.9458702,collect_g0,collect_records
0,89.0,9255.0,15360.0,77.0,67.14,1786267487.9948409,collect_g0,collect_records
0,84.0,9255.0,15360.0,77.0,74.02,1786267493.043072,collect_g0,collect_records
0,92.0,9255.0,15360.0,77.0,67.48,1786267498.0944037,collect_g0,collect_records
0,92.0,9255.0,15360.0,77.0,67.59,1786267503.145862,collect_g0,collect_records
0,91.0,9255.0,15360.0,77.0,66.65,1786267508.1994143,collect_g0,collect_records
0,86.0,9255.0,15360.0,77.0,58.03,1786267513.247907,collect_g0,collect_records
0,89.0,9255.0,15360.0,77.0,68.03,1786267518.295431,collect_g0,collect_records
0,91.0,9255.0,15360.0,77.0,68.07,1786267523.3414512,collect_g0,collect_records
0,82.0,9255.0,15360.0,77.0,70.63,1786267528.3872082,collect_g0,collect_records
0,92.0,9255.0,15360.0,77.0,68.03,1786267533.4371111,collect_g0,collect_records
0,81.0,9255.0,15360.0,77.0,68.07,1786267538.4844267,collect_g0,collect_records
0,87.0,9255.0,15360.0,77.0,68.96,1786267543.5347266,collect_g0,collect_records
0,92.0,9255.0,15360.0,77.0,68.18,1786267548.5802522,collect_g0,collect_records
0,91.0,9255.0,15360.0,77.0,64.5,1786267553.6271856,collect_g0,collect_records
0,91.0,9255.0,15360.0,77.0,67.03,1786267558.673408,collect_g0,collect_records
0,83.0,9255.0,15360.0,77.0,72.98,1786267563.722588,collect_g0,collect_records
0,89.0,9255.0,15360.0,77.0,69.06,1786267568.7670403,collect_g0,collect_records
0,92.0,9255.0,15360.0,77.0,69.94,1786267573.8121037,collect_g0,collect_records
0,81.0,9255.0,15360.0,77.0,56.13,1786267578.8628244,collect_g0,collect_records
0,74.0,9255.0,15360.0,77.0,68.52,1786267583.911706,collect_g0,collect_records
0,91.0,9255.0,15360.0,77.0,67.83,1786267588.9589477,collect_g0,collect_records
0,92.0,9255.0,15360.0,77.0,69.3,1786267594.0140188,collect_g0,collect_records
0,91.0,9255.0,15360.0,77.0,67.63,1786267599.0694106,collect_g0,collect_records
0,76.0,9255.0,15360.0,77.0,69.36,1786267604.1156828,collect_g0,collect_records
0,74.0,9255.0,15360.0,77.0,67.44,1786267609.1661716,collect_g0,collect_records
0,90.0,9255.0,15360.0,77.0,66.69,1786267614.2170467,collect_g0,collect_records
0,81.0,9255.0,15360.0,77.0,63.81,1786267619.2685127,collect_g0,collect_records
0,61.0,9255.0,15360.0,78.0,71.13,1786267624.31569,collect_g0,collect_records
0,61.0,9255.0,15360.0,78.0,65.3,1786267629.365641,collect_g0,collect_records
0,59.0,9255.0,15360.0,77.0,67.45,1786267634.4165676,collect_g0,collect_records
0,71.0,9255.0,15360.0,77.0,66.85,1786267639.464679,collect_g0,collect_records
0,80.0,9255.0,15360.0,77.0,65.87,1786267644.5127213,collect_g0,collect_records
0,85.0,9255.0,15360.0,77.0,66.12,1786267649.5628219,collect_g0,collect_records
0,68.0,9255.0,15360.0,76.0,69.55,1786267654.6096308,collect_g0,collect_records
0,73.0,9255.0,15360.0,76.0,66.46,1786267659.6591547,collect_g0,collect_records
0,69.0,9255.0,15360.0,76.0,68.86,1786267664.708863,collect_g0,collect_records
0,64.0,9255.0,15360.0,77.0,69.54,1786267669.7560356,collect_g0,collect_records
0,57.0,9255.0,15360.0,77.0,67.89,1786267674.8000062,collect_g0,collect_records
0,77.0,9255.0,15360.0,77.0,68.81,1786267679.8483994,collect_g0,collect_records
0,70.0,9255.0,15360.0,77.0,68.77,1786267684.8935337,collect_g0,collect_records
0,75.0,9255.0,15360.0,77.0,67.93,1786267689.9377646,collect_g0,collect_records
0,60.0,9255.0,15360.0,77.0,64.28,1786267694.984777,collect_g0,collect_records
0,64.0,9255.0,15360.0,77.0,65.44,1786267700.0326524,collect_g0,collect_records
0,78.0,9261.0,15360.0,77.0,67.24,1786267705.080988,collect_g0,collect_records
0,87.0,9261.0,15360.0,76.0,64.93,1786267710.1282578,collect_g0,collect_records
0,90.0,9261.0,15360.0,77.0,67.65,1786267715.1747587,collect_g0,collect_records
0,79.0,9261.0,15360.0,77.0,68.77,1786267720.22452,collect_g0,collect_records
0,40.0,9261.0,15360.0,76.0,62.91,1786267725.2717133,collect_g0,collect_records
0,77.0,9261.0,15360.0,77.0,70.97,1786267730.319755,collect_g0,collect_records
0,82.0,9261.0,15360.0,77.0,67.98,1786267735.367024,collect_g0,collect_records
0,68.0,9261.0,15360.0,77.0,66.32,1786267740.4126637,collect_g0,collect_records
0,49.0,9261.0,15360.0,77.0,68.18,1786267745.4570868,collect_g0,collect_records
0,42.0,9261.0,15360.0,77.0,63.44,1786267750.5049047,collect_g0,collect_records
0,77.0,9261.0,15360.0,77.0,60.94,1786267755.5568528,collect_g0,collect_records
0,70.0,9261.0,15360.0,77.0,63.57,1786267760.6067755,collect_g0,collect_records
0,66.0,9261.0,15360.0,78.0,67.45,1786267765.6547952,collect_g0,collect_records
0,69.0,9261.0,15360.0,77.0,60.32,1786267770.7087727,collect_g0,collect_records
0,79.0,9261.0,15360.0,77.0,60.35,1786267775.7595918,collect_g0,collect_records
0,70.0,9261.0,15360.0,77.0,61.69,1786267780.8045912,collect_g0,collect_records
0,80.0,9261.0,15360.0,77.0,66.99,1786267785.8522985,collect_g0,collect_records
0,86.0,9261.0,15360.0,77.0,66.11,1786267790.8959801,collect_g0,collect_records
0,73.0,9261.0,15360.0,77.0,71.12,1786267795.9457128,collect_g0,collect_records
0,90.0,9261.0,15360.0,76.0,67.24,1786267800.9928484,collect_g0,collect_records
0,73.0,9261.0,15360.0,76.0,65.08,1786267806.041005,collect_g0,collect_records
0,81.0,9261.0,15360.0,77.0,68.24,1786267811.0857062,collect_g0,collect_records
0,67.0,9261.0,15360.0,77.0,65.46,1786267816.128558,collect_g0,collect_records
0,81.0,9261.0,15360.0,77.0,64.69,1786267821.1775815,collect_g0,collect_records
0,51.0,9261.0,15360.0,77.0,66.22,1786267826.2234051,collect_g0,collect_records
0,72.0,9261.0,15360.0,77.0,70.21,1786267831.2732487,collect_g0,collect_records
0,78.0,9261.0,15360.0,77.0,63.28,1786267836.322373,collect_g0,collect_records
0,70.0,9261.0,15360.0,77.0,68.81,1786267841.372767,collect_g0,collect_records
0,70.0,9261.0,15360.0,77.0,67.69,1786267846.4254055,collect_g0,collect_records
0,59.0,9261.0,15360.0,77.0,71.62,1786267851.468699,collect_g0,collect_records
0,51.0,9261.0,15360.0,76.0,63.14,1786267856.524532,collect_g0,collect_records
0,71.0,9261.0,15360.0,77.0,54.4,1786267861.570387,collect_g0,collect_records
0,55.0,9261.0,15360.0,77.0,67.63,1786267866.6162827,collect_g0,collect_records
0,44.0,9261.0,15360.0,77.0,66.13,1786267871.661208,collect_g0,collect_records
0,51.0,9261.0,15360.0,77.0,66.71,1786267876.7058618,collect_g0,collect_records
0,73.0,9261.0,15360.0,77.0,66.67,1786267881.755666,collect_g0,collect_records
0,65.0,9261.0,15360.0,77.0,68.42,1786267886.7987313,collect_g0,collect_records
0,84.0,9261.0,15360.0,77.0,67.06,1786267891.8428788,collect_g0,collect_records
0,78.0,9261.0,15360.0,77.0,70.53,1786267896.8918386,collect_g0,collect_records
0,77.0,9261.0,15360.0,77.0,68.91,1786267901.9370074,collect_g0,collect_records
0,76.0,9261.0,15360.0,77.0,67.97,1786267906.9827075,collect_g0,collect_records
0,79.0,9261.0,15360.0,77.0,66.6,1786267912.0264454,collect_g0,collect_records
0,71.0,9261.0,15360.0,77.0,69.21,1786267917.0706499,collect_g0,collect_records
0,77.0,9261.0,15360.0,77.0,66.02,1786267922.122284,collect_g0,collect_records
0,82.0,9261.0,15360.0,77.0,67.79,1786267927.1678777,collect_g0,collect_records
0,77.0,9261.0,15360.0,77.0,67.63,1786267932.2141643,collect_g0,collect_records
0,73.0,9261.0,15360.0,77.0,64.04,1786267937.2669013,collect_g0,collect_records
0,74.0,9261.0,15360.0,77.0,65.57,1786267942.319245,collect_g0,collect_records
0,82.0,9261.0,15360.0,77.0,64.95,1786267947.3646786,collect_g0,collect_records
0,81.0,9261.0,15360.0,77.0,68.91,1786267952.4167902,collect_g0,collect_records
0,73.0,9261.0,15360.0,77.0,66.47,1786267957.4590018,collect_g0,collect_records
0,73.0,9261.0,15360.0,77.0,69.1,1786267962.5080328,collect_g0,collect_records
0,80.0,9261.0,15360.0,77.0,66.2,1786267967.5505757,collect_g0,collect_records
0,76.0,9261.0,15360.0,77.0,68.61,1786267972.5952492,collect_g0,collect_records
0,69.0,9261.0,15360.0,77.0,67.24,1786267977.6388447,collect_g0,collect_records
0,65.0,9261.0,15360.0,77.0,69.16,1786267982.68016,collect_g0,collect_records
0,88.0,9261.0,15360.0,77.0,63.2,1786267987.7239504,collect_g0,collect_records
0,83.0,9261.0,15360.0,77.0,65.4,1786267992.767023,collect_g0,collect_records
0,79.0,9261.0,15360.0,77.0,67.34,1786267997.8070955,collect_g0,collect_records
0,87.0,9261.0,15360.0,77.0,66.85,1786268002.8550997,collect_g0,collect_records
0,80.0,9261.0,15360.0,77.0,64.24,1786268007.904222,collect_g0,collect_records
0,79.0,9261.0,15360.0,77.0,69.34,1786268012.9465706,collect_g0,collect_records
0,85.0,9263.0,15360.0,77.0,67.24,1786268017.986654,collect_g0,collect_records
0,88.0,9263.0,15360.0,77.0,67.22,1786268023.026935,collect_g0,collect_records
0,79.0,9263.0,15360.0,77.0,66.06,1786268028.0709605,collect_g0,collect_records
0,76.0,9263.0,15360.0,77.0,68.03,1786268033.1146734,collect_g0,collect_records
0,87.0,9263.0,15360.0,77.0,65.81,1786268038.1602545,collect_g0,collect_records
0,82.0,9263.0,15360.0,77.0,65.81,1786268043.2082129,collect_g0,collect_records
0,84.0,9263.0,15360.0,77.0,66.79,1786268048.2510617,collect_g0,collect_records
0,76.0,9263.0,15360.0,77.0,69.59,1786268053.2939641,collect_g0,collect_records
0,88.0,9263.0,15360.0,77.0,66.26,1786268058.3331409,collect_g0,collect_records
0,82.0,9263.0,15360.0,77.0,67.83,1786268063.376225,collect_g0,collect_records
0,78.0,9263.0,15360.0,77.0,68.08,1786268068.4190805,collect_g0,collect_records
0,83.0,9263.0,15360.0,77.0,69.3,1786268073.4615412,collect_g0,collect_records
0,84.0,9263.0,15360.0,77.0,66.01,1786268078.500579,collect_g0,collect_records
0,80.0,9263.0,15360.0,77.0,65.48,1786268083.542862,collect_g0,collect_records
0,82.0,9263.0,15360.0,76.0,67.68,1786268088.5834453,collect_g0,collect_records
0,77.0,9263.0,15360.0,76.0,67.18,1786268093.6299677,collect_g0,collect_records
0,83.0,9263.0,15360.0,77.0,66.4,1786268098.6763997,collect_g0,collect_records
0,86.0,9263.0,15360.0,77.0,66.77,1786268103.720553,collect_g0,collect_records
0,78.0,9263.0,15360.0,77.0,63.89,1786268108.7613578,collect_g0,collect_records
0,85.0,9263.0,15360.0,77.0,67.34,1786268113.8024325,collect_g0,collect_records
0,85.0,9263.0,15360.0,76.0,64.83,1786268118.8446376,collect_g0,collect_records
0,81.0,9263.0,15360.0,77.0,69.16,1786268123.8889494,collect_g0,collect_records
0,77.0,9263.0,15360.0,77.0,68.46,1786268128.9307191,collect_g0,collect_records
0,88.0,9263.0,15360.0,77.0,67.09,1786268133.973862,collect_g0,collect_records
0,80.0,9263.0,15360.0,77.0,67.54,1786268139.0187736,collect_g0,collect_records
0,83.0,9263.0,15360.0,77.0,66.85,1786268144.0641944,collect_g0,collect_records
0,72.0,9263.0,15360.0,77.0,66.75,1786268149.1119058,collect_g0,collect_records
0,82.0,9263.0,15360.0,77.0,69.01,1786268154.1589384,collect_g0,collect_records
0,83.0,9263.0,15360.0,77.0,66.71,1786268159.2041953,collect_g0,collect_records
0,84.0,9263.0,15360.0,77.0,73.52,1786268164.2454681,collect_g0,collect_records
0,84.0,9263.0,15360.0,77.0,67.58,1786268169.2882998,collect_g0,collect_records
0,77.0,9263.0,15360.0,77.0,65.57,1786268174.3296626,collect_g0,collect_records
0,83.0,9263.0,15360.0,77.0,65.12,1786268179.3769782,collect_g0,collect_records
0,92.0,9263.0,15360.0,77.0,67.68,1786268184.421495,collect_g0,collect_records
0,88.0,9263.0,15360.0,77.0,69.7,1786268189.466194,collect_g0,collect_records
0,89.0,9263.0,15360.0,77.0,68.28,1786268194.509047,collect_g0,collect_records
0,81.0,9263.0,15360.0,77.0,67.49,1786268199.550084,collect_g0,collect_records
0,89.0,9263.0,15360.0,77.0,67.24,1786268204.5934436,collect_g0,collect_records
0,90.0,9263.0,15360.0,77.0,67.87,1786268209.6376503,collect_g0,collect_records
0,76.0,9263.0,15360.0,77.0,66.38,1786268214.6807752,collect_g0,collect_records
0,86.0,9263.0,15360.0,77.0,65.08,1786268219.7248912,collect_g0,collect_records
0,90.0,9263.0,15360.0,77.0,67.34,1786268224.7687652,collect_g0,collect_records
0,83.0,9263.0,15360.0,77.0,64.38,1786268229.8103201,collect_g0,collect_records
0,89.0,9263.0,15360.0,77.0,66.4,1786268234.8516462,collect_g0,collect_records
0,90.0,9263.0,15360.0,77.0,68.52,1786268239.8977666,collect_g0,collect_records
0,89.0,9263.0,15360.0,77.0,68.17,1786268244.9445896,collect_g0,collect_records
0,91.0,9263.0,15360.0,77.0,67.28,1786268249.9859273,collect_g0,collect_records
0,88.0,9263.0,15360.0,77.0,68.32,1786268255.0297716,collect_g0,collect_records
0,91.0,9263.0,15360.0,77.0,66.75,1786268260.070179,collect_g0,collect_records
0,90.0,9263.0,15360.0,77.0,66.65,1786268265.1117656,collect_g0,collect_records
0,92.0,9263.0,15360.0,77.0,65.42,1786268270.1538467,collect_g0,collect_records
0,88.0,9263.0,15360.0,77.0,69.93,1786268275.2013934,collect_g0,collect_records
0,84.0,9263.0,15360.0,77.0,69.4,1786268280.2439353,collect_g0,collect_records
0,90.0,9263.0,15360.0,77.0,65.48,1786268285.2897735,collect_g0,collect_records
0,92.0,9263.0,15360.0,77.0,67.58,1786268290.3317738,collect_g0,collect_records
0,90.0,9263.0,15360.0,77.0,68.42,1786268295.3743718,collect_g0,collect_records
0,67.0,9263.0,15360.0,77.0,67.32,1786268300.418152,collect_g0,collect_records
0,79.0,9263.0,15360.0,77.0,66.56,1786268305.4626544,collect_g0,collect_records
0,86.0,9263.0,15360.0,77.0,66.4,1786268310.503599,collect_g0,collect_records
0,91.0,9263.0,15360.0,77.0,68.42,1786268315.544776,collect_g0,collect_records
0,85.0,9263.0,15360.0,77.0,69.1,1786268320.588666,collect_g0,collect_records
0,92.0,9263.0,15360.0,77.0,67.93,1786268325.6369903,collect_g0,collect_records
0,91.0,9263.0,15360.0,77.0,67.79,1786268330.680775,collect_g0,collect_records
0,87.0,9263.0,15360.0,77.0,66.4,1786268335.7222743,collect_g0,collect_records
0,88.0,9263.0,15360.0,77.0,67.83,1786268340.767825,collect_g0,collect_records
0,82.0,9263.0,15360.0,77.0,68.17,1786268345.8131185,collect_g0,collect_records
0,89.0,9263.0,15360.0,77.0,66.99,1786268350.8621345,collect_g0,collect_records
0,81.0,9263.0,15360.0,77.0,68.12,1786268355.904519,collect_g0,collect_records
0,83.0,9263.0,15360.0,77.0,66.6,1786268360.9523335,collect_g0,collect_records
0,85.0,9263.0,15360.0,77.0,68.0,1786268365.995694,collect_g0,collect_records
0,80.0,9263.0,15360.0,77.0,69.01,1786268371.0384235,collect_g0,collect_records
0,86.0,9263.0,15360.0,77.0,67.28,1786268376.0837095,collect_g0,collect_records
0,83.0,9263.0,15360.0,77.0,65.16,1786268381.1330028,collect_g0,collect_records
0,86.0,9263.0,15360.0,77.0,65.18,1786268386.1793752,collect_g0,collect_records
0,83.0,9263.0,15360.0,77.0,75.48,1786268391.222586,collect_g0,collect_records
0,73.0,9263.0,15360.0,77.0,66.34,1786268396.2664135,collect_g0,collect_records
0,78.0,9263.0,15360.0,77.0,67.49,1786268401.3091366,collect_g0,collect_records
0,82.0,9263.0,15360.0,77.0,73.73,1786268406.3513575,collect_g0,collect_records
0,82.0,9263.0,15360.0,77.0,68.22,1786268411.3949006,collect_g0,collect_records
0,76.0,9263.0,15360.0,77.0,75.58,1786268416.438935,collect_g0,collect_records
0,78.0,9263.0,15360.0,77.0,68.24,1786268421.4859161,collect_g0,collect_records
0,92.0,9263.0,15360.0,77.0,64.42,1786268426.5301497,collect_g0,collect_records
0,85.0,9263.0,15360.0,77.0,65.81,1786268431.5706687,collect_g0,collect_records
0,79.0,9263.0,15360.0,77.0,72.89,1786268436.6143405,collect_g0,collect_records
0,86.0,9263.0,15360.0,77.0,66.01,1786268441.661831,collect_g0,collect_records
0,78.0,9263.0,15360.0,77.0,66.19,1786268446.7072089,collect_g0,collect_records
0,88.0,9263.0,15360.0,77.0,68.53,1786268451.7522771,collect_g0,collect_records
0,85.0,9263.0,15360.0,77.0,66.06,1786268456.7953181,collect_g0,collect_records
0,91.0,9263.0,15360.0,77.0,67.04,1786268461.8388872,collect_g0,collect_records
0,88.0,9263.0,15360.0,77.0,68.82,1786268466.883087,collect_g0,collect_records
0,92.0,9263.0,15360.0,77.0,65.91,1786268471.927558,collect_g0,collect_records
0,91.0,9263.0,15360.0,77.0,68.52,1786268476.9681504,collect_g0,collect_records
0,91.0,9263.0,15360.0,77.0,67.24,1786268482.0194721,collect_g0,collect_records
0,81.0,9263.0,15360.0,77.0,64.89,1786268487.0639915,collect_g0,collect_records
0,90.0,9263.0,15360.0,77.0,68.03,1786268492.1045039,collect_g0,collect_records
0,86.0,9263.0,15360.0,77.0,67.58,1786268497.1471274,collect_g0,collect_records
0,82.0,9263.0,15360.0,77.0,67.2,1786268502.1884458,collect_g0,collect_records
0,92.0,9263.0,15360.0,77.0,68.42,1786268507.2309685,collect_g0,collect_records
0,89.0,9263.0,15360.0,77.0,67.77,1786268512.273896,collect_g0,collect_records
0,86.0,9263.0,15360.0,76.0,69.65,1786268517.3145645,collect_g0,collect_records
0,92.0,9263.0,15360.0,77.0,67.69,1786268522.3597405,collect_g0,collect_records
0,92.0,9263.0,15360.0,76.0,63.51,1786268527.4066625,collect_g0,collect_records
0,91.0,9263.0,15360.0,77.0,60.45,1786268532.452359,collect_g0,collect_records
0,91.0,9263.0,15360.0,77.0,67.83,1786268537.4932492,collect_g0,collect_records
0,84.0,9263.0,15360.0,77.0,68.08,1786268542.5337307,collect_g0,collect_records
0,92.0,9263.0,15360.0,77.0,65.87,1786268547.5758102,collect_g0,collect_records
0,91.0,9263.0,15360.0,77.0,65.61,1786268552.6190505,collect_g0,collect_records
0,91.0,9263.0,15360.0,77.0,64.89,1786268557.6622431,collect_g0,collect_records
0,92.0,9263.0,15360.0,77.0,65.81,1786268562.7062085,collect_g0,collect_records
0,92.0,9263.0,15360.0,77.0,66.85,1786268567.747262,collect_g0,collect_records
0,89.0,9263.0,15360.0,77.0,66.64,1786268572.7932978,collect_g0,collect_records
0,91.0,9263.0,15360.0,77.0,69.01,1786268577.8386707,collect_g0,collect_records
0,91.0,9263.0,15360.0,77.0,67.73,1786268582.8803866,collect_g0,collect_records
0,91.0,9263.0,15360.0,77.0,67.98,1786268587.9232805,collect_g0,collect_records
0,85.0,9263.0,15360.0,77.0,67.68,1786268592.9662278,collect_g0,collect_records
0,92.0,9263.0,15360.0,77.0,66.85,1786268598.0109708,collect_g0,collect_records
0,88.0,9263.0,15360.0,77.0,68.47,1786268603.051217,collect_g0,collect_records
0,88.0,9263.0,15360.0,77.0,67.97,1786268608.0951717,collect_g0,collect_records
0,78.0,9263.0,15360.0,77.0,66.69,1786268613.1366768,collect_g0,collect_records
0,89.0,9263.0,15360.0,77.0,68.12,1786268618.1769056,collect_g0,collect_records
0,93.0,9263.0,15360.0,77.0,50.56,1786268623.2207341,collect_g0,collect_records
0,90.0,9263.0,15360.0,77.0,67.68,1786268628.263077,collect_g0,collect_records
0,91.0,9263.0,15360.0,78.0,68.47,1786268633.304819,collect_g0,collect_records
0,81.0,9263.0,15360.0,77.0,66.6,1786268638.3487625,collect_g0,collect_records
0,91.0,9263.0,15360.0,77.0,68.66,1786268643.392418,collect_g0,collect_records
0,88.0,9263.0,15360.0,77.0,68.47,1786268648.4354918,collect_g0,collect_records
0,82.0,9263.0,15360.0,77.0,65.81,1786268653.4824746,collect_g0,collect_records
0,77.0,9263.0,15360.0,77.0,68.47,1786268658.5226169,collect_g0,collect_records
0,85.0,9263.0,15360.0,77.0,64.54,1786268663.5684237,collect_g0,collect_records
0,80.0,9263.0,15360.0,77.0,66.81,1786268668.6113493,collect_g0,collect_records
0,93.0,9263.0,15360.0,77.0,64.54,1786268673.6525886,collect_g0,collect_records
0,82.0,9263.0,15360.0,77.0,65.12,1786268678.6992083,collect_g0,collect_records
0,93.0,9263.0,15360.0,77.0,66.56,1786268683.7409573,collect_g0,collect_records
0,78.0,9263.0,15360.0,77.0,68.32,1786268688.7851942,collect_g0,collect_records
0,91.0,9263.0,15360.0,77.0,68.12,1786268693.8248491,collect_g0,collect_records
0,86.0,9263.0,15360.0,77.0,67.14,1786268698.868894,collect_g0,collect_records
0,90.0,9263.0,15360.0,77.0,68.38,1786268703.9105132,collect_g0,collect_records
0,90.0,9263.0,15360.0,77.0,67.24,1786268708.954778,collect_g0,collect_records
0,87.0,9263.0,15360.0,77.0,66.24,1786268713.999137,collect_g0,collect_records
0,88.0,9263.0,15360.0,77.0,68.42,1786268719.043058,collect_g0,collect_records
0,85.0,9263.0,15360.0,77.0,65.26,1786268724.0853407,collect_g0,collect_records
0,87.0,9263.0,15360.0,77.0,65.38,1786268729.127881,collect_g0,collect_records
0,76.0,9263.0,15360.0,77.0,66.86,1786268734.1739848,collect_g0,collect_records
0,88.0,9263.0,15360.0,77.0,67.73,1786268739.2167351,collect_g0,collect_records
0,84.0,9263.0,15360.0,77.0,66.01,1786268744.2617636,collect_g0,collect_records
0,88.0,9263.0,15360.0,77.0,66.26,1786268749.3043776,collect_g0,collect_records
0,83.0,9263.0,15360.0,77.0,69.16,1786268754.3479311,collect_g0,collect_records
0,89.0,9263.0,15360.0,77.0,67.73,1786268759.392844,collect_g0,collect_records
0,91.0,9263.0,15360.0,77.0,67.58,1786268764.4397278,collect_g0,collect_records
0,88.0,9263.0,15360.0,77.0,66.85,1786268769.4830782,collect_g0,collect_records
0,87.0,9263.0,15360.0,77.0,65.93,1786268774.5235972,collect_g0,collect_records
0,85.0,9263.0,15360.0,77.0,57.08,1786268779.5642805,collect_g0,collect_records
0,89.0,9263.0,15360.0,77.0,67.68,1786268784.6042306,collect_g0,collect_records
0,92.0,9263.0,15360.0,77.0,66.69,1786268789.6497123,collect_g0,collect_records
0,92.0,9263.0,15360.0,77.0,68.22,1786268794.692032,collect_g0,collect_records
0,91.0,9263.0,15360.0,77.0,67.63,1786268799.733522,collect_g0,collect_records
0,83.0,9263.0,15360.0,77.0,65.73,1786268804.7776344,collect_g0,collect_records
0,87.0,9263.0,15360.0,77.0,66.2,1786268809.8202395,collect_g0,collect_records
0,92.0,9263.0,15360.0,77.0,66.91,1786268814.8610506,collect_g0,collect_records
0,92.0,9263.0,15360.0,77.0,68.07,1786268819.9043648,collect_g0,collect_records
0,85.0,9263.0,15360.0,77.0,66.16,1786268824.9464173,collect_g0,collect_records
0,87.0,9263.0,15360.0,77.0,65.56,1786268829.987237,collect_g0,collect_records
0,81.0,9263.0,15360.0,77.0,61.27,1786268835.0316951,collect_g0,collect_records
0,92.0,9263.0,15360.0,77.0,68.03,1786268840.0730417,collect_g0,collect_records
0,74.0,9263.0,15360.0,76.0,49.7,1786268842.3057845,collect_g0,collect_records
1,2.0,3901.0,15360.0,46.0,27.65,1786262686.812531,collect_g1,collect_records
1,58.0,7239.0,15360.0,52.0,62.01,1786262691.8651736,collect_g1,collect_records
1,52.0,8649.0,15360.0,54.0,53.84,1786262696.9125211,collect_g1,collect_records
1,64.0,8669.0,15360.0,57.0,64.95,1786262701.9598517,collect_g1,collect_records
1,50.0,8713.0,15360.0,58.0,59.63,1786262707.005794,collect_g1,collect_records
1,76.0,9043.0,15360.0,61.0,67.44,1786262712.0535026,collect_g1,collect_records
1,69.0,9051.0,15360.0,63.0,69.48,1786262717.107908,collect_g1,collect_records
1,65.0,9067.0,15360.0,64.0,66.47,1786262722.1548688,collect_g1,collect_records
1,75.0,9067.0,15360.0,66.0,67.21,1786262727.1992471,collect_g1,collect_records
1,79.0,9073.0,15360.0,68.0,67.89,1786262732.2501352,collect_g1,collect_records
1,76.0,9073.0,15360.0,69.0,70.11,1786262737.2953355,collect_g1,collect_records
1,79.0,9073.0,15360.0,71.0,68.38,1786262742.3468175,collect_g1,collect_records
1,84.0,9079.0,15360.0,72.0,65.04,1786262747.4008386,collect_g1,collect_records
1,66.0,9079.0,15360.0,73.0,68.74,1786262752.4458687,collect_g1,collect_records
1,78.0,9093.0,15360.0,75.0,71.57,1786262757.4929411,collect_g1,collect_records
1,82.0,9225.0,15360.0,76.0,68.53,1786262762.5344512,collect_g1,collect_records
1,89.0,9357.0,15360.0,77.0,64.47,1786262767.5887845,collect_g1,collect_records
1,74.0,9357.0,15360.0,78.0,68.93,1786262772.6357653,collect_g1,collect_records
1,90.0,9357.0,15360.0,79.0,66.18,1786262777.6836467,collect_g1,collect_records
1,77.0,9357.0,15360.0,80.0,66.63,1786262782.7327118,collect_g1,collect_records
1,85.0,9357.0,15360.0,80.0,64.71,1786262787.7919807,collect_g1,collect_records
1,85.0,9357.0,15360.0,78.0,63.53,1786262792.838313,collect_g1,collect_records
1,74.0,9489.0,15360.0,76.0,69.27,1786262797.892071,collect_g1,collect_records
1,86.0,9489.0,15360.0,75.0,67.21,1786262802.937541,collect_g1,collect_records
1,68.0,9489.0,15360.0,74.0,61.71,1786262807.989657,collect_g1,collect_records
1,75.0,9489.0,15360.0,73.0,63.73,1786262813.0477054,collect_g1,collect_records
1,59.0,9489.0,15360.0,72.0,59.59,1786262818.1036615,collect_g1,collect_records
1,75.0,9557.0,15360.0,72.0,69.21,1786262823.1586304,collect_g1,collect_records
1,83.0,9557.0,15360.0,72.0,66.46,1786262828.2092314,collect_g1,collect_records
1,84.0,9557.0,15360.0,72.0,64.87,1786262833.259963,collect_g1,collect_records
1,74.0,9557.0,15360.0,72.0,56.39,1786262838.310998,collect_g1,collect_records
1,81.0,9557.0,15360.0,73.0,67.35,1786262843.3674273,collect_g1,collect_records
1,71.0,9557.0,15360.0,74.0,69.91,1786262848.4177656,collect_g1,collect_records
1,68.0,9557.0,15360.0,75.0,70.29,1786262853.4639087,collect_g1,collect_records
1,75.0,9557.0,15360.0,75.0,75.05,1786262858.518398,collect_g1,collect_records
1,86.0,9557.0,15360.0,76.0,69.02,1786262863.5755012,collect_g1,collect_records
1,88.0,9557.0,15360.0,76.0,67.84,1786262868.6284003,collect_g1,collect_records
1,81.0,9557.0,15360.0,76.0,67.21,1786262873.6733649,collect_g1,collect_records
1,72.0,9559.0,15360.0,76.0,63.48,1786262878.7217236,collect_g1,collect_records
1,74.0,9559.0,15360.0,76.0,61.65,1786262883.781027,collect_g1,collect_records
1,70.0,9559.0,15360.0,75.0,61.89,1786262888.8274255,collect_g1,collect_records
1,63.0,9559.0,15360.0,75.0,67.12,1786262893.8703651,collect_g1,collect_records
1,78.0,9559.0,15360.0,74.0,61.47,1786262898.915345,collect_g1,collect_records
1,83.0,9559.0,15360.0,74.0,61.85,1786262903.9592319,collect_g1,collect_records
1,80.0,9823.0,15360.0,73.0,66.71,1786262909.0036883,collect_g1,collect_records
1,60.0,9823.0,15360.0,73.0,67.2,1786262914.0494845,collect_g1,collect_records
1,84.0,9823.0,15360.0,73.0,66.81,1786262919.0972366,collect_g1,collect_records
1,77.0,9823.0,15360.0,73.0,62.83,1786262924.14173,collect_g1,collect_records
1,78.0,9823.0,15360.0,73.0,69.37,1786262929.1850297,collect_g1,collect_records
1,89.0,9823.0,15360.0,73.0,68.57,1786262934.2373567,collect_g1,collect_records
1,81.0,9823.0,15360.0,74.0,68.24,1786262939.2845442,collect_g1,collect_records
1,88.0,9823.0,15360.0,74.0,68.98,1786262944.3296525,collect_g1,collect_records
1,91.0,9823.0,15360.0,74.0,66.14,1786262949.3787866,collect_g1,collect_records
1,91.0,9889.0,15360.0,75.0,63.61,1786262954.431966,collect_g1,collect_records
1,74.0,9955.0,15360.0,75.0,65.63,1786262959.478837,collect_g1,collect_records
1,86.0,9955.0,15360.0,75.0,68.04,1786262964.526316,collect_g1,collect_records
1,77.0,9955.0,15360.0,75.0,68.39,1786262969.5760815,collect_g1,collect_records
1,92.0,9955.0,15360.0,75.0,66.57,1786262974.6217697,collect_g1,collect_records
1,91.0,9955.0,15360.0,74.0,67.26,1786262979.667281,collect_g1,collect_records
1,92.0,9955.0,15360.0,74.0,61.1,1786262984.713785,collect_g1,collect_records
1,91.0,9955.0,15360.0,74.0,67.55,1786262989.7628365,collect_g1,collect_records
1,86.0,9955.0,15360.0,74.0,54.23,1786262994.814235,collect_g1,collect_records
1,85.0,9955.0,15360.0,73.0,66.71,1786262999.864229,collect_g1,collect_records
1,80.0,9955.0,15360.0,73.0,66.82,1786263004.9083462,collect_g1,collect_records
1,85.0,9955.0,15360.0,73.0,68.58,1786263009.954493,collect_g1,collect_records
1,85.0,9955.0,15360.0,73.0,68.58,1786263014.9994512,collect_g1,collect_records
1,87.0,9955.0,15360.0,73.0,72.02,1786263020.0502143,collect_g1,collect_records
1,82.0,9955.0,15360.0,73.0,68.84,1786263025.100591,collect_g1,collect_records
1,85.0,9955.0,15360.0,74.0,67.14,1786263030.145631,collect_g1,collect_records
1,75.0,9955.0,15360.0,74.0,65.3,1786263035.193776,collect_g1,collect_records
1,78.0,9955.0,15360.0,74.0,67.18,1786263040.2438116,collect_g1,collect_records
1,83.0,9955.0,15360.0,74.0,68.24,1786263045.2916307,collect_g1,collect_records
1,73.0,9955.0,15360.0,74.0,67.8,1786263050.3370824,collect_g1,collect_records
1,79.0,9955.0,15360.0,74.0,61.52,1786263055.3796718,collect_g1,collect_records
1,85.0,9955.0,15360.0,74.0,62.44,1786263060.4311326,collect_g1,collect_records
1,78.0,9955.0,15360.0,74.0,64.06,1786263065.4811637,collect_g1,collect_records
1,73.0,9955.0,15360.0,74.0,62.28,1786263070.5318058,collect_g1,collect_records
1,80.0,9955.0,15360.0,74.0,64.06,1786263075.5774097,collect_g1,collect_records
1,76.0,9955.0,15360.0,74.0,68.78,1786263080.631566,collect_g1,collect_records
1,56.0,9955.0,15360.0,74.0,68.74,1786263085.680215,collect_g1,collect_records
1,70.0,9955.0,15360.0,74.0,61.52,1786263090.7291734,collect_g1,collect_records
1,76.0,9955.0,15360.0,74.0,60.87,1786263095.7803857,collect_g1,collect_records
1,68.0,9955.0,15360.0,74.0,59.53,1786263100.827952,collect_g1,collect_records
1,83.0,9955.0,15360.0,74.0,65.36,1786263105.8742948,collect_g1,collect_records
1,59.0,9955.0,15360.0,74.0,63.67,1786263110.9217722,collect_g1,collect_records
1,73.0,9955.0,15360.0,74.0,61.55,1786263115.9676583,collect_g1,collect_records
1,74.0,9955.0,15360.0,74.0,57.64,1786263121.0166724,collect_g1,collect_records
1,74.0,9955.0,15360.0,74.0,68.82,1786263126.0639317,collect_g1,collect_records
1,88.0,9955.0,15360.0,74.0,64.16,1786263131.1121845,collect_g1,collect_records
1,77.0,9955.0,15360.0,74.0,66.11,1786263136.1605756,collect_g1,collect_records
1,74.0,9955.0,15360.0,74.0,62.04,1786263141.206287,collect_g1,collect_records
1,79.0,9955.0,15360.0,75.0,59.96,1786263146.2596924,collect_g1,collect_records
1,75.0,9955.0,15360.0,75.0,64.69,1786263151.308285,collect_g1,collect_records
1,85.0,9955.0,15360.0,75.0,60.63,1786263156.3533304,collect_g1,collect_records
1,78.0,9955.0,15360.0,74.0,66.32,1786263161.4005263,collect_g1,collect_records
1,49.0,9959.0,15360.0,74.0,65.3,1786263166.452215,collect_g1,collect_records
1,60.0,9965.0,15360.0,74.0,68.68,1786263171.4956722,collect_g1,collect_records
1,69.0,9965.0,15360.0,74.0,62.75,1786263176.5438714,collect_g1,collect_records
1,89.0,9965.0,15360.0,74.0,68.19,1786263181.5892446,collect_g1,collect_records
1,52.0,9971.0,15360.0,74.0,62.75,1786263186.6347938,collect_g1,collect_records
1,72.0,9973.0,15360.0,74.0,65.97,1786263191.6854591,collect_g1,collect_records
1,71.0,9973.0,15360.0,74.0,72.64,1786263196.7312343,collect_g1,collect_records
1,74.0,9973.0,15360.0,74.0,67.9,1786263201.7837615,collect_g1,collect_records
1,68.0,9973.0,15360.0,74.0,67.84,1786263206.8336813,collect_g1,collect_records
1,82.0,9973.0,15360.0,74.0,57.86,1786263211.879261,collect_g1,collect_records
1,68.0,9973.0,15360.0,74.0,66.06,1786263216.927328,collect_g1,collect_records
1,90.0,9973.0,15360.0,74.0,66.71,1786263221.9757388,collect_g1,collect_records
1,72.0,9973.0,15360.0,74.0,60.97,1786263227.0239074,collect_g1,collect_records
1,76.0,9973.0,15360.0,74.0,66.77,1786263232.068713,collect_g1,collect_records
1,75.0,9973.0,15360.0,74.0,65.44,1786263237.1123667,collect_g1,collect_records
1,81.0,9973.0,15360.0,74.0,65.16,1786263242.159176,collect_g1,collect_records
1,76.0,9973.0,15360.0,74.0,61.06,1786263247.208576,collect_g1,collect_records
1,84.0,9973.0,15360.0,74.0,55.87,1786263252.2599337,collect_g1,collect_records
1,88.0,9973.0,15360.0,74.0,64.2,1786263257.309376,collect_g1,collect_records
1,91.0,9973.0,15360.0,74.0,60.67,1786263262.3567746,collect_g1,collect_records
1,87.0,9973.0,15360.0,74.0,66.67,1786263267.4060478,collect_g1,collect_records
1,47.0,9981.0,15360.0,74.0,65.03,1786263272.4506948,collect_g1,collect_records
1,82.0,9983.0,15360.0,74.0,64.08,1786263277.49476,collect_g1,collect_records
1,72.0,9983.0,15360.0,74.0,58.03,1786263282.546353,collect_g1,collect_records
1,68.0,9983.0,15360.0,74.0,69.56,1786263287.5953243,collect_g1,collect_records
1,75.0,9983.0,15360.0,74.0,67.02,1786263292.6441088,collect_g1,collect_records
1,90.0,9983.0,15360.0,74.0,63.71,1786263297.6990588,collect_g1,collect_records
1,88.0,9983.0,15360.0,74.0,67.8,1786263302.7451842,collect_g1,collect_records
1,69.0,9983.0,15360.0,74.0,67.35,1786263307.7935858,collect_g1,collect_records
1,70.0,9983.0,15360.0,74.0,67.12,1786263312.8495753,collect_g1,collect_records
1,77.0,9983.0,15360.0,74.0,68.11,1786263317.8981833,collect_g1,collect_records
1,86.0,9983.0,15360.0,74.0,68.08,1786263322.948819,collect_g1,collect_records
1,45.0,9983.0,15360.0,74.0,65.28,1786263327.9948936,collect_g1,collect_records
1,69.0,9983.0,15360.0,74.0,67.09,1786263333.0372975,collect_g1,collect_records
1,78.0,9987.0,15360.0,74.0,69.51,1786263338.0820868,collect_g1,collect_records
1,67.0,9987.0,15360.0,74.0,68.04,1786263343.1316416,collect_g1,collect_records
1,80.0,9987.0,15360.0,74.0,56.66,1786263348.175943,collect_g1,collect_records
1,77.0,9987.0,15360.0,74.0,66.26,1786263353.221726,collect_g1,collect_records
1,76.0,9987.0,15360.0,74.0,66.42,1786263358.268969,collect_g1,collect_records
1,86.0,9987.0,15360.0,74.0,61.42,1786263363.3178966,collect_g1,collect_records
1,71.0,9987.0,15360.0,74.0,60.81,1786263368.361564,collect_g1,collect_records
1,75.0,9987.0,15360.0,74.0,62.89,1786263373.4049487,collect_g1,collect_records
1,80.0,9987.0,15360.0,75.0,64.06,1786263378.4476898,collect_g1,collect_records
1,86.0,9987.0,15360.0,74.0,60.81,1786263383.4976513,collect_g1,collect_records
1,89.0,9987.0,15360.0,74.0,64.4,1786263388.5471172,collect_g1,collect_records
1,70.0,9987.0,15360.0,74.0,69.3,1786263393.594246,collect_g1,collect_records
1,84.0,9987.0,15360.0,74.0,57.21,1786263398.6476293,collect_g1,collect_records
1,74.0,9987.0,15360.0,74.0,59.3,1786263403.696717,collect_g1,collect_records
1,89.0,9987.0,15360.0,74.0,65.38,1786263408.7443125,collect_g1,collect_records
1,81.0,9987.0,15360.0,74.0,66.28,1786263413.794024,collect_g1,collect_records
1,84.0,9987.0,15360.0,74.0,61.03,1786263418.8437624,collect_g1,collect_records
1,74.0,9987.0,15360.0,74.0,63.95,1786263423.8893492,collect_g1,collect_records
1,90.0,9987.0,15360.0,74.0,58.45,1786263428.9366398,collect_g1,collect_records
1,73.0,9987.0,15360.0,74.0,65.18,1786263433.980876,collect_g1,collect_records
1,59.0,9987.0,15360.0,74.0,65.12,1786263439.026748,collect_g1,collect_records
1,76.0,9987.0,15360.0,74.0,67.45,1786263444.0767157,collect_g1,collect_records
1,64.0,9991.0,15360.0,74.0,64.16,1786263449.1210923,collect_g1,collect_records
1,92.0,9997.0,15360.0,74.0,66.95,1786263454.166344,collect_g1,collect_records
1,79.0,9997.0,15360.0,74.0,63.24,1786263459.2116182,collect_g1,collect_records
1,73.0,9997.0,15360.0,74.0,68.68,1786263464.2582524,collect_g1,collect_records
1,70.0,9997.0,15360.0,74.0,62.59,1786263469.3074627,collect_g1,collect_records
1,81.0,9997.0,15360.0,74.0,62.51,1786263474.3507297,collect_g1,collect_records
1,71.0,9997.0,15360.0,74.0,67.2,1786263479.3995807,collect_g1,collect_records
1,77.0,9997.0,15360.0,74.0,65.49,1786263484.4492667,collect_g1,collect_records
1,56.0,9997.0,15360.0,74.0,67.83,1786263489.4950695,collect_g1,collect_records
1,81.0,9997.0,15360.0,74.0,68.88,1786263494.540559,collect_g1,collect_records
1,80.0,9997.0,15360.0,74.0,69.42,1786263499.5888083,collect_g1,collect_records
1,84.0,9997.0,15360.0,74.0,70.98,1786263504.6391163,collect_g1,collect_records
1,84.0,9997.0,15360.0,74.0,62.1,1786263509.6867971,collect_g1,collect_records
1,79.0,10001.0,15360.0,74.0,65.83,1786263514.731825,collect_g1,collect_records
1,71.0,10001.0,15360.0,74.0,66.56,1786263519.779553,collect_g1,collect_records
1,84.0,10001.0,15360.0,74.0,68.53,1786263524.8275528,collect_g1,collect_records
1,79.0,10001.0,15360.0,74.0,66.53,1786263529.8746839,collect_g1,collect_records
1,90.0,10001.0,15360.0,74.0,67.31,1786263534.9249754,collect_g1,collect_records
1,76.0,10001.0,15360.0,74.0,67.21,1786263539.9716477,collect_g1,collect_records
1,73.0,10001.0,15360.0,74.0,61.61,1786263545.0208058,collect_g1,collect_records
1,80.0,10001.0,15360.0,74.0,68.29,1786263550.0680597,collect_g1,collect_records
1,76.0,10001.0,15360.0,74.0,67.26,1786263555.1176593,collect_g1,collect_records
1,81.0,10001.0,15360.0,74.0,65.98,1786263560.170314,collect_g1,collect_records
1,83.0,10001.0,15360.0,74.0,69.12,1786263565.2157521,collect_g1,collect_records
1,80.0,10001.0,15360.0,74.0,65.3,1786263570.2584288,collect_g1,collect_records
1,74.0,10001.0,15360.0,74.0,68.18,1786263575.3082156,collect_g1,collect_records
1,76.0,10001.0,15360.0,74.0,69.45,1786263580.3588035,collect_g1,collect_records
1,78.0,10001.0,15360.0,74.0,68.29,1786263585.4040196,collect_g1,collect_records
1,87.0,10001.0,15360.0,74.0,63.32,1786263590.452729,collect_g1,collect_records
1,88.0,10001.0,15360.0,74.0,67.9,1786263595.4980407,collect_g1,collect_records
1,85.0,10001.0,15360.0,74.0,67.45,1786263600.5437825,collect_g1,collect_records
1,67.0,10001.0,15360.0,74.0,66.67,1786263605.5886407,collect_g1,collect_records
1,71.0,10001.0,15360.0,74.0,73.03,1786263610.6331856,collect_g1,collect_records
1,82.0,10001.0,15360.0,74.0,66.63,1786263615.6817956,collect_g1,collect_records
1,80.0,10001.0,15360.0,74.0,67.98,1786263620.7267885,collect_g1,collect_records
1,71.0,10001.0,15360.0,74.0,68.98,1786263625.7740092,collect_g1,collect_records
1,77.0,10001.0,15360.0,74.0,67.06,1786263630.8238282,collect_g1,collect_records
1,84.0,10001.0,15360.0,74.0,68.82,1786263635.8742433,collect_g1,collect_records
1,78.0,10001.0,15360.0,74.0,67.41,1786263640.923675,collect_g1,collect_records
1,66.0,10001.0,15360.0,74.0,70.54,1786263645.974061,collect_g1,collect_records
1,62.0,10001.0,15360.0,74.0,66.63,1786263651.0228727,collect_g1,collect_records
1,83.0,10001.0,15360.0,74.0,67.94,1786263656.066079,collect_g1,collect_records
1,45.0,10001.0,15360.0,74.0,67.34,1786263661.1118464,collect_g1,collect_records
1,85.0,10001.0,15360.0,74.0,72.01,1786263666.1613936,collect_g1,collect_records
1,68.0,10001.0,15360.0,75.0,73.62,1786263671.2059572,collect_g1,collect_records
1,75.0,10001.0,15360.0,74.0,71.23,1786263676.2520716,collect_g1,collect_records
1,58.0,10001.0,15360.0,75.0,67.8,1786263681.2984476,collect_g1,collect_records
1,60.0,10001.0,15360.0,75.0,68.63,1786263686.3428304,collect_g1,collect_records
1,65.0,10001.0,15360.0,74.0,63.81,1786263691.389887,collect_g1,collect_records
1,79.0,10001.0,15360.0,74.0,64.42,1786263696.4455843,collect_g1,collect_records
1,64.0,10001.0,15360.0,74.0,67.0,1786263701.4942198,collect_g1,collect_records
1,69.0,10001.0,15360.0,74.0,59.73,1786263706.5426931,collect_g1,collect_records
1,81.0,10001.0,15360.0,74.0,68.68,1786263711.5889657,collect_g1,collect_records
1,83.0,10001.0,15360.0,74.0,69.86,1786263716.6326425,collect_g1,collect_records
1,61.0,10001.0,15360.0,74.0,67.31,1786263721.6773758,collect_g1,collect_records
1,66.0,10001.0,15360.0,74.0,67.0,1786263726.7260327,collect_g1,collect_records
1,66.0,10001.0,15360.0,75.0,68.31,1786263731.7723322,collect_g1,collect_records
1,56.0,10001.0,15360.0,74.0,70.5,1786263736.8172204,collect_g1,collect_records
1,88.0,10001.0,15360.0,74.0,65.59,1786263741.8708947,collect_g1,collect_records
1,73.0,10001.0,15360.0,74.0,73.82,1786263746.9164426,collect_g1,collect_records
1,76.0,10001.0,15360.0,74.0,71.48,1786263751.963669,collect_g1,collect_records
1,85.0,10001.0,15360.0,74.0,59.57,1786263757.0127845,collect_g1,collect_records
1,79.0,10001.0,15360.0,75.0,66.43,1786263762.055988,collect_g1,collect_records
1,86.0,10001.0,15360.0,74.0,62.81,1786263767.100086,collect_g1,collect_records
1,86.0,10001.0,15360.0,74.0,63.97,1786263772.1510284,collect_g1,collect_records
1,77.0,10005.0,15360.0,75.0,67.06,1786263777.2009048,collect_g1,collect_records
1,78.0,10005.0,15360.0,74.0,64.1,1786263782.2483735,collect_g1,collect_records
1,89.0,10005.0,15360.0,74.0,64.59,1786263787.291196,collect_g1,collect_records
1,77.0,10005.0,15360.0,74.0,62.69,1786263792.3361819,collect_g1,collect_records
1,79.0,10005.0,15360.0,74.0,70.59,1786263797.3828547,collect_g1,collect_records
1,73.0,10005.0,15360.0,74.0,71.68,1786263802.4268134,collect_g1,collect_records
1,79.0,10005.0,15360.0,74.0,66.22,1786263807.4724822,collect_g1,collect_records
1,74.0,10005.0,15360.0,74.0,69.07,1786263812.522441,collect_g1,collect_records
1,81.0,10005.0,15360.0,74.0,69.47,1786263817.5708156,collect_g1,collect_records
1,87.0,10005.0,15360.0,74.0,68.14,1786263822.6197004,collect_g1,collect_records
1,76.0,10005.0,15360.0,74.0,66.57,1786263827.6647744,collect_g1,collect_records
1,73.0,10005.0,15360.0,74.0,67.3,1786263832.7105377,collect_g1,collect_records
1,83.0,10005.0,15360.0,75.0,67.21,1786263837.758553,collect_g1,collect_records
1,80.0,10005.0,15360.0,74.0,68.77,1786263842.8061001,collect_g1,collect_records
1,81.0,10005.0,15360.0,74.0,68.92,1786263847.8540547,collect_g1,collect_records
1,90.0,10005.0,15360.0,74.0,67.45,1786263852.9036672,collect_g1,collect_records
1,78.0,10005.0,15360.0,74.0,66.91,1786263857.9544637,collect_g1,collect_records
1,77.0,10005.0,15360.0,74.0,69.21,1786263863.0000625,collect_g1,collect_records
1,81.0,10005.0,15360.0,74.0,66.82,1786263868.047747,collect_g1,collect_records
1,91.0,10005.0,15360.0,74.0,66.32,1786263873.0963845,collect_g1,collect_records
1,79.0,10005.0,15360.0,74.0,60.97,1786263878.1500173,collect_g1,collect_records
1,93.0,10005.0,15360.0,74.0,68.77,1786263883.197703,collect_g1,collect_records
1,79.0,10005.0,15360.0,74.0,64.79,1786263888.2444634,collect_g1,collect_records
1,79.0,10005.0,15360.0,74.0,71.53,1786263893.2895083,collect_g1,collect_records
1,91.0,10005.0,15360.0,74.0,67.41,1786263898.3339543,collect_g1,collect_records
1,68.0,10005.0,15360.0,74.0,70.35,1786263903.380155,collect_g1,collect_records
1,89.0,10005.0,15360.0,74.0,64.95,1786263908.430226,collect_g1,collect_records
1,79.0,10005.0,15360.0,74.0,68.14,1786263913.4790552,collect_g1,collect_records
1,78.0,10005.0,15360.0,74.0,66.12,1786263918.522887,collect_g1,collect_records
1,87.0,10005.0,15360.0,74.0,68.14,1786263923.5659988,collect_g1,collect_records
1,92.0,10005.0,15360.0,74.0,67.16,1786263928.616885,collect_g1,collect_records
1,76.0,10005.0,15360.0,74.0,67.35,1786263933.6631486,collect_g1,collect_records
1,91.0,10005.0,15360.0,74.0,65.63,1786263938.7172093,collect_g1,collect_records
1,85.0,10005.0,15360.0,74.0,67.45,1786263943.7668488,collect_g1,collect_records
1,92.0,10005.0,15360.0,74.0,72.75,1786263948.8129454,collect_g1,collect_records
1,59.0,10005.0,15360.0,74.0,65.12,1786263953.857912,collect_g1,collect_records
1,84.0,10005.0,15360.0,74.0,66.02,1786263958.905461,collect_g1,collect_records
1,81.0,10005.0,15360.0,74.0,69.02,1786263963.9506147,collect_g1,collect_records
1,69.0,10005.0,15360.0,74.0,66.71,1786263969.0029013,collect_g1,collect_records
1,82.0,10005.0,15360.0,74.0,70.15,1786263974.0529404,collect_g1,collect_records
1,79.0,10005.0,15360.0,74.0,67.8,1786263979.1063068,collect_g1,collect_records
1,90.0,10005.0,15360.0,74.0,68.93,1786263984.154914,collect_g1,collect_records
1,74.0,10005.0,15360.0,74.0,67.66,1786263989.19912,collect_g1,collect_records
1,84.0,10005.0,15360.0,74.0,66.69,1786263994.2488875,collect_g1,collect_records
1,88.0,10005.0,15360.0,74.0,67.8,1786263999.296351,collect_g1,collect_records
1,86.0,10005.0,15360.0,74.0,69.31,1786264004.3424993,collect_g1,collect_records
1,90.0,10005.0,15360.0,74.0,68.43,1786264009.3955371,collect_g1,collect_records
1,78.0,10005.0,15360.0,74.0,68.28,1786264014.4575121,collect_g1,collect_records
1,86.0,10005.0,15360.0,74.0,66.96,1786264019.5047731,collect_g1,collect_records
1,84.0,10005.0,15360.0,74.0,68.33,1786264024.563981,collect_g1,collect_records
1,87.0,10005.0,15360.0,74.0,65.69,1786264029.6146593,collect_g1,collect_records
1,89.0,10005.0,15360.0,74.0,66.77,1786264034.6658256,collect_g1,collect_records
1,62.0,10005.0,15360.0,74.0,68.08,1786264039.7118566,collect_g1,collect_records
1,70.0,10005.0,15360.0,74.0,73.29,1786264044.7562897,collect_g1,collect_records
1,84.0,10005.0,15360.0,74.0,66.75,1786264049.8037605,collect_g1,collect_records
1,85.0,10005.0,15360.0,74.0,65.69,1786264054.859704,collect_g1,collect_records
1,91.0,10005.0,15360.0,74.0,67.65,1786264059.919772,collect_g1,collect_records
1,79.0,10005.0,15360.0,74.0,67.26,1786264064.9751873,collect_g1,collect_records
1,92.0,10005.0,15360.0,73.0,57.18,1786264070.0358732,collect_g1,collect_records
1,93.0,10005.0,15360.0,74.0,58.85,1786264075.0877361,collect_g1,collect_records
1,86.0,10005.0,15360.0,74.0,60.83,1786264080.1432786,collect_g1,collect_records
1,79.0,10005.0,15360.0,73.0,59.14,1786264085.1981292,collect_g1,collect_records
1,76.0,10005.0,15360.0,74.0,63.18,1786264090.2473738,collect_g1,collect_records
1,90.0,10005.0,15360.0,74.0,66.81,1786264095.2949872,collect_g1,collect_records
1,85.0,10005.0,15360.0,74.0,62.12,1786264100.3452282,collect_g1,collect_records
1,89.0,10005.0,15360.0,74.0,67.89,1786264105.4083006,collect_g1,collect_records
1,89.0,10005.0,15360.0,74.0,67.4,1786264110.460636,collect_g1,collect_records
1,91.0,10005.0,15360.0,74.0,66.92,1786264115.517834,collect_g1,collect_records
1,77.0,10005.0,15360.0,74.0,66.56,1786264120.5715113,collect_g1,collect_records
1,86.0,10005.0,15360.0,74.0,67.02,1786264125.6232858,collect_g1,collect_records
1,86.0,10005.0,15360.0,74.0,66.38,1786264130.6717846,collect_g1,collect_records
1,92.0,10137.0,15360.0,74.0,67.0,1786264135.7168877,collect_g1,collect_records
1,88.0,10203.0,15360.0,74.0,66.32,1786264140.762339,collect_g1,collect_records
1,92.0,10203.0,15360.0,74.0,65.79,1786264145.8175113,collect_g1,collect_records
1,92.0,10203.0,15360.0,74.0,66.61,1786264150.8629227,collect_g1,collect_records
1,82.0,10203.0,15360.0,74.0,66.86,1786264155.9140644,collect_g1,collect_records
1,89.0,10203.0,15360.0,74.0,66.47,1786264160.9585786,collect_g1,collect_records
1,84.0,10203.0,15360.0,74.0,69.21,1786264166.0047956,collect_g1,collect_records
1,79.0,10203.0,15360.0,74.0,68.58,1786264171.0516324,collect_g1,collect_records
1,86.0,10203.0,15360.0,74.0,68.49,1786264176.099502,collect_g1,collect_records
1,87.0,10203.0,15360.0,74.0,66.18,1786264181.143781,collect_g1,collect_records
1,92.0,10203.0,15360.0,74.0,65.73,1786264186.2007859,collect_g1,collect_records
1,90.0,10203.0,15360.0,74.0,66.63,1786264191.2514904,collect_g1,collect_records
1,83.0,10203.0,15360.0,74.0,63.34,1786264196.3051457,collect_g1,collect_records
1,87.0,10203.0,15360.0,74.0,66.67,1786264201.366112,collect_g1,collect_records
1,80.0,10203.0,15360.0,74.0,69.72,1786264206.41889,collect_g1,collect_records
1,85.0,10203.0,15360.0,74.0,65.49,1786264211.4639866,collect_g1,collect_records
1,79.0,10203.0,15360.0,74.0,67.3,1786264216.5220232,collect_g1,collect_records
1,92.0,10269.0,15360.0,74.0,65.89,1786264221.5701115,collect_g1,collect_records
1,68.0,10269.0,15360.0,74.0,58.61,1786264226.6146946,collect_g1,collect_records
1,87.0,10269.0,15360.0,74.0,66.47,1786264231.662814,collect_g1,collect_records
1,63.0,10269.0,15360.0,74.0,71.03,1786264236.7105668,collect_g1,collect_records
1,65.0,10269.0,15360.0,74.0,64.51,1786264241.7613227,collect_g1,collect_records
1,82.0,10269.0,15360.0,74.0,62.89,1786264246.8117812,collect_g1,collect_records
1,82.0,10269.0,15360.0,74.0,69.51,1786264251.864309,collect_g1,collect_records
1,89.0,10269.0,15360.0,74.0,66.57,1786264256.9116325,collect_g1,collect_records
1,77.0,10269.0,15360.0,74.0,66.75,1786264261.9638243,collect_g1,collect_records
1,85.0,10269.0,15360.0,74.0,60.81,1786264267.0106313,collect_g1,collect_records
1,81.0,10269.0,15360.0,74.0,70.11,1786264272.05908,collect_g1,collect_records
1,72.0,10269.0,15360.0,74.0,68.68,1786264277.113428,collect_g1,collect_records
1,76.0,10269.0,15360.0,74.0,63.24,1786264282.1668236,collect_g1,collect_records
1,60.0,10269.0,15360.0,74.0,60.93,1786264287.2218041,collect_g1,collect_records
1,66.0,10269.0,15360.0,74.0,66.33,1786264292.2733219,collect_g1,collect_records
1,84.0,10269.0,15360.0,74.0,64.85,1786264297.3232894,collect_g1,collect_records
1,77.0,10269.0,15360.0,74.0,57.63,1786264302.3696377,collect_g1,collect_records
1,76.0,10269.0,15360.0,74.0,58.75,1786264307.4225867,collect_g1,collect_records
1,78.0,10269.0,15360.0,74.0,63.08,1786264312.469073,collect_g1,collect_records
1,71.0,10269.0,15360.0,74.0,63.32,1786264317.5160677,collect_g1,collect_records
1,73.0,10269.0,15360.0,74.0,65.63,1786264322.5621266,collect_g1,collect_records
1,82.0,10269.0,15360.0,74.0,63.95,1786264327.6059527,collect_g1,collect_records
1,77.0,10269.0,15360.0,74.0,65.38,1786264332.6530402,collect_g1,collect_records
1,78.0,10269.0,15360.0,74.0,64.32,1786264337.6979141,collect_g1,collect_records
1,86.0,10269.0,15360.0,74.0,63.42,1786264342.7440872,collect_g1,collect_records
1,62.0,10269.0,15360.0,74.0,60.65,1786264347.7874522,collect_g1,collect_records
1,86.0,10269.0,15360.0,74.0,65.44,1786264352.8389704,collect_g1,collect_records
1,82.0,10269.0,15360.0,74.0,68.0,1786264357.8813946,collect_g1,collect_records
1,53.0,10269.0,15360.0,74.0,73.33,1786264362.9260993,collect_g1,collect_records
1,89.0,10269.0,15360.0,74.0,67.84,1786264367.9742465,collect_g1,collect_records
1,81.0,10269.0,15360.0,74.0,67.69,1786264373.0221822,collect_g1,collect_records
1,82.0,10269.0,15360.0,74.0,66.71,1786264378.0759857,collect_g1,collect_records
1,72.0,10269.0,15360.0,74.0,72.02,1786264383.1243756,collect_g1,collect_records
1,85.0,10269.0,15360.0,74.0,68.33,1786264388.175758,collect_g1,collect_records
1,67.0,10269.0,15360.0,74.0,63.28,1786264393.2223904,collect_g1,collect_records
1,54.0,10269.0,15360.0,75.0,57.18,1786264398.269372,collect_g1,collect_records
1,75.0,10269.0,15360.0,74.0,66.77,1786264403.3149407,collect_g1,collect_records
1,73.0,10269.0,15360.0,74.0,73.0,1786264408.3693929,collect_g1,collect_records
1,83.0,10269.0,15360.0,74.0,63.46,1786264413.4210677,collect_g1,collect_records
1,89.0,10269.0,15360.0,74.0,66.26,1786264418.4700208,collect_g1,collect_records
1,90.0,10269.0,15360.0,74.0,62.89,1786264423.5313842,collect_g1,collect_records
1,59.0,10269.0,15360.0,74.0,52.49,1786264428.5782452,collect_g1,collect_records
1,76.0,10269.0,15360.0,74.0,63.59,1786264433.627356,collect_g1,collect_records
1,66.0,10269.0,15360.0,74.0,62.02,1786264438.6754706,collect_g1,collect_records
1,66.0,10275.0,15360.0,74.0,61.46,1786264443.7192461,collect_g1,collect_records
1,88.0,10275.0,15360.0,74.0,62.42,1786264448.7732792,collect_g1,collect_records
1,67.0,10275.0,15360.0,74.0,69.31,1786264453.8234267,collect_g1,collect_records
1,81.0,10275.0,15360.0,74.0,63.34,1786264458.8671486,collect_g1,collect_records
1,73.0,10275.0,15360.0,74.0,63.87,1786264463.9155474,collect_g1,collect_records
1,66.0,10275.0,15360.0,75.0,66.38,1786264468.9644756,collect_g1,collect_records
1,80.0,10275.0,15360.0,74.0,68.63,1786264474.0110917,collect_g1,collect_records
1,74.0,10275.0,15360.0,74.0,66.36,1786264479.061369,collect_g1,collect_records
1,87.0,10275.0,15360.0,74.0,63.63,1786264484.1112711,collect_g1,collect_records
1,81.0,10275.0,15360.0,74.0,65.12,1786264489.1655898,collect_g1,collect_records
1,86.0,10275.0,15360.0,74.0,58.94,1786264494.2161992,collect_g1,collect_records
1,81.0,10275.0,15360.0,74.0,66.38,1786264499.2618651,collect_g1,collect_records
1,74.0,10275.0,15360.0,74.0,62.67,1786264504.3085096,collect_g1,collect_records
1,82.0,10275.0,15360.0,74.0,59.37,1786264509.3568363,collect_g1,collect_records
1,87.0,10275.0,15360.0,74.0,67.35,1786264514.4012277,collect_g1,collect_records
1,75.0,10275.0,15360.0,74.0,63.18,1786264519.4481463,collect_g1,collect_records
1,71.0,10275.0,15360.0,74.0,60.16,1786264524.4982893,collect_g1,collect_records
1,80.0,10275.0,15360.0,74.0,69.31,1786264529.5476716,collect_g1,collect_records
1,86.0,10275.0,15360.0,74.0,61.34,1786264534.590681,collect_g1,collect_records
1,71.0,10275.0,15360.0,74.0,63.55,1786264539.6363826,collect_g1,collect_records
1,76.0,10275.0,15360.0,74.0,61.24,1786264544.685839,collect_g1,collect_records
1,81.0,10275.0,15360.0,74.0,64.26,1786264549.7315032,collect_g1,collect_records
1,74.0,10275.0,15360.0,74.0,62.38,1786264554.7826498,collect_g1,collect_records
1,89.0,10275.0,15360.0,74.0,64.65,1786264559.8361444,collect_g1,collect_records
1,77.0,10275.0,15360.0,74.0,63.28,1786264564.8849928,collect_g1,collect_records
1,91.0,10275.0,15360.0,74.0,64.51,1786264569.9332335,collect_g1,collect_records
1,76.0,10275.0,15360.0,74.0,68.77,1786264574.9793053,collect_g1,collect_records
1,70.0,10275.0,15360.0,74.0,60.77,1786264580.0259874,collect_g1,collect_records
1,84.0,10275.0,15360.0,74.0,62.34,1786264585.073058,collect_g1,collect_records
1,80.0,10275.0,15360.0,74.0,64.61,1786264590.1273282,collect_g1,collect_records
1,71.0,10275.0,15360.0,74.0,66.2,1786264595.1706657,collect_g1,collect_records
1,77.0,10275.0,15360.0,74.0,60.57,1786264600.2184703,collect_g1,collect_records
1,82.0,10275.0,15360.0,74.0,62.99,1786264605.263835,collect_g1,collect_records
1,81.0,10275.0,15360.0,74.0,46.26,1786264610.307854,collect_g1,collect_records
1,73.0,10275.0,15360.0,74.0,61.49,1786264615.3533828,collect_g1,collect_records
1,76.0,10275.0,15360.0,74.0,63.22,1786264620.401922,collect_g1,collect_records
1,81.0,10275.0,15360.0,74.0,67.59,1786264625.4474914,collect_g1,collect_records
1,83.0,10275.0,15360.0,74.0,67.89,1786264630.4953475,collect_g1,collect_records
1,73.0,10275.0,15360.0,74.0,67.55,1786264635.5399694,collect_g1,collect_records
1,70.0,10275.0,15360.0,74.0,67.79,1786264640.5856533,collect_g1,collect_records
1,85.0,10275.0,15360.0,74.0,64.81,1786264645.6304278,collect_g1,collect_records
1,74.0,10275.0,15360.0,74.0,61.08,1786264650.6798053,collect_g1,collect_records
1,90.0,10275.0,15360.0,74.0,66.51,1786264655.729397,collect_g1,collect_records
1,76.0,10275.0,15360.0,74.0,66.53,1786264660.778974,collect_g1,collect_records
1,80.0,10275.0,15360.0,74.0,71.57,1786264665.8320892,collect_g1,collect_records
1,81.0,10275.0,15360.0,74.0,65.93,1786264670.8809354,collect_g1,collect_records
1,89.0,10275.0,15360.0,74.0,67.79,1786264675.927433,collect_g1,collect_records
1,83.0,10275.0,15360.0,74.0,66.51,1786264680.9750555,collect_g1,collect_records
1,82.0,10275.0,15360.0,74.0,70.15,1786264686.01989,collect_g1,collect_records
1,82.0,10275.0,15360.0,74.0,67.8,1786264691.076051,collect_g1,collect_records
1,87.0,10275.0,15360.0,74.0,65.32,1786264696.123072,collect_g1,collect_records
1,66.0,10275.0,15360.0,74.0,66.06,1786264701.1690247,collect_g1,collect_records
1,73.0,10275.0,15360.0,74.0,70.29,1786264706.223372,collect_g1,collect_records
1,85.0,10275.0,15360.0,74.0,64.75,1786264711.2720606,collect_g1,collect_records
1,79.0,10275.0,15360.0,74.0,67.59,1786264716.315869,collect_g1,collect_records
1,78.0,10275.0,15360.0,74.0,67.3,1786264721.3621593,collect_g1,collect_records
1,77.0,10275.0,15360.0,74.0,69.52,1786264726.40507,collect_g1,collect_records
1,78.0,10275.0,15360.0,74.0,66.28,1786264731.4489713,collect_g1,collect_records
1,72.0,10275.0,15360.0,74.0,67.04,1786264736.5077589,collect_g1,collect_records
1,90.0,10275.0,15360.0,74.0,66.92,1786264741.5558736,collect_g1,collect_records
1,83.0,10275.0,15360.0,75.0,65.87,1786264746.606522,collect_g1,collect_records
1,71.0,10275.0,15360.0,75.0,67.0,1786264751.6608286,collect_g1,collect_records
1,77.0,10275.0,15360.0,74.0,66.81,1786264756.7065651,collect_g1,collect_records
1,74.0,10275.0,15360.0,75.0,66.63,1786264761.7579439,collect_g1,collect_records
1,65.0,10275.0,15360.0,75.0,65.04,1786264766.8108215,collect_g1,collect_records
1,86.0,10275.0,15360.0,75.0,68.0,1786264771.867167,collect_g1,collect_records
1,76.0,10275.0,15360.0,74.0,67.16,1786264776.9178758,collect_g1,collect_records
1,57.0,10275.0,15360.0,75.0,65.89,1786264781.963658,collect_g1,collect_records
1,82.0,10275.0,15360.0,74.0,67.61,1786264787.0145683,collect_g1,collect_records
1,79.0,10275.0,15360.0,74.0,67.65,1786264792.0629401,collect_g1,collect_records
1,90.0,10275.0,15360.0,74.0,65.73,1786264797.1109564,collect_g1,collect_records
1,82.0,10275.0,15360.0,75.0,69.37,1786264802.1542585,collect_g1,collect_records
1,86.0,10275.0,15360.0,74.0,68.1,1786264807.199828,collect_g1,collect_records
1,78.0,10275.0,15360.0,75.0,66.91,1786264812.245447,collect_g1,collect_records
1,92.0,10275.0,15360.0,74.0,66.67,1786264817.2907348,collect_g1,collect_records
1,91.0,10275.0,15360.0,74.0,65.08,1786264822.3374271,collect_g1,collect_records
1,79.0,10275.0,15360.0,74.0,67.49,1786264827.3831153,collect_g1,collect_records
1,92.0,10275.0,15360.0,74.0,67.02,1786264832.4295402,collect_g1,collect_records
1,75.0,10275.0,15360.0,75.0,68.39,1786264837.4733527,collect_g1,collect_records
1,81.0,10275.0,15360.0,74.0,68.08,1786264842.5167627,collect_g1,collect_records
1,79.0,10275.0,15360.0,74.0,68.63,1786264847.5617592,collect_g1,collect_records
1,81.0,10275.0,15360.0,74.0,68.28,1786264852.6070745,collect_g1,collect_records
1,67.0,10275.0,15360.0,74.0,68.1,1786264857.6533442,collect_g1,collect_records
1,91.0,10275.0,15360.0,74.0,67.35,1786264862.7047179,collect_g1,collect_records
1,82.0,10275.0,15360.0,74.0,65.89,1786264867.7484977,collect_g1,collect_records
1,56.0,10275.0,15360.0,75.0,70.43,1786264872.7901957,collect_g1,collect_records
1,87.0,10275.0,15360.0,75.0,68.29,1786264877.8330214,collect_g1,collect_records
1,80.0,10275.0,15360.0,75.0,68.98,1786264882.8766458,collect_g1,collect_records
1,90.0,10275.0,15360.0,75.0,68.0,1786264887.925755,collect_g1,collect_records
1,64.0,10275.0,15360.0,75.0,68.01,1786264892.9699497,collect_g1,collect_records
1,80.0,10275.0,15360.0,75.0,76.56,1786264898.0125575,collect_g1,collect_records
1,87.0,10275.0,15360.0,74.0,56.66,1786264903.059794,collect_g1,collect_records
1,86.0,10275.0,15360.0,74.0,61.85,1786264908.1035318,collect_g1,collect_records
1,80.0,10275.0,15360.0,74.0,62.5,1786264913.1477332,collect_g1,collect_records
1,90.0,10275.0,15360.0,74.0,63.18,1786264918.1940181,collect_g1,collect_records
1,91.0,10275.0,15360.0,74.0,68.29,1786264923.2426531,collect_g1,collect_records
1,92.0,10275.0,15360.0,74.0,61.16,1786264928.2887821,collect_g1,collect_records
1,90.0,10275.0,15360.0,74.0,63.97,1786264933.3315802,collect_g1,collect_records
1,87.0,10275.0,15360.0,74.0,62.18,1786264938.379553,collect_g1,collect_records
1,80.0,10275.0,15360.0,74.0,66.24,1786264943.4280071,collect_g1,collect_records
1,75.0,10275.0,15360.0,75.0,63.0,1786264948.469331,collect_g1,collect_records
1,82.0,10275.0,15360.0,74.0,66.63,1786264953.5167713,collect_g1,collect_records
1,75.0,10275.0,15360.0,75.0,74.95,1786264958.5674722,collect_g1,collect_records
1,83.0,10275.0,15360.0,74.0,66.91,1786264963.6102874,collect_g1,collect_records
1,84.0,10275.0,15360.0,74.0,63.83,1786264968.6555703,collect_g1,collect_records
1,77.0,10275.0,15360.0,74.0,61.85,1786264973.7086885,collect_g1,collect_records
1,85.0,10275.0,15360.0,74.0,67.21,1786264978.7585907,collect_g1,collect_records
1,74.0,10275.0,15360.0,75.0,70.79,1786264983.8106174,collect_g1,collect_records
1,69.0,10275.0,15360.0,74.0,68.84,1786264988.8595457,collect_g1,collect_records
1,79.0,10275.0,15360.0,75.0,68.14,1786264993.9063315,collect_g1,collect_records
1,80.0,10275.0,15360.0,75.0,68.93,1786264998.9585376,collect_g1,collect_records
1,85.0,10275.0,15360.0,74.0,68.14,1786265004.0082948,collect_g1,collect_records
1,82.0,10275.0,15360.0,74.0,69.51,1786265009.0590274,collect_g1,collect_records
1,79.0,10275.0,15360.0,74.0,66.86,1786265014.1109188,collect_g1,collect_records
1,91.0,10275.0,15360.0,74.0,62.08,1786265019.1580117,collect_g1,collect_records
1,85.0,10275.0,15360.0,74.0,61.42,1786265024.2011478,collect_g1,collect_records
1,92.0,10275.0,15360.0,74.0,63.42,1786265029.2540805,collect_g1,collect_records
1,87.0,10275.0,15360.0,74.0,61.16,1786265034.3070612,collect_g1,collect_records
1,83.0,10275.0,15360.0,74.0,64.57,1786265039.3546398,collect_g1,collect_records
1,88.0,10275.0,15360.0,74.0,61.69,1786265044.4060144,collect_g1,collect_records
1,91.0,10275.0,15360.0,74.0,62.3,1786265049.4558125,collect_g1,collect_records
1,85.0,10275.0,15360.0,74.0,64.55,1786265054.5019243,collect_g1,collect_records
1,90.0,10275.0,15360.0,74.0,67.1,1786265059.5483277,collect_g1,collect_records
1,90.0,10275.0,15360.0,74.0,60.97,1786265064.5989695,collect_g1,collect_records
1,76.0,10275.0,15360.0,74.0,63.38,1786265069.6428168,collect_g1,collect_records
1,87.0,10275.0,15360.0,74.0,58.45,1786265074.6911633,collect_g1,collect_records
1,85.0,10275.0,15360.0,74.0,69.96,1786265079.7384586,collect_g1,collect_records
1,80.0,10275.0,15360.0,74.0,69.41,1786265084.7836945,collect_g1,collect_records
1,89.0,10275.0,15360.0,74.0,61.55,1786265089.8297808,collect_g1,collect_records
1,90.0,10275.0,15360.0,74.0,54.49,1786265094.8776412,collect_g1,collect_records
1,86.0,10275.0,15360.0,74.0,67.06,1786265099.9230049,collect_g1,collect_records
1,89.0,10275.0,15360.0,74.0,65.93,1786265104.9697268,collect_g1,collect_records
1,91.0,10275.0,15360.0,74.0,66.92,1786265110.0215538,collect_g1,collect_records
1,88.0,10275.0,15360.0,74.0,64.65,1786265115.067714,collect_g1,collect_records
1,78.0,10275.0,15360.0,74.0,64.87,1786265120.116484,collect_g1,collect_records
1,91.0,10275.0,15360.0,74.0,67.45,1786265125.1631634,collect_g1,collect_records
1,83.0,10275.0,15360.0,74.0,60.55,1786265130.2097812,collect_g1,collect_records
1,92.0,10275.0,15360.0,74.0,65.93,1786265135.2588737,collect_g1,collect_records
1,91.0,10275.0,15360.0,74.0,65.3,1786265140.3047853,collect_g1,collect_records
1,92.0,10275.0,15360.0,74.0,70.99,1786265145.3587651,collect_g1,collect_records
1,81.0,10275.0,15360.0,74.0,67.69,1786265150.4096687,collect_g1,collect_records
1,92.0,10275.0,15360.0,74.0,68.1,1786265155.4570284,collect_g1,collect_records
1,89.0,10275.0,15360.0,74.0,63.51,1786265160.5038743,collect_g1,collect_records
1,76.0,10275.0,15360.0,73.0,62.93,1786265165.5536563,collect_g1,collect_records
1,90.0,10275.0,15360.0,74.0,61.46,1786265170.6061246,collect_g1,collect_records
1,89.0,10275.0,15360.0,73.0,62.73,1786265175.6546867,collect_g1,collect_records
1,87.0,10275.0,15360.0,73.0,61.32,1786265180.6998498,collect_g1,collect_records
1,66.0,10275.0,15360.0,73.0,63.61,1786265185.7465658,collect_g1,collect_records
1,84.0,10275.0,15360.0,74.0,65.45,1786265190.7945669,collect_g1,collect_records
1,57.0,10275.0,15360.0,74.0,69.99,1786265195.8450003,collect_g1,collect_records
1,87.0,10275.0,15360.0,74.0,67.16,1786265200.8937407,collect_g1,collect_records
1,91.0,10275.0,15360.0,74.0,59.53,1786265205.941857,collect_g1,collect_records
1,76.0,10275.0,15360.0,74.0,66.47,1786265210.9880133,collect_g1,collect_records
1,79.0,10275.0,15360.0,74.0,65.85,1786265216.0355434,collect_g1,collect_records
1,90.0,10275.0,15360.0,74.0,65.1,1786265221.082977,collect_g1,collect_records
1,80.0,10275.0,15360.0,74.0,67.35,1786265226.1369283,collect_g1,collect_records
1,80.0,10275.0,15360.0,74.0,67.65,1786265231.189788,collect_g1,collect_records
1,77.0,10275.0,15360.0,74.0,67.16,1786265236.2452776,collect_g1,collect_records
1,78.0,10275.0,15360.0,74.0,67.06,1786265241.2917454,collect_g1,collect_records
1,77.0,10275.0,15360.0,74.0,67.45,1786265246.3359766,collect_g1,collect_records
1,83.0,10275.0,15360.0,74.0,65.24,1786265251.387391,collect_g1,collect_records
1,76.0,10275.0,15360.0,75.0,66.81,1786265256.4365346,collect_g1,collect_records
1,85.0,10275.0,15360.0,74.0,68.1,1786265261.4863217,collect_g1,collect_records
1,78.0,10275.0,15360.0,74.0,62.38,1786265266.5401042,collect_g1,collect_records
1,68.0,10275.0,15360.0,74.0,68.49,1786265271.5875833,collect_g1,collect_records
1,69.0,10275.0,15360.0,74.0,71.53,1786265276.6327424,collect_g1,collect_records
1,85.0,10275.0,15360.0,74.0,67.3,1786265281.6946192,collect_g1,collect_records
1,66.0,10275.0,15360.0,74.0,71.13,1786265286.7414868,collect_g1,collect_records
1,87.0,10275.0,15360.0,74.0,64.36,1786265291.7892973,collect_g1,collect_records
1,85.0,10275.0,15360.0,74.0,67.27,1786265296.8340235,collect_g1,collect_records
1,70.0,10275.0,15360.0,74.0,66.02,1786265301.8807535,collect_g1,collect_records
1,83.0,10275.0,15360.0,74.0,68.43,1786265306.9276528,collect_g1,collect_records
1,87.0,10275.0,15360.0,74.0,67.8,1786265311.976732,collect_g1,collect_records
1,84.0,10275.0,15360.0,74.0,69.03,1786265317.0239954,collect_g1,collect_records
1,83.0,10275.0,15360.0,74.0,65.34,1786265322.0748994,collect_g1,collect_records
1,90.0,10275.0,15360.0,74.0,66.77,1786265327.124441,collect_g1,collect_records
1,89.0,10275.0,15360.0,74.0,66.77,1786265332.1753743,collect_g1,collect_records
1,77.0,10275.0,15360.0,74.0,70.35,1786265337.224495,collect_g1,collect_records
1,86.0,10275.0,15360.0,74.0,62.53,1786265342.274144,collect_g1,collect_records
1,90.0,10275.0,15360.0,73.0,67.26,1786265347.3259745,collect_g1,collect_records
1,75.0,10275.0,15360.0,74.0,65.94,1786265352.3758893,collect_g1,collect_records
1,80.0,10275.0,15360.0,74.0,68.82,1786265357.4270382,collect_g1,collect_records
1,91.0,10275.0,15360.0,74.0,67.98,1786265362.4728005,collect_g1,collect_records
1,87.0,10275.0,15360.0,74.0,68.92,1786265367.5222456,collect_g1,collect_records
1,81.0,10275.0,15360.0,74.0,64.16,1786265372.580224,collect_g1,collect_records
1,86.0,10275.0,15360.0,74.0,67.16,1786265377.6268022,collect_g1,collect_records
1,84.0,10275.0,15360.0,74.0,63.61,1786265382.6769152,collect_g1,collect_records
1,70.0,10275.0,15360.0,74.0,67.55,1786265387.723207,collect_g1,collect_records
1,67.0,10275.0,15360.0,74.0,67.0,1786265392.7679117,collect_g1,collect_records
1,89.0,10275.0,15360.0,74.0,66.86,1786265397.8285358,collect_g1,collect_records
1,80.0,10275.0,15360.0,74.0,66.96,1786265402.8858202,collect_g1,collect_records
1,80.0,10275.0,15360.0,74.0,67.94,1786265407.932288,collect_g1,collect_records
1,75.0,10275.0,15360.0,74.0,71.03,1786265412.9817507,collect_g1,collect_records
1,88.0,10275.0,15360.0,74.0,68.14,1786265418.0308979,collect_g1,collect_records
1,90.0,10275.0,15360.0,74.0,66.08,1786265423.0755608,collect_g1,collect_records
1,88.0,10275.0,15360.0,74.0,67.06,1786265428.1248531,collect_g1,collect_records
1,92.0,10275.0,15360.0,74.0,65.73,1786265433.1711216,collect_g1,collect_records
1,90.0,10275.0,15360.0,74.0,65.93,1786265438.2199156,collect_g1,collect_records
1,90.0,10275.0,15360.0,74.0,64.75,1786265443.266495,collect_g1,collect_records
1,77.0,10275.0,15360.0,74.0,66.65,1786265448.3157315,collect_g1,collect_records
1,86.0,10275.0,15360.0,74.0,64.16,1786265453.3622806,collect_g1,collect_records
1,87.0,10275.0,15360.0,74.0,68.04,1786265458.4141998,collect_g1,collect_records
1,73.0,10275.0,15360.0,74.0,67.7,1786265463.4637113,collect_g1,collect_records
1,81.0,10275.0,15360.0,74.0,65.83,1786265468.5151873,collect_g1,collect_records
1,86.0,10275.0,15360.0,74.0,67.37,1786265473.56705,collect_g1,collect_records
1,74.0,10275.0,15360.0,74.0,67.94,1786265478.6127753,collect_g1,collect_records
1,62.0,10275.0,15360.0,74.0,68.52,1786265483.6612315,collect_g1,collect_records
1,79.0,10275.0,15360.0,74.0,70.82,1786265488.707738,collect_g1,collect_records
1,72.0,10275.0,15360.0,74.0,67.16,1786265493.7555652,collect_g1,collect_records
1,77.0,10275.0,15360.0,74.0,68.25,1786265498.8055136,collect_g1,collect_records
1,47.0,10275.0,15360.0,74.0,64.55,1786265503.8529978,collect_g1,collect_records
1,81.0,10275.0,15360.0,74.0,59.92,1786265508.9045138,collect_g1,collect_records
1,66.0,10275.0,15360.0,74.0,70.19,1786265513.9488993,collect_g1,collect_records
1,83.0,10275.0,15360.0,74.0,63.22,1786265518.9949484,collect_g1,collect_records
1,72.0,10275.0,15360.0,74.0,68.43,1786265524.0436754,collect_g1,collect_records
1,75.0,10275.0,15360.0,74.0,66.02,1786265529.092484,collect_g1,collect_records
1,85.0,10275.0,15360.0,74.0,64.55,1786265534.1432729,collect_g1,collect_records
1,71.0,10275.0,15360.0,74.0,67.65,1786265539.1907413,collect_g1,collect_records
1,70.0,10275.0,15360.0,74.0,68.58,1786265544.2414467,collect_g1,collect_records
1,64.0,10275.0,15360.0,75.0,57.6,1786265549.289992,collect_g1,collect_records
1,48.0,10275.0,15360.0,75.0,69.56,1786265554.3366675,collect_g1,collect_records
1,72.0,10275.0,15360.0,75.0,69.21,1786265559.3819227,collect_g1,collect_records
1,80.0,10275.0,15360.0,74.0,66.71,1786265564.4261603,collect_g1,collect_records
1,77.0,10275.0,15360.0,75.0,66.47,1786265569.4770596,collect_g1,collect_records
1,80.0,10277.0,15360.0,75.0,65.75,1786265574.5218103,collect_g1,collect_records
1,88.0,10277.0,15360.0,74.0,66.71,1786265579.5655506,collect_g1,collect_records
1,78.0,10277.0,15360.0,74.0,67.35,1786265584.6118445,collect_g1,collect_records
1,89.0,10277.0,15360.0,74.0,67.16,1786265589.6568167,collect_g1,collect_records
1,78.0,10277.0,15360.0,74.0,67.2,1786265594.705348,collect_g1,collect_records
1,72.0,10277.0,15360.0,74.0,68.39,1786265599.7480478,collect_g1,collect_records
1,72.0,10277.0,15360.0,74.0,68.68,1786265604.793843,collect_g1,collect_records
1,86.0,10277.0,15360.0,74.0,73.04,1786265609.839668,collect_g1,collect_records
1,78.0,10277.0,15360.0,74.0,64.26,1786265614.8816667,collect_g1,collect_records
1,81.0,10277.0,15360.0,74.0,68.72,1786265619.9246962,collect_g1,collect_records
1,79.0,10277.0,15360.0,74.0,67.16,1786265624.9678285,collect_g1,collect_records
1,49.0,10277.0,15360.0,74.0,71.13,1786265630.0139441,collect_g1,collect_records
1,86.0,10277.0,15360.0,74.0,67.4,1786265635.0569344,collect_g1,collect_records
1,83.0,10277.0,15360.0,74.0,69.23,1786265640.1027691,collect_g1,collect_records
1,81.0,10277.0,15360.0,74.0,59.37,1786265645.148066,collect_g1,collect_records
1,71.0,10277.0,15360.0,74.0,63.93,1786265650.1941135,collect_g1,collect_records
1,72.0,10277.0,15360.0,74.0,65.1,1786265655.2434433,collect_g1,collect_records
1,79.0,10277.0,15360.0,74.0,66.86,1786265660.2889156,collect_g1,collect_records
1,82.0,10277.0,15360.0,74.0,66.71,1786265665.3314264,collect_g1,collect_records
1,88.0,10277.0,15360.0,75.0,67.16,1786265670.3751073,collect_g1,collect_records
1,86.0,10277.0,15360.0,75.0,68.1,1786265675.4214106,collect_g1,collect_records
1,72.0,10277.0,15360.0,75.0,67.65,1786265680.4648874,collect_g1,collect_records
1,85.0,10277.0,15360.0,75.0,67.4,1786265685.5078433,collect_g1,collect_records
1,80.0,10277.0,15360.0,75.0,63.91,1786265690.55314,collect_g1,collect_records
1,80.0,10277.0,15360.0,75.0,68.29,1786265695.5943859,collect_g1,collect_records
1,84.0,10277.0,15360.0,75.0,67.0,1786265700.6397731,collect_g1,collect_records
1,83.0,10277.0,15360.0,75.0,67.41,1786265705.683834,collect_g1,collect_records
1,76.0,10277.0,15360.0,75.0,68.04,1786265710.7344975,collect_g1,collect_records
1,76.0,10277.0,15360.0,75.0,66.86,1786265715.7777607,collect_g1,collect_records
1,55.0,10277.0,15360.0,75.0,70.21,1786265720.8207343,collect_g1,collect_records
1,76.0,10277.0,15360.0,75.0,67.55,1786265725.8647075,collect_g1,collect_records
1,88.0,10277.0,15360.0,74.0,69.07,1786265730.9109476,collect_g1,collect_records
1,73.0,10277.0,15360.0,74.0,68.61,1786265735.958537,collect_g1,collect_records
1,80.0,10277.0,15360.0,74.0,68.04,1786265741.0037324,collect_g1,collect_records
1,92.0,10277.0,15360.0,74.0,67.84,1786265746.0487487,collect_g1,collect_records
1,85.0,10277.0,15360.0,74.0,65.24,1786265751.0977604,collect_g1,collect_records
1,65.0,10277.0,15360.0,74.0,66.71,1786265756.1437747,collect_g1,collect_records
1,63.0,10277.0,15360.0,74.0,69.65,1786265761.1928418,collect_g1,collect_records
1,70.0,10277.0,15360.0,74.0,56.07,1786265766.2924812,collect_g1,collect_records
1,72.0,10277.0,15360.0,74.0,65.85,1786265771.3392477,collect_g1,collect_records
1,73.0,10277.0,15360.0,74.0,62.73,1786265776.3854594,collect_g1,collect_records
1,82.0,10277.0,15360.0,74.0,45.17,1786265781.4369006,collect_g1,collect_records
1,76.0,10277.0,15360.0,74.0,57.64,1786265786.502148,collect_g1,collect_records
1,70.0,10277.0,15360.0,74.0,65.57,1786265791.5526445,collect_g1,collect_records
1,46.0,10277.0,15360.0,74.0,62.22,1786265796.60302,collect_g1,collect_records
1,84.0,10277.0,15360.0,74.0,67.65,1786265801.6633158,collect_g1,collect_records
1,67.0,10277.0,15360.0,74.0,65.08,1786265806.7165594,collect_g1,collect_records
1,60.0,10277.0,15360.0,74.0,65.73,1786265811.7703907,collect_g1,collect_records
1,83.0,10277.0,15360.0,74.0,61.71,1786265816.8228347,collect_g1,collect_records
1,61.0,10277.0,15360.0,74.0,64.59,1786265821.8790295,collect_g1,collect_records
1,66.0,10277.0,15360.0,75.0,71.07,1786265826.9373581,collect_g1,collect_records
1,68.0,10277.0,15360.0,75.0,64.28,1786265831.9939725,collect_g1,collect_records
1,79.0,10277.0,15360.0,74.0,66.32,1786265837.046572,collect_g1,collect_records
1,86.0,10277.0,15360.0,74.0,60.28,1786265842.115715,collect_g1,collect_records
1,83.0,10277.0,15360.0,75.0,66.28,1786265847.1654983,collect_g1,collect_records
1,76.0,10277.0,15360.0,74.0,62.89,1786265852.2140856,collect_g1,collect_records
1,71.0,10277.0,15360.0,74.0,58.92,1786265857.2593238,collect_g1,collect_records
1,80.0,10277.0,15360.0,74.0,60.32,1786265862.3093033,collect_g1,collect_records
1,76.0,10277.0,15360.0,74.0,60.67,1786265867.358134,collect_g1,collect_records
1,79.0,10277.0,15360.0,74.0,59.99,1786265872.4020329,collect_g1,collect_records
1,86.0,10277.0,15360.0,74.0,61.12,1786265877.4488509,collect_g1,collect_records
1,81.0,10277.0,15360.0,74.0,58.1,1786265882.4948027,collect_g1,collect_records
1,87.0,10277.0,15360.0,75.0,64.26,1786265887.5454621,collect_g1,collect_records
1,80.0,10277.0,15360.0,74.0,60.67,1786265892.603515,collect_g1,collect_records
1,91.0,10277.0,15360.0,74.0,64.3,1786265897.66053,collect_g1,collect_records
1,80.0,10277.0,15360.0,74.0,58.16,1786265902.7176547,collect_g1,collect_records
1,65.0,10277.0,15360.0,74.0,60.94,1786265907.7661402,collect_g1,collect_records
1,77.0,10277.0,15360.0,74.0,57.25,1786265912.8113124,collect_g1,collect_records
1,81.0,10277.0,15360.0,74.0,59.49,1786265917.8621583,collect_g1,collect_records
1,86.0,10277.0,15360.0,74.0,65.44,1786265922.9093072,collect_g1,collect_records
1,77.0,10277.0,15360.0,75.0,61.12,1786265927.9589078,collect_g1,collect_records
1,75.0,10277.0,15360.0,74.0,60.61,1786265933.0109622,collect_g1,collect_records
1,68.0,10277.0,15360.0,74.0,56.46,1786265938.0620546,collect_g1,collect_records
1,63.0,10277.0,15360.0,74.0,62.01,1786265943.1137242,collect_g1,collect_records
1,78.0,10277.0,15360.0,74.0,65.4,1786265948.1607792,collect_g1,collect_records
1,91.0,10277.0,15360.0,74.0,64.1,1786265953.2100563,collect_g1,collect_records
1,87.0,10277.0,15360.0,74.0,64.26,1786265958.2555552,collect_g1,collect_records
1,85.0,10277.0,15360.0,74.0,65.14,1786265963.3090057,collect_g1,collect_records
1,83.0,10277.0,15360.0,74.0,64.85,1786265968.3605444,collect_g1,collect_records
1,72.0,10277.0,15360.0,74.0,66.96,1786265973.4068172,collect_g1,collect_records
1,82.0,10277.0,15360.0,74.0,62.99,1786265978.4530182,collect_g1,collect_records
1,74.0,10277.0,15360.0,74.0,64.04,1786265983.4999337,collect_g1,collect_records
1,84.0,10277.0,15360.0,74.0,57.53,1786265988.5517263,collect_g1,collect_records
1,87.0,10277.0,15360.0,74.0,58.26,1786265993.5992184,collect_g1,collect_records
1,91.0,10277.0,15360.0,74.0,62.97,1786265998.6482213,collect_g1,collect_records
1,77.0,10277.0,15360.0,74.0,62.26,1786266003.6929543,collect_g1,collect_records
1,90.0,10277.0,15360.0,74.0,65.65,1786266008.7440052,collect_g1,collect_records
1,83.0,10277.0,15360.0,74.0,62.28,1786266013.7950084,collect_g1,collect_records
1,64.0,10277.0,15360.0,74.0,64.65,1786266018.8412285,collect_g1,collect_records
1,89.0,10277.0,15360.0,74.0,60.71,1786266023.8894906,collect_g1,collect_records
1,79.0,10277.0,15360.0,74.0,44.88,1786266028.9377973,collect_g1,collect_records
1,82.0,10277.0,15360.0,74.0,58.35,1786266033.9884913,collect_g1,collect_records
1,89.0,10277.0,15360.0,74.0,54.89,1786266039.040811,collect_g1,collect_records
1,82.0,10277.0,15360.0,74.0,64.96,1786266044.0919986,collect_g1,collect_records
1,88.0,10277.0,15360.0,75.0,70.98,1786266049.1434596,collect_g1,collect_records
1,90.0,10277.0,15360.0,74.0,68.82,1786266054.1943347,collect_g1,collect_records
1,73.0,10277.0,15360.0,75.0,64.77,1786266059.2477984,collect_g1,collect_records
1,70.0,10277.0,15360.0,75.0,67.57,1786266064.2916873,collect_g1,collect_records
1,73.0,10277.0,15360.0,75.0,67.69,1786266069.337091,collect_g1,collect_records
1,64.0,10277.0,15360.0,75.0,61.57,1786266074.3810976,collect_g1,collect_records
1,86.0,10277.0,15360.0,75.0,63.91,1786266079.4273033,collect_g1,collect_records
1,87.0,10277.0,15360.0,75.0,61.69,1786266084.4714496,collect_g1,collect_records
1,73.0,10277.0,15360.0,75.0,61.92,1786266089.5144079,collect_g1,collect_records
1,85.0,10277.0,15360.0,75.0,63.85,1786266094.5625823,collect_g1,collect_records
1,85.0,10277.0,15360.0,75.0,63.3,1786266099.6134999,collect_g1,collect_records
1,73.0,10277.0,15360.0,75.0,65.48,1786266104.6558373,collect_g1,collect_records
1,73.0,10277.0,15360.0,75.0,66.22,1786266109.702366,collect_g1,collect_records
1,73.0,10277.0,15360.0,75.0,66.08,1786266114.7479646,collect_g1,collect_records
1,74.0,10277.0,15360.0,75.0,71.29,1786266119.7946484,collect_g1,collect_records
1,83.0,10277.0,15360.0,75.0,66.47,1786266124.83801,collect_g1,collect_records
1,79.0,10277.0,15360.0,75.0,66.91,1786266129.8843362,collect_g1,collect_records
1,84.0,10277.0,15360.0,75.0,61.52,1786266134.9285173,collect_g1,collect_records
1,83.0,10277.0,15360.0,75.0,64.22,1786266139.9759574,collect_g1,collect_records
1,82.0,10277.0,15360.0,75.0,66.91,1786266145.0230958,collect_g1,collect_records
1,89.0,10277.0,15360.0,75.0,67.45,1786266150.0687742,collect_g1,collect_records
1,90.0,10277.0,15360.0,74.0,67.63,1786266155.1155505,collect_g1,collect_records
1,74.0,10277.0,15360.0,74.0,65.75,1786266160.1574128,collect_g1,collect_records
1,89.0,10277.0,15360.0,74.0,68.88,1786266165.2052364,collect_g1,collect_records
1,66.0,10277.0,15360.0,74.0,65.53,1786266170.251449,collect_g1,collect_records
1,91.0,10277.0,15360.0,74.0,67.16,1786266175.2974272,collect_g1,collect_records
1,66.0,10277.0,15360.0,74.0,64.18,1786266180.3417983,collect_g1,collect_records
1,85.0,10277.0,15360.0,74.0,66.38,1786266185.3867471,collect_g1,collect_records
1,85.0,10277.0,15360.0,74.0,67.84,1786266190.433494,collect_g1,collect_records
1,90.0,10277.0,15360.0,74.0,66.47,1786266195.4811096,collect_g1,collect_records
1,92.0,10277.0,15360.0,74.0,65.77,1786266200.531171,collect_g1,collect_records
1,86.0,10277.0,15360.0,74.0,67.83,1786266205.579096,collect_g1,collect_records
1,74.0,10277.0,15360.0,75.0,66.81,1786266210.6310914,collect_g1,collect_records
1,88.0,10277.0,15360.0,75.0,64.95,1786266215.6788285,collect_g1,collect_records
1,89.0,10277.0,15360.0,75.0,66.3,1786266220.726756,collect_g1,collect_records
1,91.0,10277.0,15360.0,75.0,62.89,1786266225.776521,collect_g1,collect_records
1,86.0,10277.0,15360.0,75.0,64.81,1786266230.8210528,collect_g1,collect_records
1,91.0,10277.0,15360.0,74.0,73.67,1786266235.8635225,collect_g1,collect_records
1,76.0,10277.0,15360.0,74.0,64.75,1786266240.9089649,collect_g1,collect_records
1,81.0,10277.0,15360.0,74.0,61.79,1786266245.957824,collect_g1,collect_records
1,92.0,10277.0,15360.0,74.0,62.99,1786266251.0070488,collect_g1,collect_records
1,74.0,10277.0,15360.0,74.0,63.87,1786266256.0508385,collect_g1,collect_records
1,91.0,10277.0,15360.0,74.0,64.77,1786266261.0981207,collect_g1,collect_records
1,80.0,10277.0,15360.0,74.0,64.46,1786266266.1495159,collect_g1,collect_records
1,91.0,10277.0,15360.0,74.0,69.76,1786266271.1975417,collect_g1,collect_records
1,87.0,10277.0,15360.0,74.0,66.91,1786266276.2503352,collect_g1,collect_records
1,91.0,10277.0,15360.0,74.0,66.96,1786266281.2950265,collect_g1,collect_records
1,83.0,10277.0,15360.0,75.0,66.99,1786266286.3412657,collect_g1,collect_records
1,87.0,10277.0,15360.0,74.0,67.02,1786266291.387791,collect_g1,collect_records
1,87.0,10277.0,15360.0,75.0,68.24,1786266296.4353864,collect_g1,collect_records
1,85.0,10277.0,15360.0,75.0,66.77,1786266301.4786358,collect_g1,collect_records
1,72.0,10277.0,15360.0,75.0,65.69,1786266306.5379047,collect_g1,collect_records
1,73.0,10277.0,15360.0,75.0,70.24,1786266311.580465,collect_g1,collect_records
1,78.0,10277.0,15360.0,75.0,78.52,1786266316.6236646,collect_g1,collect_records
1,76.0,10277.0,15360.0,75.0,65.48,1786266321.6697109,collect_g1,collect_records
1,74.0,10277.0,15360.0,75.0,55.71,1786266326.7167697,collect_g1,collect_records
1,81.0,10277.0,15360.0,74.0,66.28,1786266331.7662592,collect_g1,collect_records
1,70.0,10277.0,15360.0,74.0,66.06,1786266336.818748,collect_g1,collect_records
1,91.0,10277.0,15360.0,74.0,70.21,1786266341.8657372,collect_g1,collect_records
1,89.0,10277.0,15360.0,74.0,66.57,1786266346.914522,collect_g1,collect_records
1,87.0,10277.0,15360.0,74.0,66.33,1786266351.9671187,collect_g1,collect_records
1,81.0,10277.0,15360.0,74.0,66.57,1786266357.0146356,collect_g1,collect_records
1,92.0,10277.0,15360.0,74.0,67.59,1786266362.0651329,collect_g1,collect_records
1,86.0,10277.0,15360.0,74.0,66.08,1786266367.1152709,collect_g1,collect_records
1,85.0,10277.0,15360.0,74.0,66.96,1786266372.1635864,collect_g1,collect_records
1,79.0,10277.0,15360.0,74.0,64.16,1786266377.212315,collect_g1,collect_records
1,88.0,10277.0,15360.0,74.0,67.16,1786266382.2761898,collect_g1,collect_records
1,88.0,10277.0,15360.0,74.0,63.48,1786266387.3222935,collect_g1,collect_records
1,82.0,10277.0,15360.0,74.0,59.24,1786266392.3736906,collect_g1,collect_records
1,91.0,10277.0,15360.0,74.0,64.1,1786266397.4210134,collect_g1,collect_records
1,84.0,10277.0,15360.0,74.0,63.08,1786266402.4767652,collect_g1,collect_records
1,91.0,10277.0,15360.0,74.0,66.91,1786266407.5257728,collect_g1,collect_records
1,91.0,10277.0,15360.0,74.0,68.0,1786266412.5737963,collect_g1,collect_records
1,91.0,10277.0,15360.0,74.0,65.28,1786266417.623988,collect_g1,collect_records
1,88.0,10277.0,15360.0,74.0,61.03,1786266422.6718526,collect_g1,collect_records
1,83.0,10277.0,15360.0,74.0,69.76,1786266427.720912,collect_g1,collect_records
1,76.0,10277.0,15360.0,74.0,66.92,1786266432.7638052,collect_g1,collect_records
1,92.0,10277.0,15360.0,73.0,67.9,1786266437.8159688,collect_g1,collect_records
1,88.0,10277.0,15360.0,73.0,67.9,1786266442.8615446,collect_g1,collect_records
1,84.0,10277.0,15360.0,73.0,66.42,1786266447.9128768,collect_g1,collect_records
1,91.0,10277.0,15360.0,73.0,66.38,1786266452.9735706,collect_g1,collect_records
1,83.0,10277.0,15360.0,73.0,57.84,1786266458.03011,collect_g1,collect_records
1,79.0,10277.0,15360.0,73.0,65.79,1786266463.0807009,collect_g1,collect_records
1,78.0,10277.0,15360.0,74.0,71.73,1786266468.1298182,collect_g1,collect_records
1,91.0,10277.0,15360.0,74.0,67.61,1786266473.174025,collect_g1,collect_records
1,91.0,10277.0,15360.0,74.0,65.93,1786266478.2275047,collect_g1,collect_records
1,78.0,10277.0,15360.0,74.0,67.69,1786266483.27851,collect_g1,collect_records
1,92.0,10277.0,15360.0,74.0,66.16,1786266488.3264978,collect_g1,collect_records
1,89.0,10277.0,15360.0,74.0,61.46,1786266493.3715506,collect_g1,collect_records
1,84.0,10277.0,15360.0,74.0,64.0,1786266498.4175024,collect_g1,collect_records
1,90.0,10277.0,15360.0,74.0,58.76,1786266503.4628685,collect_g1,collect_records
1,93.0,10277.0,15360.0,74.0,67.3,1786266508.5069268,collect_g1,collect_records
1,92.0,10277.0,15360.0,74.0,67.8,1786266513.55037,collect_g1,collect_records
1,91.0,10277.0,15360.0,74.0,69.56,1786266518.5972416,collect_g1,collect_records
1,88.0,10277.0,15360.0,74.0,64.36,1786266523.641256,collect_g1,collect_records
1,93.0,10277.0,15360.0,74.0,64.71,1786266528.693733,collect_g1,collect_records
1,91.0,10277.0,15360.0,74.0,61.1,1786266533.742811,collect_g1,collect_records
1,88.0,10277.0,15360.0,74.0,62.67,1786266538.7906876,collect_g1,collect_records
1,85.0,10277.0,15360.0,74.0,65.49,1786266543.8372295,collect_g1,collect_records
1,92.0,10277.0,15360.0,74.0,66.91,1786266548.88706,collect_g1,collect_records
1,92.0,10277.0,15360.0,74.0,63.12,1786266553.9339128,collect_g1,collect_records
1,93.0,10277.0,15360.0,74.0,65.69,1786266558.9815488,collect_g1,collect_records
1,92.0,10277.0,15360.0,74.0,67.16,1786266564.0315866,collect_g1,collect_records
1,89.0,10277.0,15360.0,74.0,64.18,1786266569.0774791,collect_g1,collect_records
1,92.0,10277.0,15360.0,74.0,62.44,1786266574.123698,collect_g1,collect_records
1,88.0,10277.0,15360.0,74.0,70.4,1786266579.1710284,collect_g1,collect_records
1,84.0,10277.0,15360.0,74.0,70.43,1786266584.216834,collect_g1,collect_records
1,93.0,10277.0,15360.0,73.0,66.26,1786266589.2660825,collect_g1,collect_records
1,74.0,10277.0,15360.0,74.0,70.89,1786266594.3161552,collect_g1,collect_records
1,88.0,10277.0,15360.0,73.0,66.02,1786266599.3632782,collect_g1,collect_records
1,88.0,10277.0,15360.0,73.0,56.66,1786266604.409718,collect_g1,collect_records
1,91.0,10277.0,15360.0,73.0,64.42,1786266609.4592295,collect_g1,collect_records
1,82.0,10277.0,15360.0,73.0,66.14,1786266614.505979,collect_g1,collect_records
1,85.0,10277.0,15360.0,73.0,72.01,1786266619.554968,collect_g1,collect_records
1,90.0,10277.0,15360.0,73.0,64.44,1786266624.6012173,collect_g1,collect_records
1,92.0,10277.0,15360.0,73.0,64.51,1786266629.6468918,collect_g1,collect_records
1,83.0,10277.0,15360.0,74.0,66.42,1786266634.6937256,collect_g1,collect_records
1,87.0,10277.0,15360.0,73.0,66.26,1786266639.7443578,collect_g1,collect_records
1,74.0,10277.0,15360.0,74.0,64.55,1786266644.792857,collect_g1,collect_records
1,85.0,10277.0,15360.0,74.0,68.24,1786266649.8433754,collect_g1,collect_records
1,91.0,10277.0,15360.0,74.0,70.59,1786266654.892951,collect_g1,collect_records
1,83.0,10277.0,15360.0,74.0,63.89,1786266659.9467504,collect_g1,collect_records
1,78.0,10277.0,15360.0,74.0,63.77,1786266664.9940975,collect_g1,collect_records
1,87.0,10277.0,15360.0,74.0,61.26,1786266670.0447438,collect_g1,collect_records
1,79.0,10277.0,15360.0,74.0,62.14,1786266675.0941222,collect_g1,collect_records
1,86.0,10277.0,15360.0,74.0,61.55,1786266680.1463838,collect_g1,collect_records
1,91.0,10277.0,15360.0,74.0,60.78,1786266685.1924436,collect_g1,collect_records
1,77.0,10277.0,15360.0,74.0,64.73,1786266690.2384617,collect_g1,collect_records
1,82.0,10277.0,15360.0,74.0,60.02,1786266695.2891395,collect_g1,collect_records
1,74.0,10277.0,15360.0,74.0,60.45,1786266700.334804,collect_g1,collect_records
1,68.0,10277.0,15360.0,74.0,53.78,1786266705.3883295,collect_g1,collect_records
1,60.0,10277.0,15360.0,74.0,62.57,1786266710.439426,collect_g1,collect_records
1,68.0,10277.0,15360.0,74.0,56.23,1786266715.4893155,collect_g1,collect_records
1,61.0,10277.0,15360.0,74.0,62.14,1786266720.5317063,collect_g1,collect_records
1,69.0,10277.0,15360.0,74.0,68.33,1786266725.579765,collect_g1,collect_records
1,60.0,10277.0,15360.0,74.0,59.65,1786266730.6238408,collect_g1,collect_records
1,55.0,10277.0,15360.0,74.0,63.93,1786266735.6675663,collect_g1,collect_records
1,81.0,10277.0,15360.0,74.0,54.79,1786266740.7133358,collect_g1,collect_records
1,75.0,10277.0,15360.0,74.0,66.42,1786266745.759897,collect_g1,collect_records
1,65.0,10277.0,15360.0,74.0,61.91,1786266750.8058443,collect_g1,collect_records
1,87.0,10277.0,15360.0,74.0,59.67,1786266755.851813,collect_g1,collect_records
1,85.0,10277.0,15360.0,74.0,58.32,1786266760.9021766,collect_g1,collect_records
1,62.0,10277.0,15360.0,74.0,61.63,1786266765.9462626,collect_g1,collect_records
1,76.0,10277.0,15360.0,74.0,54.33,1786266771.0005302,collect_g1,collect_records
1,61.0,10277.0,15360.0,74.0,54.99,1786266776.0480466,collect_g1,collect_records
1,78.0,10277.0,15360.0,74.0,63.61,1786266781.1010015,collect_g1,collect_records
1,75.0,10277.0,15360.0,74.0,59.51,1786266786.1450818,collect_g1,collect_records
1,69.0,10277.0,15360.0,74.0,62.77,1786266791.1948225,collect_g1,collect_records
1,74.0,10277.0,15360.0,74.0,53.74,1786266796.2488043,collect_g1,collect_records
1,79.0,10277.0,15360.0,74.0,62.28,1786266801.293853,collect_g1,collect_records
1,90.0,10277.0,15360.0,74.0,63.16,1786266806.3404226,collect_g1,collect_records
1,66.0,10277.0,15360.0,74.0,59.96,1786266811.3932827,collect_g1,collect_records
1,80.0,10277.0,15360.0,74.0,60.63,1786266816.4511962,collect_g1,collect_records
1,65.0,10277.0,15360.0,74.0,58.85,1786266821.49757,collect_g1,collect_records
1,46.0,10277.0,15360.0,74.0,55.12,1786266826.5506885,collect_g1,collect_records
1,76.0,10277.0,15360.0,74.0,59.63,1786266831.601906,collect_g1,collect_records
1,61.0,10277.0,15360.0,74.0,59.63,1786266836.6517203,collect_g1,collect_records
1,59.0,10277.0,15360.0,74.0,63.65,1786266841.6990845,collect_g1,collect_records
1,79.0,10277.0,15360.0,74.0,60.61,1786266846.753262,collect_g1,collect_records
1,70.0,10277.0,15360.0,74.0,59.99,1786266851.8068893,collect_g1,collect_records
1,68.0,10277.0,15360.0,74.0,59.62,1786266856.853363,collect_g1,collect_records
1,75.0,10277.0,15360.0,74.0,58.19,1786266861.9038954,collect_g1,collect_records
1,56.0,10277.0,15360.0,74.0,69.52,1786266866.9523373,collect_g1,collect_records
1,80.0,10277.0,15360.0,74.0,58.85,1786266871.9984958,collect_g1,collect_records
1,58.0,10277.0,15360.0,74.0,61.81,1786266877.0454218,collect_g1,collect_records
1,65.0,10277.0,15360.0,74.0,62.44,1786266882.0928955,collect_g1,collect_records
1,57.0,10277.0,15360.0,74.0,59.41,1786266887.1428137,collect_g1,collect_records
1,63.0,10277.0,15360.0,74.0,55.44,1786266892.192324,collect_g1,collect_records
1,59.0,10277.0,15360.0,74.0,54.85,1786266897.2391307,collect_g1,collect_records
1,53.0,10277.0,15360.0,74.0,62.99,1786266902.2893317,collect_g1,collect_records
1,56.0,10277.0,15360.0,74.0,65.1,1786266907.3392246,collect_g1,collect_records
1,81.0,10277.0,15360.0,74.0,60.32,1786266912.3845751,collect_g1,collect_records
1,78.0,10277.0,15360.0,74.0,64.0,1786266917.434421,collect_g1,collect_records
1,71.0,10277.0,15360.0,74.0,63.14,1786266922.4910123,collect_g1,collect_records
1,59.0,10277.0,15360.0,74.0,64.28,1786266927.544349,collect_g1,collect_records
1,62.0,10277.0,15360.0,74.0,62.46,1786266932.596037,collect_g1,collect_records
1,77.0,10277.0,15360.0,74.0,61.75,1786266937.6497622,collect_g1,collect_records
1,71.0,10277.0,15360.0,74.0,60.99,1786266942.6996472,collect_g1,collect_records
1,51.0,10277.0,15360.0,74.0,70.19,1786266947.743954,collect_g1,collect_records
1,74.0,10277.0,15360.0,74.0,67.9,1786266952.7901409,collect_g1,collect_records
1,65.0,10277.0,15360.0,74.0,62.71,1786266957.8332262,collect_g1,collect_records
1,51.0,10277.0,15360.0,74.0,61.73,1786266962.882357,collect_g1,collect_records
1,68.0,10277.0,15360.0,74.0,67.54,1786266967.9347754,collect_g1,collect_records
1,70.0,10277.0,15360.0,74.0,68.43,1786266972.9802063,collect_g1,collect_records
1,90.0,10277.0,15360.0,74.0,63.18,1786266978.0331883,collect_g1,collect_records
1,80.0,10277.0,15360.0,74.0,66.51,1786266983.0791433,collect_g1,collect_records
1,84.0,10277.0,15360.0,74.0,68.88,1786266988.1274405,collect_g1,collect_records
1,86.0,10277.0,15360.0,74.0,64.81,1786266993.180644,collect_g1,collect_records
1,76.0,10277.0,15360.0,74.0,74.71,1786266998.2276337,collect_g1,collect_records
1,88.0,10277.0,15360.0,74.0,67.61,1786267003.2786772,collect_g1,collect_records
1,77.0,10277.0,15360.0,74.0,64.06,1786267008.3305736,collect_g1,collect_records
1,87.0,10277.0,15360.0,74.0,67.55,1786267013.378721,collect_g1,collect_records
1,54.0,10277.0,15360.0,74.0,67.59,1786267018.4309154,collect_g1,collect_records
1,65.0,10277.0,15360.0,74.0,67.16,1786267023.4788089,collect_g1,collect_records
1,67.0,10277.0,15360.0,74.0,67.45,1786267028.5278044,collect_g1,collect_records
1,74.0,10277.0,15360.0,74.0,67.66,1786267033.576277,collect_g1,collect_records
1,85.0,10277.0,15360.0,74.0,68.33,1786267038.6288674,collect_g1,collect_records
1,82.0,10277.0,15360.0,74.0,67.45,1786267043.6785526,collect_g1,collect_records
1,77.0,10277.0,15360.0,74.0,65.94,1786267048.733548,collect_g1,collect_records
1,65.0,10277.0,15360.0,74.0,67.1,1786267053.7824786,collect_g1,collect_records
1,78.0,10277.0,15360.0,74.0,67.75,1786267058.8285625,collect_g1,collect_records
1,83.0,10277.0,15360.0,74.0,66.14,1786267063.8793173,collect_g1,collect_records
1,85.0,10277.0,15360.0,74.0,68.39,1786267068.926124,collect_g1,collect_records
1,91.0,10277.0,15360.0,74.0,63.83,1786267073.9772937,collect_g1,collect_records
1,80.0,10277.0,15360.0,74.0,51.61,1786267079.0281777,collect_g1,collect_records
1,82.0,10277.0,15360.0,74.0,68.49,1786267084.076629,collect_g1,collect_records
1,54.0,10277.0,15360.0,74.0,72.95,1786267089.1225605,collect_g1,collect_records
1,87.0,10277.0,15360.0,74.0,62.95,1786267094.1717238,collect_g1,collect_records
1,90.0,10277.0,15360.0,74.0,68.68,1786267099.2181044,collect_g1,collect_records
1,90.0,10277.0,15360.0,74.0,66.71,1786267104.262724,collect_g1,collect_records
1,81.0,10277.0,15360.0,74.0,66.63,1786267109.308246,collect_g1,collect_records
1,86.0,10277.0,15360.0,74.0,65.81,1786267114.3601778,collect_g1,collect_records
1,88.0,10277.0,15360.0,74.0,67.61,1786267119.4126515,collect_g1,collect_records
1,70.0,10277.0,15360.0,74.0,67.57,1786267124.4595292,collect_g1,collect_records
1,89.0,10277.0,15360.0,74.0,65.89,1786267129.507579,collect_g1,collect_records
1,72.0,10277.0,15360.0,74.0,66.59,1786267134.5706356,collect_g1,collect_records
1,76.0,10277.0,15360.0,74.0,66.91,1786267139.6245048,collect_g1,collect_records
1,89.0,10277.0,15360.0,74.0,66.65,1786267144.6833136,collect_g1,collect_records
1,72.0,10277.0,15360.0,74.0,65.36,1786267149.737132,collect_g1,collect_records
1,64.0,10277.0,15360.0,74.0,63.85,1786267154.795692,collect_g1,collect_records
1,92.0,10277.0,15360.0,74.0,63.53,1786267159.855089,collect_g1,collect_records
1,76.0,10277.0,15360.0,74.0,58.65,1786267164.9038012,collect_g1,collect_records
1,76.0,10277.0,15360.0,74.0,62.5,1786267169.9568908,collect_g1,collect_records
1,73.0,10277.0,15360.0,74.0,59.83,1786267175.0118608,collect_g1,collect_records
1,68.0,10277.0,15360.0,74.0,58.0,1786267180.0604944,collect_g1,collect_records
1,84.0,10277.0,15360.0,74.0,60.21,1786267185.1105428,collect_g1,collect_records
1,81.0,10277.0,15360.0,74.0,60.38,1786267190.16091,collect_g1,collect_records
1,71.0,10277.0,15360.0,74.0,61.3,1786267195.2088778,collect_g1,collect_records
1,78.0,10277.0,15360.0,74.0,61.06,1786267200.2623065,collect_g1,collect_records
1,74.0,10277.0,15360.0,74.0,61.65,1786267205.3125052,collect_g1,collect_records
1,84.0,10277.0,15360.0,74.0,62.02,1786267210.3628407,collect_g1,collect_records
1,89.0,10277.0,15360.0,74.0,72.31,1786267215.4104471,collect_g1,collect_records
1,88.0,10277.0,15360.0,74.0,61.89,1786267220.4574811,collect_g1,collect_records
1,88.0,10277.0,15360.0,74.0,58.61,1786267225.5054836,collect_g1,collect_records
1,81.0,10277.0,15360.0,75.0,64.1,1786267230.5568826,collect_g1,collect_records
1,64.0,10277.0,15360.0,75.0,65.48,1786267235.599134,collect_g1,collect_records
1,89.0,10277.0,15360.0,75.0,62.04,1786267240.6451561,collect_g1,collect_records
1,91.0,10277.0,15360.0,75.0,63.28,1786267245.6909287,collect_g1,collect_records
1,82.0,10277.0,15360.0,75.0,61.1,1786267250.7417786,collect_g1,collect_records
1,78.0,10277.0,15360.0,75.0,56.13,1786267255.7868633,collect_g1,collect_records
1,90.0,10277.0,15360.0,75.0,63.06,1786267260.8345907,collect_g1,collect_records
1,77.0,10277.0,15360.0,75.0,67.65,1786267265.8830464,collect_g1,collect_records
1,91.0,10277.0,15360.0,75.0,64.91,1786267270.931686,collect_g1,collect_records
1,83.0,10277.0,15360.0,75.0,68.86,1786267275.9798846,collect_g1,collect_records
1,82.0,10277.0,15360.0,74.0,61.42,1786267281.0288794,collect_g1,collect_records
1,86.0,10277.0,15360.0,74.0,67.45,1786267286.0775843,collect_g1,collect_records
1,70.0,10277.0,15360.0,74.0,62.01,1786267291.1262188,collect_g1,collect_records
1,81.0,10277.0,15360.0,75.0,64.18,1786267296.1718938,collect_g1,collect_records
1,72.0,10277.0,15360.0,74.0,63.34,1786267301.2200663,collect_g1,collect_records
1,82.0,10277.0,15360.0,74.0,61.27,1786267306.270478,collect_g1,collect_records
1,92.0,10277.0,15360.0,74.0,66.57,1786267311.3175356,collect_g1,collect_records
1,80.0,10277.0,15360.0,74.0,62.24,1786267316.3609035,collect_g1,collect_records
1,66.0,10277.0,15360.0,74.0,73.92,1786267321.4122312,collect_g1,collect_records
1,76.0,10277.0,15360.0,74.0,60.83,1786267326.4730392,collect_g1,collect_records
1,83.0,10277.0,15360.0,74.0,58.85,1786267331.5194013,collect_g1,collect_records
1,78.0,10277.0,15360.0,74.0,75.43,1786267336.5638525,collect_g1,collect_records
1,83.0,10277.0,15360.0,74.0,63.38,1786267341.612325,collect_g1,collect_records
1,83.0,10277.0,15360.0,74.0,62.46,1786267346.6604285,collect_g1,collect_records
1,83.0,10277.0,15360.0,74.0,63.48,1786267351.7110853,collect_g1,collect_records
1,69.0,10277.0,15360.0,74.0,66.33,1786267356.7569845,collect_g1,collect_records
1,82.0,10277.0,15360.0,74.0,63.5,1786267361.8070047,collect_g1,collect_records
1,79.0,10277.0,15360.0,74.0,67.0,1786267366.8559163,collect_g1,collect_records
1,92.0,10277.0,15360.0,74.0,64.08,1786267371.9010336,collect_g1,collect_records
1,86.0,10277.0,15360.0,74.0,59.67,1786267376.9493403,collect_g1,collect_records
1,80.0,10277.0,15360.0,74.0,62.69,1786267381.9969573,collect_g1,collect_records
1,79.0,10277.0,15360.0,74.0,61.65,1786267387.0434508,collect_g1,collect_records
1,93.0,10277.0,15360.0,74.0,65.08,1786267392.0962393,collect_g1,collect_records
1,92.0,10277.0,15360.0,74.0,66.24,1786267397.1485379,collect_g1,collect_records
1,74.0,10277.0,15360.0,74.0,68.66,1786267402.1923347,collect_g1,collect_records
1,81.0,10277.0,15360.0,74.0,64.71,1786267407.2489312,collect_g1,collect_records
1,87.0,10277.0,15360.0,74.0,62.59,1786267412.2962823,collect_g1,collect_records
1,66.0,10277.0,15360.0,74.0,61.71,1786267417.343796,collect_g1,collect_records
1,92.0,10277.0,15360.0,74.0,63.12,1786267422.392849,collect_g1,collect_records
1,91.0,10277.0,15360.0,74.0,62.59,1786267427.4382172,collect_g1,collect_records
1,76.0,10277.0,15360.0,74.0,65.93,1786267432.4853168,collect_g1,collect_records
1,89.0,10277.0,15360.0,74.0,67.55,1786267437.5362535,collect_g1,collect_records
1,86.0,10277.0,15360.0,74.0,60.75,1786267442.5807734,collect_g1,collect_records
1,77.0,10277.0,15360.0,74.0,68.19,1786267447.628083,collect_g1,collect_records
1,88.0,10277.0,15360.0,74.0,62.89,1786267452.6760151,collect_g1,collect_records
1,74.0,10277.0,15360.0,74.0,56.88,1786267457.7264087,collect_g1,collect_records
1,75.0,10277.0,15360.0,74.0,67.65,1786267462.7783206,collect_g1,collect_records
1,84.0,10277.0,15360.0,74.0,66.42,1786267467.827619,collect_g1,collect_records
1,84.0,10277.0,15360.0,74.0,61.04,1786267472.8740447,collect_g1,collect_records
1,75.0,10277.0,15360.0,74.0,69.76,1786267477.920031,collect_g1,collect_records
1,90.0,10277.0,15360.0,74.0,64.89,1786267482.9674344,collect_g1,collect_records
1,90.0,10277.0,15360.0,74.0,64.1,1786267488.0155473,collect_g1,collect_records
1,77.0,10277.0,15360.0,74.0,55.67,1786267493.060934,collect_g1,collect_records
1,91.0,10277.0,15360.0,74.0,65.24,1786267498.1063962,collect_g1,collect_records
1,92.0,10277.0,15360.0,74.0,67.98,1786267503.1617239,collect_g1,collect_records
1,88.0,10277.0,15360.0,74.0,68.1,1786267508.2181702,collect_g1,collect_records
1,80.0,10277.0,15360.0,74.0,63.73,1786267513.2645218,collect_g1,collect_records
1,90.0,10277.0,15360.0,74.0,67.41,1786267518.3100052,collect_g1,collect_records
1,92.0,10277.0,15360.0,74.0,68.33,1786267523.365764,collect_g1,collect_records
1,81.0,10277.0,15360.0,74.0,64.51,1786267528.414207,collect_g1,collect_records
1,91.0,10277.0,15360.0,74.0,67.61,1786267533.4614015,collect_g1,collect_records
1,85.0,10277.0,15360.0,74.0,67.89,1786267538.5069172,collect_g1,collect_records
1,85.0,10277.0,15360.0,74.0,66.63,1786267543.5584552,collect_g1,collect_records
1,92.0,10277.0,15360.0,74.0,67.06,1786267548.6046185,collect_g1,collect_records
1,90.0,10277.0,15360.0,74.0,68.04,1786267553.6506894,collect_g1,collect_records
1,81.0,10277.0,15360.0,74.0,65.28,1786267558.6962688,collect_g1,collect_records
1,91.0,10277.0,15360.0,74.0,68.24,1786267563.7432024,collect_g1,collect_records
1,88.0,10277.0,15360.0,75.0,68.19,1786267568.7903993,collect_g1,collect_records
1,92.0,10277.0,15360.0,75.0,68.64,1786267573.842517,collect_g1,collect_records
1,77.0,10277.0,15360.0,75.0,66.36,1786267578.8881662,collect_g1,collect_records
1,77.0,10277.0,15360.0,74.0,62.59,1786267583.9368405,collect_g1,collect_records
1,93.0,10277.0,15360.0,74.0,67.41,1786267588.9842794,collect_g1,collect_records
1,93.0,10277.0,15360.0,75.0,65.94,1786267594.0300033,collect_g1,collect_records
1,92.0,10277.0,15360.0,74.0,66.33,1786267599.082377,collect_g1,collect_records
1,81.0,10277.0,15360.0,75.0,65.22,1786267604.132149,collect_g1,collect_records
1,72.0,10277.0,15360.0,75.0,68.21,1786267609.1854017,collect_g1,collect_records
1,82.0,10277.0,15360.0,74.0,69.91,1786267614.234202,collect_g1,collect_records
1,81.0,10277.0,15360.0,74.0,67.21,1786267619.2862902,collect_g1,collect_records
1,79.0,10277.0,15360.0,74.0,66.38,1786267624.338983,collect_g1,collect_records
1,82.0,10277.0,15360.0,74.0,65.22,1786267629.3903127,collect_g1,collect_records
1,92.0,10277.0,15360.0,74.0,63.42,1786267634.4369125,collect_g1,collect_records
1,83.0,10277.0,15360.0,74.0,60.32,1786267639.4853537,collect_g1,collect_records
1,92.0,10277.0,15360.0,74.0,64.73,1786267644.5393233,collect_g1,collect_records
1,89.0,10277.0,15360.0,73.0,66.08,1786267649.5895538,collect_g1,collect_records
1,91.0,10277.0,15360.0,73.0,58.29,1786267654.6365175,collect_g1,collect_records
1,91.0,10277.0,15360.0,73.0,58.22,1786267659.6839447,collect_g1,collect_records
1,92.0,10277.0,15360.0,73.0,63.53,1786267664.738958,collect_g1,collect_records
1,88.0,10277.0,15360.0,73.0,59.07,1786267669.785551,collect_g1,collect_records
1,83.0,10277.0,15360.0,73.0,63.89,1786267674.8332949,collect_g1,collect_records
1,92.0,10277.0,15360.0,73.0,63.99,1786267679.8809526,collect_g1,collect_records
1,92.0,10277.0,15360.0,74.0,66.28,1786267684.9278326,collect_g1,collect_records
1,93.0,10277.0,15360.0,74.0,67.1,1786267689.978371,collect_g1,collect_records
1,81.0,10277.0,15360.0,74.0,62.08,1786267695.0258253,collect_g1,collect_records
1,92.0,10277.0,15360.0,74.0,63.77,1786267700.076344,collect_g1,collect_records
1,92.0,10277.0,15360.0,74.0,69.27,1786267705.1270354,collect_g1,collect_records
1,82.0,10277.0,15360.0,74.0,65.46,1786267710.173325,collect_g1,collect_records
1,92.0,10277.0,15360.0,74.0,63.48,1786267715.222082,collect_g1,collect_records
1,91.0,10277.0,15360.0,74.0,64.24,1786267720.264231,collect_g1,collect_records
1,86.0,10277.0,15360.0,74.0,66.49,1786267725.3110034,collect_g1,collect_records
1,91.0,10277.0,15360.0,74.0,65.18,1786267730.361937,collect_g1,collect_records
1,88.0,10277.0,15360.0,74.0,66.86,1786267735.4097629,collect_g1,collect_records
1,92.0,10277.0,15360.0,74.0,71.03,1786267740.46319,collect_g1,collect_records
1,76.0,10277.0,15360.0,74.0,66.33,1786267745.514464,collect_g1,collect_records
1,81.0,10277.0,15360.0,74.0,68.92,1786267750.5620959,collect_g1,collect_records
1,89.0,10277.0,15360.0,74.0,68.61,1786267755.6076863,collect_g1,collect_records
1,91.0,10277.0,15360.0,74.0,66.49,1786267760.652526,collect_g1,collect_records
1,88.0,10277.0,15360.0,74.0,64.61,1786267765.7048256,collect_g1,collect_records
1,91.0,10277.0,15360.0,74.0,66.73,1786267770.7494857,collect_g1,collect_records
1,83.0,10277.0,15360.0,74.0,66.81,1786267775.7998433,collect_g1,collect_records
1,88.0,10277.0,15360.0,74.0,69.27,1786267780.8498347,collect_g1,collect_records
1,86.0,10277.0,15360.0,74.0,61.98,1786267785.9047673,collect_g1,collect_records
1,82.0,10277.0,15360.0,74.0,57.86,1786267790.954592,collect_g1,collect_records
1,84.0,10277.0,15360.0,74.0,69.12,1786267796.0017004,collect_g1,collect_records
1,92.0,10277.0,15360.0,74.0,65.24,1786267801.047151,collect_g1,collect_records
1,92.0,10277.0,15360.0,74.0,66.57,1786267806.0938647,collect_g1,collect_records
1,92.0,10277.0,15360.0,74.0,67.51,1786267811.1344714,collect_g1,collect_records
1,85.0,10277.0,15360.0,74.0,65.55,1786267816.1770709,collect_g1,collect_records
1,88.0,10277.0,15360.0,74.0,66.18,1786267821.226526,collect_g1,collect_records
1,90.0,10277.0,15360.0,73.0,64.34,1786267826.2799878,collect_g1,collect_records
1,55.0,10277.0,15360.0,74.0,65.45,1786267831.3300357,collect_g1,collect_records
1,81.0,10277.0,15360.0,74.0,72.5,1786267836.3816493,collect_g1,collect_records
1,83.0,10277.0,15360.0,74.0,68.39,1786267841.4322925,collect_g1,collect_records
1,62.0,10277.0,15360.0,74.0,62.81,1786267846.48732,collect_g1,collect_records
1,77.0,10277.0,15360.0,74.0,67.26,1786267851.5320344,collect_g1,collect_records
1,89.0,10277.0,15360.0,74.0,64.85,1786267856.5756824,collect_g1,collect_records
1,87.0,10277.0,15360.0,74.0,66.12,1786267861.6203868,collect_g1,collect_records
1,65.0,10277.0,15360.0,74.0,61.81,1786267866.6658025,collect_g1,collect_records
1,76.0,10277.0,15360.0,74.0,47.65,1786267871.710993,collect_g1,collect_records
1,49.0,10277.0,15360.0,74.0,62.22,1786267876.7598438,collect_g1,collect_records
1,91.0,10277.0,15360.0,74.0,60.87,1786267881.8069723,collect_g1,collect_records
1,86.0,10277.0,15360.0,74.0,62.24,1786267886.8497322,collect_g1,collect_records
1,86.0,10277.0,15360.0,74.0,63.32,1786267891.893297,collect_g1,collect_records
1,73.0,10277.0,15360.0,74.0,58.32,1786267896.9371343,collect_g1,collect_records
1,84.0,10277.0,15360.0,74.0,62.73,1786267901.9794583,collect_g1,collect_records
1,90.0,10277.0,15360.0,74.0,65.48,1786267907.0216758,collect_g1,collect_records
1,90.0,10277.0,15360.0,74.0,66.53,1786267912.0638328,collect_g1,collect_records
1,92.0,10277.0,15360.0,74.0,65.3,1786267917.1140144,collect_g1,collect_records
1,72.0,10277.0,15360.0,74.0,64.36,1786267922.1590023,collect_g1,collect_records
1,91.0,10277.0,15360.0,74.0,65.34,1786267927.2030537,collect_g1,collect_records
1,84.0,10277.0,15360.0,74.0,63.12,1786267932.2506983,collect_g1,collect_records
1,78.0,10277.0,15360.0,74.0,63.87,1786267937.3003058,collect_g1,collect_records
1,85.0,10277.0,15360.0,74.0,56.56,1786267942.3470883,collect_g1,collect_records
1,88.0,10277.0,15360.0,74.0,66.75,1786267947.3928044,collect_g1,collect_records
1,90.0,10277.0,15360.0,74.0,63.87,1786267952.4383497,collect_g1,collect_records
1,81.0,10277.0,15360.0,73.0,39.51,1786267954.6863363,collect_g1,collect_records
0,0.0,9263.0,15360.0,68.0,30.12,1786268852.869369,train_autoencoder_g0,train_autoencoder
0,36.0,9337.0,15360.0,67.0,33.37,1786268857.9127412,train_autoencoder_g0,train_autoencoder
0,37.0,9337.0,15360.0,67.0,33.17,1786268862.9544346,train_autoencoder_g0,train_autoencoder
0,37.0,9337.0,15360.0,68.0,34.55,1786268867.9958937,train_autoencoder_g0,train_autoencoder
0,37.0,9337.0,15360.0,68.0,33.17,1786268873.03668,train_autoencoder_g0,train_autoencoder
0,38.0,9337.0,15360.0,68.0,33.56,1786268878.077288,train_autoencoder_g0,train_autoencoder
0,39.0,9337.0,15360.0,68.0,32.87,1786268883.1185493,train_autoencoder_g0,train_autoencoder
0,37.0,9337.0,15360.0,69.0,33.56,1786268888.1602192,train_autoencoder_g0,train_autoencoder
0,37.0,9337.0,15360.0,69.0,32.77,1786268893.2019956,train_autoencoder_g0,train_autoencoder
0,38.0,9337.0,15360.0,69.0,34.65,1786268898.2432036,train_autoencoder_g0,train_autoencoder
0,37.0,9337.0,15360.0,69.0,33.29,1786268903.2864664,train_autoencoder_g0,train_autoencoder
0,36.0,9337.0,15360.0,70.0,34.06,1786268908.3330498,train_autoencoder_g0,train_autoencoder
0,39.0,9337.0,15360.0,70.0,33.96,1786268913.3742046,train_autoencoder_g0,train_autoencoder
0,37.0,9337.0,15360.0,70.0,33.27,1786268918.4182515,train_autoencoder_g0,train_autoencoder
0,38.0,9337.0,15360.0,70.0,34.75,1786268923.4593687,train_autoencoder_g0,train_autoencoder
0,38.0,9337.0,15360.0,70.0,34.16,1786268928.502907,train_autoencoder_g0,train_autoencoder
0,37.0,9337.0,15360.0,71.0,33.37,1786268933.5478728,train_autoencoder_g0,train_autoencoder
0,38.0,9337.0,15360.0,71.0,34.44,1786268938.590206,train_autoencoder_g0,train_autoencoder
0,37.0,9337.0,15360.0,71.0,33.47,1786268943.6343837,train_autoencoder_g0,train_autoencoder
0,37.0,9337.0,15360.0,71.0,34.95,1786268948.6756675,train_autoencoder_g0,train_autoencoder
0,37.0,9337.0,15360.0,72.0,33.76,1786268953.7181735,train_autoencoder_g0,train_autoencoder
0,36.0,9337.0,15360.0,72.0,32.67,1786268958.7636948,train_autoencoder_g0,train_autoencoder
0,37.0,9337.0,15360.0,72.0,34.95,1786268963.805034,train_autoencoder_g0,train_autoencoder
0,37.0,9337.0,15360.0,72.0,35.23,1786268968.8463855,train_autoencoder_g0,train_autoencoder
0,35.0,9337.0,15360.0,72.0,33.27,1786268973.8909504,train_autoencoder_g0,train_autoencoder
0,29.0,9337.0,15360.0,72.0,33.47,1786268978.9342175,train_autoencoder_g0,train_autoencoder
0,38.0,9337.0,15360.0,73.0,35.84,1786268983.9765835,train_autoencoder_g0,train_autoencoder
0,38.0,9337.0,15360.0,73.0,34.93,1786268989.017395,train_autoencoder_g0,train_autoencoder
0,38.0,9337.0,15360.0,73.0,34.06,1786268994.0583463,train_autoencoder_g0,train_autoencoder
0,37.0,9337.0,15360.0,73.0,34.55,1786268999.0991647,train_autoencoder_g0,train_autoencoder
0,37.0,9337.0,15360.0,74.0,34.06,1786269004.143526,train_autoencoder_g0,train_autoencoder
0,29.0,9337.0,15360.0,74.0,33.47,1786269009.1851695,train_autoencoder_g0,train_autoencoder
0,37.0,9337.0,15360.0,74.0,34.26,1786269014.2289615,train_autoencoder_g0,train_autoencoder
0,38.0,9337.0,15360.0,74.0,33.76,1786269019.2725203,train_autoencoder_g0,train_autoencoder
0,37.0,9337.0,15360.0,74.0,34.83,1786269024.3167636,train_autoencoder_g0,train_autoencoder
0,37.0,9337.0,15360.0,74.0,35.15,1786269029.358151,train_autoencoder_g0,train_autoencoder
0,37.0,9337.0,15360.0,75.0,35.35,1786269034.3993936,train_autoencoder_g0,train_autoencoder
0,38.0,9337.0,15360.0,75.0,35.62,1786269039.4403238,train_autoencoder_g0,train_autoencoder
0,37.0,9337.0,15360.0,75.0,35.25,1786269044.482677,train_autoencoder_g0,train_autoencoder
0,38.0,9337.0,15360.0,75.0,34.83,1786269049.524199,train_autoencoder_g0,train_autoencoder
0,37.0,9337.0,15360.0,75.0,36.02,1786269054.5705478,train_autoencoder_g0,train_autoencoder
0,37.0,9337.0,15360.0,75.0,35.25,1786269059.6117213,train_autoencoder_g0,train_autoencoder
0,37.0,9337.0,15360.0,76.0,34.46,1786269064.655401,train_autoencoder_g0,train_autoencoder
0,38.0,9337.0,15360.0,76.0,36.12,1786269069.6968875,train_autoencoder_g0,train_autoencoder
0,38.0,9337.0,15360.0,76.0,35.82,1786269074.7397604,train_autoencoder_g0,train_autoencoder
0,38.0,9337.0,15360.0,76.0,34.14,1786269079.7849417,train_autoencoder_g0,train_autoencoder
0,38.0,9337.0,15360.0,76.0,34.85,1786269084.8264248,train_autoencoder_g0,train_autoencoder
0,38.0,9337.0,15360.0,76.0,35.42,1786269089.869825,train_autoencoder_g0,train_autoencoder
0,37.0,9337.0,15360.0,77.0,36.02,1786269094.9151845,train_autoencoder_g0,train_autoencoder
0,38.0,9337.0,15360.0,77.0,36.51,1786269099.9575067,train_autoencoder_g0,train_autoencoder
0,37.0,9337.0,15360.0,77.0,35.82,1786269104.9984226,train_autoencoder_g0,train_autoencoder
0,37.0,9337.0,15360.0,77.0,35.72,1786269110.0431075,train_autoencoder_g0,train_autoencoder
0,37.0,9337.0,15360.0,77.0,34.73,1786269115.0852728,train_autoencoder_g0,train_autoencoder
0,37.0,9337.0,15360.0,77.0,36.51,1786269120.1267333,train_autoencoder_g0,train_autoencoder
0,36.0,9337.0,15360.0,77.0,36.21,1786269125.1703484,train_autoencoder_g0,train_autoencoder
0,36.0,9337.0,15360.0,77.0,34.83,1786269130.2164228,train_autoencoder_g0,train_autoencoder
0,32.0,9337.0,15360.0,78.0,35.35,1786269135.2582817,train_autoencoder_g0,train_autoencoder
0,37.0,9337.0,15360.0,78.0,34.93,1786269140.3038769,train_autoencoder_g0,train_autoencoder
0,37.0,9337.0,15360.0,78.0,35.72,1786269145.3451686,train_autoencoder_g0,train_autoencoder
0,38.0,9337.0,15360.0,77.0,35.82,1786269150.3870075,train_autoencoder_g0,train_autoencoder
0,38.0,9337.0,15360.0,77.0,35.42,1786269155.4291246,train_autoencoder_g0,train_autoencoder
0,36.0,9337.0,15360.0,77.0,35.15,1786269160.476231,train_autoencoder_g0,train_autoencoder
0,34.0,9337.0,15360.0,77.0,35.54,1786269165.5218084,train_autoencoder_g0,train_autoencoder
0,36.0,9337.0,15360.0,77.0,34.75,1786269170.5639346,train_autoencoder_g0,train_autoencoder
0,38.0,9337.0,15360.0,76.0,35.92,1786269175.6056898,train_autoencoder_g0,train_autoencoder
0,36.0,9337.0,15360.0,76.0,35.03,1786269180.6471837,train_autoencoder_g0,train_autoencoder
0,38.0,9337.0,15360.0,77.0,33.94,1786269185.6912336,train_autoencoder_g0,train_autoencoder
0,35.0,9337.0,15360.0,77.0,35.13,1786269190.7318828,train_autoencoder_g0,train_autoencoder
0,29.0,9337.0,15360.0,77.0,34.46,1786269195.7733848,train_autoencoder_g0,train_autoencoder
0,36.0,9337.0,15360.0,77.0,35.92,1786269200.817027,train_autoencoder_g0,train_autoencoder
0,36.0,9337.0,15360.0,77.0,35.52,1786269205.8607314,train_autoencoder_g0,train_autoencoder
0,37.0,9337.0,15360.0,77.0,36.0,1786269210.905252,train_autoencoder_g0,train_autoencoder
0,38.0,9337.0,15360.0,77.0,35.33,1786269215.950064,train_autoencoder_g0,train_autoencoder
0,37.0,9337.0,15360.0,78.0,35.23,1786269220.9918973,train_autoencoder_g0,train_autoencoder
0,36.0,9337.0,15360.0,78.0,35.52,1786269226.0361614,train_autoencoder_g0,train_autoencoder
0,38.0,9337.0,15360.0,78.0,36.61,1786269231.077047,train_autoencoder_g0,train_autoencoder
0,38.0,9337.0,15360.0,77.0,35.92,1786269236.1202483,train_autoencoder_g0,train_autoencoder
0,38.0,9337.0,15360.0,77.0,34.93,1786269241.1617014,train_autoencoder_g0,train_autoencoder
0,37.0,9337.0,15360.0,76.0,35.05,1786269246.2117858,train_autoencoder_g0,train_autoencoder
0,38.0,9337.0,15360.0,76.0,35.62,1786269251.253432,train_autoencoder_g0,train_autoencoder
0,38.0,9337.0,15360.0,76.0,34.63,1786269256.2944028,train_autoencoder_g0,train_autoencoder
0,37.0,9337.0,15360.0,76.0,35.42,1786269261.339519,train_autoencoder_g0,train_autoencoder
0,37.0,9337.0,15360.0,76.0,35.62,1786269266.3807232,train_autoencoder_g0,train_autoencoder
0,38.0,9337.0,15360.0,77.0,36.61,1786269271.422536,train_autoencoder_g0,train_autoencoder
0,35.0,9337.0,15360.0,77.0,33.86,1786269276.470812,train_autoencoder_g0,train_autoencoder
0,37.0,9337.0,15360.0,77.0,35.72,1786269281.512368,train_autoencoder_g0,train_autoencoder
0,38.0,9337.0,15360.0,77.0,34.63,1786269286.5538197,train_autoencoder_g0,train_autoencoder
0,37.0,9337.0,15360.0,77.0,35.13,1786269291.5985122,train_autoencoder_g0,train_autoencoder
0,36.0,9337.0,15360.0,77.0,34.73,1786269296.6427295,train_autoencoder_g0,train_autoencoder
0,36.0,9337.0,15360.0,77.0,35.92,1786269301.6865842,train_autoencoder_g0,train_autoencoder
0,35.0,9337.0,15360.0,77.0,35.72,1786269306.7330163,train_autoencoder_g0,train_autoencoder
0,38.0,9337.0,15360.0,77.0,35.72,1786269311.7781875,train_autoencoder_g0,train_autoencoder
0,38.0,9337.0,15360.0,77.0,37.18,1786269316.8218687,train_autoencoder_g0,train_autoencoder
0,38.0,9337.0,15360.0,77.0,36.21,1786269321.8653965,train_autoencoder_g0,train_autoencoder
0,38.0,9337.0,15360.0,77.0,36.12,1786269326.9070115,train_autoencoder_g0,train_autoencoder
0,38.0,9337.0,15360.0,77.0,36.02,1786269331.9521852,train_autoencoder_g0,train_autoencoder
0,35.0,9337.0,15360.0,77.0,35.72,1786269336.9993086,train_autoencoder_g0,train_autoencoder
0,36.0,9337.0,15360.0,77.0,36.31,1786269342.044404,train_autoencoder_g0,train_autoencoder
0,38.0,9337.0,15360.0,77.0,35.8,1786269347.0906231,train_autoencoder_g0,train_autoencoder
0,30.0,9337.0,15360.0,76.0,34.73,1786269352.1325114,train_autoencoder_g0,train_autoencoder
0,37.0,9337.0,15360.0,76.0,36.81,1786269357.1769366,train_autoencoder_g0,train_autoencoder
0,37.0,9337.0,15360.0,77.0,35.03,1786269362.2191253,train_autoencoder_g0,train_autoencoder
0,36.0,9337.0,15360.0,77.0,35.33,1786269367.26042,train_autoencoder_g0,train_autoencoder
0,37.0,9337.0,15360.0,77.0,35.23,1786269372.304591,train_autoencoder_g0,train_autoencoder
0,36.0,9337.0,15360.0,77.0,34.95,1786269377.349293,train_autoencoder_g0,train_autoencoder
0,29.0,9337.0,15360.0,77.0,34.24,1786269382.3914409,train_autoencoder_g0,train_autoencoder
0,38.0,9337.0,15360.0,78.0,35.13,1786269387.4322317,train_autoencoder_g0,train_autoencoder
0,36.0,9337.0,15360.0,78.0,36.41,1786269392.4772398,train_autoencoder_g0,train_autoencoder
0,36.0,9337.0,15360.0,78.0,34.55,1786269397.5208526,train_autoencoder_g0,train_autoencoder
0,37.0,9337.0,15360.0,78.0,35.52,1786269402.562779,train_autoencoder_g0,train_autoencoder
0,37.0,9337.0,15360.0,77.0,35.82,1786269407.6072006,train_autoencoder_g0,train_autoencoder
0,36.0,9337.0,15360.0,77.0,35.23,1786269412.6486728,train_autoencoder_g0,train_autoencoder
0,38.0,9337.0,15360.0,77.0,35.13,1786269417.6938624,train_autoencoder_g0,train_autoencoder
0,37.0,9337.0,15360.0,76.0,35.03,1786269422.7348528,train_autoencoder_g0,train_autoencoder
0,36.0,9337.0,15360.0,76.0,36.02,1786269427.7785702,train_autoencoder_g0,train_autoencoder
0,37.0,9337.0,15360.0,76.0,35.62,1786269432.8204446,train_autoencoder_g0,train_autoencoder
0,37.0,9337.0,15360.0,76.0,35.82,1786269437.8648946,train_autoencoder_g0,train_autoencoder
0,37.0,9337.0,15360.0,77.0,35.92,1786269442.9065545,train_autoencoder_g0,train_autoencoder
0,37.0,9337.0,15360.0,77.0,35.33,1786269447.948961,train_autoencoder_g0,train_autoencoder
0,39.0,9337.0,15360.0,77.0,36.61,1786269452.9908066,train_autoencoder_g0,train_autoencoder
0,38.0,9337.0,15360.0,77.0,35.52,1786269458.0321796,train_autoencoder_g0,train_autoencoder
0,38.0,9337.0,15360.0,77.0,36.71,1786269463.0761325,train_autoencoder_g0,train_autoencoder
0,37.0,9337.0,15360.0,78.0,36.91,1786269468.11743,train_autoencoder_g0,train_autoencoder
0,38.0,9337.0,15360.0,78.0,34.75,1786269473.1597102,train_autoencoder_g0,train_autoencoder
0,37.0,9337.0,15360.0,78.0,35.7,1786269478.2043915,train_autoencoder_g0,train_autoencoder
0,37.0,9337.0,15360.0,78.0,35.82,1786269483.2465143,train_autoencoder_g0,train_autoencoder
0,38.0,9337.0,15360.0,77.0,35.62,1786269488.2898118,train_autoencoder_g0,train_autoencoder
0,38.0,9337.0,15360.0,77.0,36.51,1786269493.3342853,train_autoencoder_g0,train_autoencoder
0,37.0,9337.0,15360.0,77.0,35.84,1786269498.3788168,train_autoencoder_g0,train_autoencoder
0,38.0,9337.0,15360.0,77.0,35.25,1786269503.4207838,train_autoencoder_g0,train_autoencoder
0,37.0,9337.0,15360.0,77.0,35.42,1786269508.4646392,train_autoencoder_g0,train_autoencoder
0,39.0,9337.0,15360.0,77.0,35.62,1786269513.5065448,train_autoencoder_g0,train_autoencoder
0,39.0,9337.0,15360.0,76.0,35.7,1786269518.547771,train_autoencoder_g0,train_autoencoder
0,38.0,9337.0,15360.0,76.0,34.93,1786269523.5923688,train_autoencoder_g0,train_autoencoder
0,38.0,9337.0,15360.0,76.0,35.72,1786269528.6344829,train_autoencoder_g0,train_autoencoder
0,37.0,9337.0,15360.0,76.0,36.31,1786269533.6816695,train_autoencoder_g0,train_autoencoder
0,30.0,9337.0,15360.0,76.0,34.93,1786269538.7224414,train_autoencoder_g0,train_autoencoder
0,37.0,9337.0,15360.0,77.0,35.03,1786269543.7666998,train_autoencoder_g0,train_autoencoder
0,37.0,9337.0,15360.0,77.0,35.33,1786269548.8102617,train_autoencoder_g0,train_autoencoder
0,37.0,9337.0,15360.0,77.0,36.02,1786269553.8518677,train_autoencoder_g0,train_autoencoder
0,38.0,9337.0,15360.0,77.0,35.82,1786269558.8948681,train_autoencoder_g0,train_autoencoder
0,37.0,9337.0,15360.0,78.0,35.42,1786269563.9389474,train_autoencoder_g0,train_autoencoder
0,29.0,9337.0,15360.0,78.0,34.73,1786269568.9798834,train_autoencoder_g0,train_autoencoder
0,10.0,9337.0,15360.0,77.0,32.48,1786269570.0829148,train_autoencoder_g0,train_autoencoder
0,50.0,7447.0,15360.0,75.0,46.08,1786271421.221039,final_cache_g0,initialize_cache
0,16.0,3621.0,15360.0,74.0,42.96,1786271422.6111412,final_cache_g0,initialize_cache
1,0.0,7031.0,15360.0,68.0,33.84,1786271421.2210557,final_cache_g1,initialize_cache
1,19.0,3485.0,15360.0,68.0,41.08,1786271422.63264,final_cache_g1,initialize_cache
0,0.0,3883.0,15360.0,74.0,55.08,1786271422.9013746,round_001_train_g0,train_final
0,62.0,3883.0,15360.0,76.0,63.55,1786271427.945747,round_001_train_g0,train_final
0,62.0,3883.0,15360.0,77.0,57.51,1786271432.9893525,round_001_train_g0,train_final
0,64.0,3883.0,15360.0,77.0,63.0,1786271438.0310726,round_001_train_g0,train_final
0,62.0,3883.0,15360.0,78.0,67.09,1786271443.0708025,round_001_train_g0,train_final
0,48.0,3883.0,15360.0,78.0,68.38,1786271448.112654,round_001_train_g0,train_final
0,55.0,3883.0,15360.0,78.0,60.32,1786271453.1532242,round_001_train_g0,train_final
0,48.0,4059.0,15360.0,77.0,63.61,1786271458.1950827,round_001_train_g0,train_final
0,55.0,4059.0,15360.0,77.0,64.87,1786271463.2393656,round_001_train_g0,train_final
0,45.0,4059.0,15360.0,77.0,63.2,1786271468.280464,round_001_train_g0,train_final
0,57.0,4271.0,15360.0,77.0,62.24,1786271473.3226829,round_001_train_g0,train_final
0,60.0,4271.0,15360.0,77.0,66.57,1786271478.364259,round_001_train_g0,train_final
0,60.0,4271.0,15360.0,77.0,72.54,1786271483.4118884,round_001_train_g0,train_final
0,60.0,4271.0,15360.0,76.0,67.93,1786271488.4530475,round_001_train_g0,train_final
0,59.0,4439.0,15360.0,76.0,66.77,1786271493.4985123,round_001_train_g0,train_final
0,46.0,4439.0,15360.0,76.0,67.63,1786271498.5407617,round_001_train_g0,train_final
0,59.0,4439.0,15360.0,76.0,67.24,1786271503.5831537,round_001_train_g0,train_final
0,57.0,4659.0,15360.0,76.0,59.51,1786271508.629516,round_001_train_g0,train_final
0,60.0,4659.0,15360.0,77.0,61.19,1786271513.671099,round_001_train_g0,train_final
0,54.0,4659.0,15360.0,77.0,58.62,1786271518.7127497,round_001_train_g0,train_final
0,48.0,4659.0,15360.0,77.0,64.4,1786271523.7532046,round_001_train_g0,train_final
0,47.0,4659.0,15360.0,77.0,64.91,1786271528.797911,round_001_train_g0,train_final
0,54.0,4659.0,15360.0,77.0,66.99,1786271533.841367,round_001_train_g0,train_final
0,57.0,4659.0,15360.0,77.0,65.44,1786271538.8884478,round_001_train_g0,train_final
0,58.0,4659.0,15360.0,77.0,64.36,1786271543.9314473,round_001_train_g0,train_final
0,59.0,4931.0,15360.0,77.0,60.83,1786271548.9754055,round_001_train_g0,train_final
0,60.0,4931.0,15360.0,77.0,62.32,1786271554.021003,round_001_train_g0,train_final
0,59.0,4931.0,15360.0,77.0,62.23,1786271559.0630846,round_001_train_g0,train_final
0,49.0,4931.0,15360.0,77.0,62.29,1786271564.1053221,round_001_train_g0,train_final
0,61.0,4931.0,15360.0,77.0,67.14,1786271569.1447227,round_001_train_g0,train_final
0,61.0,4931.0,15360.0,77.0,65.38,1786271574.1852045,round_001_train_g0,train_final
0,61.0,4931.0,15360.0,76.0,68.66,1786271576.2987075,round_001_train_g0,train_final
1,1.0,3587.0,15360.0,68.0,40.59,1786271422.8502088,round_001_train_g1,train_final
1,63.0,3779.0,15360.0,70.0,70.68,1786271427.8928246,round_001_train_g1,train_final
1,62.0,3779.0,15360.0,71.0,68.19,1786271432.9384766,round_001_train_g1,train_final
1,63.0,3779.0,15360.0,71.0,68.49,1786271437.9828892,round_001_train_g1,train_final
1,63.0,3981.0,15360.0,72.0,71.91,1786271443.0253327,round_001_train_g1,train_final
1,49.0,3981.0,15360.0,72.0,63.36,1786271448.0674484,round_001_train_g1,train_final
1,53.0,3981.0,15360.0,72.0,64.42,1786271453.109918,round_001_train_g1,train_final
1,52.0,3981.0,15360.0,72.0,68.84,1786271458.1520467,round_001_train_g1,train_final
1,60.0,4589.0,15360.0,72.0,71.18,1786271463.1960268,round_001_train_g1,train_final
1,47.0,4589.0,15360.0,72.0,63.05,1786271468.2383523,round_001_train_g1,train_final
1,64.0,4589.0,15360.0,72.0,58.61,1786271473.2831366,round_001_train_g1,train_final
1,61.0,4589.0,15360.0,72.0,68.72,1786271478.3307931,round_001_train_g1,train_final
1,62.0,4589.0,15360.0,72.0,69.41,1786271483.37341,round_001_train_g1,train_final
1,64.0,4589.0,15360.0,72.0,68.24,1786271488.416024,round_001_train_g1,train_final
1,59.0,4589.0,15360.0,72.0,66.2,1786271493.4616752,round_001_train_g1,train_final
1,51.0,4589.0,15360.0,72.0,61.14,1786271498.504871,round_001_train_g1,train_final
1,61.0,4589.0,15360.0,72.0,67.66,1786271503.5462623,round_001_train_g1,train_final
1,63.0,4589.0,15360.0,73.0,67.8,1786271508.5898178,round_001_train_g1,train_final
1,57.0,4589.0,15360.0,73.0,63.2,1786271513.6320739,round_001_train_g1,train_final
1,63.0,4589.0,15360.0,73.0,69.12,1786271518.67691,round_001_train_g1,train_final
1,56.0,4589.0,15360.0,73.0,67.89,1786271523.7211537,round_001_train_g1,train_final
1,55.0,4589.0,15360.0,73.0,65.55,1786271528.766701,round_001_train_g1,train_final
1,55.0,4589.0,15360.0,73.0,69.52,1786271533.8144433,round_001_train_g1,train_final
1,62.0,4589.0,15360.0,74.0,65.0,1786271538.8585362,round_001_train_g1,train_final
1,63.0,4589.0,15360.0,74.0,67.94,1786271543.9025168,round_001_train_g1,train_final
1,61.0,4589.0,15360.0,74.0,67.24,1786271548.946349,round_001_train_g1,train_final
1,64.0,4589.0,15360.0,74.0,65.63,1786271553.989668,round_001_train_g1,train_final
1,65.0,4589.0,15360.0,73.0,60.38,1786271559.0414233,round_001_train_g1,train_final
1,59.0,4589.0,15360.0,73.0,60.97,1786271564.083511,round_001_train_g1,train_final
1,50.0,4591.0,15360.0,73.0,68.44,1786271564.4609213,round_001_train_g1,train_final
0,0.0,5791.0,15360.0,75.0,42.96,1786271576.6066515,round_001_test_g0,test_final
0,59.0,5933.0,15360.0,73.0,64.04,1786271581.6600177,round_001_test_g0,test_final
0,46.0,5933.0,15360.0,75.0,68.03,1786271586.7075424,round_001_test_g0,test_final
0,61.0,5933.0,15360.0,77.0,62.34,1786271591.7733755,round_001_test_g0,test_final
0,57.0,5933.0,15360.0,78.0,63.71,1786271596.8293147,round_001_test_g0,test_final
0,57.0,5935.0,15360.0,79.0,66.16,1786271601.8839276,round_001_test_g0,test_final
0,62.0,5935.0,15360.0,80.0,69.54,1786271606.9346755,round_001_test_g0,test_final
0,60.0,5935.0,15360.0,80.0,68.07,1786271611.9862561,round_001_test_g0,test_final
0,59.0,5935.0,15360.0,79.0,65.59,1786271617.036883,round_001_test_g0,test_final
0,46.0,5937.0,15360.0,79.0,69.3,1786271622.0900583,round_001_test_g0,test_final
0,50.0,5937.0,15360.0,78.0,68.61,1786271627.1450546,round_001_test_g0,test_final
0,47.0,5937.0,15360.0,77.0,58.13,1786271632.1975594,round_001_test_g0,test_final
0,50.0,5937.0,15360.0,76.0,55.18,1786271637.2538345,round_001_test_g0,test_final
0,49.0,5937.0,15360.0,76.0,61.41,1786271642.3088427,round_001_test_g0,test_final
0,49.0,5939.0,15360.0,75.0,69.89,1786271647.359436,round_001_test_g0,test_final
0,49.0,5939.0,15360.0,75.0,69.89,1786271652.4122624,round_001_test_g0,test_final
0,61.0,5939.0,15360.0,75.0,68.29,1786271657.468795,round_001_test_g0,test_final
0,56.0,5939.0,15360.0,75.0,70.14,1786271662.5241637,round_001_test_g0,test_final
0,53.0,5941.0,15360.0,76.0,70.33,1786271667.5775225,round_001_test_g0,test_final
0,55.0,5941.0,15360.0,76.0,62.67,1786271672.6308827,round_001_test_g0,test_final
0,58.0,5941.0,15360.0,77.0,59.7,1786271677.6866868,round_001_test_g0,test_final
0,58.0,5941.0,15360.0,77.0,60.22,1786271682.741069,round_001_test_g0,test_final
0,57.0,5941.0,15360.0,78.0,68.33,1786271687.7845287,round_001_test_g0,test_final
0,57.0,5941.0,15360.0,78.0,68.33,1786271687.847759,round_001_test_g0,test_final
1,0.0,5451.0,15360.0,66.0,31.09,1786271576.6080399,round_001_test_g1,test_final
1,58.0,5593.0,15360.0,68.0,65.97,1786271581.6604512,round_001_test_g1,test_final
1,53.0,5593.0,15360.0,69.0,69.72,1786271586.7080584,round_001_test_g1,test_final
1,59.0,5593.0,15360.0,71.0,69.91,1786271591.773386,round_001_test_g1,test_final
1,63.0,5593.0,15360.0,72.0,68.63,1786271596.828264,round_001_test_g1,test_final
1,58.0,5595.0,15360.0,73.0,68.63,1786271601.8844059,round_001_test_g1,test_final
1,63.0,5595.0,15360.0,74.0,57.9,1786271606.9348748,round_001_test_g1,test_final
1,61.0,5595.0,15360.0,74.0,60.16,1786271611.988441,round_001_test_g1,test_final
1,58.0,5595.0,15360.0,73.0,62.67,1786271617.0371826,round_001_test_g1,test_final
1,51.0,5597.0,15360.0,73.0,65.36,1786271622.0903606,round_001_test_g1,test_final
1,54.0,5597.0,15360.0,72.0,70.73,1786271627.1443648,round_001_test_g1,test_final
1,54.0,5597.0,15360.0,72.0,70.19,1786271632.1975589,round_001_test_g1,test_final
1,53.0,5597.0,15360.0,72.0,63.69,1786271637.2530494,round_001_test_g1,test_final
1,52.0,5599.0,15360.0,71.0,67.94,1786271642.3027656,round_001_test_g1,test_final
1,53.0,5599.0,15360.0,71.0,65.04,1786271647.353877,round_001_test_g1,test_final
1,54.0,5599.0,15360.0,71.0,70.82,1786271652.4102316,round_001_test_g1,test_final
1,62.0,5599.0,15360.0,71.0,70.19,1786271657.4683979,round_001_test_g1,test_final
1,58.0,5599.0,15360.0,72.0,60.19,1786271662.5251641,round_001_test_g1,test_final
1,53.0,5601.0,15360.0,72.0,60.93,1786271667.5764337,round_001_test_g1,test_final
1,54.0,5601.0,15360.0,73.0,62.06,1786271672.631153,round_001_test_g1,test_final
1,59.0,5601.0,15360.0,73.0,65.49,1786271677.687101,round_001_test_g1,test_final
1,61.0,5601.0,15360.0,74.0,67.8,1786271682.742938,round_001_test_g1,test_final
1,59.0,5601.0,15360.0,73.0,47.41,1786271684.3339179,round_001_test_g1,test_final
0,4.0,6203.0,15360.0,77.0,43.35,1786271688.0601792,round_002_train_g0,train_final
0,49.0,6203.0,15360.0,78.0,61.89,1786271693.1088247,round_002_train_g0,train_final
0,48.0,6203.0,15360.0,78.0,62.75,1786271698.1503701,round_002_train_g0,train_final
0,56.0,6203.0,15360.0,78.0,58.32,1786271703.194457,round_002_train_g0,train_final
0,58.0,6203.0,15360.0,78.0,59.83,1786271708.239411,round_002_train_g0,train_final
0,61.0,6203.0,15360.0,77.0,58.92,1786271713.2825956,round_002_train_g0,train_final
0,61.0,6203.0,15360.0,77.0,61.76,1786271718.325887,round_002_train_g0,train_final
0,59.0,6379.0,15360.0,77.0,67.18,1786271723.366764,round_002_train_g0,train_final
0,53.0,6379.0,15360.0,76.0,70.48,1786271728.4108427,round_002_train_g0,train_final
0,57.0,6379.0,15360.0,76.0,69.4,1786271733.4605362,round_002_train_g0,train_final
0,48.0,6591.0,15360.0,76.0,60.35,1786271738.504385,round_002_train_g0,train_final
0,54.0,6591.0,15360.0,76.0,57.15,1786271743.55575,round_002_train_g0,train_final
0,43.0,6591.0,15360.0,76.0,66.06,1786271748.6033938,round_002_train_g0,train_final
0,60.0,6591.0,15360.0,76.0,68.28,1786271753.6447165,round_002_train_g0,train_final
0,53.0,6591.0,15360.0,77.0,68.78,1786271758.6912606,round_002_train_g0,train_final
0,44.0,6759.0,15360.0,77.0,63.75,1786271763.7350347,round_002_train_g0,train_final
0,61.0,6759.0,15360.0,77.0,61.57,1786271768.780498,round_002_train_g0,train_final
0,55.0,6759.0,15360.0,77.0,57.57,1786271773.829879,round_002_train_g0,train_final
0,57.0,6979.0,15360.0,77.0,64.79,1786271778.881433,round_002_train_g0,train_final
0,57.0,6979.0,15360.0,77.0,63.87,1786271783.924529,round_002_train_g0,train_final
0,58.0,6979.0,15360.0,77.0,68.38,1786271788.9692447,round_002_train_g0,train_final
0,55.0,6979.0,15360.0,77.0,67.65,1786271794.0167172,round_002_train_g0,train_final
0,48.0,6979.0,15360.0,77.0,66.3,1786271799.0625343,round_002_train_g0,train_final
0,42.0,6979.0,15360.0,76.0,64.69,1786271804.1065948,round_002_train_g0,train_final
0,60.0,6979.0,15360.0,77.0,65.4,1786271809.1489716,round_002_train_g0,train_final
0,62.0,6979.0,15360.0,77.0,68.33,1786271814.1944776,round_002_train_g0,train_final
0,61.0,7251.0,15360.0,77.0,66.2,1786271819.2386806,round_002_train_g0,train_final
0,61.0,7251.0,15360.0,76.0,70.17,1786271824.283042,round_002_train_g0,train_final
0,56.0,7251.0,15360.0,77.0,69.21,1786271829.327917,round_002_train_g0,train_final
0,58.0,7251.0,15360.0,77.0,69.06,1786271834.3742783,round_002_train_g0,train_final
0,62.0,7251.0,15360.0,77.0,69.68,1786271839.416474,round_002_train_g0,train_final
0,64.0,7251.0,15360.0,77.0,68.52,1786271844.456148,round_002_train_g0,train_final
0,63.0,7251.0,15360.0,76.0,68.47,1786271848.167996,round_002_train_g0,train_final
1,0.0,5703.0,15360.0,71.0,31.88,1786271688.0206182,round_002_train_g1,train_final
1,64.0,5895.0,15360.0,73.0,60.83,1786271693.065626,round_002_train_g1,train_final
1,53.0,5895.0,15360.0,73.0,62.77,1786271698.108149,round_002_train_g1,train_final
1,63.0,5895.0,15360.0,73.0,67.59,1786271703.1517532,round_002_train_g1,train_final
1,63.0,6097.0,15360.0,73.0,66.47,1786271708.2012317,round_002_train_g1,train_final
1,59.0,6097.0,15360.0,73.0,68.6,1786271713.2459102,round_002_train_g1,train_final
1,60.0,6097.0,15360.0,73.0,68.99,1786271718.2992356,round_002_train_g1,train_final
1,61.0,6097.0,15360.0,73.0,62.34,1786271723.344458,round_002_train_g1,train_final
1,57.0,6097.0,15360.0,72.0,68.18,1786271728.3896332,round_002_train_g1,train_final
1,61.0,6705.0,15360.0,72.0,67.35,1786271733.4343987,round_002_train_g1,train_final
1,50.0,6705.0,15360.0,72.0,68.14,1786271738.4767935,round_002_train_g1,train_final
1,60.0,6705.0,15360.0,73.0,69.26,1786271743.5257905,round_002_train_g1,train_final
1,49.0,6705.0,15360.0,73.0,66.77,1786271748.5709476,round_002_train_g1,train_final
1,63.0,6705.0,15360.0,73.0,60.22,1786271753.6174114,round_002_train_g1,train_final
1,58.0,6705.0,15360.0,73.0,68.04,1786271758.660783,round_002_train_g1,train_final
1,46.0,6705.0,15360.0,73.0,63.67,1786271763.710478,round_002_train_g1,train_final
1,60.0,6705.0,15360.0,74.0,69.42,1786271768.754443,round_002_train_g1,train_final
1,57.0,6705.0,15360.0,74.0,65.45,1786271773.800969,round_002_train_g1,train_final
1,61.0,6705.0,15360.0,74.0,62.45,1786271778.8478134,round_002_train_g1,train_final
1,60.0,6705.0,15360.0,74.0,70.57,1786271783.8911932,round_002_train_g1,train_final
1,62.0,6705.0,15360.0,74.0,68.63,1786271788.9357164,round_002_train_g1,train_final
1,60.0,6705.0,15360.0,73.0,65.83,1786271793.9827607,round_002_train_g1,train_final
1,51.0,6705.0,15360.0,73.0,63.51,1786271799.0271232,round_002_train_g1,train_final
1,44.0,6705.0,15360.0,73.0,58.59,1786271804.074424,round_002_train_g1,train_final
1,64.0,6705.0,15360.0,73.0,61.89,1786271809.1188014,round_002_train_g1,train_final
1,63.0,6705.0,15360.0,73.0,69.37,1786271814.1626961,round_002_train_g1,train_final
1,65.0,6705.0,15360.0,73.0,68.42,1786271819.205361,round_002_train_g1,train_final
1,62.0,6705.0,15360.0,73.0,67.75,1786271824.2558367,round_002_train_g1,train_final
1,63.0,6705.0,15360.0,73.0,68.05,1786271829.2982006,round_002_train_g1,train_final
1,62.0,6705.0,15360.0,74.0,66.47,1786271834.3493712,round_002_train_g1,train_final
1,48.0,6709.0,15360.0,73.0,69.57,1786271835.75368,round_002_train_g1,train_final
0,23.0,7253.0,15360.0,75.0,42.78,1786271848.442701,round_002_test_g0,test_final
0,59.0,7253.0,15360.0,77.0,64.26,1786271853.495518,round_002_test_g0,test_final
0,59.0,7253.0,15360.0,77.0,68.08,1786271858.5488656,round_002_test_g0,test_final
0,59.0,7253.0,15360.0,77.0,66.75,1786271863.6065729,round_002_test_g0,test_final
0,60.0,7253.0,15360.0,77.0,69.51,1786271868.6653957,round_002_test_g0,test_final
0,61.0,7255.0,15360.0,77.0,62.08,1786271873.7131963,round_002_test_g0,test_final
0,59.0,7255.0,15360.0,77.0,60.88,1786271878.768451,round_002_test_g0,test_final
0,61.0,7255.0,15360.0,77.0,64.75,1786271883.8177333,round_002_test_g0,test_final
0,58.0,7257.0,15360.0,77.0,67.94,1786271888.8663125,round_002_test_g0,test_final
0,58.0,7257.0,15360.0,77.0,68.78,1786271893.9179494,round_002_test_g0,test_final
0,60.0,7257.0,15360.0,77.0,65.14,1786271898.9736934,round_002_test_g0,test_final
0,62.0,7257.0,15360.0,77.0,68.42,1786271904.0319498,round_002_test_g0,test_final
0,58.0,7257.0,15360.0,77.0,69.27,1786271909.08082,round_002_test_g0,test_final
0,57.0,7259.0,15360.0,77.0,68.43,1786271914.1364655,round_002_test_g0,test_final
0,60.0,7259.0,15360.0,77.0,63.34,1786271919.1947546,round_002_test_g0,test_final
0,59.0,7259.0,15360.0,77.0,58.55,1786271924.2446952,round_002_test_g0,test_final
0,60.0,7259.0,15360.0,77.0,61.33,1786271929.2949069,round_002_test_g0,test_final
0,59.0,7261.0,15360.0,77.0,65.03,1786271934.343564,round_002_test_g0,test_final
0,59.0,7261.0,15360.0,77.0,69.05,1786271939.3935225,round_002_test_g0,test_final
0,62.0,7261.0,15360.0,77.0,64.44,1786271944.4379585,round_002_test_g0,test_final
0,62.0,7261.0,15360.0,77.0,68.82,1786271949.478568,round_002_test_g0,test_final
0,61.0,7261.0,15360.0,76.0,68.12,1786271950.4113572,round_002_test_g0,test_final
1,0.0,6711.0,15360.0,67.0,36.59,1786271848.4437227,round_002_test_g1,test_final
1,63.0,6711.0,15360.0,70.0,70.0,1786271853.496025,round_002_test_g1,test_final
1,64.0,6711.0,15360.0,70.0,68.78,1786271858.5483966,round_002_test_g1,test_final
1,64.0,6711.0,15360.0,71.0,68.53,1786271863.607685,round_002_test_g1,test_final
1,64.0,6713.0,15360.0,71.0,70.49,1786271868.6656482,round_002_test_g1,test_final
1,61.0,6713.0,15360.0,72.0,59.83,1786271873.7130234,round_002_test_g1,test_final
1,63.0,6713.0,15360.0,72.0,54.3,1786271878.7685115,round_002_test_g1,test_final
1,63.0,6713.0,15360.0,72.0,66.11,1786271883.8176703,round_002_test_g1,test_final
1,66.0,6715.0,15360.0,72.0,64.61,1786271888.8660984,round_002_test_g1,test_final
1,66.0,6715.0,15360.0,73.0,69.21,1786271893.920702,round_002_test_g1,test_final
1,61.0,6715.0,15360.0,73.0,66.96,1786271898.974915,round_002_test_g1,test_final
1,62.0,6715.0,15360.0,73.0,65.4,1786271904.0323718,round_002_test_g1,test_final
1,62.0,6717.0,15360.0,73.0,61.16,1786271909.0810916,round_002_test_g1,test_final
1,63.0,6717.0,15360.0,73.0,58.88,1786271914.1365845,round_002_test_g1,test_final
1,62.0,6717.0,15360.0,73.0,59.6,1786271919.195109,round_002_test_g1,test_final
1,64.0,6717.0,15360.0,73.0,68.04,1786271924.2469118,round_002_test_g1,test_final
1,66.0,6719.0,15360.0,73.0,68.53,1786271929.2968376,round_002_test_g1,test_final
1,63.0,6719.0,15360.0,73.0,68.43,1786271934.3451076,round_002_test_g1,test_final
1,64.0,6719.0,15360.0,73.0,66.6,1786271939.410316,round_002_test_g1,test_final
1,63.0,6719.0,15360.0,73.0,62.67,1786271944.4545386,round_002_test_g1,test_final
1,61.0,6719.0,15360.0,73.0,65.36,1786271944.8336687,round_002_test_g1,test_final
0,28.0,7523.0,15360.0,75.0,42.86,1786271950.633276,round_003_train_g0,train_final
0,49.0,7523.0,15360.0,76.0,63.79,1786271955.6739683,round_003_train_g0,train_final
0,56.0,7523.0,15360.0,77.0,70.38,1786271960.7184567,round_003_train_g0,train_final
0,59.0,7523.0,15360.0,76.0,70.28,1786271965.7602043,round_003_train_g0,train_final
0,51.0,7523.0,15360.0,76.0,68.96,1786271970.804326,round_003_train_g0,train_final
0,62.0,7523.0,15360.0,77.0,61.75,1786271975.850114,round_003_train_g0,train_final
0,59.0,7699.0,15360.0,76.0,60.51,1786271980.8929517,round_003_train_g0,train_final
0,59.0,7699.0,15360.0,76.0,61.63,1786271985.9377415,round_003_train_g0,train_final
0,54.0,7699.0,15360.0,77.0,65.65,1786271990.9808693,round_003_train_g0,train_final
0,54.0,7699.0,15360.0,77.0,65.61,1786271996.029168,round_003_train_g0,train_final
0,55.0,7911.0,15360.0,77.0,68.08,1786272001.0716236,round_003_train_g0,train_final
0,55.0,7911.0,15360.0,77.0,66.26,1786272006.1150584,round_003_train_g0,train_final
0,59.0,7911.0,15360.0,77.0,69.02,1786272011.163527,round_003_train_g0,train_final
0,58.0,7911.0,15360.0,77.0,69.51,1786272016.2074234,round_003_train_g0,train_final
0,59.0,8079.0,15360.0,77.0,67.94,1786272021.250646,round_003_train_g0,train_final
0,44.0,8079.0,15360.0,77.0,63.0,1786272026.292173,round_003_train_g0,train_final
0,63.0,8079.0,15360.0,77.0,70.08,1786272031.3346465,round_003_train_g0,train_final
0,54.0,8299.0,15360.0,77.0,65.77,1786272036.3829556,round_003_train_g0,train_final
0,52.0,8299.0,15360.0,77.0,62.08,1786272041.4282725,round_003_train_g0,train_final
0,51.0,8299.0,15360.0,77.0,55.61,1786272046.4876485,round_003_train_g0,train_final
0,61.0,8299.0,15360.0,77.0,61.47,1786272051.531872,round_003_train_g0,train_final
0,57.0,8299.0,15360.0,77.0,61.47,1786272056.573369,round_003_train_g0,train_final
0,63.0,8299.0,15360.0,77.0,64.38,1786272061.6162703,round_003_train_g0,train_final
0,49.0,8299.0,15360.0,77.0,63.69,1786272066.6608913,round_003_train_g0,train_final
0,62.0,8571.0,15360.0,77.0,68.78,1786272071.7105918,round_003_train_g0,train_final
0,45.0,8571.0,15360.0,77.0,63.93,1786272076.7525826,round_003_train_g0,train_final
0,49.0,8571.0,15360.0,77.0,69.75,1786272081.794779,round_003_train_g0,train_final
0,43.0,8571.0,15360.0,77.0,62.87,1786272086.8387518,round_003_train_g0,train_final
0,63.0,8571.0,15360.0,77.0,68.47,1786272091.877429,round_003_train_g0,train_final
0,64.0,8571.0,15360.0,77.0,70.33,1786272096.9168696,round_003_train_g0,train_final
0,61.0,8571.0,15360.0,77.0,65.24,1786272101.9561882,round_003_train_g0,train_final
0,62.0,8571.0,15360.0,76.0,58.92,1786272102.722823,round_003_train_g0,train_final
1,0.0,6821.0,15360.0,69.0,32.16,1786271950.5905707,round_003_train_g1,train_final
1,49.0,7013.0,15360.0,71.0,59.27,1786271955.6324897,round_003_train_g1,train_final
1,55.0,7013.0,15360.0,71.0,67.12,1786271960.6775272,round_003_train_g1,train_final
1,60.0,7013.0,15360.0,72.0,67.41,1786271965.719529,round_003_train_g1,train_final
1,51.0,7215.0,15360.0,72.0,70.79,1786271970.7677608,round_003_train_g1,train_final
1,63.0,7215.0,15360.0,72.0,68.82,1786271975.819477,round_003_train_g1,train_final
1,57.0,7215.0,15360.0,72.0,61.0,1786271980.8613493,round_003_train_g1,train_final
1,59.0,7215.0,15360.0,72.0,58.68,1786271985.9056847,round_003_train_g1,train_final
1,57.0,7823.0,15360.0,72.0,66.0,1786271990.9516244,round_003_train_g1,train_final
1,56.0,7823.0,15360.0,73.0,72.01,1786271995.9971356,round_003_train_g1,train_final
1,58.0,7823.0,15360.0,73.0,66.38,1786272001.041672,round_003_train_g1,train_final
1,57.0,7823.0,15360.0,73.0,69.38,1786272006.0887535,round_003_train_g1,train_final
1,64.0,7823.0,15360.0,73.0,69.56,1786272011.1324394,round_003_train_g1,train_final
1,61.0,7823.0,15360.0,73.0,68.12,1786272016.1753178,round_003_train_g1,train_final
1,59.0,7823.0,15360.0,73.0,63.57,1786272021.2234743,round_003_train_g1,train_final
1,48.0,7823.0,15360.0,73.0,60.18,1786272026.2661474,round_003_train_g1,train_final
1,65.0,7823.0,15360.0,73.0,66.28,1786272031.3089585,round_003_train_g1,train_final
1,58.0,7823.0,15360.0,73.0,67.8,1786272036.3524559,round_003_train_g1,train_final
1,56.0,7823.0,15360.0,74.0,69.86,1786272041.394782,round_003_train_g1,train_final
1,58.0,7823.0,15360.0,74.0,59.92,1786272046.447594,round_003_train_g1,train_final
1,64.0,7823.0,15360.0,74.0,67.98,1786272051.4909785,round_003_train_g1,train_final
1,62.0,7823.0,15360.0,73.0,60.26,1786272056.538906,round_003_train_g1,train_final
1,65.0,7823.0,15360.0,74.0,68.15,1786272061.5867314,round_003_train_g1,train_final
1,59.0,7823.0,15360.0,74.0,67.65,1786272066.631953,round_003_train_g1,train_final
1,65.0,7823.0,15360.0,74.0,69.27,1786272071.680664,round_003_train_g1,train_final
1,51.0,7823.0,15360.0,74.0,62.14,1786272076.7225473,round_003_train_g1,train_final
1,52.0,7823.0,15360.0,74.0,64.77,1786272081.7655916,round_003_train_g1,train_final
1,44.0,7823.0,15360.0,73.0,58.35,1786272086.8074617,round_003_train_g1,train_final
1,58.0,7827.0,15360.0,73.0,64.2,1786272091.2687871,round_003_train_g1,train_final
0,22.0,8573.0,15360.0,76.0,63.22,1786272102.9984407,round_003_test_g0,test_final
0,61.0,8573.0,15360.0,77.0,62.12,1786272108.0532737,round_003_test_g0,test_final
0,58.0,8573.0,15360.0,77.0,63.06,1786272113.105257,round_003_test_g0,test_final
0,56.0,8573.0,15360.0,77.0,65.26,1786272118.156539,round_003_test_g0,test_final
0,56.0,8575.0,15360.0,77.0,69.83,1786272123.2154007,round_003_test_g0,test_final
0,61.0,8575.0,15360.0,77.0,68.24,1786272128.2699,round_003_test_g0,test_final
0,63.0,8575.0,15360.0,77.0,69.26,1786272133.319338,round_003_test_g0,test_final
0,61.0,8575.0,15360.0,77.0,69.69,1786272138.3765535,round_003_test_g0,test_final
0,55.0,8577.0,15360.0,77.0,62.87,1786272143.432822,round_003_test_g0,test_final
0,62.0,8577.0,15360.0,77.0,58.51,1786272148.4819472,round_003_test_g0,test_final
0,61.0,8577.0,15360.0,77.0,57.87,1786272153.5354946,round_003_test_g0,test_final
0,59.0,8577.0,15360.0,77.0,70.91,1786272158.5937152,round_003_test_g0,test_final
0,60.0,8579.0,15360.0,77.0,68.12,1786272163.645924,round_003_test_g0,test_final
0,62.0,8579.0,15360.0,77.0,67.54,1786272168.6949346,round_003_test_g0,test_final
0,61.0,8579.0,15360.0,77.0,69.99,1786272173.7457664,round_003_test_g0,test_final
0,61.0,8579.0,15360.0,77.0,66.77,1786272178.79703,round_003_test_g0,test_final
0,61.0,8579.0,15360.0,77.0,67.69,1786272183.854016,round_003_test_g0,test_final
0,60.0,8579.0,15360.0,77.0,70.91,1786272188.900734,round_003_test_g0,test_final
0,62.0,8579.0,15360.0,77.0,61.41,1786272193.9556744,round_003_test_g0,test_final
0,61.0,8579.0,15360.0,77.0,59.08,1786272199.0041673,round_003_test_g0,test_final
0,64.0,8579.0,15360.0,77.0,70.38,1786272202.9778674,round_003_test_g0,test_final
1,0.0,7829.0,15360.0,67.0,30.99,1786272102.9968085,round_003_test_g1,test_final
1,61.0,7829.0,15360.0,70.0,68.1,1786272108.0523052,round_003_test_g1,test_final
1,62.0,7829.0,15360.0,71.0,69.18,1786272113.1052332,round_003_test_g1,test_final
1,61.0,7829.0,15360.0,71.0,66.33,1786272118.1563423,round_003_test_g1,test_final
1,55.0,7831.0,15360.0,71.0,67.36,1786272123.217515,round_003_test_g1,test_final
1,62.0,7831.0,15360.0,72.0,59.33,1786272128.2724922,round_003_test_g1,test_final
1,58.0,7831.0,15360.0,72.0,61.98,1786272133.319315,round_003_test_g1,test_final
1,60.0,7831.0,15360.0,72.0,68.74,1786272138.3779297,round_003_test_g1,test_final
1,63.0,7833.0,15360.0,72.0,69.72,1786272143.4328966,round_003_test_g1,test_final
1,64.0,7833.0,15360.0,72.0,68.0,1786272148.481996,round_003_test_g1,test_final
1,66.0,7833.0,15360.0,73.0,68.88,1786272153.535533,round_003_test_g1,test_final
1,63.0,7833.0,15360.0,73.0,66.77,1786272158.5936937,round_003_test_g1,test_final
1,63.0,7835.0,15360.0,73.0,59.99,1786272163.6459737,round_003_test_g1,test_final
1,63.0,7835.0,15360.0,73.0,58.02,1786272168.6951323,round_003_test_g1,test_final
1,63.0,7835.0,15360.0,73.0,62.73,1786272173.747262,round_003_test_g1,test_final
1,63.0,7835.0,15360.0,73.0,68.0,1786272178.7969122,round_003_test_g1,test_final
1,58.0,7837.0,15360.0,73.0,69.27,1786272183.8532987,round_003_test_g1,test_final
1,65.0,7837.0,15360.0,73.0,68.63,1786272188.901198,round_003_test_g1,test_final
1,64.0,7837.0,15360.0,73.0,67.86,1786272193.9557464,round_003_test_g1,test_final
1,63.0,7837.0,15360.0,73.0,67.31,1786272199.0030894,round_003_test_g1,test_final
1,64.0,7837.0,15360.0,73.0,66.71,1786272200.1082532,round_003_test_g1,test_final
0,41.0,8669.0,15360.0,76.0,40.91,1786272203.1839988,round_004_train_g0,train_final
0,65.0,8669.0,15360.0,77.0,68.24,1786272208.2290876,round_004_train_g0,train_final
0,64.0,8669.0,15360.0,77.0,71.95,1786272213.273777,round_004_train_g0,train_final
0,65.0,8669.0,15360.0,77.0,65.24,1786272218.3260033,round_004_train_g0,train_final
0,65.0,8669.0,15360.0,77.0,65.93,1786272223.3677292,round_004_train_g0,train_final
0,64.0,8669.0,15360.0,77.0,64.79,1786272228.4121933,round_004_train_g0,train_final
0,55.0,8669.0,15360.0,77.0,60.55,1786272233.4572892,round_004_train_g0,train_final
0,43.0,8669.0,15360.0,77.0,67.1,1786272238.4989002,round_004_train_g0,train_final
0,56.0,8669.0,15360.0,77.0,61.96,1786272243.539803,round_004_train_g0,train_final
0,58.0,8669.0,15360.0,77.0,63.12,1786272248.5872257,round_004_train_g0,train_final
0,59.0,8711.0,15360.0,77.0,66.5,1786272253.6307762,round_004_train_g0,train_final
0,50.0,8711.0,15360.0,77.0,62.87,1786272258.6747742,round_004_train_g0,train_final
0,60.0,8711.0,15360.0,77.0,64.14,1786272263.7228403,round_004_train_g0,train_final
0,52.0,8711.0,15360.0,77.0,69.94,1786272268.7657561,round_004_train_g0,train_final
0,52.0,8711.0,15360.0,77.0,66.01,1786272273.8093803,round_004_train_g0,train_final
0,56.0,8711.0,15360.0,77.0,60.88,1786272278.8541007,round_004_train_g0,train_final
0,59.0,8711.0,15360.0,77.0,68.82,1786272283.8996394,round_004_train_g0,train_final
0,59.0,8847.0,15360.0,77.0,64.63,1786272288.9417942,round_004_train_g0,train_final
0,62.0,8847.0,15360.0,77.0,68.29,1786272293.9867005,round_004_train_g0,train_final
0,62.0,8847.0,15360.0,77.0,67.63,1786272299.0294933,round_004_train_g0,train_final
0,54.0,8847.0,15360.0,77.0,65.94,1786272304.0718796,round_004_train_g0,train_final
0,49.0,8847.0,15360.0,77.0,62.69,1786272309.1172454,round_004_train_g0,train_final
0,61.0,8847.0,15360.0,77.0,63.77,1786272314.161364,round_004_train_g0,train_final
0,59.0,8847.0,15360.0,77.0,64.06,1786272319.2047186,round_004_train_g0,train_final
0,61.0,9117.0,15360.0,77.0,62.06,1786272324.2487493,round_004_train_g0,train_final
0,55.0,9117.0,15360.0,77.0,68.4,1786272329.2974098,round_004_train_g0,train_final
0,50.0,9117.0,15360.0,77.0,63.81,1786272334.3445406,round_004_train_g0,train_final
0,56.0,9117.0,15360.0,77.0,65.97,1786272339.3924997,round_004_train_g0,train_final
0,61.0,9117.0,15360.0,77.0,67.24,1786272344.433463,round_004_train_g0,train_final
0,62.0,9117.0,15360.0,77.0,67.44,1786272349.472703,round_004_train_g0,train_final
0,62.0,9117.0,15360.0,77.0,44.63,1786272354.0583498,round_004_train_g0,train_final
1,0.0,7941.0,15360.0,70.0,39.53,1786272203.1437805,round_004_train_g1,train_final
1,65.0,8131.0,15360.0,73.0,62.73,1786272208.1916704,round_004_train_g1,train_final
1,65.0,8131.0,15360.0,73.0,63.97,1786272213.234713,round_004_train_g1,train_final
1,64.0,8131.0,15360.0,73.0,70.3,1786272218.2859697,round_004_train_g1,train_final
1,65.0,8333.0,15360.0,73.0,68.92,1786272223.3278909,round_004_train_g1,train_final
1,64.0,8333.0,15360.0,73.0,69.9,1786272228.3721623,round_004_train_g1,train_final
1,55.0,8333.0,15360.0,73.0,70.64,1786272233.4156163,round_004_train_g1,train_final
1,48.0,8333.0,15360.0,73.0,61.14,1786272238.4640975,round_004_train_g1,train_final
1,64.0,8941.0,15360.0,73.0,68.43,1786272243.5098093,round_004_train_g1,train_final
1,60.0,8941.0,15360.0,73.0,61.36,1786272248.5546494,round_004_train_g1,train_final
1,64.0,8941.0,15360.0,73.0,63.42,1786272253.5988472,round_004_train_g1,train_final
1,56.0,8941.0,15360.0,73.0,67.02,1786272258.6449194,round_004_train_g1,train_final
1,64.0,8941.0,15360.0,74.0,66.73,1786272263.6916928,round_004_train_g1,train_final
1,54.0,8941.0,15360.0,73.0,68.67,1786272268.7386372,round_004_train_g1,train_final
1,57.0,8941.0,15360.0,73.0,62.71,1786272273.7819736,round_004_train_g1,train_final
1,60.0,8941.0,15360.0,73.0,62.19,1786272278.8267515,round_004_train_g1,train_final
1,60.0,8941.0,15360.0,74.0,69.31,1786272283.8718445,round_004_train_g1,train_final
1,62.0,8941.0,15360.0,73.0,65.14,1786272288.91695,round_004_train_g1,train_final
1,64.0,8941.0,15360.0,74.0,69.52,1786272293.9613767,round_004_train_g1,train_final
1,64.0,8941.0,15360.0,74.0,68.53,1786272299.007026,round_004_train_g1,train_final
1,56.0,8941.0,15360.0,74.0,69.61,1786272304.0521238,round_004_train_g1,train_final
1,48.0,8941.0,15360.0,74.0,64.12,1786272309.0971797,round_004_train_g1,train_final
1,59.0,8941.0,15360.0,74.0,62.4,1786272314.1420553,round_004_train_g1,train_final
1,62.0,8941.0,15360.0,74.0,67.47,1786272319.1843905,round_004_train_g1,train_final
1,63.0,8941.0,15360.0,74.0,68.39,1786272324.2307913,round_004_train_g1,train_final
1,56.0,8941.0,15360.0,74.0,69.37,1786272329.2778401,round_004_train_g1,train_final
1,50.0,8941.0,15360.0,74.0,67.69,1786272334.3221624,round_004_train_g1,train_final
1,57.0,8941.0,15360.0,74.0,69.36,1786272339.3791616,round_004_train_g1,train_final
1,63.0,8943.0,15360.0,73.0,67.59,1786272342.4748812,round_004_train_g1,train_final
0,25.0,9117.0,15360.0,76.0,42.96,1786272354.3322115,round_004_test_g0,test_final
0,62.0,9117.0,15360.0,77.0,68.0,1786272359.384294,round_004_test_g0,test_final
0,58.0,9117.0,15360.0,77.0,67.98,1786272364.4501488,round_004_test_g0,test_final
0,62.0,9117.0,15360.0,77.0,58.98,1786272369.4972787,round_004_test_g0,test_final
0,56.0,9117.0,15360.0,77.0,59.18,1786272374.5518801,round_004_test_g0,test_final
0,61.0,9117.0,15360.0,77.0,61.53,1786272379.596451,round_004_test_g0,test_final
0,59.0,9117.0,15360.0,77.0,69.05,1786272384.640508,round_004_test_g0,test_final
0,61.0,9117.0,15360.0,77.0,66.11,1786272389.683827,round_004_test_g0,test_final
0,59.0,9117.0,15360.0,77.0,69.12,1786272394.7345097,round_004_test_g0,test_final
0,57.0,9117.0,15360.0,77.0,68.4,1786272399.7810678,round_004_test_g0,test_final
0,59.0,9117.0,15360.0,77.0,68.14,1786272404.8290956,round_004_test_g0,test_final
0,60.0,9117.0,15360.0,77.0,68.61,1786272409.871739,round_004_test_g0,test_final
0,60.0,9117.0,15360.0,77.0,68.14,1786272414.9230957,round_004_test_g0,test_final
0,62.0,9117.0,15360.0,77.0,66.46,1786272419.9681206,round_004_test_g0,test_final
0,59.0,9117.0,15360.0,77.0,72.1,1786272425.012552,round_004_test_g0,test_final
0,61.0,9117.0,15360.0,77.0,68.07,1786272430.0635378,round_004_test_g0,test_final
0,60.0,9117.0,15360.0,77.0,70.38,1786272435.1090868,round_004_test_g0,test_final
0,60.0,9117.0,15360.0,77.0,69.45,1786272440.1556814,round_004_test_g0,test_final
0,58.0,9117.0,15360.0,77.0,68.18,1786272445.2004967,round_004_test_g0,test_final
0,60.0,9117.0,15360.0,77.0,60.71,1786272450.2453334,round_004_test_g0,test_final
0,61.0,9117.0,15360.0,77.0,67.54,1786272455.2868216,round_004_test_g0,test_final
0,61.0,9117.0,15360.0,77.0,69.26,1786272455.6757026,round_004_test_g0,test_final
1,0.0,8945.0,15360.0,67.0,31.09,1786272354.3265789,round_004_test_g1,test_final
1,61.0,8945.0,15360.0,70.0,68.96,1786272359.376081,round_004_test_g1,test_final
1,62.0,8945.0,15360.0,71.0,60.9,1786272364.4427643,round_004_test_g1,test_final
1,63.0,8945.0,15360.0,71.0,65.93,1786272369.4897788,round_004_test_g1,test_final
1,61.0,8945.0,15360.0,71.0,70.64,1786272374.5360682,round_004_test_g1,test_final
1,64.0,8945.0,15360.0,72.0,66.29,1786272379.5800989,round_004_test_g1,test_final
1,63.0,8945.0,15360.0,72.0,68.63,1786272384.624459,round_004_test_g1,test_final
1,63.0,8945.0,15360.0,72.0,67.8,1786272389.669158,round_004_test_g1,test_final
1,61.0,8945.0,15360.0,72.0,67.94,1786272394.7150488,round_004_test_g1,test_final
1,62.0,8945.0,15360.0,72.0,67.49,1786272399.7591448,round_004_test_g1,test_final
1,66.0,8945.0,15360.0,73.0,68.63,1786272404.8124616,round_004_test_g1,test_final
1,60.0,8945.0,15360.0,73.0,67.94,1786272409.8583064,round_004_test_g1,test_final
1,62.0,8945.0,15360.0,73.0,68.17,1786272414.907437,round_004_test_g1,test_final
1,61.0,8945.0,15360.0,73.0,67.9,1786272419.952205,round_004_test_g1,test_final
1,60.0,8945.0,15360.0,73.0,64.92,1786272424.9961498,round_004_test_g1,test_final
1,62.0,8945.0,15360.0,73.0,59.43,1786272430.0493836,round_004_test_g1,test_final
1,64.0,8945.0,15360.0,73.0,64.3,1786272435.09329,round_004_test_g1,test_final
1,61.0,8945.0,15360.0,73.0,58.35,1786272440.1374662,round_004_test_g1,test_final
1,63.0,8945.0,15360.0,73.0,66.63,1786272445.1852715,round_004_test_g1,test_final
1,61.0,8945.0,15360.0,73.0,67.98,1786272450.2313547,round_004_test_g1,test_final
1,63.0,8945.0,15360.0,73.0,47.21,1786272451.4226875,round_004_test_g1,test_final
0,29.0,9207.0,15360.0,76.0,62.12,1786272455.8907256,round_005_train_g0,train_final
0,64.0,9207.0,15360.0,77.0,66.95,1786272460.9344943,round_005_train_g0,train_final
0,63.0,9207.0,15360.0,77.0,59.73,1786272465.9766169,round_005_train_g0,train_final
0,58.0,9207.0,15360.0,77.0,58.88,1786272471.0191848,round_005_train_g0,train_final
0,58.0,9207.0,15360.0,77.0,63.34,1786272476.0607104,round_005_train_g0,train_final
0,63.0,9207.0,15360.0,77.0,60.12,1786272481.110379,round_005_train_g0,train_final
0,54.0,9207.0,15360.0,77.0,67.24,1786272486.1520298,round_005_train_g0,train_final
0,52.0,9207.0,15360.0,77.0,59.11,1786272491.1958861,round_005_train_g0,train_final
0,59.0,9207.0,15360.0,77.0,62.65,1786272496.24144,round_005_train_g0,train_final
0,62.0,9207.0,15360.0,77.0,67.87,1786272501.2817032,round_005_train_g0,train_final
0,61.0,9249.0,15360.0,77.0,60.59,1786272506.3233435,round_005_train_g0,train_final
0,55.0,9249.0,15360.0,77.0,58.13,1786272511.3661785,round_005_train_g0,train_final
0,60.0,9249.0,15360.0,77.0,66.36,1786272516.4097693,round_005_train_g0,train_final
0,50.0,9249.0,15360.0,77.0,62.89,1786272521.4544256,round_005_train_g0,train_final
0,43.0,9249.0,15360.0,76.0,64.1,1786272526.5031834,round_005_train_g0,train_final
0,56.0,9249.0,15360.0,77.0,68.42,1786272531.544134,round_005_train_g0,train_final
0,45.0,9249.0,15360.0,77.0,59.27,1786272536.5853488,round_005_train_g0,train_final
0,60.0,9385.0,15360.0,77.0,67.79,1786272541.6304874,round_005_train_g0,train_final
0,45.0,9385.0,15360.0,77.0,61.53,1786272546.6734197,round_005_train_g0,train_final
0,61.0,9385.0,15360.0,77.0,61.81,1786272551.7138007,round_005_train_g0,train_final
0,47.0,9385.0,15360.0,77.0,63.1,1786272556.7566414,round_005_train_g0,train_final
0,49.0,9385.0,15360.0,77.0,62.83,1786272561.8053532,round_005_train_g0,train_final
0,55.0,9385.0,15360.0,77.0,62.12,1786272566.8498068,round_005_train_g0,train_final
0,62.0,9385.0,15360.0,77.0,60.03,1786272571.8947482,round_005_train_g0,train_final
0,53.0,9655.0,15360.0,77.0,63.47,1786272576.9438837,round_005_train_g0,train_final
0,51.0,9655.0,15360.0,77.0,66.77,1786272581.9897325,round_005_train_g0,train_final
0,56.0,9655.0,15360.0,77.0,66.16,1786272587.0312276,round_005_train_g0,train_final
0,62.0,9655.0,15360.0,77.0,67.68,1786272592.0773609,round_005_train_g0,train_final
0,63.0,9655.0,15360.0,77.0,69.69,1786272597.1207252,round_005_train_g0,train_final
0,60.0,9655.0,15360.0,77.0,68.07,1786272602.1663957,round_005_train_g0,train_final
0,58.0,9655.0,15360.0,77.0,45.3,1786272606.7418847,round_005_train_g0,train_final
1,0.0,9045.0,15360.0,70.0,31.59,1786272455.8501043,round_005_train_g1,train_final
1,63.0,9235.0,15360.0,72.0,68.0,1786272460.8946688,round_005_train_g1,train_final
1,64.0,9235.0,15360.0,72.0,67.89,1786272465.9379122,round_005_train_g1,train_final
1,56.0,9235.0,15360.0,72.0,68.96,1786272470.9813747,round_005_train_g1,train_final
1,58.0,9435.0,15360.0,73.0,61.65,1786272476.0232441,round_005_train_g1,train_final
1,63.0,9435.0,15360.0,73.0,67.34,1786272481.0678933,round_005_train_g1,train_final
1,55.0,9435.0,15360.0,73.0,68.19,1786272486.109772,round_005_train_g1,train_final
1,55.0,9435.0,15360.0,73.0,70.29,1786272491.1545334,round_005_train_g1,train_final
1,64.0,10041.0,15360.0,73.0,61.83,1786272496.1973124,round_005_train_g1,train_final
1,63.0,10041.0,15360.0,73.0,61.44,1786272501.2401295,round_005_train_g1,train_final
1,63.0,10041.0,15360.0,73.0,65.3,1786272506.2810526,round_005_train_g1,train_final
1,56.0,10041.0,15360.0,73.0,63.61,1786272511.3218422,round_005_train_g1,train_final
1,62.0,10041.0,15360.0,73.0,70.19,1786272516.3687425,round_005_train_g1,train_final
1,64.0,10041.0,15360.0,73.0,58.75,1786272521.4141295,round_005_train_g1,train_final
1,59.0,10041.0,15360.0,73.0,70.29,1786272526.4629755,round_005_train_g1,train_final
1,60.0,10041.0,15360.0,73.0,68.49,1786272531.5070155,round_005_train_g1,train_final
1,43.0,10041.0,15360.0,73.0,55.84,1786272536.5510976,round_005_train_g1,train_final
1,64.0,10041.0,15360.0,73.0,70.53,1786272541.5927036,round_005_train_g1,train_final
1,50.0,10041.0,15360.0,73.0,66.85,1786272546.6351328,round_005_train_g1,train_final
1,63.0,10041.0,15360.0,73.0,68.0,1786272551.6828034,round_005_train_g1,train_final
1,46.0,10041.0,15360.0,73.0,63.89,1786272556.7271981,round_005_train_g1,train_final
1,49.0,10041.0,15360.0,74.0,67.0,1786272561.770828,round_005_train_g1,train_final
1,59.0,10041.0,15360.0,74.0,66.95,1786272566.8165376,round_005_train_g1,train_final
1,65.0,10041.0,15360.0,73.0,67.66,1786272571.8689897,round_005_train_g1,train_final
1,54.0,10041.0,15360.0,74.0,68.22,1786272576.9130802,round_005_train_g1,train_final
1,56.0,10041.0,15360.0,74.0,68.88,1786272581.9572554,round_005_train_g1,train_final
1,57.0,10041.0,15360.0,74.0,66.61,1786272587.0020208,round_005_train_g1,train_final
1,65.0,10041.0,15360.0,74.0,69.45,1786272592.0498798,round_005_train_g1,train_final
1,57.0,10045.0,15360.0,73.0,68.24,1786272595.269942,round_005_train_g1,train_final
0,8.0,9655.0,15360.0,75.0,42.86,1786272607.0263836,round_005_test_g0,test_final
0,62.0,9655.0,15360.0,77.0,58.06,1786272612.0767252,round_005_test_g0,test_final
0,60.0,9655.0,15360.0,77.0,60.68,1786272617.131251,round_005_test_g0,test_final
0,61.0,9655.0,15360.0,77.0,66.99,1786272622.1821814,round_005_test_g0,test_final
0,62.0,9655.0,15360.0,77.0,63.83,1786272627.2401474,round_005_test_g0,test_final
0,58.0,9655.0,15360.0,77.0,68.49,1786272632.2921004,round_005_test_g0,test_final
0,56.0,9655.0,15360.0,77.0,69.78,1786272637.3431897,round_005_test_g0,test_final
0,56.0,9655.0,15360.0,77.0,68.47,1786272642.395318,round_005_test_g0,test_final
0,58.0,9655.0,15360.0,77.0,67.06,1786272647.4484599,round_005_test_g0,test_final
0,59.0,9655.0,15360.0,77.0,68.33,1786272652.5035453,round_005_test_g0,test_final
0,61.0,9655.0,15360.0,77.0,66.61,1786272657.5571656,round_005_test_g0,test_final
0,62.0,9655.0,15360.0,77.0,58.1,1786272662.606845,round_005_test_g0,test_final
0,60.0,9655.0,15360.0,77.0,61.14,1786272667.6576927,round_005_test_g0,test_final
0,54.0,9655.0,15360.0,77.0,60.75,1786272672.709516,round_005_test_g0,test_final
0,56.0,9655.0,15360.0,77.0,66.34,1786272677.7685113,round_005_test_g0,test_final
0,61.0,9655.0,15360.0,77.0,67.77,1786272682.8225477,round_005_test_g0,test_final
0,58.0,9655.0,15360.0,77.0,69.41,1786272687.877797,round_005_test_g0,test_final
0,59.0,9655.0,15360.0,77.0,67.2,1786272692.928844,round_005_test_g0,test_final
0,61.0,9655.0,15360.0,77.0,64.4,1786272697.9789488,round_005_test_g0,test_final
0,60.0,9655.0,15360.0,77.0,68.32,1786272703.0172331,round_005_test_g0,test_final
0,61.0,9655.0,15360.0,77.0,67.63,1786272708.0591497,round_005_test_g0,test_final
0,56.0,9655.0,15360.0,77.0,69.4,1786272709.3500242,round_005_test_g0,test_final
1,0.0,10045.0,15360.0,67.0,36.88,1786272607.0279472,round_005_test_g1,test_final
1,64.0,10045.0,15360.0,70.0,64.24,1786272612.077892,round_005_test_g1,test_final
1,66.0,10045.0,15360.0,71.0,67.7,1786272617.1318426,round_005_test_g1,test_final
1,67.0,10045.0,15360.0,71.0,67.16,1786272622.1823108,round_005_test_g1,test_final
1,63.0,10045.0,15360.0,71.0,67.26,1786272627.2400694,round_005_test_g1,test_final
1,64.0,10045.0,15360.0,72.0,68.22,1786272632.2905283,round_005_test_g1,test_final
1,64.0,10045.0,15360.0,72.0,70.15,1786272637.343409,round_005_test_g1,test_final
1,60.0,10045.0,15360.0,72.0,59.6,1786272642.3962831,round_005_test_g1,test_final
1,56.0,10045.0,15360.0,72.0,57.74,1786272647.446801,round_005_test_g1,test_final
1,65.0,10045.0,15360.0,73.0,67.26,1786272652.5034118,round_005_test_g1,test_final
1,61.0,10045.0,15360.0,73.0,67.16,1786272657.5570207,round_005_test_g1,test_final
1,63.0,10045.0,15360.0,73.0,67.94,1786272662.6065881,round_005_test_g1,test_final
1,66.0,10045.0,15360.0,73.0,67.3,1786272667.660115,round_005_test_g1,test_final
1,65.0,10045.0,15360.0,73.0,65.89,1786272672.7107592,round_005_test_g1,test_final
1,64.0,10045.0,15360.0,73.0,67.02,1786272677.7682667,round_005_test_g1,test_final
1,65.0,10045.0,15360.0,73.0,58.39,1786272682.8227594,round_005_test_g1,test_final
1,63.0,10045.0,15360.0,73.0,64.51,1786272687.8787122,round_005_test_g1,test_final
1,66.0,10045.0,15360.0,73.0,68.18,1786272692.9301028,round_005_test_g1,test_final
1,64.0,10045.0,15360.0,73.0,69.27,1786272697.9802232,round_005_test_g1,test_final
1,65.0,10045.0,15360.0,73.0,56.1,1786272702.6861246,round_005_test_g1,test_final
0,0.0,9745.0,15360.0,76.0,58.76,1786272709.724038,round_006_train_g0,train_final
0,63.0,9745.0,15360.0,77.0,60.19,1786272714.7726686,round_006_train_g0,train_final
0,62.0,9745.0,15360.0,77.0,61.47,1786272719.8142495,round_006_train_g0,train_final
0,62.0,9745.0,15360.0,77.0,64.81,1786272724.8586977,round_006_train_g0,train_final
0,58.0,9745.0,15360.0,77.0,63.06,1786272729.9019094,round_006_train_g0,train_final
0,61.0,9745.0,15360.0,77.0,63.63,1786272734.9449766,round_006_train_g0,train_final
0,50.0,9745.0,15360.0,77.0,61.76,1786272739.9877388,round_006_train_g0,train_final
0,57.0,9745.0,15360.0,77.0,69.21,1786272745.0317233,round_006_train_g0,train_final
0,57.0,9745.0,15360.0,77.0,67.97,1786272750.0752196,round_006_train_g0,train_final
0,59.0,9745.0,15360.0,77.0,65.73,1786272755.1178737,round_006_train_g0,train_final
0,56.0,9787.0,15360.0,77.0,65.08,1786272760.1601548,round_006_train_g0,train_final
0,54.0,9787.0,15360.0,77.0,64.3,1786272765.204109,round_006_train_g0,train_final
0,59.0,9787.0,15360.0,77.0,70.24,1786272770.253977,round_006_train_g0,train_final
0,57.0,9787.0,15360.0,77.0,69.21,1786272775.3013678,round_006_train_g0,train_final
0,61.0,9787.0,15360.0,77.0,71.51,1786272780.34453,round_006_train_g0,train_final
0,63.0,9787.0,15360.0,77.0,69.2,1786272785.3882122,round_006_train_g0,train_final
0,63.0,9787.0,15360.0,77.0,60.94,1786272790.43665,round_006_train_g0,train_final
0,62.0,9923.0,15360.0,77.0,57.25,1786272795.4879982,round_006_train_g0,train_final
0,50.0,9923.0,15360.0,77.0,60.16,1786272800.5328698,round_006_train_g0,train_final
0,50.0,9923.0,15360.0,77.0,61.79,1786272805.581919,round_006_train_g0,train_final
0,60.0,9923.0,15360.0,77.0,72.3,1786272810.6263072,round_006_train_g0,train_final
0,61.0,9923.0,15360.0,77.0,68.71,1786272815.6714654,round_006_train_g0,train_final
0,59.0,9923.0,15360.0,77.0,65.57,1786272820.7164638,round_006_train_g0,train_final
0,47.0,9923.0,15360.0,77.0,70.33,1786272825.7620912,round_006_train_g0,train_final
0,53.0,10193.0,15360.0,77.0,70.14,1786272830.8055692,round_006_train_g0,train_final
0,49.0,10193.0,15360.0,77.0,69.4,1786272835.8524709,round_006_train_g0,train_final
0,51.0,10193.0,15360.0,77.0,61.1,1786272840.8947535,round_006_train_g0,train_final
0,60.0,10193.0,15360.0,77.0,69.2,1786272845.9379315,round_006_train_g0,train_final
0,60.0,10193.0,15360.0,77.0,68.66,1786272850.9798408,round_006_train_g0,train_final
0,62.0,10193.0,15360.0,77.0,68.89,1786272856.0197527,round_006_train_g0,train_final
0,60.0,10193.0,15360.0,77.0,70.43,1786272860.7217824,round_006_train_g0,train_final
1,0.0,10145.0,15360.0,69.0,37.77,1786272709.6858847,round_006_train_g1,train_final
1,62.0,10335.0,15360.0,71.0,65.75,1786272714.7315297,round_006_train_g1,train_final
1,63.0,10335.0,15360.0,72.0,66.2,1786272719.7775898,round_006_train_g1,train_final
1,63.0,10335.0,15360.0,72.0,68.53,1786272724.8245955,round_006_train_g1,train_final
1,64.0,10535.0,15360.0,72.0,68.15,1786272729.8687131,round_006_train_g1,train_final
1,63.0,10535.0,15360.0,72.0,69.13,1786272734.9134474,round_006_train_g1,train_final
1,53.0,10535.0,15360.0,72.0,69.96,1786272739.9601564,round_006_train_g1,train_final
1,63.0,10535.0,15360.0,73.0,65.36,1786272745.0047712,round_006_train_g1,train_final
1,63.0,11141.0,15360.0,73.0,65.44,1786272750.0529654,round_006_train_g1,train_final
1,57.0,11141.0,15360.0,73.0,66.18,1786272755.097471,round_006_train_g1,train_final
1,62.0,11141.0,15360.0,73.0,65.4,1786272760.1432781,round_006_train_g1,train_final
1,64.0,11141.0,15360.0,73.0,61.43,1786272765.191427,round_006_train_g1,train_final
1,63.0,11141.0,15360.0,73.0,71.08,1786272770.2398891,round_006_train_g1,train_final
1,60.0,11141.0,15360.0,73.0,65.08,1786272775.284536,round_006_train_g1,train_final
1,64.0,11141.0,15360.0,73.0,67.96,1786272780.3297865,round_006_train_g1,train_final
1,62.0,11141.0,15360.0,73.0,69.45,1786272785.3722808,round_006_train_g1,train_final
1,63.0,11141.0,15360.0,73.0,60.15,1786272790.4174168,round_006_train_g1,train_final
1,62.0,11141.0,15360.0,73.0,63.93,1786272795.4664512,round_006_train_g1,train_final
1,55.0,11141.0,15360.0,73.0,66.02,1786272800.5100799,round_006_train_g1,train_final
1,51.0,11141.0,15360.0,73.0,64.1,1786272805.5575073,round_006_train_g1,train_final
1,63.0,11141.0,15360.0,73.0,69.37,1786272810.6052167,round_006_train_g1,train_final
1,64.0,11141.0,15360.0,73.0,67.75,1786272815.6522703,round_006_train_g1,train_final
1,61.0,11141.0,15360.0,73.0,67.41,1786272820.696785,round_006_train_g1,train_final
1,54.0,11141.0,15360.0,74.0,69.62,1786272825.7390592,round_006_train_g1,train_final
1,61.0,11141.0,15360.0,74.0,66.67,1786272830.7854009,round_006_train_g1,train_final
1,47.0,11141.0,15360.0,73.0,60.22,1786272835.8311863,round_006_train_g1,train_final
1,57.0,11141.0,15360.0,73.0,67.35,1786272840.8756955,round_006_train_g1,train_final
1,65.0,11141.0,15360.0,74.0,58.59,1786272845.9202006,round_006_train_g1,train_final
1,62.0,11145.0,15360.0,73.0,51.51,1786272849.1683075,round_006_train_g1,train_final
0,3.0,10193.0,15360.0,76.0,42.76,1786272861.004239,round_006_test_g0,test_final
0,60.0,10193.0,15360.0,77.0,69.29,1786272866.053933,round_006_test_g0,test_final
0,57.0,10193.0,15360.0,77.0,67.04,1786272871.1106284,round_006_test_g0,test_final
0,57.0,10193.0,15360.0,77.0,69.31,1786272876.1646369,round_006_test_g0,test_final
0,59.0,10193.0,15360.0,77.0,70.52,1786272881.217727,round_006_test_g0,test_final
0,56.0,10193.0,15360.0,77.0,66.46,1786272886.2643657,round_006_test_g0,test_final
0,58.0,10193.0,15360.0,77.0,67.32,1786272891.3109891,round_006_test_g0,test_final
0,60.0,10193.0,15360.0,77.0,69.31,1786272896.3687375,round_006_test_g0,test_final
0,56.0,10193.0,15360.0,77.0,59.41,1786272901.423776,round_006_test_g0,test_final
0,47.0,10193.0,15360.0,77.0,53.91,1786272906.5017238,round_006_test_g0,test_final
0,60.0,10193.0,15360.0,77.0,62.16,1786272911.5462766,round_006_test_g0,test_final
0,46.0,10193.0,15360.0,77.0,70.19,1786272916.5911946,round_006_test_g0,test_final
0,61.0,10193.0,15360.0,77.0,69.41,1786272921.6348867,round_006_test_g0,test_final
0,48.0,10193.0,15360.0,77.0,67.49,1786272926.6808596,round_006_test_g0,test_final
0,59.0,10193.0,15360.0,77.0,69.85,1786272931.724509,round_006_test_g0,test_final
0,56.0,10193.0,15360.0,77.0,67.21,1786272936.7690647,round_006_test_g0,test_final
0,56.0,10193.0,15360.0,77.0,69.99,1786272941.8153813,round_006_test_g0,test_final
0,58.0,10193.0,15360.0,77.0,68.53,1786272946.8620944,round_006_test_g0,test_final
0,59.0,10193.0,15360.0,77.0,67.41,1786272951.9114323,round_006_test_g0,test_final
0,59.0,10193.0,15360.0,77.0,69.31,1786272956.956457,round_006_test_g0,test_final
0,62.0,10193.0,15360.0,77.0,69.69,1786272961.9961648,round_006_test_g0,test_final
0,53.0,10193.0,15360.0,77.0,44.34,1786272962.3231618,round_006_test_g0,test_final
1,0.0,11145.0,15360.0,67.0,31.09,1786272861.0062032,round_006_test_g1,test_final
1,61.0,11145.0,15360.0,70.0,69.59,1786272866.053142,round_006_test_g1,test_final
1,61.0,11145.0,15360.0,71.0,70.64,1786272871.1104515,round_006_test_g1,test_final
1,60.0,11145.0,15360.0,71.0,70.05,1786272876.1633751,round_006_test_g1,test_final
1,60.0,11145.0,15360.0,71.0,68.24,1786272881.2168393,round_006_test_g1,test_final
1,58.0,11145.0,15360.0,72.0,68.39,1786272886.2642207,round_006_test_g1,test_final
1,58.0,11145.0,15360.0,72.0,67.47,1786272891.3125844,round_006_test_g1,test_final
1,64.0,11145.0,15360.0,72.0,57.86,1786272896.3698027,round_006_test_g1,test_final
1,54.0,11145.0,15360.0,72.0,59.11,1786272901.4236665,round_006_test_g1,test_final
1,53.0,11145.0,15360.0,72.0,60.08,1786272906.483549,round_006_test_g1,test_final
1,58.0,11145.0,15360.0,73.0,68.92,1786272911.5275147,round_006_test_g1,test_final
1,49.0,11145.0,15360.0,73.0,63.75,1786272916.5717888,round_006_test_g1,test_final
1,61.0,11145.0,15360.0,73.0,67.89,1786272921.6170166,round_006_test_g1,test_final
1,49.0,11145.0,15360.0,73.0,71.81,1786272926.664677,round_006_test_g1,test_final
1,61.0,11145.0,15360.0,73.0,68.42,1786272931.7098396,round_006_test_g1,test_final
1,55.0,11145.0,15360.0,73.0,66.43,1786272936.7534704,round_006_test_g1,test_final
1,53.0,11145.0,15360.0,73.0,68.86,1786272941.8019893,round_006_test_g1,test_final
1,60.0,11145.0,15360.0,73.0,69.42,1786272946.8495836,round_006_test_g1,test_final
1,64.0,11145.0,15360.0,73.0,66.42,1786272951.893184,round_006_test_g1,test_final
1,64.0,11145.0,15360.0,73.0,66.78,1786272956.9370687,round_006_test_g1,test_final
1,63.0,11145.0,15360.0,73.0,67.58,1786272959.4312625,round_006_test_g1,test_final
0,3.0,10283.0,15360.0,76.0,64.91,1786272962.5300589,round_007_train_g0,train_final
0,51.0,10283.0,15360.0,77.0,67.94,1786272967.5721188,round_007_train_g0,train_final
0,59.0,10283.0,15360.0,77.0,61.57,1786272972.6138268,round_007_train_g0,train_final
0,59.0,10283.0,15360.0,77.0,61.86,1786272977.6531682,round_007_train_g0,train_final
0,55.0,10283.0,15360.0,77.0,58.0,1786272982.6952791,round_007_train_g0,train_final
0,62.0,10283.0,15360.0,77.0,61.7,1786272987.7362154,round_007_train_g0,train_final
0,58.0,10283.0,15360.0,77.0,55.05,1786272992.7813733,round_007_train_g0,train_final
0,61.0,10283.0,15360.0,77.0,59.76,1786272997.8249333,round_007_train_g0,train_final
0,62.0,10283.0,15360.0,77.0,63.95,1786273002.8661056,round_007_train_g0,train_final
0,57.0,10283.0,15360.0,77.0,63.75,1786273007.90859,round_007_train_g0,train_final
0,53.0,10283.0,15360.0,77.0,67.83,1786273012.9515367,round_007_train_g0,train_final
0,62.0,10283.0,15360.0,77.0,69.1,1786273017.9951255,round_007_train_g0,train_final
0,61.0,10283.0,15360.0,77.0,70.53,1786273023.041189,round_007_train_g0,train_final
0,51.0,10283.0,15360.0,77.0,67.81,1786273028.0821013,round_007_train_g0,train_final
0,61.0,10283.0,15360.0,77.0,67.28,1786273033.1229389,round_007_train_g0,train_final
0,55.0,10283.0,15360.0,77.0,68.12,1786273038.1663575,round_007_train_g0,train_final
0,59.0,10283.0,15360.0,77.0,68.91,1786273043.2136035,round_007_train_g0,train_final
0,63.0,10419.0,15360.0,77.0,68.22,1786273048.257559,round_007_train_g0,train_final
0,54.0,10419.0,15360.0,77.0,64.16,1786273053.3085,round_007_train_g0,train_final
0,59.0,10419.0,15360.0,77.0,60.98,1786273058.3525252,round_007_train_g0,train_final
0,50.0,10419.0,15360.0,77.0,64.93,1786273063.3964257,round_007_train_g0,train_final
0,62.0,10419.0,15360.0,77.0,68.24,1786273068.456811,round_007_train_g0,train_final
0,53.0,10419.0,15360.0,77.0,69.02,1786273073.506381,round_007_train_g0,train_final
0,62.0,10419.0,15360.0,77.0,69.96,1786273078.55147,round_007_train_g0,train_final
0,58.0,10689.0,15360.0,77.0,69.16,1786273083.6005864,round_007_train_g0,train_final
0,46.0,10689.0,15360.0,77.0,65.12,1786273088.64552,round_007_train_g0,train_final
0,60.0,10689.0,15360.0,77.0,57.77,1786273093.689897,round_007_train_g0,train_final
0,49.0,10689.0,15360.0,77.0,66.79,1786273098.7327402,round_007_train_g0,train_final
0,64.0,10689.0,15360.0,77.0,68.36,1786273103.7709124,round_007_train_g0,train_final
0,63.0,10689.0,15360.0,77.0,67.38,1786273108.8102243,round_007_train_g0,train_final
0,62.0,10689.0,15360.0,77.0,64.24,1786273113.8510563,round_007_train_g0,train_final
0,57.0,10689.0,15360.0,76.0,68.81,1786273114.8366613,round_007_train_g0,train_final
1,3.0,11245.0,15360.0,70.0,38.74,1786272962.4860659,round_007_train_g1,train_final
1,57.0,11435.0,15360.0,72.0,65.52,1786272967.528045,round_007_train_g1,train_final
1,65.0,11435.0,15360.0,73.0,64.18,1786272972.5687995,round_007_train_g1,train_final
1,59.0,11435.0,15360.0,73.0,66.12,1786272977.6128955,round_007_train_g1,train_final
1,57.0,11635.0,15360.0,73.0,58.74,1786272982.656399,round_007_train_g1,train_final
1,65.0,11635.0,15360.0,73.0,68.82,1786272987.7018833,round_007_train_g1,train_final
1,64.0,11635.0,15360.0,73.0,67.26,1786272992.748786,round_007_train_g1,train_final
1,61.0,11635.0,15360.0,73.0,67.7,1786272997.7951136,round_007_train_g1,train_final
1,64.0,12241.0,15360.0,73.0,69.65,1786273002.837643,round_007_train_g1,train_final
1,63.0,12241.0,15360.0,73.0,67.0,1786273007.884655,round_007_train_g1,train_final
1,62.0,12241.0,15360.0,73.0,66.43,1786273012.9269054,round_007_train_g1,train_final
1,64.0,12241.0,15360.0,73.0,69.51,1786273017.9718947,round_007_train_g1,train_final
1,62.0,12241.0,15360.0,73.0,68.49,1786273023.0149844,round_007_train_g1,train_final
1,60.0,12241.0,15360.0,73.0,63.71,1786273028.0598693,round_007_train_g1,train_final
1,62.0,12241.0,15360.0,73.0,65.12,1786273033.1028786,round_007_train_g1,train_final
1,53.0,12241.0,15360.0,73.0,69.45,1786273038.1509852,round_007_train_g1,train_final
1,57.0,12241.0,15360.0,73.0,68.58,1786273043.1975112,round_007_train_g1,train_final
1,64.0,12241.0,15360.0,73.0,66.92,1786273048.2422578,round_007_train_g1,train_final
1,61.0,12241.0,15360.0,73.0,68.6,1786273053.2922184,round_007_train_g1,train_final
1,61.0,12241.0,15360.0,73.0,61.97,1786273058.3393862,round_007_train_g1,train_final
1,52.0,12241.0,15360.0,73.0,67.4,1786273063.3903425,round_007_train_g1,train_final
1,65.0,12241.0,15360.0,73.0,67.61,1786273068.447503,round_007_train_g1,train_final
1,51.0,12241.0,15360.0,73.0,69.27,1786273073.4939387,round_007_train_g1,train_final
1,65.0,12241.0,15360.0,73.0,67.84,1786273078.5365696,round_007_train_g1,train_final
1,59.0,12241.0,15360.0,74.0,68.54,1786273083.5808463,round_007_train_g1,train_final
1,48.0,12241.0,15360.0,74.0,64.51,1786273088.6246407,round_007_train_g1,train_final
1,63.0,12241.0,15360.0,74.0,68.33,1786273093.6680946,round_007_train_g1,train_final
1,53.0,12241.0,15360.0,73.0,61.75,1786273098.7143512,round_007_train_g1,train_final
1,55.0,12245.0,15360.0,73.0,43.62,1786273103.3451157,round_007_train_g1,train_final
0,0.0,10689.0,15360.0,75.0,42.69,1786273115.107312,round_007_test_g0,test_final
0,59.0,10689.0,15360.0,77.0,69.16,1786273120.158082,round_007_test_g0,test_final
0,59.0,10689.0,15360.0,77.0,67.87,1786273125.2094734,round_007_test_g0,test_final
0,60.0,10689.0,15360.0,77.0,66.47,1786273130.263714,round_007_test_g0,test_final
0,57.0,10689.0,15360.0,77.0,68.38,1786273135.3175943,round_007_test_g0,test_final
0,51.0,10689.0,15360.0,77.0,61.14,1786273140.3653612,round_007_test_g0,test_final
0,59.0,10689.0,15360.0,77.0,62.42,1786273145.4225397,round_007_test_g0,test_final
0,60.0,10689.0,15360.0,77.0,65.79,1786273150.4796543,round_007_test_g0,test_final
0,60.0,10689.0,15360.0,77.0,66.71,1786273155.5313454,round_007_test_g0,test_final
0,61.0,10689.0,15360.0,77.0,68.57,1786273160.5927508,round_007_test_g0,test_final
0,54.0,10689.0,15360.0,77.0,66.02,1786273165.6418297,round_007_test_g0,test_final
0,57.0,10689.0,15360.0,77.0,66.46,1786273170.6917999,round_007_test_g0,test_final
0,60.0,10689.0,15360.0,77.0,69.65,1786273175.744028,round_007_test_g0,test_final
0,58.0,10689.0,15360.0,77.0,70.48,1786273180.7943904,round_007_test_g0,test_final
0,61.0,10689.0,15360.0,77.0,65.16,1786273185.848385,round_007_test_g0,test_final
0,61.0,10689.0,15360.0,77.0,60.08,1786273190.896828,round_007_test_g0,test_final
0,62.0,10689.0,15360.0,77.0,62.77,1786273195.9525616,round_007_test_g0,test_final
0,61.0,10689.0,15360.0,77.0,66.89,1786273201.0037282,round_007_test_g0,test_final
0,60.0,10689.0,15360.0,77.0,69.26,1786273206.0544097,round_007_test_g0,test_final
0,60.0,10689.0,15360.0,77.0,66.56,1786273211.1088266,round_007_test_g0,test_final
0,60.0,10689.0,15360.0,77.0,70.07,1786273216.1502814,round_007_test_g0,test_final
0,62.0,10689.0,15360.0,76.0,55.68,1786273216.5135198,round_007_test_g0,test_final
1,0.0,12245.0,15360.0,67.0,30.99,1786273115.105957,round_007_test_g1,test_final
1,63.0,12245.0,15360.0,70.0,68.91,1786273120.156814,round_007_test_g1,test_final
1,63.0,12245.0,15360.0,70.0,66.33,1786273125.2093651,round_007_test_g1,test_final
1,65.0,12245.0,15360.0,71.0,66.63,1786273130.2620838,round_007_test_g1,test_final
1,59.0,12245.0,15360.0,71.0,69.52,1786273135.3204584,round_007_test_g1,test_final
1,62.0,12245.0,15360.0,72.0,60.22,1786273140.3673325,round_007_test_g1,test_final
1,64.0,12245.0,15360.0,72.0,58.87,1786273145.4225514,round_007_test_g1,test_final
1,65.0,12245.0,15360.0,72.0,68.03,1786273150.4796565,round_007_test_g1,test_final
1,60.0,12245.0,15360.0,72.0,70.25,1786273155.5313146,round_007_test_g1,test_final
1,64.0,12245.0,15360.0,72.0,67.98,1786273160.5918987,round_007_test_g1,test_final
1,60.0,12245.0,15360.0,72.0,66.69,1786273165.6406646,round_007_test_g1,test_final
1,56.0,12245.0,15360.0,73.0,68.29,1786273170.6924593,round_007_test_g1,test_final
1,61.0,12245.0,15360.0,73.0,68.78,1786273175.7426412,round_007_test_g1,test_final
1,61.0,12245.0,15360.0,73.0,59.3,1786273180.7943451,round_007_test_g1,test_final
1,62.0,12245.0,15360.0,73.0,61.49,1786273185.846932,round_007_test_g1,test_final
1,61.0,12245.0,15360.0,73.0,67.86,1786273190.8972764,round_007_test_g1,test_final
1,64.0,12245.0,15360.0,73.0,68.72,1786273195.9536219,round_007_test_g1,test_final
1,61.0,12245.0,15360.0,73.0,69.9,1786273201.0037084,round_007_test_g1,test_final
1,65.0,12245.0,15360.0,73.0,69.41,1786273206.0541818,round_007_test_g1,test_final
1,63.0,12245.0,15360.0,73.0,67.63,1786273211.1115808,round_007_test_g1,test_final
1,66.0,12245.0,15360.0,73.0,66.38,1786273212.0770237,round_007_test_g1,test_final
0,7.0,10779.0,15360.0,76.0,46.24,1786273216.7074847,round_008_train_g0,train_final
0,65.0,10779.0,15360.0,77.0,61.76,1786273221.7543075,round_008_train_g0,train_final
0,59.0,10779.0,15360.0,77.0,62.12,1786273226.798113,round_008_train_g0,train_final
0,64.0,10779.0,15360.0,77.0,60.9,1786273231.8425362,round_008_train_g0,train_final
0,64.0,10779.0,15360.0,76.0,65.46,1786273236.8888867,round_008_train_g0,train_final
0,63.0,10779.0,15360.0,77.0,61.35,1786273241.9307184,round_008_train_g0,train_final
0,65.0,10779.0,15360.0,77.0,62.35,1786273246.9754496,round_008_train_g0,train_final
0,61.0,10779.0,15360.0,77.0,70.18,1786273252.024737,round_008_train_g0,train_final
0,57.0,10779.0,15360.0,77.0,69.26,1786273257.0679014,round_008_train_g0,train_final
0,58.0,10779.0,15360.0,77.0,70.04,1786273262.10797,round_008_train_g0,train_final
0,51.0,10779.0,15360.0,77.0,70.24,1786273267.1505952,round_008_train_g0,train_final
0,63.0,10779.0,15360.0,77.0,64.89,1786273272.1937704,round_008_train_g0,train_final
0,51.0,10779.0,15360.0,77.0,68.04,1786273277.2399147,round_008_train_g0,train_final
0,61.0,10779.0,15360.0,77.0,67.93,1786273282.2827847,round_008_train_g0,train_final
0,44.0,10779.0,15360.0,77.0,63.28,1786273287.3266575,round_008_train_g0,train_final
0,61.0,10779.0,15360.0,77.0,65.52,1786273292.3710513,round_008_train_g0,train_final
0,62.0,10779.0,15360.0,77.0,58.72,1786273297.415752,round_008_train_g0,train_final
0,57.0,10915.0,15360.0,77.0,60.23,1786273302.4634376,round_008_train_g0,train_final
0,59.0,10915.0,15360.0,77.0,61.79,1786273307.5099676,round_008_train_g0,train_final
0,60.0,10915.0,15360.0,77.0,61.08,1786273312.558233,round_008_train_g0,train_final
0,52.0,10915.0,15360.0,77.0,63.95,1786273317.601649,round_008_train_g0,train_final
0,60.0,10915.0,15360.0,77.0,64.38,1786273322.6457937,round_008_train_g0,train_final
0,60.0,10915.0,15360.0,77.0,66.2,1786273327.6921873,round_008_train_g0,train_final
0,43.0,10915.0,15360.0,77.0,60.06,1786273332.737904,round_008_train_g0,train_final
0,59.0,11185.0,15360.0,77.0,70.52,1786273337.7877245,round_008_train_g0,train_final
0,48.0,11185.0,15360.0,77.0,65.97,1786273342.8337154,round_008_train_g0,train_final
0,46.0,11185.0,15360.0,77.0,67.07,1786273347.8764923,round_008_train_g0,train_final
0,60.0,11185.0,15360.0,77.0,62.29,1786273352.9219751,round_008_train_g0,train_final
0,61.0,11185.0,15360.0,77.0,63.4,1786273357.9634447,round_008_train_g0,train_final
0,62.0,11185.0,15360.0,77.0,66.65,1786273363.0075705,round_008_train_g0,train_final
0,63.0,11185.0,15360.0,77.0,70.43,1786273368.0507395,round_008_train_g0,train_final
0,63.0,11185.0,15360.0,77.0,44.14,1786273368.3580675,round_008_train_g0,train_final
1,0.0,12345.0,15360.0,69.0,31.59,1786273216.6748486,round_008_train_g1,train_final
1,64.0,12383.0,15360.0,72.0,68.14,1786273221.7198136,round_008_train_g1,train_final
1,51.0,12383.0,15360.0,72.0,69.61,1786273226.7616458,round_008_train_g1,train_final
1,60.0,12383.0,15360.0,72.0,69.61,1786273231.807266,round_008_train_g1,train_final
1,61.0,12423.0,15360.0,72.0,69.37,1786273236.8497837,round_008_train_g1,train_final
1,62.0,12423.0,15360.0,73.0,63.77,1786273241.9001231,round_008_train_g1,train_final
1,64.0,12423.0,15360.0,73.0,64.34,1786273246.9487271,round_008_train_g1,train_final
1,65.0,12423.0,15360.0,73.0,69.02,1786273251.9913106,round_008_train_g1,train_final
1,51.0,13015.0,15360.0,73.0,67.65,1786273257.0348394,round_008_train_g1,train_final
1,62.0,13015.0,15360.0,73.0,68.4,1786273262.0784018,round_008_train_g1,train_final
1,53.0,13015.0,15360.0,73.0,68.39,1786273267.1208265,round_008_train_g1,train_final
1,64.0,13015.0,15360.0,73.0,69.27,1786273272.1697478,round_008_train_g1,train_final
1,54.0,13015.0,15360.0,73.0,70.78,1786273277.2154984,round_008_train_g1,train_final
1,64.0,13015.0,15360.0,73.0,60.51,1786273282.261288,round_008_train_g1,train_final
1,49.0,13015.0,15360.0,73.0,61.55,1786273287.3058712,round_008_train_g1,train_final
1,59.0,13015.0,15360.0,73.0,65.44,1786273292.3505588,round_008_train_g1,train_final
1,64.0,13015.0,15360.0,73.0,62.04,1786273297.3981059,round_008_train_g1,train_final
1,58.0,13015.0,15360.0,73.0,62.63,1786273302.440477,round_008_train_g1,train_final
1,64.0,13015.0,15360.0,73.0,68.25,1786273307.486005,round_008_train_g1,train_final
1,62.0,13015.0,15360.0,73.0,67.65,1786273312.5297585,round_008_train_g1,train_final
1,53.0,13015.0,15360.0,73.0,70.69,1786273317.5746582,round_008_train_g1,train_final
1,63.0,13015.0,15360.0,73.0,67.82,1786273322.6261396,round_008_train_g1,train_final
1,64.0,13015.0,15360.0,74.0,68.63,1786273327.6756554,round_008_train_g1,train_final
1,48.0,13015.0,15360.0,73.0,63.61,1786273332.7242405,round_008_train_g1,train_final
1,63.0,13015.0,15360.0,74.0,65.48,1786273337.7738647,round_008_train_g1,train_final
1,51.0,13015.0,15360.0,74.0,68.31,1786273342.8195448,round_008_train_g1,train_final
1,47.0,13015.0,15360.0,73.0,61.3,1786273347.8622448,round_008_train_g1,train_final
1,61.0,13015.0,15360.0,74.0,70.64,1786273352.910792,round_008_train_g1,train_final
1,45.0,13019.0,15360.0,73.0,45.96,1786273356.7053387,round_008_train_g1,train_final
0,0.0,11185.0,15360.0,75.0,42.86,1786273368.6415603,round_008_test_g0,test_final
0,61.0,11185.0,15360.0,77.0,66.08,1786273373.6913834,round_008_test_g0,test_final
0,63.0,11185.0,15360.0,77.0,69.36,1786273378.7386582,round_008_test_g0,test_final
0,63.0,11185.0,15360.0,77.0,64.18,1786273383.7908533,round_008_test_g0,test_final
0,58.0,11185.0,15360.0,77.0,60.41,1786273388.8500843,round_008_test_g0,test_final
0,58.0,11185.0,15360.0,77.0,66.61,1786273393.9054935,round_008_test_g0,test_final
0,59.0,11185.0,15360.0,77.0,66.56,1786273398.955438,round_008_test_g0,test_final
0,61.0,11185.0,15360.0,77.0,68.52,1786273404.0102952,round_008_test_g0,test_final
0,59.0,11185.0,15360.0,77.0,69.02,1786273409.059063,round_008_test_g0,test_final
0,63.0,11185.0,15360.0,77.0,69.94,1786273414.1094902,round_008_test_g0,test_final
0,63.0,11185.0,15360.0,77.0,70.05,1786273419.1632044,round_008_test_g0,test_final
0,60.0,11185.0,15360.0,77.0,57.31,1786273424.2267244,round_008_test_g0,test_final
0,58.0,11185.0,15360.0,77.0,62.57,1786273429.2768083,round_008_test_g0,test_final
0,60.0,11185.0,15360.0,77.0,64.36,1786273434.33044,round_008_test_g0,test_final
0,58.0,11185.0,15360.0,77.0,70.08,1786273439.3834505,round_008_test_g0,test_final
0,62.0,11185.0,15360.0,76.0,70.04,1786273444.4320636,round_008_test_g0,test_final
0,56.0,11185.0,15360.0,76.0,69.51,1786273449.487155,round_008_test_g0,test_final
0,61.0,11185.0,15360.0,76.0,68.32,1786273454.5399876,round_008_test_g0,test_final
0,59.0,11185.0,15360.0,76.0,69.7,1786273459.5910034,round_008_test_g0,test_final
0,60.0,11185.0,15360.0,76.0,67.98,1786273464.6471071,round_008_test_g0,test_final
0,62.0,11185.0,15360.0,76.0,69.7,1786273469.110343,round_008_test_g0,test_final
1,0.0,13019.0,15360.0,67.0,35.82,1786273368.6432385,round_008_test_g1,test_final
1,61.0,13019.0,15360.0,70.0,69.8,1786273373.6910386,round_008_test_g1,test_final
1,65.0,13019.0,15360.0,71.0,67.26,1786273378.740101,round_008_test_g1,test_final
1,64.0,13019.0,15360.0,71.0,68.78,1786273383.7906513,round_008_test_g1,test_final
1,62.0,13019.0,15360.0,72.0,67.51,1786273388.8493087,round_008_test_g1,test_final
1,66.0,13019.0,15360.0,72.0,59.68,1786273393.908539,round_008_test_g1,test_final
1,66.0,13019.0,15360.0,72.0,58.76,1786273398.957595,round_008_test_g1,test_final
1,63.0,13019.0,15360.0,72.0,59.53,1786273404.010138,round_008_test_g1,test_final
1,58.0,13019.0,15360.0,72.0,68.7,1786273409.057701,round_008_test_g1,test_final
1,61.0,13019.0,15360.0,72.0,68.58,1786273414.1078806,round_008_test_g1,test_final
1,60.0,13019.0,15360.0,72.0,67.35,1786273419.163267,round_008_test_g1,test_final
1,61.0,13019.0,15360.0,73.0,70.35,1786273424.2262619,round_008_test_g1,test_final
1,62.0,13019.0,15360.0,73.0,68.04,1786273429.2774894,round_008_test_g1,test_final
1,62.0,13019.0,15360.0,73.0,61.36,1786273434.3303938,round_008_test_g1,test_final
1,64.0,13019.0,15360.0,73.0,60.61,1786273439.3828273,round_008_test_g1,test_final
1,62.0,13019.0,15360.0,73.0,68.38,1786273444.4321964,round_008_test_g1,test_final
1,63.0,13019.0,15360.0,73.0,68.28,1786273449.488512,round_008_test_g1,test_final
1,66.0,13019.0,15360.0,73.0,68.1,1786273454.5410266,round_008_test_g1,test_final
1,64.0,13019.0,15360.0,73.0,70.39,1786273459.5910985,round_008_test_g1,test_final
1,65.0,13019.0,15360.0,73.0,68.57,1786273464.6471543,round_008_test_g1,test_final
1,58.0,13019.0,15360.0,73.0,65.53,1786273464.7853675,round_008_test_g1,test_final
0,25.0,11275.0,15360.0,75.0,42.56,1786273469.3154538,round_009_train_g0,train_final
0,62.0,11275.0,15360.0,76.0,60.22,1786273474.3643804,round_009_train_g0,train_final
0,48.0,11275.0,15360.0,77.0,63.51,1786273479.406447,round_009_train_g0,train_final
0,62.0,11275.0,15360.0,77.0,67.69,1786273484.449173,round_009_train_g0,train_final
0,61.0,11275.0,15360.0,77.0,69.51,1786273489.4916406,round_009_train_g0,train_final
0,63.0,11275.0,15360.0,77.0,67.93,1786273494.5333076,round_009_train_g0,train_final
0,65.0,11275.0,15360.0,77.0,68.08,1786273499.5761907,round_009_train_g0,train_final
0,63.0,11275.0,15360.0,77.0,70.04,1786273504.6194768,round_009_train_g0,train_final
0,51.0,11275.0,15360.0,77.0,70.04,1786273509.6627495,round_009_train_g0,train_final
0,63.0,11275.0,15360.0,77.0,67.04,1786273514.7050505,round_009_train_g0,train_final
0,51.0,11275.0,15360.0,77.0,60.45,1786273519.747137,round_009_train_g0,train_final
0,61.0,11275.0,15360.0,77.0,70.87,1786273524.7934387,round_009_train_g0,train_final
0,63.0,11275.0,15360.0,77.0,61.43,1786273529.8354838,round_009_train_g0,train_final
0,49.0,11275.0,15360.0,77.0,56.62,1786273534.880639,round_009_train_g0,train_final
0,56.0,11275.0,15360.0,77.0,62.79,1786273539.9245539,round_009_train_g0,train_final
0,57.0,11275.0,15360.0,77.0,62.08,1786273544.9691563,round_009_train_g0,train_final
0,47.0,11275.0,15360.0,77.0,62.67,1786273550.0144908,round_009_train_g0,train_final
0,47.0,11411.0,15360.0,77.0,62.83,1786273555.059436,round_009_train_g0,train_final
0,57.0,11411.0,15360.0,77.0,64.42,1786273560.1048043,round_009_train_g0,train_final
0,59.0,11411.0,15360.0,77.0,63.0,1786273565.1499221,round_009_train_g0,train_final
0,62.0,11411.0,15360.0,77.0,67.97,1786273570.1927876,round_009_train_g0,train_final
0,62.0,11411.0,15360.0,77.0,68.52,1786273575.242402,round_009_train_g0,train_final
0,61.0,11411.0,15360.0,77.0,68.96,1786273580.2890556,round_009_train_g0,train_final
0,53.0,11411.0,15360.0,77.0,71.41,1786273585.334488,round_009_train_g0,train_final
0,61.0,11681.0,15360.0,77.0,72.49,1786273590.3868372,round_009_train_g0,train_final
0,60.0,11681.0,15360.0,77.0,70.39,1786273595.4313264,round_009_train_g0,train_final
0,63.0,11681.0,15360.0,77.0,58.07,1786273600.4763217,round_009_train_g0,train_final
0,62.0,11681.0,15360.0,77.0,60.55,1786273605.528261,round_009_train_g0,train_final
0,61.0,11681.0,15360.0,77.0,66.75,1786273610.5704544,round_009_train_g0,train_final
0,62.0,11681.0,15360.0,77.0,69.65,1786273615.610083,round_009_train_g0,train_final
0,60.0,11681.0,15360.0,77.0,68.18,1786273620.6580634,round_009_train_g0,train_final
0,60.0,11681.0,15360.0,77.0,68.18,1786273620.6989567,round_009_train_g0,train_final
1,0.0,13119.0,15360.0,69.0,35.9,1786273469.278957,round_009_train_g1,train_final
1,60.0,13155.0,15360.0,72.0,67.51,1786273474.3264487,round_009_train_g1,train_final
1,49.0,13155.0,15360.0,72.0,63.05,1786273479.36758,round_009_train_g1,train_final
1,61.0,13155.0,15360.0,72.0,69.86,1786273484.4105968,round_009_train_g1,train_final
1,63.0,13195.0,15360.0,72.0,67.8,1786273489.4558709,round_009_train_g1,train_final
1,65.0,13195.0,15360.0,73.0,67.94,1786273494.4985693,round_009_train_g1,train_final
1,64.0,13195.0,15360.0,73.0,68.77,1786273499.5421002,round_009_train_g1,train_final
1,65.0,13195.0,15360.0,73.0,68.39,1786273504.5853133,round_009_train_g1,train_final
1,51.0,13787.0,15360.0,73.0,68.99,1786273509.630236,round_009_train_g1,train_final
1,64.0,13787.0,15360.0,73.0,61.55,1786273514.6710124,round_009_train_g1,train_final
1,54.0,13787.0,15360.0,73.0,62.97,1786273519.7144248,round_009_train_g1,train_final
1,65.0,13787.0,15360.0,73.0,69.21,1786273524.759812,round_009_train_g1,train_final
1,64.0,13787.0,15360.0,73.0,67.51,1786273529.8038,round_009_train_g1,train_final
1,51.0,13787.0,15360.0,73.0,68.33,1786273534.8516583,round_009_train_g1,train_final
1,61.0,13787.0,15360.0,73.0,68.42,1786273539.8979552,round_009_train_g1,train_final
1,64.0,13787.0,15360.0,74.0,69.75,1786273544.9436758,round_009_train_g1,train_final
1,51.0,13787.0,15360.0,73.0,66.91,1786273549.986453,round_009_train_g1,train_final
1,62.0,13787.0,15360.0,73.0,70.4,1786273555.0326738,round_009_train_g1,train_final
1,53.0,13787.0,15360.0,73.0,59.53,1786273560.0821688,round_009_train_g1,train_final
1,61.0,13787.0,15360.0,74.0,62.16,1786273565.1295435,round_009_train_g1,train_final
1,63.0,13787.0,15360.0,73.0,61.79,1786273570.1783528,round_009_train_g1,train_final
1,65.0,13787.0,15360.0,74.0,68.98,1786273575.228957,round_009_train_g1,train_final
1,64.0,13787.0,15360.0,74.0,69.03,1786273580.2725787,round_009_train_g1,train_final
1,55.0,13787.0,15360.0,74.0,72.21,1786273585.3242493,round_009_train_g1,train_final
1,64.0,13787.0,15360.0,74.0,70.26,1786273590.371133,round_009_train_g1,train_final
1,63.0,13787.0,15360.0,74.0,68.05,1786273595.41691,round_009_train_g1,train_final
1,63.0,13787.0,15360.0,74.0,62.08,1786273600.4657798,round_009_train_g1,train_final
1,64.0,13787.0,15360.0,74.0,65.14,1786273605.516215,round_009_train_g1,train_final
1,61.0,13791.0,15360.0,73.0,61.52,1786273609.2540078,round_009_train_g1,train_final
0,0.0,11681.0,15360.0,76.0,42.96,1786273620.976885,round_009_test_g0,test_final
0,60.0,11681.0,15360.0,77.0,71.4,1786273626.0251172,round_009_test_g0,test_final
0,59.0,11681.0,15360.0,77.0,70.08,1786273631.0767221,round_009_test_g0,test_final
0,61.0,11681.0,15360.0,77.0,70.24,1786273636.1300638,round_009_test_g0,test_final
0,57.0,11681.0,15360.0,77.0,67.75,1786273641.1812365,round_009_test_g0,test_final
0,60.0,11681.0,15360.0,77.0,68.0,1786273646.2328706,round_009_test_g0,test_final
0,61.0,11681.0,15360.0,77.0,68.42,1786273651.28593,round_009_test_g0,test_final
0,58.0,11681.0,15360.0,77.0,67.79,1786273656.3405204,round_009_test_g0,test_final
0,59.0,11681.0,15360.0,77.0,59.43,1786273661.3975458,round_009_test_g0,test_final
0,49.0,11681.0,15360.0,77.0,60.19,1786273666.4547744,round_009_test_g0,test_final
0,60.0,11681.0,15360.0,77.0,60.75,1786273671.5119262,round_009_test_g0,test_final
0,61.0,11681.0,15360.0,77.0,61.85,1786273676.561307,round_009_test_g0,test_final
0,60.0,11681.0,15360.0,77.0,67.72,1786273681.6118186,round_009_test_g0,test_final
0,55.0,11681.0,15360.0,77.0,69.94,1786273686.66528,round_009_test_g0,test_final
0,63.0,11681.0,15360.0,77.0,65.32,1786273691.7137275,round_009_test_g0,test_final
0,49.0,11681.0,15360.0,77.0,68.03,1786273696.7742136,round_009_test_g0,test_final
0,59.0,11681.0,15360.0,77.0,64.24,1786273701.8385124,round_009_test_g0,test_final
0,60.0,11681.0,15360.0,77.0,62.26,1786273706.8898056,round_009_test_g0,test_final
0,61.0,11681.0,15360.0,77.0,57.6,1786273711.94374,round_009_test_g0,test_final
0,61.0,11681.0,15360.0,77.0,64.03,1786273716.991728,round_009_test_g0,test_final
0,61.0,11681.0,15360.0,77.0,69.26,1786273722.0301733,round_009_test_g0,test_final
0,63.0,11681.0,15360.0,76.0,66.44,1786273722.6544394,round_009_test_g0,test_final
1,0.0,13791.0,15360.0,67.0,38.74,1786273620.9776652,round_009_test_g1,test_final
1,65.0,13791.0,15360.0,70.0,65.08,1786273626.0255978,round_009_test_g1,test_final
1,64.0,13791.0,15360.0,71.0,67.31,1786273631.076671,round_009_test_g1,test_final
1,62.0,13791.0,15360.0,71.0,70.25,1786273636.1289272,round_009_test_g1,test_final
1,56.0,13791.0,15360.0,71.0,66.33,1786273641.1796014,round_009_test_g1,test_final
1,61.0,13791.0,15360.0,72.0,67.8,1786273646.2395766,round_009_test_g1,test_final
1,61.0,13791.0,15360.0,72.0,67.31,1786273651.2875473,round_009_test_g1,test_final
1,56.0,13791.0,15360.0,72.0,62.08,1786273656.3419461,round_009_test_g1,test_final
1,56.0,13791.0,15360.0,72.0,59.9,1786273661.3974216,round_009_test_g1,test_final
1,53.0,13791.0,15360.0,72.0,70.18,1786273666.4583633,round_009_test_g1,test_final
1,57.0,13791.0,15360.0,73.0,66.2,1786273671.510851,round_009_test_g1,test_final
1,51.0,13791.0,15360.0,73.0,62.22,1786273676.562249,round_009_test_g1,test_final
1,55.0,13791.0,15360.0,73.0,71.07,1786273681.6117024,round_009_test_g1,test_final
1,50.0,13791.0,15360.0,73.0,71.68,1786273686.6665833,round_009_test_g1,test_final
1,63.0,13791.0,15360.0,73.0,68.43,1786273691.7150714,round_009_test_g1,test_final
1,53.0,13791.0,15360.0,73.0,66.56,1786273696.776401,round_009_test_g1,test_final
1,65.0,13791.0,15360.0,73.0,55.74,1786273701.8369863,round_009_test_g1,test_final
1,64.0,13791.0,15360.0,73.0,66.71,1786273706.88819,round_009_test_g1,test_final
1,63.0,13791.0,15360.0,73.0,66.73,1786273711.9419897,round_009_test_g1,test_final
1,65.0,13791.0,15360.0,73.0,69.77,1786273716.9915514,round_009_test_g1,test_final
1,64.0,13791.0,15360.0,73.0,65.36,1786273719.8820777,round_009_test_g1,test_final
0,9.0,11741.0,15360.0,76.0,42.76,1786273722.8631206,round_010_train_g0,train_final
0,65.0,11741.0,15360.0,77.0,63.61,1786273727.9044836,round_010_train_g0,train_final
0,61.0,11741.0,15360.0,77.0,59.57,1786273732.9459183,round_010_train_g0,train_final
0,66.0,11741.0,15360.0,77.0,65.5,1786273737.9866927,round_010_train_g0,train_final
0,56.0,11741.0,15360.0,77.0,65.5,1786273743.0264173,round_010_train_g0,train_final
0,62.0,11741.0,15360.0,77.0,70.57,1786273748.0686412,round_010_train_g0,train_final
0,59.0,11741.0,15360.0,77.0,67.2,1786273753.114848,round_010_train_g0,train_final
0,60.0,11741.0,15360.0,77.0,70.62,1786273758.1567693,round_010_train_g0,train_final
0,62.0,11741.0,15360.0,77.0,69.39,1786273763.203889,round_010_train_g0,train_final
0,62.0,11741.0,15360.0,77.0,71.07,1786273768.2476587,round_010_train_g0,train_final
0,63.0,11741.0,15360.0,77.0,67.89,1786273773.2896483,round_010_train_g0,train_final
0,62.0,11741.0,15360.0,77.0,70.18,1786273778.3303366,round_010_train_g0,train_final
0,55.0,11741.0,15360.0,77.0,67.22,1786273783.3787453,round_010_train_g0,train_final
0,59.0,11741.0,15360.0,77.0,60.26,1786273788.4220786,round_010_train_g0,train_final
0,61.0,11741.0,15360.0,77.0,60.67,1786273793.4701777,round_010_train_g0,train_final
0,59.0,11741.0,15360.0,77.0,64.38,1786273798.5120795,round_010_train_g0,train_final
0,62.0,11741.0,15360.0,77.0,65.18,1786273803.5574596,round_010_train_g0,train_final
0,61.0,11877.0,15360.0,77.0,68.38,1786273808.6033883,round_010_train_g0,train_final
0,49.0,11877.0,15360.0,77.0,69.94,1786273813.6490996,round_010_train_g0,train_final
0,55.0,11877.0,15360.0,77.0,70.73,1786273818.6985075,round_010_train_g0,train_final
0,58.0,11877.0,15360.0,77.0,71.76,1786273823.742775,round_010_train_g0,train_final
0,60.0,11877.0,15360.0,77.0,69.1,1786273828.7860606,round_010_train_g0,train_final
0,60.0,11877.0,15360.0,77.0,69.2,1786273833.8299615,round_010_train_g0,train_final
0,60.0,11877.0,15360.0,77.0,68.81,1786273838.8757741,round_010_train_g0,train_final
0,60.0,12147.0,15360.0,77.0,63.03,1786273843.919639,round_010_train_g0,train_final
0,62.0,12147.0,15360.0,77.0,59.51,1786273848.9647458,round_010_train_g0,train_final
0,48.0,12147.0,15360.0,77.0,60.39,1786273854.0105107,round_010_train_g0,train_final
0,61.0,12147.0,15360.0,77.0,62.51,1786273859.0575783,round_010_train_g0,train_final
0,64.0,12147.0,15360.0,77.0,67.54,1786273864.0957105,round_010_train_g0,train_final
0,61.0,12147.0,15360.0,77.0,67.54,1786273869.1348603,round_010_train_g0,train_final
0,57.0,12147.0,15360.0,76.0,66.69,1786273874.1135635,round_010_train_g0,train_final
1,0.0,13891.0,15360.0,70.0,31.69,1786273722.8195856,round_010_train_g1,train_final
1,64.0,13929.0,15360.0,72.0,69.62,1786273727.8640683,round_010_train_g1,train_final
1,65.0,13929.0,15360.0,73.0,70.25,1786273732.9059849,round_010_train_g1,train_final
1,62.0,13929.0,15360.0,73.0,68.91,1786273737.9461935,round_010_train_g1,train_final
1,54.0,13969.0,15360.0,73.0,60.24,1786273742.9884903,round_010_train_g1,train_final
1,61.0,13969.0,15360.0,73.0,63.61,1786273748.0316675,round_010_train_g1,train_final
1,62.0,13969.0,15360.0,73.0,64.2,1786273753.0792444,round_010_train_g1,train_final
1,62.0,13969.0,15360.0,73.0,69.37,1786273758.1214416,round_010_train_g1,train_final
1,64.0,14561.0,15360.0,73.0,68.52,1786273763.1651134,round_010_train_g1,train_final
1,64.0,14561.0,15360.0,73.0,66.73,1786273768.2103121,round_010_train_g1,train_final
1,63.0,14561.0,15360.0,73.0,67.49,1786273773.253463,round_010_train_g1,train_final
1,64.0,14561.0,15360.0,73.0,64.44,1786273778.2989585,round_010_train_g1,train_final
1,58.0,14561.0,15360.0,73.0,64.08,1786273783.3433168,round_010_train_g1,train_final
1,61.0,14561.0,15360.0,73.0,66.47,1786273788.39267,round_010_train_g1,train_final
1,61.0,14561.0,15360.0,73.0,62.14,1786273793.4444008,round_010_train_g1,train_final
1,64.0,14561.0,15360.0,73.0,69.21,1786273798.486305,round_010_train_g1,train_final
1,61.0,14561.0,15360.0,73.0,69.94,1786273803.5344899,round_010_train_g1,train_final
1,64.0,14561.0,15360.0,73.0,67.26,1786273808.579487,round_010_train_g1,train_final
1,50.0,14561.0,15360.0,74.0,68.7,1786273813.6282508,round_010_train_g1,train_final
1,56.0,14561.0,15360.0,74.0,70.5,1786273818.6736238,round_010_train_g1,train_final
1,61.0,14561.0,15360.0,73.0,68.04,1786273823.7175143,round_010_train_g1,train_final
1,63.0,14561.0,15360.0,74.0,70.44,1786273828.7593403,round_010_train_g1,train_final
1,64.0,14561.0,15360.0,74.0,67.94,1786273833.8111992,round_010_train_g1,train_final
1,62.0,14561.0,15360.0,74.0,67.59,1786273838.8537536,round_010_train_g1,train_final
1,61.0,14561.0,15360.0,74.0,67.9,1786273843.8969781,round_010_train_g1,train_final
1,64.0,14561.0,15360.0,74.0,56.16,1786273848.9412398,round_010_train_g1,train_final
1,53.0,14561.0,15360.0,74.0,66.28,1786273853.9868026,round_010_train_g1,train_final
1,64.0,14561.0,15360.0,74.0,67.37,1786273859.0312953,round_010_train_g1,train_final
1,64.0,14565.0,15360.0,73.0,68.21,1786273862.7729998,round_010_train_g1,train_final
0,0.0,12147.0,15360.0,75.0,42.78,1786273874.377346,round_010_test_g0,test_final
0,59.0,12147.0,15360.0,77.0,68.82,1786273879.4251661,round_010_test_g0,test_final
0,60.0,12147.0,15360.0,77.0,70.0,1786273884.4732797,round_010_test_g0,test_final
0,60.0,12147.0,15360.0,77.0,67.04,1786273889.5207293,round_010_test_g0,test_final
0,62.0,12147.0,15360.0,77.0,66.61,1786273894.5662582,round_010_test_g0,test_final
0,60.0,12147.0,15360.0,77.0,68.12,1786273899.617852,round_010_test_g0,test_final
0,63.0,12147.0,15360.0,77.0,69.01,1786273904.6666522,round_010_test_g0,test_final
0,60.0,12147.0,15360.0,77.0,68.67,1786273909.7106957,round_010_test_g0,test_final
0,62.0,12147.0,15360.0,77.0,67.41,1786273914.756321,round_010_test_g0,test_final
0,60.0,12147.0,15360.0,77.0,67.83,1786273919.8016832,round_010_test_g0,test_final
0,60.0,12147.0,15360.0,77.0,68.04,1786273924.8460414,round_010_test_g0,test_final
0,59.0,12147.0,15360.0,77.0,68.84,1786273929.8905568,round_010_test_g0,test_final
0,59.0,12147.0,15360.0,77.0,68.52,1786273934.9356449,round_010_test_g0,test_final
0,61.0,12147.0,15360.0,77.0,61.26,1786273939.9820182,round_010_test_g0,test_final
0,59.0,12147.0,15360.0,77.0,60.14,1786273945.0327954,round_010_test_g0,test_final
0,60.0,12147.0,15360.0,77.0,64.83,1786273950.0805738,round_010_test_g0,test_final
0,60.0,12147.0,15360.0,77.0,65.81,1786273955.1264944,round_010_test_g0,test_final
0,61.0,12147.0,15360.0,77.0,65.44,1786273960.1713624,round_010_test_g0,test_final
0,61.0,12147.0,15360.0,77.0,66.65,1786273965.2238128,round_010_test_g0,test_final
0,63.0,12147.0,15360.0,77.0,68.85,1786273970.2718852,round_010_test_g0,test_final
0,64.0,12147.0,15360.0,77.0,67.83,1786273975.3173444,round_010_test_g0,test_final
0,62.0,12147.0,15360.0,77.0,68.86,1786273975.6224048,round_010_test_g0,test_final
1,0.0,14565.0,15360.0,67.0,33.13,1786273874.3756902,round_010_test_g1,test_final
1,65.0,14565.0,15360.0,70.0,69.7,1786273879.431765,round_010_test_g1,test_final
1,64.0,14565.0,15360.0,71.0,66.2,1786273884.4812188,round_010_test_g1,test_final
1,60.0,14565.0,15360.0,71.0,67.9,1786273889.5327458,round_010_test_g1,test_final
1,61.0,14565.0,15360.0,71.0,69.4,1786273894.5820692,round_010_test_g1,test_final
1,61.0,14565.0,15360.0,72.0,69.7,1786273899.6318161,round_010_test_g1,test_final
1,61.0,14565.0,15360.0,72.0,67.65,1786273904.6810462,round_010_test_g1,test_final
1,63.0,14565.0,15360.0,72.0,63.05,1786273909.7286851,round_010_test_g1,test_final
1,60.0,14565.0,15360.0,72.0,56.1,1786273914.7739985,round_010_test_g1,test_final
1,65.0,14565.0,15360.0,73.0,58.06,1786273919.819143,round_010_test_g1,test_final
1,66.0,14565.0,15360.0,73.0,63.32,1786273924.8679698,round_010_test_g1,test_final
1,63.0,14565.0,15360.0,73.0,62.47,1786273929.9131866,round_010_test_g1,test_final
1,65.0,14565.0,15360.0,73.0,62.83,1786273934.9590664,round_010_test_g1,test_final
1,60.0,14565.0,15360.0,73.0,64.0,1786273940.0113616,round_010_test_g1,test_final
1,57.0,14565.0,15360.0,73.0,69.7,1786273945.0577438,round_010_test_g1,test_final
1,60.0,14565.0,15360.0,73.0,67.41,1786273950.102162,round_010_test_g1,test_final
1,63.0,14565.0,15360.0,73.0,68.39,1786273955.1531682,round_010_test_g1,test_final
1,63.0,14565.0,15360.0,73.0,67.69,1786273960.199727,round_010_test_g1,test_final
1,66.0,14565.0,15360.0,73.0,69.41,1786273965.2470691,round_010_test_g1,test_final
1,63.0,14565.0,15360.0,73.0,66.73,1786273970.292541,round_010_test_g1,test_final
1,62.0,14565.0,15360.0,73.0,69.07,1786273971.1845903,round_010_test_g1,test_final
