candidate_id,search_epoch,global_step,feature_ids,feature_names,subset_size,weighted_micro_f1,weighted_macro_f1,baseline_performance,compactness,reward,communication_bytes,communication_bytes_cumulative,per_client
1,1,100,"[3, 9, 10, 12, 13, 14, 16, 19, 22, 23]","[""UDP"", ""Rate"", ""IAT"", ""rst_flag_number"", ""Tot sum"", ""HTTPS"", ""fin_flag_number"", ""Header_Length"", ""Time_To_Live"", ""ARP""]",10,0.7119402985876772,0.06639653362591205,0.8058907985687256,0.6,0.5306049500018952,240,240,"[{""client_id"": 1, ""model_family"": ""gru"", ""feature_ids"": [3, 9, 10, 12, 13, 14, 16, 19, 22, 23], ""subset_size"": 10, ""micro_f1"": 0.8775380710659898, ""macro_f1"": 0.02749339005625907, ""validation_loss"": 3.058057136342005, ""train_loss"": 3.3153132633912787, ""seconds"": 0.11423115700017661, ""gpu_id"": 0, ""candidate_id"": 1, ""sample_weight"": 0.0008752009911046531}, {""client_id"": 2, ""model_family"": ""gru"", ""feature_ids"": [3, 9, 10, 12, 13, 14, 16, 19, 22, 23], ""subset_size"": 10, ""micro_f1"": 0.234, ""macro_f1"": 0.011455306451463185, ""validation_loss"": 2.9419998046875, ""train_loss"": 3.257550434451633, ""seconds"": 0.40132133299994166, ""gpu_id"": 1, ""candidate_id"": 1, ""sample_weight"": 0.061408177662345804}, {""client_id"": 3, ""model_family"": ""gru"", ""feature_ids"": [3, 9, 10, 12, 13, 14, 16, 19, 22, 23], ""subset_size"": 10, ""micro_f1"": 0.4764, ""macro_f1"": 0.01933523808836721, ""validation_loss"": 1.84978544921875, ""train_loss"": 2.7963411350250245, ""seconds"": 0.4387844150001001, ""gpu_id"": 1, ""candidate_id"": 1, ""sample_weight"": 0.10352608384640223}, {""client_id"": 4, ""model_family"": ""gru"", ""feature_ids"": [3, 9, 10, 12, 13, 14, 16, 19, 22, 23], ""subset_size"": 10, ""micro_f1"": 0.8305, ""macro_f1"": 0.026688304384851452, ""validation_loss"": 0.9231897094726562, ""train_loss"": 2.195626838048299, ""seconds"": 0.4127905649997956, ""gpu_id"": 1, ""candidate_id"": 1, ""sample_weight"": 0.05331880053778213}, {""client_id"": 5, ""model_family"": ""transformer"", ""feature_ids"": [3, 9, 10, 12, 13, 14, 16, 19, 22, 23], ""subset_size"": 10, ""micro_f1"": 0.9448, ""macro_f1"": 0.05569127511820786, ""validation_loss"": 0.2972990585327148, ""train_loss"": 0.698871475622389, ""seconds"": 0.9315787719997388, ""gpu_id"": 0, ""candidate_id"": 1, ""sample_weight"": 0.07030155005722065}, {""client_id"": 6, ""model_family"": ""transformer"", ""feature_ids"": [3, 9, 10, 12, 13, 14, 16, 19, 22, 23], ""subset_size"": 10, ""micro_f1"": 0.9917, ""macro_f1"": 0.05796325176465748, ""validation_loss"": 0.0719704833984375, ""train_loss"": 0.5249715593496959, ""seconds"": 0.8838047809999807, ""gpu_id"": 1, ""candidate_id"": 1, ""sample_weight"": 0.07459801933327874}, {""client_id"": 7, ""model_family"": ""transformer"", ""feature_ids"": [3, 9, 10, 12, 13, 14, 16, 19, 22, 23], ""subset_size"": 10, ""micro_f1"": 0.8635, ""macro_f1"": 0.027893558494274318, ""validation_loss"": 0.5576401428222656, ""train_loss"": 0.7706046882152557, ""seconds"": 0.736302519000219, ""gpu_id"": 1, ""candidate_id"": 1, ""sample_weight"": 0.05067317481195735}, {""client_id"": 8, ""model_family"": ""cnn1d"", ""feature_ids"": [3, 9, 10, 12, 13, 14, 16, 19, 22, 23], ""subset_size"": 10, ""micro_f1"": 0.6249, ""macro_f1"": 0.09030932506672251, ""validation_loss"": 1.5292805297851562, ""train_loss"": 2.2084924854914347, ""seconds"": 0.3626713359999485, ""gpu_id"": 0, ""candidate_id"": 1, ""sample_weight"": 0.354287210681253}, {""client_id"": 9, ""model_family"": ""cnn1d"", ""feature_ids"": [3, 9, 10, 12, 13, 14, 16, 19, 22, 23], ""subset_size"": 10, ""micro_f1"": 0.8901, ""macro_f1"": 0.07482576952609159, ""validation_loss"": 0.640575830078125, ""train_loss"": 1.259382824781206, ""seconds"": 0.3241810599997734, ""gpu_id"": 1, ""candidate_id"": 1, ""sample_weight"": 0.12090074249549396}, {""client_id"": 10, ""model_family"": ""cnn1d"", ""feature_ids"": [3, 9, 10, 12, 13, 14, 16, 19, 22, 23], ""subset_size"": 10, ""micro_f1"": 0.8177, ""macro_f1"": 0.10489248125446503, ""validation_loss"": 0.991127099609375, ""train_loss"": 1.7637477553261651, ""seconds"": 0.4032013759997426, ""gpu_id"": 0, ""candidate_id"": 1, ""sample_weight"": 0.11011103958316146}]"
2,1,200,"[3, 4, 5, 7, 8, 12, 13, 14, 18, 22, 23]","[""UDP"", ""fin_count"", ""Max"", ""syn_count"", ""Protocol Type"", ""rst_flag_number"", ""Tot sum"", ""HTTPS"", ""rst_count"", ""Time_To_Live"", ""ARP""]",11,0.6990538849230401,0.06067416064652036,0.905555009841919,0.56,0.48334988750811225,260,500,"[{""client_id"": 1, ""model_family"": ""gru"", ""feature_ids"": [3, 4, 5, 7, 8, 12, 13, 14, 18, 22, 23], ""subset_size"": 11, ""micro_f1"": 0.8775380710659898, ""macro_f1"": 0.02749339005625907, ""validation_loss"": 2.9176242266814723, ""train_loss"": 3.246739630368357, ""seconds"": 0.1175221949997649, ""gpu_id"": 0, ""candidate_id"": 2, ""sample_weight"": 0.0008752009911046531}, {""client_id"": 2, ""model_family"": ""gru"", ""feature_ids"": [3, 4, 5, 7, 8, 12, 13, 14, 18, 22, 23], ""subset_size"": 11, ""micro_f1"": 0.2351, ""macro_f1"": 0.011660054925889132, ""validation_loss"": 2.791121484375, ""train_loss"": 3.1911157555474174, ""seconds"": 0.3577982259998862, ""gpu_id"": 1, ""candidate_id"": 2, ""sample_weight"": 0.061408177662345804}, {""client_id"": 3, ""model_family"": ""gru"", ""feature_ids"": [3, 4, 5, 7, 8, 12, 13, 14, 18, 22, 23], ""subset_size"": 11, ""micro_f1"": 0.4766, ""macro_f1"": 0.020063528818020312, ""validation_loss"": 1.6580099609375, ""train_loss"": 2.633478857888116, ""seconds"": 0.3860171999999693, ""gpu_id"": 1, ""candidate_id"": 2, ""sample_weight"": 0.10352608384640223}, {""client_id"": 4, ""model_family"": ""gru"", ""feature_ids"": [3, 4, 5, 7, 8, 12, 13, 14, 18, 22, 23], ""subset_size"": 11, ""micro_f1"": 0.8304, ""macro_f1"": 0.026695299389840096, ""validation_loss"": 0.893426123046875, ""train_loss"": 2.014193217521244, ""seconds"": 0.4100502339997547, ""gpu_id"": 1, ""candidate_id"": 2, ""sample_weight"": 0.05331880053778213}, {""client_id"": 5, ""model_family"": ""transformer"", ""feature_ids"": [3, 4, 5, 7, 8, 12, 13, 14, 18, 22, 23], ""subset_size"": 11, ""micro_f1"": 0.9483, ""macro_f1"": 0.05616497031901667, ""validation_loss"": 0.38971039428710935, ""train_loss"": 0.7778368755075666, ""seconds"": 0.8983099020001646, ""gpu_id"": 0, ""candidate_id"": 2, ""sample_weight"": 0.07030155005722065}, {""client_id"": 6, ""model_family"": ""transformer"", ""feature_ids"": [3, 4, 5, 7, 8, 12, 13, 14, 18, 22, 23], ""subset_size"": 11, ""micro_f1"": 0.9937, ""macro_f1"": 0.058223032791234, ""validation_loss"": 0.07524886169433594, ""train_loss"": 0.5478435428049829, ""seconds"": 0.8980817450001268, ""gpu_id"": 1, ""candidate_id"": 2, ""sample_weight"": 0.07459801933327874}, {""client_id"": 7, ""model_family"": ""transformer"", ""feature_ids"": [3, 4, 5, 7, 8, 12, 13, 14, 18, 22, 23], ""subset_size"": 11, ""micro_f1"": 0.8641, ""macro_f1"": 0.029459956254410974, ""validation_loss"": 0.5598803527832031, ""train_loss"": 0.7717942866749233, ""seconds"": 0.7548156150000978, ""gpu_id"": 1, ""candidate_id"": 2, ""sample_weight"": 0.05067317481195735}, {""client_id"": 8, ""model_family"": ""cnn1d"", ""feature_ids"": [3, 4, 5, 7, 8, 12, 13, 14, 18, 22, 23], ""subset_size"": 11, ""micro_f1"": 0.6394, ""macro_f1"": 0.08612283821323932, ""validation_loss"": 1.345530517578125, ""train_loss"": 2.0555792556126913, ""seconds"": 0.3675684849999925, ""gpu_id"": 0, ""candidate_id"": 2, ""sample_weight"": 0.354287210681253}, {""client_id"": 9, ""model_family"": ""cnn1d"", ""feature_ids"": [3, 4, 5, 7, 8, 12, 13, 14, 18, 22, 23], ""subset_size"": 11, ""micro_f1"": 0.8574, ""macro_f1"": 0.05495994266186098, ""validation_loss"": 0.6975715942382813, ""train_loss"": 1.307302678627438, ""seconds"": 0.3329332369999065, ""gpu_id"": 1, ""candidate_id"": 2, ""sample_weight"": 0.12090074249549396}, {""client_id"": 10, ""model_family"": ""cnn1d"", ""feature_ids"": [3, 4, 5, 7, 8, 12, 13, 14, 18, 22, 23], ""subset_size"": 11, ""micro_f1"": 0.6853, ""macro_f1"": 0.08620444319138018, ""validation_loss"": 0.97451162109375, ""train_loss"": 1.7318851944817437, ""seconds"": 0.4069465009997657, ""gpu_id"": 0, ""candidate_id"": 2, ""sample_weight"": 0.11011103958316146}]"
3,1,300,"[3, 5, 6, 7, 8, 12, 13, 16, 18, 19, 22]","[""UDP"", ""Max"", ""TCP"", ""syn_count"", ""Protocol Type"", ""rst_flag_number"", ""Tot sum"", ""fin_flag_number"", ""rst_count"", ""Header_Length"", ""Time_To_Live""]",11,0.7535029480957807,0.06820293679732678,0.4830475449562073,0.56,0.5310455403139575,260,760,"[{""client_id"": 1, ""model_family"": ""gru"", ""feature_ids"": [3, 5, 6, 7, 8, 12, 13, 16, 18, 19, 22], ""subset_size"": 11, ""micro_f1"": 0.8775380710659898, ""macro_f1"": 0.02749339005625907, ""validation_loss"": 3.0562304191782994, ""train_loss"": 3.314999444970154, ""seconds"": 0.13251080900045054, ""gpu_id"": 0, ""candidate_id"": 3, ""sample_weight"": 0.0008752009911046531}, {""client_id"": 2, ""model_family"": ""gru"", ""feature_ids"": [3, 5, 6, 7, 8, 12, 13, 16, 18, 19, 22], ""subset_size"": 11, ""micro_f1"": 0.236, ""macro_f1"": 0.012185841766442038, ""validation_loss"": 2.993164453125, ""train_loss"": 3.280319205813938, ""seconds"": 0.37207196600002135, ""gpu_id"": 1, ""candidate_id"": 3, ""sample_weight"": 0.061408177662345804}, {""client_id"": 3, ""model_family"": ""gru"", ""feature_ids"": [3, 5, 6, 7, 8, 12, 13, 16, 18, 19, 22], ""subset_size"": 11, ""micro_f1"": 0.4779, ""macro_f1"": 0.01937542415420037, ""validation_loss"": 2.01843837890625, ""train_loss"": 2.884476377656725, ""seconds"": 0.44963682100024016, ""gpu_id"": 1, ""candidate_id"": 3, ""sample_weight"": 0.10352608384640223}, {""client_id"": 4, ""model_family"": ""gru"", ""feature_ids"": [3, 5, 6, 7, 8, 12, 13, 16, 18, 19, 22], ""subset_size"": 11, ""micro_f1"": 0.8305, ""macro_f1"": 0.026688304384851452, ""validation_loss"": 1.0352052001953125, ""train_loss"": 2.342808989461263, ""seconds"": 0.4062537129998418, ""gpu_id"": 1, ""candidate_id"": 3, ""sample_weight"": 0.05331880053778213}, {""client_id"": 5, ""model_family"": ""transformer"", ""feature_ids"": [3, 5, 6, 7, 8, 12, 13, 16, 18, 19, 22], ""subset_size"": 11, ""micro_f1"": 0.9569, ""macro_f1"": 0.05680921078529786, ""validation_loss"": 0.25623287048339843, ""train_loss"": 0.5579700782908333, ""seconds"": 0.9031988570000067, ""gpu_id"": 0, ""candidate_id"": 3, ""sample_weight"": 0.07030155005722065}, {""client_id"": 6, ""model_family"": ""transformer"", ""feature_ids"": [3, 5, 6, 7, 8, 12, 13, 16, 18, 19, 22], ""subset_size"": 11, ""micro_f1"": 0.9971, ""macro_f1"": 0.05860237004870537, ""validation_loss"": 0.05650621795654297, ""train_loss"": 0.46270039637618593, ""seconds"": 0.869915034999849, ""gpu_id"": 1, ""candidate_id"": 3, ""sample_weight"": 0.07459801933327874}, {""client_id"": 7, ""model_family"": ""transformer"", ""feature_ids"": [3, 5, 6, 7, 8, 12, 13, 16, 18, 19, 22], ""subset_size"": 11, ""micro_f1"": 0.8657, ""macro_f1"": 0.03502766801470808, ""validation_loss"": 0.5361580688476563, ""train_loss"": 0.7600782914267646, ""seconds"": 0.7574896739997712, ""gpu_id"": 1, ""candidate_id"": 3, ""sample_weight"": 0.05067317481195735}, {""client_id"": 8, ""model_family"": ""cnn1d"", ""feature_ids"": [3, 5, 6, 7, 8, 12, 13, 16, 18, 19, 22], ""subset_size"": 11, ""micro_f1"": 0.7319, ""macro_f1"": 0.09630843919278317, ""validation_loss"": 1.2566465209960938, ""train_loss"": 1.9633126998053656, ""seconds"": 0.4275528809998832, ""gpu_id"": 0, ""candidate_id"": 3, ""sample_weight"": 0.354287210681253}, {""client_id"": 9, ""model_family"": ""cnn1d"", ""feature_ids"": [3, 5, 6, 7, 8, 12, 13, 16, 18, 19, 22], ""subset_size"": 11, ""micro_f1"": 0.904, ""macro_f1"": 0.07824361506497317, ""validation_loss"": 0.5178296752929687, ""train_loss"": 1.1329593882772657, ""seconds"": 0.32770444900006623, ""gpu_id"": 1, ""candidate_id"": 3, ""sample_weight"": 0.12090074249549396}, {""client_id"": 10, ""model_family"": ""cnn1d"", ""feature_ids"": [3, 5, 6, 7, 8, 12, 13, 16, 18, 19, 22], ""subset_size"": 11, ""micro_f1"": 0.8207, ""macro_f1"": 0.0933675242409429, ""validation_loss"": 0.8290696594238282, ""train_loss"": 1.5249989276356166, ""seconds"": 0.3725276989998747, ""gpu_id"": 0, ""candidate_id"": 3, ""sample_weight"": 0.11011103958316146}]"
4,1,400,"[3, 4, 5, 8, 9, 10, 11, 12, 15, 16, 17, 20]","[""UDP"", ""fin_count"", ""Max"", ""Protocol Type"", ""Rate"", ""IAT"", ""syn_flag_number"", ""rst_flag_number"", ""ack_count"", ""fin_flag_number"", ""HTTP"", ""psh_flag_number""]",12,0.6883528141377047,0.056081477931735596,0.9368094801902771,0.52,0.4431543333947428,280,1040,"[{""client_id"": 1, ""model_family"": ""gru"", ""feature_ids"": [3, 4, 5, 8, 9, 10, 11, 12, 15, 16, 17, 20], ""subset_size"": 12, ""micro_f1"": 0.8775380710659898, ""macro_f1"": 0.02749339005625907, ""validation_loss"": 2.9151295308534264, ""train_loss"": 3.2481423713901387, ""seconds"": 0.11631053499968402, ""gpu_id"": 0, ""candidate_id"": 4, ""sample_weight"": 0.0008752009911046531}, {""client_id"": 2, ""model_family"": ""gru"", ""feature_ids"": [3, 4, 5, 8, 9, 10, 11, 12, 15, 16, 17, 20], ""subset_size"": 12, ""micro_f1"": 0.2501, ""macro_f1"": 0.01505171054679039, ""validation_loss"": 2.6750455078125, ""train_loss"": 3.0994283094618056, ""seconds"": 0.35761960499985435, ""gpu_id"": 1, ""candidate_id"": 4, ""sample_weight"": 0.061408177662345804}, {""client_id"": 3, ""model_family"": ""gru"", ""feature_ids"": [3, 4, 5, 8, 9, 10, 11, 12, 15, 16, 17, 20], ""subset_size"": 12, ""micro_f1"": 0.4784, ""macro_f1"": 0.019855237768226827, ""validation_loss"": 1.478908447265625, ""train_loss"": 2.331795817417569, ""seconds"": 0.3762209139999868, ""gpu_id"": 1, ""candidate_id"": 4, ""sample_weight"": 0.10352608384640223}, {""client_id"": 4, ""model_family"": ""gru"", ""feature_ids"": [3, 4, 5, 8, 9, 10, 11, 12, 15, 16, 17, 20], ""subset_size"": 12, ""micro_f1"": 0.8305, ""macro_f1"": 0.026688304384851452, ""validation_loss"": 1.0362700927734374, ""train_loss"": 2.3236304199642603, ""seconds"": 0.43459265499996036, ""gpu_id"": 1, ""candidate_id"": 4, ""sample_weight"": 0.05331880053778213}, {""client_id"": 5, ""model_family"": ""transformer"", ""feature_ids"": [3, 4, 5, 8, 9, 10, 11, 12, 15, 16, 17, 20], ""subset_size"": 12, ""micro_f1"": 0.9346, ""macro_f1"": 0.05494520144590039, ""validation_loss"": 0.4361660308837891, ""train_loss"": 0.8002132901403639, ""seconds"": 0.8783368210001754, ""gpu_id"": 0, ""candidate_id"": 4, ""sample_weight"": 0.07030155005722065}, {""client_id"": 6, ""model_family"": ""transformer"", ""feature_ids"": [3, 4, 5, 8, 9, 10, 11, 12, 15, 16, 17, 20], ""subset_size"": 12, ""micro_f1"": 0.992, ""macro_f1"": 0.0580146845466813, ""validation_loss"": 0.08057220916748047, ""train_loss"": 0.5574541988770167, ""seconds"": 0.8789359869997497, ""gpu_id"": 1, ""candidate_id"": 4, ""sample_weight"": 0.07459801933327874}, {""client_id"": 7, ""model_family"": ""transformer"", ""feature_ids"": [3, 4, 5, 8, 9, 10, 11, 12, 15, 16, 17, 20], ""subset_size"": 12, ""micro_f1"": 0.8641, ""macro_f1"": 0.028446516276907346, ""validation_loss"": 0.5245567504882812, ""train_loss"": 0.7477701716952854, ""seconds"": 0.7672906410002724, ""gpu_id"": 1, ""candidate_id"": 4, ""sample_weight"": 0.05067317481195735}, {""client_id"": 8, ""model_family"": ""cnn1d"", ""feature_ids"": [3, 4, 5, 8, 9, 10, 11, 12, 15, 16, 17, 20], ""subset_size"": 12, ""micro_f1"": 0.6128, ""macro_f1"": 0.08528885107309316, ""validation_loss"": 1.5465194580078125, ""train_loss"": 2.25040183590783, ""seconds"": 0.3636570449998544, ""gpu_id"": 0, ""candidate_id"": 4, ""sample_weight"": 0.354287210681253}, {""client_id"": 9, ""model_family"": ""cnn1d"", ""feature_ids"": [3, 4, 5, 8, 9, 10, 11, 12, 15, 16, 17, 20], ""subset_size"": 12, ""micro_f1"": 0.7655, ""macro_f1"": 0.02969799880472364, ""validation_loss"": 0.8906191467285156, ""train_loss"": 1.4635827684614393, ""seconds"": 0.3299710139999661, ""gpu_id"": 1, ""candidate_id"": 4, ""sample_weight"": 0.12090074249549396}, {""client_id"": 10, ""model_family"": ""cnn1d"", ""feature_ids"": [3, 4, 5, 8, 9, 10, 11, 12, 15, 16, 17, 20], ""subset_size"": 12, ""micro_f1"": 0.7744, ""macro_f1"": 0.07460965113644633, ""validation_loss"": 0.9167700866699219, ""train_loss"": 1.662979453256395, ""seconds"": 0.4236860600003638, ""gpu_id"": 0, ""candidate_id"": 4, ""sample_weight"": 0.11011103958316146}]"
5,1,500,"[3, 4, 7, 8, 9, 10, 12, 16, 17, 18, 20, 24]","[""UDP"", ""fin_count"", ""syn_count"", ""Protocol Type"", ""Rate"", ""IAT"", ""rst_flag_number"", ""fin_flag_number"", ""HTTP"", ""rst_count"", ""psh_flag_number"", ""DNS""]",12,0.6930411631510025,0.052346873670704466,0.6270871162414551,0.52,0.4745954046909548,280,1320,"[{""client_id"": 1, ""model_family"": ""gru"", ""feature_ids"": [3, 4, 7, 8, 9, 10, 12, 16, 17, 18, 20, 24], ""subset_size"": 12, ""micro_f1"": 0.876269035532995, ""macro_f1"": 0.02747219956633313, ""validation_loss"": 2.7231891457804567, ""train_loss"": 3.160444728681346, ""seconds"": 0.11620272699974521, ""gpu_id"": 0, ""candidate_id"": 5, ""sample_weight"": 0.0008752009911046531}, {""client_id"": 2, ""model_family"": ""gru"", ""feature_ids"": [3, 4, 7, 8, 9, 10, 12, 16, 17, 18, 20, 24], ""subset_size"": 12, ""micro_f1"": 0.2353, ""macro_f1"": 0.011493888130763921, ""validation_loss"": 2.6077595703125, ""train_loss"": 3.0672401588016087, ""seconds"": 0.3695970909998323, ""gpu_id"": 1, ""candidate_id"": 5, ""sample_weight"": 0.061408177662345804}, {""client_id"": 3, ""model_family"": ""gru"", ""feature_ids"": [3, 4, 7, 8, 9, 10, 12, 16, 17, 18, 20, 24], ""subset_size"": 12, ""micro_f1"": 0.4782, ""macro_f1"": 0.019950008918726597, ""validation_loss"": 1.443114892578125, ""train_loss"": 2.266010487598843, ""seconds"": 0.4239552650001315, ""gpu_id"": 1, ""candidate_id"": 5, ""sample_weight"": 0.10352608384640223}, {""client_id"": 4, ""model_family"": ""gru"", ""feature_ids"": [3, 4, 7, 8, 9, 10, 12, 16, 17, 18, 20, 24], ""subset_size"": 12, ""micro_f1"": 0.8305, ""macro_f1"": 0.026688304384851452, ""validation_loss"": 0.9946122924804688, ""train_loss"": 2.161129632865058, ""seconds"": 0.43461969300005876, ""gpu_id"": 1, ""candidate_id"": 5, ""sample_weight"": 0.05331880053778213}, {""client_id"": 5, ""model_family"": ""transformer"", ""feature_ids"": [3, 4, 7, 8, 9, 10, 12, 16, 17, 18, 20, 24], ""subset_size"": 12, ""micro_f1"": 0.9582, ""macro_f1"": 0.056939922630284655, ""validation_loss"": 0.29254154052734377, ""train_loss"": 0.6488774964279599, ""seconds"": 0.9401983010002368, ""gpu_id"": 0, ""candidate_id"": 5, ""sample_weight"": 0.07030155005722065}, {""client_id"": 6, ""model_family"": ""transformer"", ""feature_ids"": [3, 4, 7, 8, 9, 10, 12, 16, 17, 18, 20, 24], ""subset_size"": 12, ""micro_f1"": 0.9967, ""macro_f1"": 0.0585405636820682, ""validation_loss"": 0.06604999694824219, ""train_loss"": 0.5189429431160291, ""seconds"": 0.9158625960003519, ""gpu_id"": 1, ""candidate_id"": 5, ""sample_weight"": 0.07459801933327874}, {""client_id"": 7, ""model_family"": ""transformer"", ""feature_ids"": [3, 4, 7, 8, 9, 10, 12, 16, 17, 18, 20, 24], ""subset_size"": 12, ""micro_f1"": 0.8643, ""macro_f1"": 0.027304606052947496, ""validation_loss"": 0.575805224609375, ""train_loss"": 0.7483909808794658, ""seconds"": 0.775800985999922, ""gpu_id"": 1, ""candidate_id"": 5, ""sample_weight"": 0.05067317481195735}, {""client_id"": 8, ""model_family"": ""cnn1d"", ""feature_ids"": [3, 4, 7, 8, 9, 10, 12, 16, 17, 18, 20, 24], ""subset_size"": 12, ""micro_f1"": 0.6149, ""macro_f1"": 0.07091434934577345, ""validation_loss"": 1.5783943359375, ""train_loss"": 2.290658051257663, ""seconds"": 0.38336194200019236, ""gpu_id"": 0, ""candidate_id"": 5, ""sample_weight"": 0.354287210681253}, {""client_id"": 9, ""model_family"": ""cnn1d"", ""feature_ids"": [3, 4, 7, 8, 9, 10, 12, 16, 17, 18, 20, 24], ""subset_size"": 12, ""micro_f1"": 0.7607, ""macro_f1"": 0.02690411345322376, ""validation_loss"": 0.8886095581054687, ""train_loss"": 1.457550780582428, ""seconds"": 0.328640114999871, ""gpu_id"": 1, ""candidate_id"": 5, ""sample_weight"": 0.12090074249549396}, {""client_id"": 10, ""model_family"": ""cnn1d"", ""feature_ids"": [3, 4, 7, 8, 9, 10, 12, 16, 17, 18, 20, 24], ""subset_size"": 12, ""micro_f1"": 0.8056, ""macro_f1"": 0.09080212389160301, ""validation_loss"": 0.936075390625, ""train_loss"": 1.682446592701806, ""seconds"": 0.436833167000259, ""gpu_id"": 0, ""candidate_id"": 5, ""sample_weight"": 0.11011103958316146}]"
6,1,600,"[5, 6, 7, 8, 9, 10, 11, 12, 14, 16, 19, 20, 23]","[""Max"", ""TCP"", ""syn_count"", ""Protocol Type"", ""Rate"", ""IAT"", ""syn_flag_number"", ""rst_flag_number"", ""HTTPS"", ""fin_flag_number"", ""Header_Length"", ""psh_flag_number"", ""ARP""]",13,0.7415521131099789,0.0655754671132413,0.8547691106796265,0.48,0.42067830024303526,300,1620,"[{""client_id"": 1, ""model_family"": ""gru"", ""feature_ids"": [5, 6, 7, 8, 9, 10, 11, 12, 14, 16, 19, 20, 23], ""subset_size"": 13, ""micro_f1"": 0.8775380710659898, ""macro_f1"": 0.02749339005625907, ""validation_loss"": 3.0002776015228427, ""train_loss"": 3.2889965427708505, ""seconds"": 0.1275587230002202, ""gpu_id"": 0, ""candidate_id"": 6, ""sample_weight"": 0.0008752009911046531}, {""client_id"": 2, ""model_family"": ""gru"", ""feature_ids"": [5, 6, 7, 8, 9, 10, 11, 12, 14, 16, 19, 20, 23], ""subset_size"": 13, ""micro_f1"": 0.235, ""macro_f1"": 0.011635596113306439, ""validation_loss"": 2.76618037109375, ""train_loss"": 3.1578715180714925, ""seconds"": 0.384362450000026, ""gpu_id"": 1, ""candidate_id"": 6, ""sample_weight"": 0.061408177662345804}, {""client_id"": 3, ""model_family"": ""gru"", ""feature_ids"": [5, 6, 7, 8, 9, 10, 11, 12, 14, 16, 19, 20, 23], ""subset_size"": 13, ""micro_f1"": 0.4776, ""macro_f1"": 0.020920599595733395, ""validation_loss"": 1.52637333984375, ""train_loss"": 2.454591417672899, ""seconds"": 0.3737351210002089, ""gpu_id"": 1, ""candidate_id"": 6, ""sample_weight"": 0.10352608384640223}, {""client_id"": 4, ""model_family"": ""gru"", ""feature_ids"": [5, 6, 7, 8, 9, 10, 11, 12, 14, 16, 19, 20, 23], ""subset_size"": 13, ""micro_f1"": 0.8305, ""macro_f1"": 0.026688304384851452, ""validation_loss"": 1.0527089599609376, ""train_loss"": 2.3775957108391657, ""seconds"": 0.3799031749999813, ""gpu_id"": 1, ""candidate_id"": 6, ""sample_weight"": 0.05331880053778213}, {""client_id"": 5, ""model_family"": ""transformer"", ""feature_ids"": [5, 6, 7, 8, 9, 10, 11, 12, 14, 16, 19, 20, 23], ""subset_size"": 13, ""micro_f1"": 0.937, ""macro_f1"": 0.054789691876137026, ""validation_loss"": 0.2796489929199219, ""train_loss"": 0.6160811629825168, ""seconds"": 0.8936655790002987, ""gpu_id"": 0, ""candidate_id"": 6, ""sample_weight"": 0.07030155005722065}, {""client_id"": 6, ""model_family"": ""transformer"", ""feature_ids"": [5, 6, 7, 8, 9, 10, 11, 12, 14, 16, 19, 20, 23], ""subset_size"": 13, ""micro_f1"": 0.992, ""macro_f1"": 0.058006746310423095, ""validation_loss"": 0.07784936065673828, ""train_loss"": 0.5344999226636357, ""seconds"": 0.922734705000039, ""gpu_id"": 1, ""candidate_id"": 6, ""sample_weight"": 0.07459801933327874}, {""client_id"": 7, ""model_family"": ""transformer"", ""feature_ids"": [5, 6, 7, 8, 9, 10, 11, 12, 14, 16, 19, 20, 23], ""subset_size"": 13, ""micro_f1"": 0.8645, ""macro_f1"": 0.02729919539213581, ""validation_loss"": 0.45798438110351564, ""train_loss"": 0.7220899964173635, ""seconds"": 0.793626864000089, ""gpu_id"": 1, ""candidate_id"": 6, ""sample_weight"": 0.05067317481195735}, {""client_id"": 8, ""model_family"": ""cnn1d"", ""feature_ids"": [5, 6, 7, 8, 9, 10, 11, 12, 14, 16, 19, 20, 23], ""subset_size"": 13, ""micro_f1"": 0.7223, ""macro_f1"": 0.0969606338368407, ""validation_loss"": 1.3099691162109375, ""train_loss"": 2.0391285947587754, ""seconds"": 0.3883144269998411, ""gpu_id"": 0, ""candidate_id"": 6, ""sample_weight"": 0.354287210681253}, {""client_id"": 9, ""model_family"": ""cnn1d"", ""feature_ids"": [5, 6, 7, 8, 9, 10, 11, 12, 14, 16, 19, 20, 23], ""subset_size"": 13, ""micro_f1"": 0.8908, ""macro_f1"": 0.07513905869960104, ""validation_loss"": 0.6343228637695313, ""train_loss"": 1.2331730283313327, ""seconds"": 0.3373243060000277, ""gpu_id"": 1, ""candidate_id"": 6, ""sample_weight"": 0.12090074249549396}, {""client_id"": 10, ""model_family"": ""cnn1d"", ""feature_ids"": [5, 6, 7, 8, 9, 10, 11, 12, 14, 16, 19, 20, 23], ""subset_size"": 13, ""micro_f1"": 0.7751, ""macro_f1"": 0.07491948108579391, ""validation_loss"": 0.9507754455566406, ""train_loss"": 1.6155402477688259, ""seconds"": 0.4236268959998597, ""gpu_id"": 0, ""candidate_id"": 6, ""sample_weight"": 0.11011103958316146}]"
7,1,700,"[1, 2, 4, 5, 6, 9, 11, 12, 17, 18, 19, 23, 24]","[""AVG"", ""Std"", ""fin_count"", ""Max"", ""TCP"", ""Rate"", ""syn_flag_number"", ""rst_flag_number"", ""HTTP"", ""rst_count"", ""Header_Length"", ""ARP"", ""DNS""]",13,0.6879275559475504,0.055645208940234434,0.8157757520675659,0.48,0.41921518038799843,300,1920,"[{""client_id"": 1, ""model_family"": ""gru"", ""feature_ids"": [1, 2, 4, 5, 6, 9, 11, 12, 17, 18, 19, 23, 24], ""subset_size"": 13, ""micro_f1"": 0.8769035532994924, ""macro_f1"": 0.027482798393190944, ""validation_loss"": 2.781183697850571, ""train_loss"": 3.188053067094918, ""seconds"": 0.12956956000016362, ""gpu_id"": 0, ""candidate_id"": 7, ""sample_weight"": 0.0008752009911046531}, {""client_id"": 2, ""model_family"": ""gru"", ""feature_ids"": [1, 2, 4, 5, 6, 9, 11, 12, 17, 18, 19, 23, 24], ""subset_size"": 13, ""micro_f1"": 0.2335, ""macro_f1"": 0.01132419345067905, ""validation_loss"": 2.6438689453125, ""train_loss"": 3.1081201922946504, ""seconds"": 0.3872100500002489, ""gpu_id"": 1, ""candidate_id"": 7, ""sample_weight"": 0.061408177662345804}, {""client_id"": 3, ""model_family"": ""gru"", ""feature_ids"": [1, 2, 4, 5, 6, 9, 11, 12, 17, 18, 19, 23, 24], ""subset_size"": 13, ""micro_f1"": 0.477, ""macro_f1"": 0.019450405549790967, ""validation_loss"": 1.539323388671875, ""train_loss"": 2.4485817224502564, ""seconds"": 0.44167364099985207, ""gpu_id"": 1, ""candidate_id"": 7, ""sample_weight"": 0.10352608384640223}, {""client_id"": 4, ""model_family"": ""gru"", ""feature_ids"": [1, 2, 4, 5, 6, 9, 11, 12, 17, 18, 19, 23, 24], ""subset_size"": 13, ""micro_f1"": 0.8305, ""macro_f1"": 0.026698514141693403, ""validation_loss"": 0.9186462158203125, ""train_loss"": 1.9076095757696363, ""seconds"": 0.4104632860003221, ""gpu_id"": 1, ""candidate_id"": 7, ""sample_weight"": 0.05331880053778213}, {""client_id"": 5, ""model_family"": ""transformer"", ""feature_ids"": [1, 2, 4, 5, 6, 9, 11, 12, 17, 18, 19, 23, 24], ""subset_size"": 13, ""micro_f1"": 0.9629, ""macro_f1"": 0.057116976774034586, ""validation_loss"": 0.24839107818603515, ""train_loss"": 0.5773169507132636, ""seconds"": 0.9477026259996819, ""gpu_id"": 0, ""candidate_id"": 7, ""sample_weight"": 0.07030155005722065}, {""client_id"": 6, ""model_family"": ""transformer"", ""feature_ids"": [1, 2, 4, 5, 6, 9, 11, 12, 17, 18, 19, 23, 24], ""subset_size"": 13, ""micro_f1"": 0.9919, ""macro_f1"": 0.05799535598743456, ""validation_loss"": 0.07291881561279297, ""train_loss"": 0.5206985185424486, ""seconds"": 0.8223183529999005, ""gpu_id"": 1, ""candidate_id"": 7, ""sample_weight"": 0.07459801933327874}, {""client_id"": 7, ""model_family"": ""transformer"", ""feature_ids"": [1, 2, 4, 5, 6, 9, 11, 12, 17, 18, 19, 23, 24], ""subset_size"": 13, ""micro_f1"": 0.8646, ""macro_f1"": 0.02938659753190692, ""validation_loss"": 0.5581046630859375, ""train_loss"": 0.7639089096811083, ""seconds"": 0.8008334529999956, ""gpu_id"": 1, ""candidate_id"": 7, ""sample_weight"": 0.05067317481195735}, {""client_id"": 8, ""model_family"": ""cnn1d"", ""feature_ids"": [1, 2, 4, 5, 6, 9, 11, 12, 17, 18, 19, 23, 24], ""subset_size"": 13, ""micro_f1"": 0.5962, ""macro_f1"": 0.07001931071029543, ""validation_loss"": 1.4091614990234376, ""train_loss"": 2.1169862416373357, ""seconds"": 0.3465590850000808, ""gpu_id"": 0, ""candidate_id"": 7, ""sample_weight"": 0.354287210681253}, {""client_id"": 9, ""model_family"": ""cnn1d"", ""feature_ids"": [1, 2, 4, 5, 6, 9, 11, 12, 17, 18, 19, 23, 24], ""subset_size"": 13, ""micro_f1"": 0.8961, ""macro_f1"": 0.07577782904274587, ""validation_loss"": 0.6664134643554688, ""train_loss"": 1.2389721337636312, ""seconds"": 0.3329644330001429, ""gpu_id"": 1, ""candidate_id"": 7, ""sample_weight"": 0.12090074249549396}, {""client_id"": 10, ""model_family"": ""cnn1d"", ""feature_ids"": [1, 2, 4, 5, 6, 9, 11, 12, 17, 18, 19, 23, 24], ""subset_size"": 13, ""micro_f1"": 0.6729, ""macro_f1"": 0.06983128924664032, ""validation_loss"": 1.1188403717041016, ""train_loss"": 1.740306181356642, ""seconds"": 0.3420877569997174, ""gpu_id"": 0, ""candidate_id"": 7, ""sample_weight"": 0.11011103958316146}]"
8,1,800,"[4, 5, 6, 7, 8, 10, 13, 14, 15, 16, 17, 18, 19]","[""fin_count"", ""Max"", ""TCP"", ""syn_count"", ""Protocol Type"", ""IAT"", ""Tot sum"", ""HTTPS"", ""ack_count"", ""fin_flag_number"", ""HTTP"", ""rst_count"", ""Header_Length""]",13,0.7010902251884004,0.056822567274137765,0.7784048318862915,0.48,0.42426853933021086,300,2220,"[{""client_id"": 1, ""model_family"": ""gru"", ""feature_ids"": [4, 5, 6, 7, 8, 10, 13, 14, 15, 16, 17, 18, 19], ""subset_size"": 13, ""micro_f1"": 0.8775380710659898, ""macro_f1"": 0.02749339005625907, ""validation_loss"": 2.9914953551316623, ""train_loss"": 3.2860464737768975, ""seconds"": 0.12833422099993186, ""gpu_id"": 0, ""candidate_id"": 8, ""sample_weight"": 0.0008752009911046531}, {""client_id"": 2, ""model_family"": ""gru"", ""feature_ids"": [4, 5, 6, 7, 8, 10, 13, 14, 15, 16, 17, 18, 19], ""subset_size"": 13, ""micro_f1"": 0.2443, ""macro_f1"": 0.014595451849206496, ""validation_loss"": 2.7421150390625, ""train_loss"": 3.156958801015218, ""seconds"": 0.398369035000087, ""gpu_id"": 1, ""candidate_id"": 8, ""sample_weight"": 0.061408177662345804}, {""client_id"": 3, ""model_family"": ""gru"", ""feature_ids"": [4, 5, 6, 7, 8, 10, 13, 14, 15, 16, 17, 18, 19], ""subset_size"": 13, ""micro_f1"": 0.4785, ""macro_f1"": 0.019627876271816766, ""validation_loss"": 1.56871142578125, ""train_loss"": 2.501402691162957, ""seconds"": 0.3979974730000322, ""gpu_id"": 1, ""candidate_id"": 8, ""sample_weight"": 0.10352608384640223}, {""client_id"": 4, ""model_family"": ""gru"", ""feature_ids"": [4, 5, 6, 7, 8, 10, 13, 14, 15, 16, 17, 18, 19], ""subset_size"": 13, ""micro_f1"": 0.8305, ""macro_f1"": 0.026688304384851452, ""validation_loss"": 0.980885205078125, ""train_loss"": 2.148388339689043, ""seconds"": 0.4099720070003059, ""gpu_id"": 1, ""candidate_id"": 8, ""sample_weight"": 0.05331880053778213}, {""client_id"": 5, ""model_family"": ""transformer"", ""feature_ids"": [4, 5, 6, 7, 8, 10, 13, 14, 15, 16, 17, 18, 19], ""subset_size"": 13, ""micro_f1"": 0.9379, ""macro_f1"": 0.055023158854497496, ""validation_loss"": 0.2930210220336914, ""train_loss"": 0.6112822227319081, ""seconds"": 0.9212646230002974, ""gpu_id"": 0, ""candidate_id"": 8, ""sample_weight"": 0.07030155005722065}, {""client_id"": 6, ""model_family"": ""transformer"", ""feature_ids"": [4, 5, 6, 7, 8, 10, 13, 14, 15, 16, 17, 18, 19], ""subset_size"": 13, ""micro_f1"": 0.9913, ""macro_f1"": 0.05793161196697802, ""validation_loss"": 0.07198725738525391, ""train_loss"": 0.5081819288518694, ""seconds"": 0.8888476859997354, ""gpu_id"": 1, ""candidate_id"": 8, ""sample_weight"": 0.07459801933327874}, {""client_id"": 7, ""model_family"": ""transformer"", ""feature_ids"": [4, 5, 6, 7, 8, 10, 13, 14, 15, 16, 17, 18, 19], ""subset_size"": 13, ""micro_f1"": 0.866, ""macro_f1"": 0.03735014065877036, ""validation_loss"": 0.5574891296386719, ""train_loss"": 0.761802289920383, ""seconds"": 0.7992455280000286, ""gpu_id"": 1, ""candidate_id"": 8, ""sample_weight"": 0.05067317481195735}, {""client_id"": 8, ""model_family"": ""cnn1d"", ""feature_ids"": [4, 5, 6, 7, 8, 10, 13, 14, 15, 16, 17, 18, 19], ""subset_size"": 13, ""micro_f1"": 0.6525, ""macro_f1"": 0.08740536097732855, ""validation_loss"": 1.421062548828125, ""train_loss"": 2.152534304640028, ""seconds"": 0.3598483519999718, ""gpu_id"": 0, ""candidate_id"": 8, ""sample_weight"": 0.354287210681253}, {""client_id"": 9, ""model_family"": ""cnn1d"", ""feature_ids"": [4, 5, 6, 7, 8, 10, 13, 14, 15, 16, 17, 18, 19], ""subset_size"": 13, ""micro_f1"": 0.7581, ""macro_f1"": 0.025364949460814985, ""validation_loss"": 0.7148288009643554, ""train_loss"": 1.279645774767134, ""seconds"": 0.32565620600007605, ""gpu_id"": 1, ""candidate_id"": 8, ""sample_weight"": 0.12090074249549396}, {""client_id"": 10, ""model_family"": ""cnn1d"", ""feature_ids"": [4, 5, 6, 7, 8, 10, 13, 14, 15, 16, 17, 18, 19], ""subset_size"": 13, ""micro_f1"": 0.7711, ""macro_f1"": 0.07566497950700068, ""validation_loss"": 0.8921686096191406, ""train_loss"": 1.552000404792362, ""seconds"": 0.4152463249997709, ""gpu_id"": 0, ""candidate_id"": 8, ""sample_weight"": 0.11011103958316146}]"
9,1,900,"[3, 4, 8, 9, 12, 13, 14, 16, 17, 18, 20, 23, 24]","[""UDP"", ""fin_count"", ""Protocol Type"", ""Rate"", ""rst_flag_number"", ""Tot sum"", ""HTTPS"", ""fin_flag_number"", ""HTTP"", ""rst_count"", ""psh_flag_number"", ""ARP"", ""DNS""]",13,0.6343222973217703,0.043261361694080014,0.5574283003807068,0.48,0.43968939969410636,300,2520,"[{""client_id"": 1, ""model_family"": ""gru"", ""feature_ids"": [3, 4, 8, 9, 12, 13, 14, 16, 17, 18, 20, 23, 24], ""subset_size"": 13, ""micro_f1"": 0.8765862944162437, ""macro_f1"": 0.0274867938042797, ""validation_loss"": 2.6194795715022208, ""train_loss"": 3.1164519821797394, ""seconds"": 0.1347679150003387, ""gpu_id"": 0, ""candidate_id"": 9, ""sample_weight"": 0.0008752009911046531}, {""client_id"": 2, ""model_family"": ""gru"", ""feature_ids"": [3, 4, 8, 9, 12, 13, 14, 16, 17, 18, 20, 23, 24], ""subset_size"": 13, ""micro_f1"": 0.2348, ""macro_f1"": 0.011513482867850432, ""validation_loss"": 2.57053701171875, ""train_loss"": 3.0480080079396568, ""seconds"": 0.3874484430002667, ""gpu_id"": 1, ""candidate_id"": 9, ""sample_weight"": 0.061408177662345804}, {""client_id"": 3, ""model_family"": ""gru"", ""feature_ids"": [3, 4, 8, 9, 12, 13, 14, 16, 17, 18, 20, 23, 24], ""subset_size"": 13, ""micro_f1"": 0.4765, ""macro_f1"": 0.020313193213588158, ""validation_loss"": 1.412701708984375, ""train_loss"": 2.2211737736384074, ""seconds"": 0.38938617499979955, ""gpu_id"": 1, ""candidate_id"": 9, ""sample_weight"": 0.10352608384640223}, {""client_id"": 4, ""model_family"": ""gru"", ""feature_ids"": [3, 4, 8, 9, 12, 13, 14, 16, 17, 18, 20, 23, 24], ""subset_size"": 13, ""micro_f1"": 0.8305, ""macro_f1"": 0.026697055126766813, ""validation_loss"": 0.94322080078125, ""train_loss"": 2.016189885499742, ""seconds"": 0.3867212059999474, ""gpu_id"": 1, ""candidate_id"": 9, ""sample_weight"": 0.05331880053778213}, {""client_id"": 5, ""model_family"": ""transformer"", ""feature_ids"": [3, 4, 8, 9, 12, 13, 14, 16, 17, 18, 20, 23, 24], ""subset_size"": 13, ""micro_f1"": 0.953, ""macro_f1"": 0.05654557512036907, ""validation_loss"": 0.33103380126953125, ""train_loss"": 0.696798885011673, ""seconds"": 0.9038743259998228, ""gpu_id"": 0, ""candidate_id"": 9, ""sample_weight"": 0.07030155005722065}, {""client_id"": 6, ""model_family"": ""transformer"", ""feature_ids"": [3, 4, 8, 9, 12, 13, 14, 16, 17, 18, 20, 23, 24], ""subset_size"": 13, ""micro_f1"": 0.9953, ""macro_f1"": 0.05837820442692496, ""validation_loss"": 0.07414423522949219, ""train_loss"": 0.5388334560751915, ""seconds"": 0.823067798000011, ""gpu_id"": 1, ""candidate_id"": 9, ""sample_weight"": 0.07459801933327874}, {""client_id"": 7, ""model_family"": ""transformer"", ""feature_ids"": [3, 4, 8, 9, 12, 13, 14, 16, 17, 18, 20, 23, 24], ""subset_size"": 13, ""micro_f1"": 0.8638, ""macro_f1"": 0.027458970454588567, ""validation_loss"": 0.5748797729492188, ""train_loss"": 0.7501699043485853, ""seconds"": 0.7828975229999742, ""gpu_id"": 1, ""candidate_id"": 9, ""sample_weight"": 0.05067317481195735}, {""client_id"": 8, ""model_family"": ""cnn1d"", ""feature_ids"": [3, 4, 8, 9, 12, 13, 14, 16, 17, 18, 20, 23, 24], ""subset_size"": 13, ""micro_f1"": 0.4575, ""macro_f1"": 0.04837500649508363, ""validation_loss"": 1.84731025390625, ""train_loss"": 2.457279068522983, ""seconds"": 0.3504621140000381, ""gpu_id"": 0, ""candidate_id"": 9, ""sample_weight"": 0.354287210681253}, {""client_id"": 9, ""model_family"": ""cnn1d"", ""feature_ids"": [3, 4, 8, 9, 12, 13, 14, 16, 17, 18, 20, 23, 24], ""subset_size"": 13, ""micro_f1"": 0.7581, ""macro_f1"": 0.025364949460814985, ""validation_loss"": 0.9135617797851563, ""train_loss"": 1.4578081773969862, ""seconds"": 0.32915068200009046, ""gpu_id"": 1, ""candidate_id"": 9, ""sample_weight"": 0.12090074249549396}, {""client_id"": 10, ""model_family"": ""cnn1d"", ""feature_ids"": [3, 4, 8, 9, 12, 13, 14, 16, 17, 18, 20, 23, 24], ""subset_size"": 13, ""micro_f1"": 0.788, ""macro_f1"": 0.0824351709275134, ""validation_loss"": 0.9820385437011718, ""train_loss"": 1.756764491833581, ""seconds"": 0.3451616600000307, ""gpu_id"": 0, ""candidate_id"": 9, ""sample_weight"": 0.11011103958316146}]"
10,1,1000,"[0, 2, 4, 5, 8, 10, 12, 16, 17, 18, 19, 23, 24]","[""ack_flag_number"", ""Std"", ""fin_count"", ""Max"", ""Protocol Type"", ""IAT"", ""rst_flag_number"", ""fin_flag_number"", ""HTTP"", ""rst_count"", ""Header_Length"", ""ARP"", ""DNS""]",13,0.6979485294753734,0.06082567502525215,0.6831717491149902,0.48,0.4334776780360383,300,2820,"[{""client_id"": 1, ""model_family"": ""gru"", ""feature_ids"": [0, 2, 4, 5, 8, 10, 12, 16, 17, 18, 19, 23, 24], ""subset_size"": 13, ""micro_f1"": 0.8769035532994924, ""macro_f1"": 0.027482798393190944, ""validation_loss"": 2.7804698653632616, ""train_loss"": 3.18759900664315, ""seconds"": 0.11604293500022322, ""gpu_id"": 0, ""candidate_id"": 10, ""sample_weight"": 0.0008752009911046531}, {""client_id"": 2, ""model_family"": ""gru"", ""feature_ids"": [0, 2, 4, 5, 8, 10, 12, 16, 17, 18, 19, 23, 24], ""subset_size"": 13, ""micro_f1"": 0.2334, ""macro_f1"": 0.011564224662439343, ""validation_loss"": 2.615475, ""train_loss"": 3.095399544101291, ""seconds"": 0.35483168200016735, ""gpu_id"": 1, ""candidate_id"": 10, ""sample_weight"": 0.061408177662345804}, {""client_id"": 3, ""model_family"": ""gru"", ""feature_ids"": [0, 2, 4, 5, 8, 10, 12, 16, 17, 18, 19, 23, 24], ""subset_size"": 13, ""micro_f1"": 0.4769, ""macro_f1"": 0.019612140146844002, ""validation_loss"": 1.489347900390625, ""train_loss"": 2.405841075070699, ""seconds"": 0.3769092739998996, ""gpu_id"": 1, ""candidate_id"": 10, ""sample_weight"": 0.10352608384640223}, {""client_id"": 4, ""model_family"": ""gru"", ""feature_ids"": [0, 2, 4, 5, 8, 10, 12, 16, 17, 18, 19, 23, 24], ""subset_size"": 13, ""micro_f1"": 0.8305, ""macro_f1"": 0.02669997331610132, ""validation_loss"": 0.8966265991210938, ""train_loss"": 1.8670666489495171, ""seconds"": 0.39564327600010074, ""gpu_id"": 1, ""candidate_id"": 10, ""sample_weight"": 0.05331880053778213}, {""client_id"": 5, ""model_family"": ""transformer"", ""feature_ids"": [0, 2, 4, 5, 8, 10, 12, 16, 17, 18, 19, 23, 24], ""subset_size"": 13, ""micro_f1"": 0.9574, ""macro_f1"": 0.05658528169321603, ""validation_loss"": 0.26825744323730466, ""train_loss"": 0.6039578331285053, ""seconds"": 0.8202312520002124, ""gpu_id"": 0, ""candidate_id"": 10, ""sample_weight"": 0.07030155005722065}, {""client_id"": 6, ""model_family"": ""transformer"", ""feature_ids"": [0, 2, 4, 5, 8, 10, 12, 16, 17, 18, 19, 23, 24], ""subset_size"": 13, ""micro_f1"": 0.9948, ""macro_f1"": 0.05835170341838302, ""validation_loss"": 0.07074406433105469, ""train_loss"": 0.5166283803277546, ""seconds"": 0.8792061869999088, ""gpu_id"": 1, ""candidate_id"": 10, ""sample_weight"": 0.07459801933327874}, {""client_id"": 7, ""model_family"": ""transformer"", ""feature_ids"": [0, 2, 4, 5, 8, 10, 12, 16, 17, 18, 19, 23, 24], ""subset_size"": 13, ""micro_f1"": 0.8646, ""macro_f1"": 0.030282358039507212, ""validation_loss"": 0.5352068786621094, ""train_loss"": 0.7215390406926473, ""seconds"": 0.7968275020002693, ""gpu_id"": 1, ""candidate_id"": 10, ""sample_weight"": 0.05067317481195735}, {""client_id"": 8, ""model_family"": ""cnn1d"", ""feature_ids"": [0, 2, 4, 5, 8, 10, 12, 16, 17, 18, 19, 23, 24], ""subset_size"": 13, ""micro_f1"": 0.608, ""macro_f1"": 0.08627828308308973, ""validation_loss"": 1.71202216796875, ""train_loss"": 2.369243453364902, ""seconds"": 0.39762321499983955, ""gpu_id"": 0, ""candidate_id"": 10, ""sample_weight"": 0.354287210681253}, {""client_id"": 9, ""model_family"": ""cnn1d"", ""feature_ids"": [0, 2, 4, 5, 8, 10, 12, 16, 17, 18, 19, 23, 24], ""subset_size"": 13, ""micro_f1"": 0.8128, ""macro_f1"": 0.046599260141760024, ""validation_loss"": 0.7501754364013672, ""train_loss"": 1.3521777992460462, ""seconds"": 0.3367049869998482, ""gpu_id"": 1, ""candidate_id"": 10, ""sample_weight"": 0.12090074249549396}, {""client_id"": 10, ""model_family"": ""cnn1d"", ""feature_ids"": [0, 2, 4, 5, 8, 10, 12, 16, 17, 18, 19, 23, 24], ""subset_size"": 13, ""micro_f1"": 0.8191, ""macro_f1"": 0.09600191198651127, ""validation_loss"": 0.8882728729248047, ""train_loss"": 1.636583905474345, ""seconds"": 0.3991325870001674, ""gpu_id"": 0, ""candidate_id"": 10, ""sample_weight"": 0.11011103958316146}]"
11,2,1100,"[1, 2, 4, 8, 9, 11, 12, 13, 14, 16, 17, 19, 22]","[""AVG"", ""Std"", ""fin_count"", ""Protocol Type"", ""Rate"", ""syn_flag_number"", ""rst_flag_number"", ""Tot sum"", ""HTTPS"", ""fin_flag_number"", ""HTTP"", ""Header_Length"", ""Time_To_Live""]",13,0.7324488775874317,0.06271732709024054,0.6654753088951111,0.48,0.43869735686923206,300,3120,"[{""client_id"": 1, ""model_family"": ""gru"", ""feature_ids"": [1, 2, 4, 8, 9, 11, 12, 13, 14, 16, 17, 19, 22], ""subset_size"": 13, ""micro_f1"": 0.8775380710659898, ""macro_f1"": 0.02749339005625907, ""validation_loss"": 3.084615174888959, ""train_loss"": 3.33152857730433, ""seconds"": 0.13174462400002085, ""gpu_id"": 0, ""candidate_id"": 11, ""sample_weight"": 0.0008752009911046531}, {""client_id"": 2, ""model_family"": ""gru"", ""feature_ids"": [1, 2, 4, 8, 9, 11, 12, 13, 14, 16, 17, 19, 22], ""subset_size"": 13, ""micro_f1"": 0.2496, ""macro_f1"": 0.01483447533964701, ""validation_loss"": 2.9073837890625, ""train_loss"": 3.246519509760539, ""seconds"": 0.42541081299987127, ""gpu_id"": 1, ""candidate_id"": 11, ""sample_weight"": 0.061408177662345804}, {""client_id"": 3, ""model_family"": ""gru"", ""feature_ids"": [1, 2, 4, 8, 9, 11, 12, 13, 14, 16, 17, 19, 22], ""subset_size"": 13, ""micro_f1"": 0.4779, ""macro_f1"": 0.019475954196916122, ""validation_loss"": 1.828801025390625, ""train_loss"": 2.7825289879057142, ""seconds"": 0.3587111790002382, ""gpu_id"": 1, ""candidate_id"": 11, ""sample_weight"": 0.10352608384640223}, {""client_id"": 4, ""model_family"": ""gru"", ""feature_ids"": [1, 2, 4, 8, 9, 11, 12, 13, 14, 16, 17, 19, 22], ""subset_size"": 13, ""micro_f1"": 0.8305, ""macro_f1"": 0.026688304384851452, ""validation_loss"": 0.9289551513671875, ""train_loss"": 2.15580241145028, ""seconds"": 0.3881642239998655, ""gpu_id"": 1, ""candidate_id"": 11, ""sample_weight"": 0.05331880053778213}, {""client_id"": 5, ""model_family"": ""transformer"", ""feature_ids"": [1, 2, 4, 8, 9, 11, 12, 13, 14, 16, 17, 19, 22], ""subset_size"": 13, ""micro_f1"": 0.9438, ""macro_f1"": 0.05560498813145661, ""validation_loss"": 0.29457652130126954, ""train_loss"": 0.6313345526059468, ""seconds"": 0.8884638589997849, ""gpu_id"": 0, ""candidate_id"": 11, ""sample_weight"": 0.07030155005722065}, {""client_id"": 6, ""model_family"": ""transformer"", ""feature_ids"": [1, 2, 4, 8, 9, 11, 12, 13, 14, 16, 17, 19, 22], ""subset_size"": 13, ""micro_f1"": 0.9908, ""macro_f1"": 0.05787207487499823, ""validation_loss"": 0.07902159118652344, ""train_loss"": 0.5254920484834247, ""seconds"": 0.9084024470002987, ""gpu_id"": 1, ""candidate_id"": 11, ""sample_weight"": 0.07459801933327874}, {""client_id"": 7, ""model_family"": ""transformer"", ""feature_ids"": [1, 2, 4, 8, 9, 11, 12, 13, 14, 16, 17, 19, 22], ""subset_size"": 13, ""micro_f1"": 0.8649, ""macro_f1"": 0.03091511338885607, ""validation_loss"": 0.5341313598632812, ""train_loss"": 0.759243526924981, ""seconds"": 0.790447437000239, ""gpu_id"": 1, ""candidate_id"": 11, ""sample_weight"": 0.05067317481195735}, {""client_id"": 8, ""model_family"": ""cnn1d"", ""feature_ids"": [1, 2, 4, 8, 9, 11, 12, 13, 14, 16, 17, 19, 22], ""subset_size"": 13, ""micro_f1"": 0.7079, ""macro_f1"": 0.09347814968857028, ""validation_loss"": 1.4656506103515625, ""train_loss"": 2.1702871396806507, ""seconds"": 0.3921718130000045, ""gpu_id"": 0, ""candidate_id"": 11, ""sample_weight"": 0.354287210681253}, {""client_id"": 9, ""model_family"": ""cnn1d"", ""feature_ids"": [1, 2, 4, 8, 9, 11, 12, 13, 14, 16, 17, 19, 22], ""subset_size"": 13, ""micro_f1"": 0.8349, ""macro_f1"": 0.05119448969787694, ""validation_loss"": 0.6864006896972656, ""train_loss"": 1.3123224085066054, ""seconds"": 0.3322171710001385, ""gpu_id"": 1, ""candidate_id"": 11, ""sample_weight"": 0.12090074249549396}, {""client_id"": 10, ""model_family"": ""cnn1d"", ""feature_ids"": [1, 2, 4, 8, 9, 11, 12, 13, 14, 16, 17, 19, 22], ""subset_size"": 13, ""micro_f1"": 0.788, ""macro_f1"": 0.0839394346785894, ""validation_loss"": 0.9968420166015625, ""train_loss"": 1.762230617819892, ""seconds"": 0.4210854030002338, ""gpu_id"": 0, ""candidate_id"": 11, ""sample_weight"": 0.11011103958316146}]"
12,2,1200,"[6, 7, 8, 10, 11, 12, 13, 15, 16, 18, 19, 20, 22]","[""TCP"", ""syn_count"", ""Protocol Type"", ""IAT"", ""syn_flag_number"", ""rst_flag_number"", ""Tot sum"", ""ack_count"", ""fin_flag_number"", ""rst_count"", ""Header_Length"", ""psh_flag_number"", ""Time_To_Live""]",13,0.759968187091859,0.06845672812535382,0.6899620294570923,0.48,0.43900061576347665,300,3420,"[{""client_id"": 1, ""model_family"": ""gru"", ""feature_ids"": [6, 7, 8, 10, 11, 12, 13, 15, 16, 18, 19, 20, 22], ""subset_size"": 13, ""micro_f1"": 0.8775380710659898, ""macro_f1"": 0.02749339005625907, ""validation_loss"": 3.096638171200825, ""train_loss"": 3.33719696517187, ""seconds"": 0.11945334800020646, ""gpu_id"": 0, ""candidate_id"": 12, ""sample_weight"": 0.0008752009911046531}, {""client_id"": 2, ""model_family"": ""gru"", ""feature_ids"": [6, 7, 8, 10, 11, 12, 13, 15, 16, 18, 19, 20, 22], ""subset_size"": 13, ""micro_f1"": 0.4387, ""macro_f1"": 0.03927509661961406, ""validation_loss"": 2.935353515625, ""train_loss"": 3.241020160293579, ""seconds"": 0.40027284699999655, ""gpu_id"": 1, ""candidate_id"": 12, ""sample_weight"": 0.061408177662345804}, {""client_id"": 3, ""model_family"": ""gru"", ""feature_ids"": [6, 7, 8, 10, 11, 12, 13, 15, 16, 18, 19, 20, 22], ""subset_size"": 13, ""micro_f1"": 0.4786, ""macro_f1"": 0.0195421997530008, ""validation_loss"": 1.698888525390625, ""train_loss"": 2.680722987090217, ""seconds"": 0.4030412370002523, ""gpu_id"": 1, ""candidate_id"": 12, ""sample_weight"": 0.10352608384640223}, {""client_id"": 4, ""model_family"": ""gru"", ""feature_ids"": [6, 7, 8, 10, 11, 12, 13, 15, 16, 18, 19, 20, 22], ""subset_size"": 13, ""micro_f1"": 0.8305, ""macro_f1"": 0.026688304384851452, ""validation_loss"": 1.277698779296875, ""train_loss"": 2.586456971210904, ""seconds"": 0.4272476959999949, ""gpu_id"": 1, ""candidate_id"": 12, ""sample_weight"": 0.05331880053778213}, {""client_id"": 5, ""model_family"": ""transformer"", ""feature_ids"": [6, 7, 8, 10, 11, 12, 13, 15, 16, 18, 19, 20, 22], ""subset_size"": 13, ""micro_f1"": 0.9433, ""macro_f1"": 0.055442869472748374, ""validation_loss"": 0.2739117416381836, ""train_loss"": 0.584913775589731, ""seconds"": 0.9245320540003377, ""gpu_id"": 0, ""candidate_id"": 12, ""sample_weight"": 0.07030155005722065}, {""client_id"": 6, ""model_family"": ""transformer"", ""feature_ids"": [6, 7, 8, 10, 11, 12, 13, 15, 16, 18, 19, 20, 22], ""subset_size"": 13, ""micro_f1"": 0.991, ""macro_f1"": 0.05789590973504127, ""validation_loss"": 0.0725357192993164, ""train_loss"": 0.5041399722708596, ""seconds"": 0.8859373860000233, ""gpu_id"": 1, ""candidate_id"": 12, ""sample_weight"": 0.07459801933327874}, {""client_id"": 7, ""model_family"": ""transformer"", ""feature_ids"": [6, 7, 8, 10, 11, 12, 13, 15, 16, 18, 19, 20, 22], ""subset_size"": 13, ""micro_f1"": 0.8654, ""macro_f1"": 0.03389809826846732, ""validation_loss"": 0.4784983093261719, ""train_loss"": 0.7272716073777941, ""seconds"": 0.7961953099998027, ""gpu_id"": 1, ""candidate_id"": 12, ""sample_weight"": 0.05067317481195735}, {""client_id"": 8, ""model_family"": ""cnn1d"", ""feature_ids"": [6, 7, 8, 10, 11, 12, 13, 15, 16, 18, 19, 20, 22], ""subset_size"": 13, ""micro_f1"": 0.7504, ""macro_f1"": 0.10461687687198885, ""validation_loss"": 1.2949677978515626, ""train_loss"": 2.0169083673477175, ""seconds"": 0.3994473099996867, ""gpu_id"": 0, ""candidate_id"": 12, ""sample_weight"": 0.354287210681253}, {""client_id"": 9, ""model_family"": ""cnn1d"", ""feature_ids"": [6, 7, 8, 10, 11, 12, 13, 15, 16, 18, 19, 20, 22], ""subset_size"": 13, ""micro_f1"": 0.8432, ""macro_f1"": 0.05967674841069397, ""validation_loss"": 0.6168066162109375, ""train_loss"": 1.2418726171811423, ""seconds"": 0.32390115199996217, ""gpu_id"": 1, ""candidate_id"": 12, ""sample_weight"": 0.12090074249549396}, {""client_id"": 10, ""model_family"": ""cnn1d"", ""feature_ids"": [6, 7, 8, 10, 11, 12, 13, 15, 16, 18, 19, 20, 22], ""subset_size"": 13, ""micro_f1"": 0.7859, ""macro_f1"": 0.07593234256190845, ""validation_loss"": 0.864664453125, ""train_loss"": 1.5441849380811055, ""seconds"": 0.3853346639998563, ""gpu_id"": 0, ""candidate_id"": 12, ""sample_weight"": 0.11011103958316146}]"
13,2,1300,"[5, 6, 7, 9, 10, 12, 15, 16, 17, 18, 22, 23, 24]","[""Max"", ""TCP"", ""syn_count"", ""Rate"", ""IAT"", ""rst_flag_number"", ""ack_count"", ""fin_flag_number"", ""HTTP"", ""rst_count"", ""Time_To_Live"", ""ARP"", ""DNS""]",13,0.6723837505089758,0.05134450228766639,0.784673810005188,0.48,0.42077099405037877,300,3720,"[{""client_id"": 1, ""model_family"": ""gru"", ""feature_ids"": [5, 6, 7, 9, 10, 12, 15, 16, 17, 18, 22, 23, 24], ""subset_size"": 13, ""micro_f1"": 0.8756345177664975, ""macro_f1"": 0.027470886831890116, ""validation_loss"": 2.7351346863102792, ""train_loss"": 3.1660052958142604, ""seconds"": 0.12169557600009284, ""gpu_id"": 0, ""candidate_id"": 13, ""sample_weight"": 0.0008752009911046531}, {""client_id"": 2, ""model_family"": ""gru"", ""feature_ids"": [5, 6, 7, 9, 10, 12, 15, 16, 17, 18, 22, 23, 24], ""subset_size"": 13, ""micro_f1"": 0.2337, ""macro_f1"": 0.011400483682658762, ""validation_loss"": 2.62317412109375, ""train_loss"": 3.099077518335978, ""seconds"": 0.37833485100009057, ""gpu_id"": 1, ""candidate_id"": 13, ""sample_weight"": 0.061408177662345804}, {""client_id"": 3, ""model_family"": ""gru"", ""feature_ids"": [5, 6, 7, 9, 10, 12, 15, 16, 17, 18, 22, 23, 24], ""subset_size"": 13, ""micro_f1"": 0.477, ""macro_f1"": 0.020025701743187404, ""validation_loss"": 1.479645703125, ""train_loss"": 2.391550792206658, ""seconds"": 0.3618932730000779, ""gpu_id"": 1, ""candidate_id"": 13, ""sample_weight"": 0.10352608384640223}, {""client_id"": 4, ""model_family"": ""gru"", ""feature_ids"": [5, 6, 7, 9, 10, 12, 15, 16, 17, 18, 22, 23, 24], ""subset_size"": 13, ""micro_f1"": 0.8305, ""macro_f1"": 0.026698514141693403, ""validation_loss"": 0.900668701171875, ""train_loss"": 1.8829021969689264, ""seconds"": 0.4356230839998716, ""gpu_id"": 1, ""candidate_id"": 13, ""sample_weight"": 0.05331880053778213}, {""client_id"": 5, ""model_family"": ""transformer"", ""feature_ids"": [5, 6, 7, 9, 10, 12, 15, 16, 17, 18, 22, 23, 24], ""subset_size"": 13, ""micro_f1"": 0.9606, ""macro_f1"": 0.05688923289887778, ""validation_loss"": 0.2498183074951172, ""train_loss"": 0.5757578823990293, ""seconds"": 0.8919880700000249, ""gpu_id"": 0, ""candidate_id"": 13, ""sample_weight"": 0.07030155005722065}, {""client_id"": 6, ""model_family"": ""transformer"", ""feature_ids"": [5, 6, 7, 9, 10, 12, 15, 16, 17, 18, 22, 23, 24], ""subset_size"": 13, ""micro_f1"": 0.9942, ""macro_f1"": 0.05825811712433666, ""validation_loss"": 0.07343087005615234, ""train_loss"": 0.5267129913303588, ""seconds"": 0.822523283999999, ""gpu_id"": 1, ""candidate_id"": 13, ""sample_weight"": 0.07459801933327874}, {""client_id"": 7, ""model_family"": ""transformer"", ""feature_ids"": [5, 6, 7, 9, 10, 12, 15, 16, 17, 18, 22, 23, 24], ""subset_size"": 13, ""micro_f1"": 0.8643, ""macro_f1"": 0.028013096917632044, ""validation_loss"": 0.5590822143554688, ""train_loss"": 0.7641733516693116, ""seconds"": 0.7969285320000381, ""gpu_id"": 1, ""candidate_id"": 13, ""sample_weight"": 0.05067317481195735}, {""client_id"": 8, ""model_family"": ""cnn1d"", ""feature_ids"": [5, 6, 7, 9, 10, 12, 15, 16, 17, 18, 22, 23, 24], ""subset_size"": 13, ""micro_f1"": 0.5976, ""macro_f1"": 0.0771689008961529, ""validation_loss"": 1.5359775390625, ""train_loss"": 2.225457995965746, ""seconds"": 0.37868986700004825, ""gpu_id"": 0, ""candidate_id"": 13, ""sample_weight"": 0.354287210681253}, {""client_id"": 9, ""model_family"": ""cnn1d"", ""feature_ids"": [5, 6, 7, 9, 10, 12, 15, 16, 17, 18, 22, 23, 24], ""subset_size"": 13, ""micro_f1"": 0.7581, ""macro_f1"": 0.025364949460814985, ""validation_loss"": 0.781011686706543, ""train_loss"": 1.3159926504876878, ""seconds"": 0.3176968230000057, ""gpu_id"": 1, ""candidate_id"": 13, ""sample_weight"": 0.12090074249549396}, {""client_id"": 10, ""model_family"": ""cnn1d"", ""feature_ids"": [5, 6, 7, 9, 10, 12, 15, 16, 17, 18, 22, 23, 24], ""subset_size"": 13, ""micro_f1"": 0.6787, ""macro_f1"": 0.06313819013241095, ""validation_loss"": 1.144206005859375, ""train_loss"": 1.7260863298628066, ""seconds"": 0.3379887280002549, ""gpu_id"": 0, ""candidate_id"": 13, ""sample_weight"": 0.11011103958316146}]"
14,2,1400,"[0, 3, 4, 5, 6, 7, 8, 9, 11, 12, 18, 19, 20, 23]","[""ack_flag_number"", ""UDP"", ""fin_count"", ""Max"", ""TCP"", ""syn_count"", ""Protocol Type"", ""Rate"", ""syn_flag_number"", ""rst_flag_number"", ""rst_count"", ""Header_Length"", ""psh_flag_number"", ""ARP""]",14,0.727630254653624,0.059235231609858524,0.7659141421318054,0.43999999999999995,0.3921716112521818,320,4040,"[{""client_id"": 1, ""model_family"": ""gru"", ""feature_ids"": [0, 3, 4, 5, 6, 7, 8, 9, 11, 12, 18, 19, 20, 23], ""subset_size"": 14, ""micro_f1"": 0.8775380710659898, ""macro_f1"": 0.02749339005625907, ""validation_loss"": 2.9393583191227792, ""train_loss"": 3.260265953044601, ""seconds"": 0.11199188599994159, ""gpu_id"": 0, ""candidate_id"": 14, ""sample_weight"": 0.0008752009911046531}, {""client_id"": 2, ""model_family"": ""gru"", ""feature_ids"": [0, 3, 4, 5, 6, 7, 8, 9, 11, 12, 18, 19, 20, 23], ""subset_size"": 14, ""micro_f1"": 0.2375, ""macro_f1"": 0.012019472100439585, ""validation_loss"": 2.80787666015625, ""train_loss"": 3.1767531455145943, ""seconds"": 0.3697488169996177, ""gpu_id"": 1, ""candidate_id"": 14, ""sample_weight"": 0.061408177662345804}, {""client_id"": 3, ""model_family"": ""gru"", ""feature_ids"": [0, 3, 4, 5, 6, 7, 8, 9, 11, 12, 18, 19, 20, 23], ""subset_size"": 14, ""micro_f1"": 0.4765, ""macro_f1"": 0.019175492918962787, ""validation_loss"": 1.590077001953125, ""train_loss"": 2.5116332625495064, ""seconds"": 0.4177358870001626, ""gpu_id"": 1, ""candidate_id"": 14, ""sample_weight"": 0.10352608384640223}, {""client_id"": 4, ""model_family"": ""gru"", ""feature_ids"": [0, 3, 4, 5, 6, 7, 8, 9, 11, 12, 18, 19, 20, 23], ""subset_size"": 14, ""micro_f1"": 0.8305, ""macro_f1"": 0.026688304384851452, ""validation_loss"": 1.133619775390625, ""train_loss"": 2.462814648691813, ""seconds"": 0.36778821400002926, ""gpu_id"": 1, ""candidate_id"": 14, ""sample_weight"": 0.05331880053778213}, {""client_id"": 5, ""model_family"": ""transformer"", ""feature_ids"": [0, 3, 4, 5, 6, 7, 8, 9, 11, 12, 18, 19, 20, 23], ""subset_size"": 14, ""micro_f1"": 0.9392, ""macro_f1"": 0.055281254397867394, ""validation_loss"": 0.3145693603515625, ""train_loss"": 0.685462805249956, ""seconds"": 0.8604813970000578, ""gpu_id"": 0, ""candidate_id"": 14, ""sample_weight"": 0.07030155005722065}, {""client_id"": 6, ""model_family"": ""transformer"", ""feature_ids"": [0, 3, 4, 5, 6, 7, 8, 9, 11, 12, 18, 19, 20, 23], ""subset_size"": 14, ""micro_f1"": 0.9917, ""macro_f1"": 0.057979121794283404, ""validation_loss"": 0.0745773681640625, ""train_loss"": 0.5327770408087307, ""seconds"": 0.9331283999999869, ""gpu_id"": 1, ""candidate_id"": 14, ""sample_weight"": 0.07459801933327874}, {""client_id"": 7, ""model_family"": ""transformer"", ""feature_ids"": [0, 3, 4, 5, 6, 7, 8, 9, 11, 12, 18, 19, 20, 23], ""subset_size"": 14, ""micro_f1"": 0.8646, ""macro_f1"": 0.028029915446778783, ""validation_loss"": 0.508810400390625, ""train_loss"": 0.7413375287055969, ""seconds"": 0.8055720389997987, ""gpu_id"": 1, ""candidate_id"": 14, ""sample_weight"": 0.05067317481195735}, {""client_id"": 8, ""model_family"": ""cnn1d"", ""feature_ids"": [0, 3, 4, 5, 6, 7, 8, 9, 11, 12, 18, 19, 20, 23], ""subset_size"": 14, ""micro_f1"": 0.7235, ""macro_f1"": 0.09491615122858843, ""validation_loss"": 1.2873269287109375, ""train_loss"": 2.0349814940982394, ""seconds"": 0.36765992599976016, ""gpu_id"": 0, ""candidate_id"": 14, ""sample_weight"": 0.354287210681253}, {""client_id"": 9, ""model_family"": ""cnn1d"", ""feature_ids"": [0, 3, 4, 5, 6, 7, 8, 9, 11, 12, 18, 19, 20, 23], ""subset_size"": 14, ""micro_f1"": 0.7581, ""macro_f1"": 0.025364949460814985, ""validation_loss"": 0.7244198486328125, ""train_loss"": 1.2897007325490315, ""seconds"": 0.3185083650000706, ""gpu_id"": 1, ""candidate_id"": 14, ""sample_weight"": 0.12090074249549396}, {""client_id"": 10, ""model_family"": ""cnn1d"", ""feature_ids"": [0, 3, 4, 5, 6, 7, 8, 9, 11, 12, 18, 19, 20, 23], ""subset_size"": 14, ""micro_f1"": 0.7889, ""macro_f1"": 0.07936400781327642, ""validation_loss"": 0.9451079040527344, ""train_loss"": 1.595389811176724, ""seconds"": 0.43669844000032754, ""gpu_id"": 0, ""candidate_id"": 14, ""sample_weight"": 0.11011103958316146}]"
15,2,1500,"[3, 4, 5, 6, 7, 8, 9, 10, 13, 14, 16, 19, 20, 23]","[""UDP"", ""fin_count"", ""Max"", ""TCP"", ""syn_count"", ""Protocol Type"", ""Rate"", ""IAT"", ""Tot sum"", ""HTTPS"", ""fin_flag_number"", ""Header_Length"", ""psh_flag_number"", ""ARP""]",14,0.74413384874387,0.06783920158003104,0.43809959292411804,0.43999999999999995,0.42660342558197517,320,4360,"[{""client_id"": 1, ""model_family"": ""gru"", ""feature_ids"": [3, 4, 5, 6, 7, 8, 9, 10, 13, 14, 16, 19, 20, 23], ""subset_size"": 14, ""micro_f1"": 0.8775380710659898, ""macro_f1"": 0.02749339005625907, ""validation_loss"": 3.0259464476919415, ""train_loss"": 3.301138853394777, ""seconds"": 0.1383170799999789, ""gpu_id"": 0, ""candidate_id"": 15, ""sample_weight"": 0.0008752009911046531}, {""client_id"": 2, ""model_family"": ""gru"", ""feature_ids"": [3, 4, 5, 6, 7, 8, 9, 10, 13, 14, 16, 19, 20, 23], ""subset_size"": 14, ""micro_f1"": 0.2447, ""macro_f1"": 0.013906165751297833, ""validation_loss"": 2.85569765625, ""train_loss"": 3.199312195248074, ""seconds"": 0.3949900960001287, ""gpu_id"": 1, ""candidate_id"": 15, ""sample_weight"": 0.061408177662345804}, {""client_id"": 3, ""model_family"": ""gru"", ""feature_ids"": [3, 4, 5, 6, 7, 8, 9, 10, 13, 14, 16, 19, 20, 23], ""subset_size"": 14, ""micro_f1"": 0.4774, ""macro_f1"": 0.021660591497774814, ""validation_loss"": 1.57806689453125, ""train_loss"": 2.532624289512634, ""seconds"": 0.42208546999972896, ""gpu_id"": 1, ""candidate_id"": 15, ""sample_weight"": 0.10352608384640223}, {""client_id"": 4, ""model_family"": ""gru"", ""feature_ids"": [3, 4, 5, 6, 7, 8, 9, 10, 13, 14, 16, 19, 20, 23], ""subset_size"": 14, ""micro_f1"": 0.8305, ""macro_f1"": 0.026688304384851452, ""validation_loss"": 1.1504512939453124, ""train_loss"": 2.501088302675883, ""seconds"": 0.3839506990002519, ""gpu_id"": 1, ""candidate_id"": 15, ""sample_weight"": 0.05331880053778213}, {""client_id"": 5, ""model_family"": ""transformer"", ""feature_ids"": [3, 4, 5, 6, 7, 8, 9, 10, 13, 14, 16, 19, 20, 23], ""subset_size"": 14, ""micro_f1"": 0.9209, ""macro_f1"": 0.05376192521362022, ""validation_loss"": 0.3789774871826172, ""train_loss"": 0.7795264580779605, ""seconds"": 0.9227971450000041, ""gpu_id"": 0, ""candidate_id"": 15, ""sample_weight"": 0.07030155005722065}, {""client_id"": 6, ""model_family"": ""transformer"", ""feature_ids"": [3, 4, 5, 6, 7, 8, 9, 10, 13, 14, 16, 19, 20, 23], ""subset_size"": 14, ""micro_f1"": 0.9916, ""macro_f1"": 0.05796725429677652, ""validation_loss"": 0.07638760986328125, ""train_loss"": 0.5444591829147604, ""seconds"": 0.9144661549999, ""gpu_id"": 1, ""candidate_id"": 15, ""sample_weight"": 0.07459801933327874}, {""client_id"": 7, ""model_family"": ""transformer"", ""feature_ids"": [3, 4, 5, 6, 7, 8, 9, 10, 13, 14, 16, 19, 20, 23], ""subset_size"": 14, ""micro_f1"": 0.8639, ""macro_f1"": 0.027283177847537598, ""validation_loss"": 0.5631287536621093, ""train_loss"": 0.7695426319546169, ""seconds"": 0.8121526029999586, ""gpu_id"": 1, ""candidate_id"": 15, ""sample_weight"": 0.05067317481195735}, {""client_id"": 8, ""model_family"": ""cnn1d"", ""feature_ids"": [3, 4, 5, 6, 7, 8, 9, 10, 13, 14, 16, 19, 20, 23], ""subset_size"": 14, ""micro_f1"": 0.7368, ""macro_f1"": 0.10421255488162566, ""validation_loss"": 1.370449072265625, ""train_loss"": 2.12438951587677, ""seconds"": 0.3989484079997965, ""gpu_id"": 0, ""candidate_id"": 15, ""sample_weight"": 0.354287210681253}, {""client_id"": 9, ""model_family"": ""cnn1d"", ""feature_ids"": [3, 4, 5, 6, 7, 8, 9, 10, 13, 14, 16, 19, 20, 23], ""subset_size"": 14, ""micro_f1"": 0.8724, ""macro_f1"": 0.06953301456563021, ""validation_loss"": 0.6719237487792968, ""train_loss"": 1.2766366027090283, ""seconds"": 0.320578483999725, ""gpu_id"": 1, ""candidate_id"": 15, ""sample_weight"": 0.12090074249549396}, {""client_id"": 10, ""model_family"": ""cnn1d"", ""feature_ids"": [3, 4, 5, 6, 7, 8, 9, 10, 13, 14, 16, 19, 20, 23], ""subset_size"": 14, ""micro_f1"": 0.7777, ""macro_f1"": 0.07702842270306519, ""validation_loss"": 0.913854507446289, ""train_loss"": 1.6021144926071167, ""seconds"": 0.41374718599990956, ""gpu_id"": 0, ""candidate_id"": 15, ""sample_weight"": 0.11011103958316146}]"
16,2,1600,"[1, 4, 6, 7, 8, 10, 11, 12, 13, 15, 16, 17, 18, 23, 24]","[""AVG"", ""fin_count"", ""TCP"", ""syn_count"", ""Protocol Type"", ""IAT"", ""syn_flag_number"", ""rst_flag_number"", ""Tot sum"", ""ack_count"", ""fin_flag_number"", ""HTTP"", ""rst_count"", ""ARP"", ""DNS""]",15,0.6981516192143886,0.05458070432022032,0.6607466340065002,0.4,0.3637404985207889,340,4700,"[{""client_id"": 1, ""model_family"": ""gru"", ""feature_ids"": [1, 4, 6, 7, 8, 10, 11, 12, 13, 15, 16, 17, 18, 23, 24], ""subset_size"": 15, ""micro_f1"": 0.8765862944162437, ""macro_f1"": 0.0274867938042797, ""validation_loss"": 2.497881429449556, ""train_loss"": 3.0637099303166475, ""seconds"": 0.11566695000010441, ""gpu_id"": 0, ""candidate_id"": 16, ""sample_weight"": 0.0008752009911046531}, {""client_id"": 2, ""model_family"": ""gru"", ""feature_ids"": [1, 4, 6, 7, 8, 10, 11, 12, 13, 15, 16, 17, 18, 23, 24], ""subset_size"": 15, ""micro_f1"": 0.2335, ""macro_f1"": 0.011238172244842954, ""validation_loss"": 2.5098630859375, ""train_loss"": 3.018599673758613, ""seconds"": 0.4024676279996129, ""gpu_id"": 1, ""candidate_id"": 16, ""sample_weight"": 0.061408177662345804}, {""client_id"": 3, ""model_family"": ""gru"", ""feature_ids"": [1, 4, 6, 7, 8, 10, 11, 12, 13, 15, 16, 17, 18, 23, 24], ""subset_size"": 15, ""micro_f1"": 0.4772, ""macro_f1"": 0.01986934540098005, ""validation_loss"": 1.435575439453125, ""train_loss"": 2.254567675675286, ""seconds"": 0.4333012259999123, ""gpu_id"": 1, ""candidate_id"": 16, ""sample_weight"": 0.10352608384640223}, {""client_id"": 4, ""model_family"": ""gru"", ""feature_ids"": [1, 4, 6, 7, 8, 10, 11, 12, 13, 15, 16, 17, 18, 23, 24], ""subset_size"": 15, ""micro_f1"": 0.8305, ""macro_f1"": 0.02669997331610132, ""validation_loss"": 0.8879292114257813, ""train_loss"": 1.769585501162211, ""seconds"": 0.4343175990002237, ""gpu_id"": 1, ""candidate_id"": 16, ""sample_weight"": 0.05331880053778213}, {""client_id"": 5, ""model_family"": ""transformer"", ""feature_ids"": [1, 4, 6, 7, 8, 10, 11, 12, 13, 15, 16, 17, 18, 23, 24], ""subset_size"": 15, ""micro_f1"": 0.9585, ""macro_f1"": 0.056832301969145835, ""validation_loss"": 0.2674796035766602, ""train_loss"": 0.6002839304553138, ""seconds"": 0.9576809949999188, ""gpu_id"": 0, ""candidate_id"": 16, ""sample_weight"": 0.07030155005722065}, {""client_id"": 6, ""model_family"": ""transformer"", ""feature_ids"": [1, 4, 6, 7, 8, 10, 11, 12, 13, 15, 16, 17, 18, 23, 24], ""subset_size"": 15, ""micro_f1"": 0.9938, ""macro_f1"": 0.05822681878564545, ""validation_loss"": 0.07163876495361328, ""train_loss"": 0.524165117916796, ""seconds"": 0.8805825690001257, ""gpu_id"": 1, ""candidate_id"": 16, ""sample_weight"": 0.07459801933327874}, {""client_id"": 7, ""model_family"": ""transformer"", ""feature_ids"": [1, 4, 6, 7, 8, 10, 11, 12, 13, 15, 16, 17, 18, 23, 24], ""subset_size"": 15, ""micro_f1"": 0.8659, ""macro_f1"": 0.03621602214423868, ""validation_loss"": 0.5389756774902343, ""train_loss"": 0.7526718913078309, ""seconds"": 0.8488444469999195, ""gpu_id"": 1, ""candidate_id"": 16, ""sample_weight"": 0.05067317481195735}, {""client_id"": 8, ""model_family"": ""cnn1d"", ""feature_ids"": [1, 4, 6, 7, 8, 10, 11, 12, 13, 15, 16, 17, 18, 23, 24], ""subset_size"": 15, ""micro_f1"": 0.636, ""macro_f1"": 0.07978565462178035, ""validation_loss"": 1.44229755859375, ""train_loss"": 2.1302914062076144, ""seconds"": 0.40560443000003943, ""gpu_id"": 0, ""candidate_id"": 16, ""sample_weight"": 0.354287210681253}, {""client_id"": 9, ""model_family"": ""cnn1d"", ""feature_ids"": [1, 4, 6, 7, 8, 10, 11, 12, 13, 15, 16, 17, 18, 23, 24], ""subset_size"": 15, ""micro_f1"": 0.7607, ""macro_f1"": 0.026850823056236296, ""validation_loss"": 0.7269044403076171, ""train_loss"": 1.3088936712370978, ""seconds"": 0.3265668919998461, ""gpu_id"": 1, ""candidate_id"": 16, ""sample_weight"": 0.12090074249549396}, {""client_id"": 10, ""model_family"": ""cnn1d"", ""feature_ids"": [1, 4, 6, 7, 8, 10, 11, 12, 13, 15, 16, 17, 18, 23, 24], ""subset_size"": 15, ""micro_f1"": 0.7871, ""macro_f1"": 0.0789967978488687, ""validation_loss"": 0.9457879913330078, ""train_loss"": 1.6350739431805081, ""seconds"": 0.34121338699969783, ""gpu_id"": 0, ""candidate_id"": 16, ""sample_weight"": 0.11011103958316146}]"
17,2,1700,"[2, 4, 5, 6, 7, 11, 12, 13, 14, 16, 17, 18, 19, 20, 22]","[""Std"", ""fin_count"", ""Max"", ""TCP"", ""syn_count"", ""syn_flag_number"", ""rst_flag_number"", ""Tot sum"", ""HTTPS"", ""fin_flag_number"", ""HTTP"", ""rst_count"", ""Header_Length"", ""psh_flag_number"", ""Time_To_Live""]",15,0.681179271360621,0.05318275599415599,0.7277293801307678,0.4,0.35534498912298534,340,5040,"[{""client_id"": 1, ""model_family"": ""gru"", ""feature_ids"": [2, 4, 5, 6, 7, 11, 12, 13, 14, 16, 17, 18, 19, 20, 22], ""subset_size"": 15, ""micro_f1"": 0.8775380710659898, ""macro_f1"": 0.02749339005625907, ""validation_loss"": 3.08087499008566, ""train_loss"": 3.3298105070702584, ""seconds"": 0.12443124800029182, ""gpu_id"": 0, ""candidate_id"": 17, ""sample_weight"": 0.0008752009911046531}, {""client_id"": 2, ""model_family"": ""gru"", ""feature_ids"": [2, 4, 5, 6, 7, 11, 12, 13, 14, 16, 17, 18, 19, 20, 22], ""subset_size"": 15, ""micro_f1"": 0.2757, ""macro_f1"": 0.019801484153114647, ""validation_loss"": 2.87915478515625, ""train_loss"": 3.219693435075548, ""seconds"": 0.35788174300023456, ""gpu_id"": 1, ""candidate_id"": 17, ""sample_weight"": 0.061408177662345804}, {""client_id"": 3, ""model_family"": ""gru"", ""feature_ids"": [2, 4, 5, 6, 7, 11, 12, 13, 14, 16, 17, 18, 19, 20, 22], ""subset_size"": 15, ""micro_f1"": 0.4776, ""macro_f1"": 0.019535335497716858, ""validation_loss"": 1.635111669921875, ""train_loss"": 2.624854415787591, ""seconds"": 0.3609726419999788, ""gpu_id"": 1, ""candidate_id"": 17, ""sample_weight"": 0.10352608384640223}, {""client_id"": 4, ""model_family"": ""gru"", ""feature_ids"": [2, 4, 5, 6, 7, 11, 12, 13, 14, 16, 17, 18, 19, 20, 22], ""subset_size"": 15, ""micro_f1"": 0.8305, ""macro_f1"": 0.026688304384851452, ""validation_loss"": 1.145916357421875, ""train_loss"": 2.5009792642805313, ""seconds"": 0.37522379800020644, ""gpu_id"": 1, ""candidate_id"": 17, ""sample_weight"": 0.05331880053778213}, {""client_id"": 5, ""model_family"": ""transformer"", ""feature_ids"": [2, 4, 5, 6, 7, 11, 12, 13, 14, 16, 17, 18, 19, 20, 22], ""subset_size"": 15, ""micro_f1"": 0.949, ""macro_f1"": 0.055931404732156645, ""validation_loss"": 0.2716923263549805, ""train_loss"": 0.5926730719778273, ""seconds"": 0.8983472320001056, ""gpu_id"": 0, ""candidate_id"": 17, ""sample_weight"": 0.07030155005722065}, {""client_id"": 6, ""model_family"": ""transformer"", ""feature_ids"": [2, 4, 5, 6, 7, 11, 12, 13, 14, 16, 17, 18, 19, 20, 22], ""subset_size"": 15, ""micro_f1"": 0.9912, ""macro_f1"": 0.057919717888091714, ""validation_loss"": 0.08124176330566406, ""train_loss"": 0.5212387717061573, ""seconds"": 0.8998654990000432, ""gpu_id"": 1, ""candidate_id"": 17, ""sample_weight"": 0.07459801933327874}, {""client_id"": 7, ""model_family"": ""transformer"", ""feature_ids"": [2, 4, 5, 6, 7, 11, 12, 13, 14, 16, 17, 18, 19, 20, 22], ""subset_size"": 15, ""micro_f1"": 0.8665, ""macro_f1"": 0.03920219681504289, ""validation_loss"": 0.5364508911132813, ""train_loss"": 0.7495056890858545, ""seconds"": 0.8427229129997613, ""gpu_id"": 1, ""candidate_id"": 17, ""sample_weight"": 0.05067317481195735}, {""client_id"": 8, ""model_family"": ""cnn1d"", ""feature_ids"": [2, 4, 5, 6, 7, 11, 12, 13, 14, 16, 17, 18, 19, 20, 22], ""subset_size"": 15, ""micro_f1"": 0.5926, ""macro_f1"": 0.0673706322403538, ""validation_loss"": 1.4637392456054688, ""train_loss"": 2.1434043786578707, ""seconds"": 0.4184690690003663, ""gpu_id"": 0, ""candidate_id"": 17, ""sample_weight"": 0.354287210681253}, {""client_id"": 9, ""model_family"": ""cnn1d"", ""feature_ids"": [2, 4, 5, 6, 7, 11, 12, 13, 14, 16, 17, 18, 19, 20, 22], ""subset_size"": 15, ""micro_f1"": 0.8376, ""macro_f1"": 0.05421847250833282, ""validation_loss"": 0.7166691436767578, ""train_loss"": 1.2911885374916925, ""seconds"": 0.335369849000017, ""gpu_id"": 1, ""candidate_id"": 17, ""sample_weight"": 0.12090074249549396}, {""client_id"": 10, ""model_family"": ""cnn1d"", ""feature_ids"": [2, 4, 5, 6, 7, 11, 12, 13, 14, 16, 17, 18, 19, 20, 22], ""subset_size"": 15, ""micro_f1"": 0.6718, ""macro_f1"": 0.07115043276118103, ""validation_loss"": 1.0757230682373047, ""train_loss"": 1.7161902538723415, ""seconds"": 0.3328915059996689, ""gpu_id"": 0, ""candidate_id"": 17, ""sample_weight"": 0.11011103958316146}]"
18,2,1800,"[1, 2, 4, 5, 6, 7, 8, 9, 12, 13, 14, 16, 17, 19, 22, 23]","[""AVG"", ""Std"", ""fin_count"", ""Max"", ""TCP"", ""syn_count"", ""Protocol Type"", ""Rate"", ""rst_flag_number"", ""Tot sum"", ""HTTPS"", ""fin_flag_number"", ""HTTP"", ""Header_Length"", ""Time_To_Live"", ""ARP""]",16,0.6981931217093964,0.054731779301603625,0.7400499582290649,0.36,0.31981431634803315,360,5400,"[{""client_id"": 1, ""model_family"": ""gru"", ""feature_ids"": [1, 2, 4, 5, 6, 7, 8, 9, 12, 13, 14, 16, 17, 19, 22, 23], ""subset_size"": 16, ""micro_f1"": 0.8775380710659898, ""macro_f1"": 0.02749339005625907, ""validation_loss"": 3.0296593680599617, ""train_loss"": 3.302339111958529, ""seconds"": 0.1166380869999557, ""gpu_id"": 0, ""candidate_id"": 18, ""sample_weight"": 0.0008752009911046531}, {""client_id"": 2, ""model_family"": ""gru"", ""feature_ids"": [1, 2, 4, 5, 6, 7, 8, 9, 12, 13, 14, 16, 17, 19, 22, 23], ""subset_size"": 16, ""micro_f1"": 0.2338, ""macro_f1"": 0.011316845751538062, ""validation_loss"": 2.8834296875, ""train_loss"": 3.233643077892727, ""seconds"": 0.369039070999861, ""gpu_id"": 1, ""candidate_id"": 18, ""sample_weight"": 0.061408177662345804}, {""client_id"": 3, ""model_family"": ""gru"", ""feature_ids"": [1, 2, 4, 5, 6, 7, 8, 9, 12, 13, 14, 16, 17, 19, 22, 23], ""subset_size"": 16, ""micro_f1"": 0.4763, ""macro_f1"": 0.01918509350015054, ""validation_loss"": 1.73314150390625, ""train_loss"": 2.71781900001102, ""seconds"": 0.36288419899983637, ""gpu_id"": 1, ""candidate_id"": 18, ""sample_weight"": 0.10352608384640223}, {""client_id"": 4, ""model_family"": ""gru"", ""feature_ids"": [1, 2, 4, 5, 6, 7, 8, 9, 12, 13, 14, 16, 17, 19, 22, 23], ""subset_size"": 16, ""micro_f1"": 0.8304, ""macro_f1"": 0.026686548745372272, ""validation_loss"": 0.9252591552734375, ""train_loss"": 2.140631955125597, ""seconds"": 0.4111028850002185, ""gpu_id"": 1, ""candidate_id"": 18, ""sample_weight"": 0.05331880053778213}, {""client_id"": 5, ""model_family"": ""transformer"", ""feature_ids"": [1, 2, 4, 5, 6, 7, 8, 9, 12, 13, 14, 16, 17, 19, 22, 23], ""subset_size"": 16, ""micro_f1"": 0.9449, ""macro_f1"": 0.055616274675972806, ""validation_loss"": 0.27573128204345704, ""train_loss"": 0.6073343656222026, ""seconds"": 0.8719995730002665, ""gpu_id"": 0, ""candidate_id"": 18, ""sample_weight"": 0.07030155005722065}, {""client_id"": 6, ""model_family"": ""transformer"", ""feature_ids"": [1, 2, 4, 5, 6, 7, 8, 9, 12, 13, 14, 16, 17, 19, 22, 23], ""subset_size"": 16, ""micro_f1"": 0.9915, ""macro_f1"": 0.0579553801643575, ""validation_loss"": 0.07454910125732422, ""train_loss"": 0.5186335494756699, ""seconds"": 0.9304692059999979, ""gpu_id"": 1, ""candidate_id"": 18, ""sample_weight"": 0.07459801933327874}, {""client_id"": 7, ""model_family"": ""transformer"", ""feature_ids"": [1, 2, 4, 5, 6, 7, 8, 9, 12, 13, 14, 16, 17, 19, 22, 23], ""subset_size"": 16, ""micro_f1"": 0.8647, ""macro_f1"": 0.029520982446161383, ""validation_loss"": 0.5622744506835937, ""train_loss"": 0.7690726095941331, ""seconds"": 0.8579357129997334, ""gpu_id"": 1, ""candidate_id"": 18, ""sample_weight"": 0.05067317481195735}, {""client_id"": 8, ""model_family"": ""cnn1d"", ""feature_ids"": [1, 2, 4, 5, 6, 7, 8, 9, 12, 13, 14, 16, 17, 19, 22, 23], ""subset_size"": 16, ""micro_f1"": 0.6454, ""macro_f1"": 0.08147789935827486, ""validation_loss"": 1.475321533203125, ""train_loss"": 2.2022528351889714, ""seconds"": 0.3937092030000713, ""gpu_id"": 0, ""candidate_id"": 18, ""sample_weight"": 0.354287210681253}, {""client_id"": 9, ""model_family"": ""cnn1d"", ""feature_ids"": [1, 2, 4, 5, 6, 7, 8, 9, 12, 13, 14, 16, 17, 19, 22, 23], ""subset_size"": 16, ""micro_f1"": 0.7581, ""macro_f1"": 0.025364949460814985, ""validation_loss"": 0.7468398651123047, ""train_loss"": 1.3173919932577345, ""seconds"": 0.32361102499999106, ""gpu_id"": 1, ""candidate_id"": 18, ""sample_weight"": 0.12090074249549396}, {""client_id"": 10, ""model_family"": ""cnn1d"", ""feature_ids"": [1, 2, 4, 5, 6, 7, 8, 9, 12, 13, 14, 16, 17, 19, 22, 23], ""subset_size"": 16, ""micro_f1"": 0.7716, ""macro_f1"": 0.08120266723161973, ""validation_loss"": 0.9835473571777343, ""train_loss"": 1.721035921626621, ""seconds"": 0.4120375340003193, ""gpu_id"": 0, ""candidate_id"": 18, ""sample_weight"": 0.11011103958316146}]"
19,2,1900,"[1, 2, 4, 5, 6, 8, 11, 12, 13, 16, 17, 18, 20, 22, 23, 24]","[""AVG"", ""Std"", ""fin_count"", ""Max"", ""TCP"", ""Protocol Type"", ""syn_flag_number"", ""rst_flag_number"", ""Tot sum"", ""fin_flag_number"", ""HTTP"", ""rst_count"", ""psh_flag_number"", ""Time_To_Live"", ""ARP"", ""DNS""]",16,0.6810682128561126,0.05108300333573412,0.6407420635223389,0.36,0.3280326149333774,360,5760,"[{""client_id"": 1, ""model_family"": ""gru"", ""feature_ids"": [1, 2, 4, 5, 6, 8, 11, 12, 13, 16, 17, 18, 20, 22, 23, 24], ""subset_size"": 16, ""micro_f1"": 0.8765862944162437, ""macro_f1"": 0.027482146054228253, ""validation_loss"": 2.7912771157201774, ""train_loss"": 3.190668802239837, ""seconds"": 0.13249963299995215, ""gpu_id"": 0, ""candidate_id"": 19, ""sample_weight"": 0.0008752009911046531}, {""client_id"": 2, ""model_family"": ""gru"", ""feature_ids"": [1, 2, 4, 5, 6, 8, 11, 12, 13, 16, 17, 18, 20, 22, 23, 24], ""subset_size"": 16, ""micro_f1"": 0.2347, ""macro_f1"": 0.011493573398311308, ""validation_loss"": 2.70637822265625, ""train_loss"": 3.1360513349321155, ""seconds"": 0.3856110169999738, ""gpu_id"": 1, ""candidate_id"": 19, ""sample_weight"": 0.061408177662345804}, {""client_id"": 3, ""model_family"": ""gru"", ""feature_ids"": [1, 2, 4, 5, 6, 8, 11, 12, 13, 16, 17, 18, 20, 22, 23, 24], ""subset_size"": 16, ""micro_f1"": 0.4765, ""macro_f1"": 0.02052187216352467, ""validation_loss"": 1.4725138671875, ""train_loss"": 2.391245301437378, ""seconds"": 0.42677895900033036, ""gpu_id"": 1, ""candidate_id"": 19, ""sample_weight"": 0.10352608384640223}, {""client_id"": 4, ""model_family"": ""gru"", ""feature_ids"": [1, 2, 4, 5, 6, 8, 11, 12, 13, 16, 17, 18, 20, 22, 23, 24], ""subset_size"": 16, ""micro_f1"": 0.8305, ""macro_f1"": 0.026694137575253043, ""validation_loss"": 0.9720804443359375, ""train_loss"": 2.135366711309221, ""seconds"": 0.4506740589999936, ""gpu_id"": 1, ""candidate_id"": 19, ""sample_weight"": 0.05331880053778213}, {""client_id"": 5, ""model_family"": ""transformer"", ""feature_ids"": [1, 2, 4, 5, 6, 8, 11, 12, 13, 16, 17, 18, 20, 22, 23, 24], ""subset_size"": 16, ""micro_f1"": 0.9486, ""macro_f1"": 0.055955005610081356, ""validation_loss"": 0.2678244430541992, ""train_loss"": 0.6069972602367402, ""seconds"": 0.9802067670002543, ""gpu_id"": 0, ""candidate_id"": 19, ""sample_weight"": 0.07030155005722065}, {""client_id"": 6, ""model_family"": ""transformer"", ""feature_ids"": [1, 2, 4, 5, 6, 8, 11, 12, 13, 16, 17, 18, 20, 22, 23, 24], ""subset_size"": 16, ""micro_f1"": 0.9919, ""macro_f1"": 0.058018733598601095, ""validation_loss"": 0.07319391937255859, ""train_loss"": 0.5262065909531382, ""seconds"": 0.9024282770001264, ""gpu_id"": 1, ""candidate_id"": 19, ""sample_weight"": 0.07459801933327874}, {""client_id"": 7, ""model_family"": ""transformer"", ""feature_ids"": [1, 2, 4, 5, 6, 8, 11, 12, 13, 16, 17, 18, 20, 22, 23, 24], ""subset_size"": 16, ""micro_f1"": 0.8636, ""macro_f1"": 0.028735455430826798, ""validation_loss"": 0.5574807189941406, ""train_loss"": 0.7596489367696974, ""seconds"": 0.8529411910003546, ""gpu_id"": 1, ""candidate_id"": 19, ""sample_weight"": 0.05067317481195735}, {""client_id"": 8, ""model_family"": ""cnn1d"", ""feature_ids"": [1, 2, 4, 5, 6, 8, 11, 12, 13, 16, 17, 18, 20, 22, 23, 24], ""subset_size"": 16, ""micro_f1"": 0.59, ""macro_f1"": 0.06983950963483626, ""validation_loss"": 1.5881277099609374, ""train_loss"": 2.2873359266704982, ""seconds"": 0.3724761710000166, ""gpu_id"": 0, ""candidate_id"": 19, ""sample_weight"": 0.354287210681253}, {""client_id"": 9, ""model_family"": ""cnn1d"", ""feature_ids"": [1, 2, 4, 5, 6, 8, 11, 12, 13, 16, 17, 18, 20, 22, 23, 24], ""subset_size"": 16, ""micro_f1"": 0.768, ""macro_f1"": 0.030696672016814266, ""validation_loss"": 0.7831920349121094, ""train_loss"": 1.3531738846037122, ""seconds"": 0.33358153300014237, ""gpu_id"": 1, ""candidate_id"": 19, ""sample_weight"": 0.12090074249549396}, {""client_id"": 10, ""model_family"": ""cnn1d"", ""feature_ids"": [1, 2, 4, 5, 6, 8, 11, 12, 13, 16, 17, 18, 20, 22, 23, 24], ""subset_size"": 16, ""micro_f1"": 0.7806, ""macro_f1"": 0.07840162636570354, ""validation_loss"": 0.9606863159179687, ""train_loss"": 1.672502880721622, ""seconds"": 0.39358400599985544, ""gpu_id"": 0, ""candidate_id"": 19, ""sample_weight"": 0.11011103958316146}]"
20,2,2000,"[2, 4, 5, 6, 8, 9, 11, 12, 13, 16, 17, 18, 19, 20, 22, 23]","[""Std"", ""fin_count"", ""Max"", ""TCP"", ""Protocol Type"", ""Rate"", ""syn_flag_number"", ""rst_flag_number"", ""Tot sum"", ""fin_flag_number"", ""HTTP"", ""rst_count"", ""Header_Length"", ""psh_flag_number"", ""Time_To_Live"", ""ARP""]",16,0.6934109461703878,0.05360340117585951,0.6856117844581604,0.36,0.32477991617122276,360,6120,"[{""client_id"": 1, ""model_family"": ""gru"", ""feature_ids"": [2, 4, 5, 6, 8, 9, 11, 12, 13, 16, 17, 18, 19, 20, 22, 23], ""subset_size"": 16, ""micro_f1"": 0.8775380710659898, ""macro_f1"": 0.02749339005625907, ""validation_loss"": 3.008820044812817, ""train_loss"": 3.2919382087537548, ""seconds"": 0.11623338600020361, ""gpu_id"": 0, ""candidate_id"": 20, ""sample_weight"": 0.0008752009911046531}, {""client_id"": 2, ""model_family"": ""gru"", ""feature_ids"": [2, 4, 5, 6, 8, 9, 11, 12, 13, 16, 17, 18, 19, 20, 22, 23], ""subset_size"": 16, ""micro_f1"": 0.2358, ""macro_f1"": 0.011815484582455566, ""validation_loss"": 2.898098828125, ""train_loss"": 3.2276503684573705, ""seconds"": 0.41142667800022537, ""gpu_id"": 1, ""candidate_id"": 20, ""sample_weight"": 0.061408177662345804}, {""client_id"": 3, ""model_family"": ""gru"", ""feature_ids"": [2, 4, 5, 6, 8, 9, 11, 12, 13, 16, 17, 18, 19, 20, 22, 23], ""subset_size"": 16, ""micro_f1"": 0.4765, ""macro_f1"": 0.019266749773088714, ""validation_loss"": 1.603456396484375, ""train_loss"": 2.5999687553405764, ""seconds"": 0.4487417909999749, ""gpu_id"": 1, ""candidate_id"": 20, ""sample_weight"": 0.10352608384640223}, {""client_id"": 4, ""model_family"": ""gru"", ""feature_ids"": [2, 4, 5, 6, 8, 9, 11, 12, 13, 16, 17, 18, 19, 20, 22, 23], ""subset_size"": 16, ""micro_f1"": 0.8305, ""macro_f1"": 0.026688304384851452, ""validation_loss"": 1.1891399658203126, ""train_loss"": 2.5255930015563965, ""seconds"": 0.43532432400024845, ""gpu_id"": 1, ""candidate_id"": 20, ""sample_weight"": 0.05331880053778213}, {""client_id"": 5, ""model_family"": ""transformer"", ""feature_ids"": [2, 4, 5, 6, 8, 9, 11, 12, 13, 16, 17, 18, 19, 20, 22, 23], ""subset_size"": 16, ""micro_f1"": 0.9539, ""macro_f1"": 0.05649987085547294, ""validation_loss"": 0.25149897003173827, ""train_loss"": 0.5673141443252564, ""seconds"": 1.015919474000384, ""gpu_id"": 0, ""candidate_id"": 20, ""sample_weight"": 0.07030155005722065}, {""client_id"": 6, ""model_family"": ""transformer"", ""feature_ids"": [2, 4, 5, 6, 8, 9, 11, 12, 13, 16, 17, 18, 19, 20, 22, 23], ""subset_size"": 16, ""micro_f1"": 0.9953, ""macro_f1"": 0.058394287910497014, ""validation_loss"": 0.0632916732788086, ""train_loss"": 0.4962811952498224, ""seconds"": 0.8668175200000405, ""gpu_id"": 1, ""candidate_id"": 20, ""sample_weight"": 0.07459801933327874}, {""client_id"": 7, ""model_family"": ""transformer"", ""feature_ids"": [2, 4, 5, 6, 8, 9, 11, 12, 13, 16, 17, 18, 19, 20, 22, 23], ""subset_size"": 16, ""micro_f1"": 0.8652, ""macro_f1"": 0.033138457828598276, ""validation_loss"": 0.56604921875, ""train_loss"": 0.767718288315667, ""seconds"": 0.851943879999908, ""gpu_id"": 1, ""candidate_id"": 20, ""sample_weight"": 0.05067317481195735}, {""client_id"": 8, ""model_family"": ""cnn1d"", ""feature_ids"": [2, 4, 5, 6, 8, 9, 11, 12, 13, 16, 17, 18, 19, 20, 22, 23], ""subset_size"": 16, ""micro_f1"": 0.6287, ""macro_f1"": 0.0795880953845724, ""validation_loss"": 1.512346875, ""train_loss"": 2.2039777397791545, ""seconds"": 0.3634017340000355, ""gpu_id"": 0, ""candidate_id"": 20, ""sample_weight"": 0.354287210681253}, {""client_id"": 9, ""model_family"": ""cnn1d"", ""feature_ids"": [2, 4, 5, 6, 8, 9, 11, 12, 13, 16, 17, 18, 19, 20, 22, 23], ""subset_size"": 16, ""micro_f1"": 0.7581, ""macro_f1"": 0.025364949460814985, ""validation_loss"": 0.7857531616210938, ""train_loss"": 1.3520514647059971, ""seconds"": 0.32930542100029925, ""gpu_id"": 1, ""candidate_id"": 20, ""sample_weight"": 0.12090074249549396}, {""client_id"": 10, ""model_family"": ""cnn1d"", ""feature_ids"": [2, 4, 5, 6, 8, 9, 11, 12, 13, 16, 17, 18, 19, 20, 22, 23], ""subset_size"": 16, ""micro_f1"": 0.772, ""macro_f1"": 0.07415359016558637, ""validation_loss"": 0.9485863342285156, ""train_loss"": 1.6311832541359796, ""seconds"": 0.3501629160000448, ""gpu_id"": 0, ""candidate_id"": 20, ""sample_weight"": 0.11011103958316146}]"
21,3,2100,"[2, 4, 5, 6, 8, 10, 11, 12, 13, 15, 16, 17, 18, 19, 20, 22, 24]","[""Std"", ""fin_count"", ""Max"", ""TCP"", ""Protocol Type"", ""IAT"", ""syn_flag_number"", ""rst_flag_number"", ""Tot sum"", ""ack_count"", ""fin_flag_number"", ""HTTP"", ""rst_count"", ""Header_Length"", ""psh_flag_number"", ""Time_To_Live"", ""DNS""]",17,0.6909741970521448,0.05344488339912919,0.683020830154419,0.31999999999999995,0.2887953366897726,380,6500,"[{""client_id"": 1, ""model_family"": ""gru"", ""feature_ids"": [2, 4, 5, 6, 8, 10, 11, 12, 13, 15, 16, 17, 18, 19, 20, 22, 24], ""subset_size"": 17, ""micro_f1"": 0.8775380710659898, ""macro_f1"": 0.02749339005625907, ""validation_loss"": 3.0475528930044415, ""train_loss"": 3.3099005816686105, ""seconds"": 0.12439927700006592, ""gpu_id"": 0, ""candidate_id"": 21, ""sample_weight"": 0.0008752009911046531}, {""client_id"": 2, ""model_family"": ""gru"", ""feature_ids"": [2, 4, 5, 6, 8, 10, 11, 12, 13, 15, 16, 17, 18, 19, 20, 22, 24], ""subset_size"": 17, ""micro_f1"": 0.2373, ""macro_f1"": 0.01221814402219665, ""validation_loss"": 2.88538271484375, ""train_loss"": 3.2196896709018286, ""seconds"": 0.4157100449997415, ""gpu_id"": 1, ""candidate_id"": 21, ""sample_weight"": 0.061408177662345804}, {""client_id"": 3, ""model_family"": ""gru"", ""feature_ids"": [2, 4, 5, 6, 8, 10, 11, 12, 13, 15, 16, 17, 18, 19, 20, 22, 24], ""subset_size"": 17, ""micro_f1"": 0.478, ""macro_f1"": 0.019581756530101687, ""validation_loss"": 1.586461865234375, ""train_loss"": 2.5733778702841863, ""seconds"": 0.4407568080000601, ""gpu_id"": 1, ""candidate_id"": 21, ""sample_weight"": 0.10352608384640223}, {""client_id"": 4, ""model_family"": ""gru"", ""feature_ids"": [2, 4, 5, 6, 8, 10, 11, 12, 13, 15, 16, 17, 18, 19, 20, 22, 24], ""subset_size"": 17, ""micro_f1"": 0.8305, ""macro_f1"": 0.026688304384851452, ""validation_loss"": 1.208012939453125, ""train_loss"": 2.539439507929484, ""seconds"": 0.4026805050002622, ""gpu_id"": 1, ""candidate_id"": 21, ""sample_weight"": 0.05331880053778213}, {""client_id"": 5, ""model_family"": ""transformer"", ""feature_ids"": [2, 4, 5, 6, 8, 10, 11, 12, 13, 15, 16, 17, 18, 19, 20, 22, 24], ""subset_size"": 17, ""micro_f1"": 0.9438, ""macro_f1"": 0.05547154908986057, ""validation_loss"": 0.282513639831543, ""train_loss"": 0.6130271786424849, ""seconds"": 1.0121724760001598, ""gpu_id"": 0, ""candidate_id"": 21, ""sample_weight"": 0.07030155005722065}, {""client_id"": 6, ""model_family"": ""transformer"", ""feature_ids"": [2, 4, 5, 6, 8, 10, 11, 12, 13, 15, 16, 17, 18, 19, 20, 22, 24], ""subset_size"": 17, ""micro_f1"": 0.9917, ""macro_f1"": 0.057979121794283404, ""validation_loss"": 0.07750806579589843, ""train_loss"": 0.522028186000718, ""seconds"": 0.9145885610000732, ""gpu_id"": 1, ""candidate_id"": 21, ""sample_weight"": 0.07459801933327874}, {""client_id"": 7, ""model_family"": ""transformer"", ""feature_ids"": [2, 4, 5, 6, 8, 10, 11, 12, 13, 15, 16, 17, 18, 19, 20, 22, 24], ""subset_size"": 17, ""micro_f1"": 0.8641, ""macro_f1"": 0.031056260747700817, ""validation_loss"": 0.5510790466308594, ""train_loss"": 0.7545929744296603, ""seconds"": 0.8737946050000573, ""gpu_id"": 1, ""candidate_id"": 21, ""sample_weight"": 0.05067317481195735}, {""client_id"": 8, ""model_family"": ""cnn1d"", ""feature_ids"": [2, 4, 5, 6, 8, 10, 11, 12, 13, 15, 16, 17, 18, 19, 20, 22, 24], ""subset_size"": 17, ""micro_f1"": 0.6251, ""macro_f1"": 0.07968324633111484, ""validation_loss"": 1.525220068359375, ""train_loss"": 2.2137984619140627, ""seconds"": 0.3538063089999923, ""gpu_id"": 0, ""candidate_id"": 21, ""sample_weight"": 0.354287210681253}, {""client_id"": 9, ""model_family"": ""cnn1d"", ""feature_ids"": [2, 4, 5, 6, 8, 10, 11, 12, 13, 15, 16, 17, 18, 19, 20, 22, 24], ""subset_size"": 17, ""micro_f1"": 0.7581, ""macro_f1"": 0.025364949460814985, ""validation_loss"": 0.7815039489746094, ""train_loss"": 1.3475661838743422, ""seconds"": 0.33232331199997134, ""gpu_id"": 1, ""candidate_id"": 21, ""sample_weight"": 0.12090074249549396}, {""client_id"": 10, ""model_family"": ""cnn1d"", ""feature_ids"": [2, 4, 5, 6, 8, 10, 11, 12, 13, 15, 16, 17, 18, 19, 20, 22, 24], ""subset_size"": 17, ""micro_f1"": 0.7686, ""macro_f1"": 0.07378312942011094, ""validation_loss"": 0.9279322692871094, ""train_loss"": 1.603284852356381, ""seconds"": 0.37104286900012085, ""gpu_id"": 0, ""candidate_id"": 21, ""sample_weight"": 0.11011103958316146}]"
22,3,2200,"[1, 3, 4, 5, 6, 7, 8, 9, 10, 11, 12, 13, 14, 16, 18, 19, 22, 24]","[""AVG"", ""UDP"", ""fin_count"", ""Max"", ""TCP"", ""syn_count"", ""Protocol Type"", ""Rate"", ""IAT"", ""syn_flag_number"", ""rst_flag_number"", ""Tot sum"", ""HTTPS"", ""fin_flag_number"", ""rst_count"", ""Header_Length"", ""Time_To_Live"", ""DNS""]",18,0.72028238632707,0.059670908865265604,0.6793752312660217,0.28,0.2560907155061049,400,6900,"[{""client_id"": 1, ""model_family"": ""gru"", ""feature_ids"": [1, 3, 4, 5, 6, 7, 8, 9, 10, 11, 12, 13, 14, 16, 18, 19, 22, 24], ""subset_size"": 18, ""micro_f1"": 0.8775380710659898, ""macro_f1"": 0.02749339005625907, ""validation_loss"": 3.0402447850571064, ""train_loss"": 3.305626404332496, ""seconds"": 0.13924546199996257, ""gpu_id"": 0, ""candidate_id"": 22, ""sample_weight"": 0.0008752009911046531}, {""client_id"": 2, ""model_family"": ""gru"", ""feature_ids"": [1, 3, 4, 5, 6, 7, 8, 9, 10, 11, 12, 13, 14, 16, 18, 19, 22, 24], ""subset_size"": 18, ""micro_f1"": 0.2343, ""macro_f1"": 0.0114875144722262, ""validation_loss"": 2.8515791015625, ""train_loss"": 3.2194590934753418, ""seconds"": 0.3815385689999857, ""gpu_id"": 1, ""candidate_id"": 22, ""sample_weight"": 0.061408177662345804}, {""client_id"": 3, ""model_family"": ""gru"", ""feature_ids"": [1, 3, 4, 5, 6, 7, 8, 9, 10, 11, 12, 13, 14, 16, 18, 19, 22, 24], ""subset_size"": 18, ""micro_f1"": 0.477, ""macro_f1"": 0.019265500475557213, ""validation_loss"": 1.74401328125, ""train_loss"": 2.709353043768141, ""seconds"": 0.3675804549998247, ""gpu_id"": 1, ""candidate_id"": 22, ""sample_weight"": 0.10352608384640223}, {""client_id"": 4, ""model_family"": ""gru"", ""feature_ids"": [1, 3, 4, 5, 6, 7, 8, 9, 10, 11, 12, 13, 14, 16, 18, 19, 22, 24], ""subset_size"": 18, ""micro_f1"": 0.8305, ""macro_f1"": 0.026694137575253043, ""validation_loss"": 0.9210120239257813, ""train_loss"": 2.114305726369222, ""seconds"": 0.37124399399999675, ""gpu_id"": 1, ""candidate_id"": 22, ""sample_weight"": 0.05331880053778213}, {""client_id"": 5, ""model_family"": ""transformer"", ""feature_ids"": [1, 3, 4, 5, 6, 7, 8, 9, 10, 11, 12, 13, 14, 16, 18, 19, 22, 24], ""subset_size"": 18, ""micro_f1"": 0.9484, ""macro_f1"": 0.05599645705293302, ""validation_loss"": 0.2903915328979492, ""train_loss"": 0.6324376720057594, ""seconds"": 0.9592351969999982, ""gpu_id"": 0, ""candidate_id"": 22, ""sample_weight"": 0.07030155005722065}, {""client_id"": 6, ""model_family"": ""transformer"", ""feature_ids"": [1, 3, 4, 5, 6, 7, 8, 9, 10, 11, 12, 13, 14, 16, 18, 19, 22, 24], ""subset_size"": 18, ""micro_f1"": 0.9932, ""macro_f1"": 0.05814840526539344, ""validation_loss"": 0.06999676666259766, ""train_loss"": 0.5085570610549714, ""seconds"": 0.9776262779996614, ""gpu_id"": 1, ""candidate_id"": 22, ""sample_weight"": 0.07459801933327874}, {""client_id"": 7, ""model_family"": ""transformer"", ""feature_ids"": [1, 3, 4, 5, 6, 7, 8, 9, 10, 11, 12, 13, 14, 16, 18, 19, 22, 24], ""subset_size"": 18, ""micro_f1"": 0.8646, ""macro_f1"": 0.028713185263637538, ""validation_loss"": 0.522969384765625, ""train_loss"": 0.7518549159685771, ""seconds"": 0.904929207999885, ""gpu_id"": 1, ""candidate_id"": 22, ""sample_weight"": 0.05067317481195735}, {""client_id"": 8, ""model_family"": ""cnn1d"", ""feature_ids"": [1, 3, 4, 5, 6, 7, 8, 9, 10, 11, 12, 13, 14, 16, 18, 19, 22, 24], ""subset_size"": 18, ""micro_f1"": 0.698, ""macro_f1"": 0.09124024001329367, ""validation_loss"": 1.4590002685546875, ""train_loss"": 2.1828297554863823, ""seconds"": 0.42060225600016565, ""gpu_id"": 0, ""candidate_id"": 22, ""sample_weight"": 0.354287210681253}, {""client_id"": 9, ""model_family"": ""cnn1d"", ""feature_ids"": [1, 3, 4, 5, 6, 7, 8, 9, 10, 11, 12, 13, 14, 16, 18, 19, 22, 24], ""subset_size"": 18, ""micro_f1"": 0.8126, ""macro_f1"": 0.046519831257428215, ""validation_loss"": 0.7451759521484375, ""train_loss"": 1.328160042614407, ""seconds"": 0.33042340000019976, ""gpu_id"": 1, ""candidate_id"": 22, ""sample_weight"": 0.12090074249549396}, {""client_id"": 10, ""model_family"": ""cnn1d"", ""feature_ids"": [1, 3, 4, 5, 6, 7, 8, 9, 10, 11, 12, 13, 14, 16, 18, 19, 22, 24], ""subset_size"": 18, ""micro_f1"": 0.7388, ""macro_f1"": 0.07124375528257297, ""validation_loss"": 1.0008411376953126, ""train_loss"": 1.7513092906316121, ""seconds"": 0.3759572539997862, ""gpu_id"": 0, ""candidate_id"": 22, ""sample_weight"": 0.11011103958316146}]"
23,3,2300,"[1, 5, 6, 7, 8, 9, 10, 11, 12, 13, 14, 16, 18, 19, 20, 22, 23, 24]","[""AVG"", ""Max"", ""TCP"", ""syn_count"", ""Protocol Type"", ""Rate"", ""IAT"", ""syn_flag_number"", ""rst_flag_number"", ""Tot sum"", ""HTTPS"", ""fin_flag_number"", ""rst_count"", ""Header_Length"", ""psh_flag_number"", ""Time_To_Live"", ""ARP"", ""DNS""]",18,0.6975158463611315,0.05390732601194928,0.7594076991081238,0.28,0.24581081472530084,400,7300,"[{""client_id"": 1, ""model_family"": ""gru"", ""feature_ids"": [1, 5, 6, 7, 8, 9, 10, 11, 12, 13, 14, 16, 18, 19, 20, 22, 23, 24], ""subset_size"": 18, ""micro_f1"": 0.8775380710659898, ""macro_f1"": 0.02749339005625907, ""validation_loss"": 2.919426157994924, ""train_loss"": 3.2485478264560688, ""seconds"": 0.14755169599993678, ""gpu_id"": 0, ""candidate_id"": 23, ""sample_weight"": 0.0008752009911046531}, {""client_id"": 2, ""model_family"": ""gru"", ""feature_ids"": [1, 5, 6, 7, 8, 9, 10, 11, 12, 13, 14, 16, 18, 19, 20, 22, 23, 24], ""subset_size"": 18, ""micro_f1"": 0.2346, ""macro_f1"": 0.011539330770319654, ""validation_loss"": 2.78736630859375, ""train_loss"": 3.176189756562975, ""seconds"": 0.476569052999821, ""gpu_id"": 1, ""candidate_id"": 23, ""sample_weight"": 0.061408177662345804}, {""client_id"": 3, ""model_family"": ""gru"", ""feature_ids"": [1, 5, 6, 7, 8, 9, 10, 11, 12, 13, 14, 16, 18, 19, 20, 22, 23, 24], ""subset_size"": 18, ""micro_f1"": 0.4768, ""macro_f1"": 0.020708023785919825, ""validation_loss"": 1.518045849609375, ""train_loss"": 2.477908474477132, ""seconds"": 0.3727633349999451, ""gpu_id"": 1, ""candidate_id"": 23, ""sample_weight"": 0.10352608384640223}, {""client_id"": 4, ""model_family"": ""gru"", ""feature_ids"": [1, 5, 6, 7, 8, 9, 10, 11, 12, 13, 14, 16, 18, 19, 20, 22, 23, 24], ""subset_size"": 18, ""micro_f1"": 0.8305, ""macro_f1"": 0.026688304384851452, ""validation_loss"": 1.0193704345703125, ""train_loss"": 2.26505006298489, ""seconds"": 0.38278875000014523, ""gpu_id"": 1, ""candidate_id"": 23, ""sample_weight"": 0.05331880053778213}, {""client_id"": 5, ""model_family"": ""transformer"", ""feature_ids"": [1, 5, 6, 7, 8, 9, 10, 11, 12, 13, 14, 16, 18, 19, 20, 22, 23, 24], ""subset_size"": 18, ""micro_f1"": 0.9442, ""macro_f1"": 0.05541271808939752, ""validation_loss"": 0.2684940170288086, ""train_loss"": 0.6138354234165615, ""seconds"": 0.9778204619997268, ""gpu_id"": 0, ""candidate_id"": 23, ""sample_weight"": 0.07030155005722065}, {""client_id"": 6, ""model_family"": ""transformer"", ""feature_ids"": [1, 5, 6, 7, 8, 9, 10, 11, 12, 13, 14, 16, 18, 19, 20, 22, 23, 24], ""subset_size"": 18, ""micro_f1"": 0.9923, ""macro_f1"": 0.05805018783414091, ""validation_loss"": 0.07673656921386719, ""train_loss"": 0.537548227236006, ""seconds"": 0.9157567879997259, ""gpu_id"": 1, ""candidate_id"": 23, ""sample_weight"": 0.07459801933327874}, {""client_id"": 7, ""model_family"": ""transformer"", ""feature_ids"": [1, 5, 6, 7, 8, 9, 10, 11, 12, 13, 14, 16, 18, 19, 20, 22, 23, 24], ""subset_size"": 18, ""micro_f1"": 0.8646, ""macro_f1"": 0.028013988021987037, ""validation_loss"": 0.5141078491210938, ""train_loss"": 0.7477817811489105, ""seconds"": 0.898924303000058, ""gpu_id"": 1, ""candidate_id"": 23, ""sample_weight"": 0.05067317481195735}, {""client_id"": 8, ""model_family"": ""cnn1d"", ""feature_ids"": [1, 5, 6, 7, 8, 9, 10, 11, 12, 13, 14, 16, 18, 19, 20, 22, 23, 24], ""subset_size"": 18, ""micro_f1"": 0.6497, ""macro_f1"": 0.08187697173786868, ""validation_loss"": 1.4704571166992189, ""train_loss"": 2.183161135143704, ""seconds"": 0.3609667069999887, ""gpu_id"": 0, ""candidate_id"": 23, ""sample_weight"": 0.354287210681253}, {""client_id"": 9, ""model_family"": ""cnn1d"", ""feature_ids"": [1, 5, 6, 7, 8, 9, 10, 11, 12, 13, 14, 16, 18, 19, 20, 22, 23, 24], ""subset_size"": 18, ""micro_f1"": 0.7581, ""macro_f1"": 0.025364949460814985, ""validation_loss"": 0.726851416015625, ""train_loss"": 1.315910841401418, ""seconds"": 0.3356065339999077, ""gpu_id"": 1, ""candidate_id"": 23, ""sample_weight"": 0.12090074249549396}, {""client_id"": 10, ""model_family"": ""cnn1d"", ""feature_ids"": [1, 5, 6, 7, 8, 9, 10, 11, 12, 13, 14, 16, 18, 19, 20, 22, 23, 24], ""subset_size"": 18, ""micro_f1"": 0.7506, ""macro_f1"": 0.07163363147095618, ""validation_loss"": 1.038819287109375, ""train_loss"": 1.7311574579132927, ""seconds"": 0.3473955429999478, ""gpu_id"": 0, ""candidate_id"": 23, ""sample_weight"": 0.11011103958316146}]"
24,3,2400,"[0, 3, 4, 5, 6, 8, 9, 10, 11, 12, 14, 16, 17, 19, 20, 22, 23, 24]","[""ack_flag_number"", ""UDP"", ""fin_count"", ""Max"", ""TCP"", ""Protocol Type"", ""Rate"", ""IAT"", ""syn_flag_number"", ""rst_flag_number"", ""HTTPS"", ""fin_flag_number"", ""HTTP"", ""Header_Length"", ""psh_flag_number"", ""Time_To_Live"", ""ARP"", ""DNS""]",18,0.6961077502737626,0.055412695306596725,0.6984198093414307,0.28,0.2517687940932333,400,7700,"[{""client_id"": 1, ""model_family"": ""gru"", ""feature_ids"": [0, 3, 4, 5, 6, 8, 9, 10, 11, 12, 14, 16, 17, 19, 20, 22, 23, 24], ""subset_size"": 18, ""micro_f1"": 0.8775380710659898, ""macro_f1"": 0.02749339005625907, ""validation_loss"": 2.931716221843274, ""train_loss"": 3.2544397632751636, ""seconds"": 0.14830399099992064, ""gpu_id"": 0, ""candidate_id"": 24, ""sample_weight"": 0.0008752009911046531}, {""client_id"": 2, ""model_family"": ""gru"", ""feature_ids"": [0, 3, 4, 5, 6, 8, 9, 10, 11, 12, 14, 16, 17, 19, 20, 22, 23, 24], ""subset_size"": 18, ""micro_f1"": 0.2346, ""macro_f1"": 0.011544509873649071, ""validation_loss"": 2.78205947265625, ""train_loss"": 3.173110437605116, ""seconds"": 0.4069198150000375, ""gpu_id"": 1, ""candidate_id"": 24, ""sample_weight"": 0.061408177662345804}, {""client_id"": 3, ""model_family"": ""gru"", ""feature_ids"": [0, 3, 4, 5, 6, 8, 9, 10, 11, 12, 14, 16, 17, 19, 20, 22, 23, 24], ""subset_size"": 18, ""micro_f1"": 0.4764, ""macro_f1"": 0.020376619162636517, ""validation_loss"": 1.511860791015625, ""train_loss"": 2.469835238011678, ""seconds"": 0.35225151199983884, ""gpu_id"": 1, ""candidate_id"": 24, ""sample_weight"": 0.10352608384640223}, {""client_id"": 4, ""model_family"": ""gru"", ""feature_ids"": [0, 3, 4, 5, 6, 8, 9, 10, 11, 12, 14, 16, 17, 19, 20, 22, 23, 24], ""subset_size"": 18, ""micro_f1"": 0.8305, ""macro_f1"": 0.026688304384851452, ""validation_loss"": 1.0101810546875, ""train_loss"": 2.246357901128133, ""seconds"": 0.3951308880000397, ""gpu_id"": 1, ""candidate_id"": 24, ""sample_weight"": 0.05331880053778213}, {""client_id"": 5, ""model_family"": ""transformer"", ""feature_ids"": [0, 3, 4, 5, 6, 8, 9, 10, 11, 12, 14, 16, 17, 19, 20, 22, 23, 24], ""subset_size"": 18, ""micro_f1"": 0.9314, ""macro_f1"": 0.05438453218670296, ""validation_loss"": 0.34965114135742187, ""train_loss"": 0.7444800708029006, ""seconds"": 0.9927448429998549, ""gpu_id"": 0, ""candidate_id"": 24, ""sample_weight"": 0.07030155005722065}, {""client_id"": 6, ""model_family"": ""transformer"", ""feature_ids"": [0, 3, 4, 5, 6, 8, 9, 10, 11, 12, 14, 16, 17, 19, 20, 22, 23, 24], ""subset_size"": 18, ""micro_f1"": 0.9909, ""macro_f1"": 0.05788399564689519, ""validation_loss"": 0.08543229827880859, ""train_loss"": 0.5608451268805398, ""seconds"": 0.9743622669998331, ""gpu_id"": 1, ""candidate_id"": 24, ""sample_weight"": 0.07459801933327874}, {""client_id"": 7, ""model_family"": ""transformer"", ""feature_ids"": [0, 3, 4, 5, 6, 8, 9, 10, 11, 12, 14, 16, 17, 19, 20, 22, 23, 24], ""subset_size"": 18, ""micro_f1"": 0.8635, ""macro_f1"": 0.027754820747037987, ""validation_loss"": 0.5533217163085937, ""train_loss"": 0.757302412478129, ""seconds"": 0.9108596400001261, ""gpu_id"": 1, ""candidate_id"": 24, ""sample_weight"": 0.05067317481195735}, {""client_id"": 8, ""model_family"": ""cnn1d"", ""feature_ids"": [0, 3, 4, 5, 6, 8, 9, 10, 11, 12, 14, 16, 17, 19, 20, 22, 23, 24], ""subset_size"": 18, ""micro_f1"": 0.6631, ""macro_f1"": 0.08833392097251215, ""validation_loss"": 1.5378183349609376, ""train_loss"": 2.25078141040802, ""seconds"": 0.4123831470001278, ""gpu_id"": 0, ""candidate_id"": 24, ""sample_weight"": 0.354287210681253}, {""client_id"": 9, ""model_family"": ""cnn1d"", ""feature_ids"": [0, 3, 4, 5, 6, 8, 9, 10, 11, 12, 14, 16, 17, 19, 20, 22, 23, 24], ""subset_size"": 18, ""micro_f1"": 0.7581, ""macro_f1"": 0.025364949460814985, ""validation_loss"": 0.8628627746582032, ""train_loss"": 1.3994420172161526, ""seconds"": 0.3255491809995874, ""gpu_id"": 1, ""candidate_id"": 24, ""sample_weight"": 0.12090074249549396}, {""client_id"": 10, ""model_family"": ""cnn1d"", ""feature_ids"": [0, 3, 4, 5, 6, 8, 9, 10, 11, 12, 14, 16, 17, 19, 20, 22, 23, 24], ""subset_size"": 18, ""micro_f1"": 0.7047, ""macro_f1"": 0.0657264966476469, ""validation_loss"": 0.9981101623535156, ""train_loss"": 1.6822669252819484, ""seconds"": 0.3506484169997748, ""gpu_id"": 0, ""candidate_id"": 24, ""sample_weight"": 0.11011103958316146}]"
25,3,2500,"[1, 3, 4, 5, 6, 8, 9, 10, 11, 12, 13, 14, 15, 16, 18, 19, 20, 22, 23, 24]","[""AVG"", ""UDP"", ""fin_count"", ""Max"", ""TCP"", ""Protocol Type"", ""Rate"", ""IAT"", ""syn_flag_number"", ""rst_flag_number"", ""Tot sum"", ""HTTPS"", ""ack_count"", ""fin_flag_number"", ""rst_count"", ""Header_Length"", ""psh_flag_number"", ""Time_To_Live"", ""ARP"", ""DNS""]",20,0.7090776366185724,0.057345807142499705,0.6289546489715576,0.19999999999999996,0.18801229876470144,440,8140,"[{""client_id"": 1, ""model_family"": ""gru"", ""feature_ids"": [1, 3, 4, 5, 6, 8, 9, 10, 11, 12, 13, 14, 15, 16, 18, 19, 20, 22, 23, 24], ""subset_size"": 20, ""micro_f1"": 0.8775380710659898, ""macro_f1"": 0.02749339005625907, ""validation_loss"": 2.927673030020622, ""train_loss"": 3.25279295370529, ""seconds"": 0.1303189850000308, ""gpu_id"": 0, ""candidate_id"": 25, ""sample_weight"": 0.0008752009911046531}, {""client_id"": 2, ""model_family"": ""gru"", ""feature_ids"": [1, 3, 4, 5, 6, 8, 9, 10, 11, 12, 13, 14, 15, 16, 18, 19, 20, 22, 23, 24], ""subset_size"": 20, ""micro_f1"": 0.2346, ""macro_f1"": 0.011525881013411418, ""validation_loss"": 2.79279013671875, ""train_loss"": 3.177547492345174, ""seconds"": 0.41172656200023994, ""gpu_id"": 1, ""candidate_id"": 25, ""sample_weight"": 0.061408177662345804}, {""client_id"": 3, ""model_family"": ""gru"", ""feature_ids"": [1, 3, 4, 5, 6, 8, 9, 10, 11, 12, 13, 14, 15, 16, 18, 19, 20, 22, 23, 24], ""subset_size"": 20, ""micro_f1"": 0.4771, ""macro_f1"": 0.021155589030637998, ""validation_loss"": 1.50754169921875, ""train_loss"": 2.466046528222826, ""seconds"": 0.3704465069999969, ""gpu_id"": 1, ""candidate_id"": 25, ""sample_weight"": 0.10352608384640223}, {""client_id"": 4, ""model_family"": ""gru"", ""feature_ids"": [1, 3, 4, 5, 6, 8, 9, 10, 11, 12, 13, 14, 15, 16, 18, 19, 20, 22, 23, 24], ""subset_size"": 20, ""micro_f1"": 0.8305, ""macro_f1"": 0.026688304384851452, ""validation_loss"": 1.0414268432617189, ""train_loss"": 2.3012729274749755, ""seconds"": 0.34930089199997383, ""gpu_id"": 1, ""candidate_id"": 25, ""sample_weight"": 0.05331880053778213}, {""client_id"": 5, ""model_family"": ""transformer"", ""feature_ids"": [1, 3, 4, 5, 6, 8, 9, 10, 11, 12, 13, 14, 15, 16, 18, 19, 20, 22, 23, 24], ""subset_size"": 20, ""micro_f1"": 0.9393, ""macro_f1"": 0.055148298910817836, ""validation_loss"": 0.3049052230834961, ""train_loss"": 0.6834929620054033, ""seconds"": 1.0062962179999886, ""gpu_id"": 0, ""candidate_id"": 25, ""sample_weight"": 0.07030155005722065}, {""client_id"": 6, ""model_family"": ""transformer"", ""feature_ids"": [1, 3, 4, 5, 6, 8, 9, 10, 11, 12, 13, 14, 15, 16, 18, 19, 20, 22, 23, 24], ""subset_size"": 20, ""micro_f1"": 0.9916, ""macro_f1"": 0.05796725429677652, ""validation_loss"": 0.07565292053222657, ""train_loss"": 0.5345220596167777, ""seconds"": 1.0009115770003518, ""gpu_id"": 1, ""candidate_id"": 25, ""sample_weight"": 0.07459801933327874}, {""client_id"": 7, ""model_family"": ""transformer"", ""feature_ids"": [1, 3, 4, 5, 6, 8, 9, 10, 11, 12, 13, 14, 15, 16, 18, 19, 20, 22, 23, 24], ""subset_size"": 20, ""micro_f1"": 0.8634, ""macro_f1"": 0.02747268815003934, ""validation_loss"": 0.5525602905273438, ""train_loss"": 0.7591593411339654, ""seconds"": 0.9598575280001569, ""gpu_id"": 1, ""candidate_id"": 25, ""sample_weight"": 0.05067317481195735}, {""client_id"": 8, ""model_family"": ""cnn1d"", ""feature_ids"": [1, 3, 4, 5, 6, 8, 9, 10, 11, 12, 13, 14, 15, 16, 18, 19, 20, 22, 23, 24], ""subset_size"": 20, ""micro_f1"": 0.679, ""macro_f1"": 0.09113324334232713, ""validation_loss"": 1.604400537109375, ""train_loss"": 2.3007315513398914, ""seconds"": 0.3811840790003771, ""gpu_id"": 0, ""candidate_id"": 25, ""sample_weight"": 0.354287210681253}, {""client_id"": 9, ""model_family"": ""cnn1d"", ""feature_ids"": [1, 3, 4, 5, 6, 8, 9, 10, 11, 12, 13, 14, 15, 16, 18, 19, 20, 22, 23, 24], ""subset_size"": 20, ""micro_f1"": 0.7581, ""macro_f1"": 0.025364949460814985, ""validation_loss"": 0.8689853637695313, ""train_loss"": 1.4119567416085137, ""seconds"": 0.36558756099975653, ""gpu_id"": 1, ""candidate_id"": 25, ""sample_weight"": 0.12090074249549396}, {""client_id"": 10, ""model_family"": ""cnn1d"", ""feature_ids"": [1, 3, 4, 5, 6, 8, 9, 10, 11, 12, 13, 14, 15, 16, 18, 19, 20, 22, 23, 24], ""subset_size"": 20, ""micro_f1"": 0.7652, ""macro_f1"": 0.07313937394615487, ""validation_loss"": 1.0057954956054687, ""train_loss"": 1.705894126616584, ""seconds"": 0.357095943999866, ""gpu_id"": 0, ""candidate_id"": 25, ""sample_weight"": 0.11011103958316146}]"
26,3,2600,"[3, 9, 10, 12, 13, 14, 16, 19, 22, 23]","[""UDP"", ""Rate"", ""IAT"", ""rst_flag_number"", ""Tot sum"", ""HTTPS"", ""fin_flag_number"", ""Header_Length"", ""Time_To_Live"", ""ARP""]",10,0.711901637253377,0.06644350087555911,0.5931509733200073,0.6,0.5518750663933369,240,8380,"[{""client_id"": 1, ""model_family"": ""gru"", ""feature_ids"": [3, 9, 10, 12, 13, 14, 16, 19, 22, 23], ""subset_size"": 10, ""micro_f1"": 0.8775380710659898, ""macro_f1"": 0.02749339005625907, ""validation_loss"": 3.057685348588198, ""train_loss"": 3.314961717818594, ""seconds"": 0.12183474500034208, ""gpu_id"": 0, ""candidate_id"": 26, ""sample_weight"": 0.0008752009911046531}, {""client_id"": 2, ""model_family"": ""gru"", ""feature_ids"": [3, 9, 10, 12, 13, 14, 16, 19, 22, 23], ""subset_size"": 10, ""micro_f1"": 0.234, ""macro_f1"": 0.011452623000671704, ""validation_loss"": 2.94244453125, ""train_loss"": 3.257998219596015, ""seconds"": 0.39377637200004756, ""gpu_id"": 1, ""candidate_id"": 26, ""sample_weight"": 0.061408177662345804}, {""client_id"": 3, ""model_family"": ""gru"", ""feature_ids"": [3, 9, 10, 12, 13, 14, 16, 19, 22, 23], ""subset_size"": 10, ""micro_f1"": 0.4764, ""macro_f1"": 0.019337726790901642, ""validation_loss"": 1.84968125, ""train_loss"": 2.7955687660217285, ""seconds"": 0.43045398499998555, ""gpu_id"": 1, ""candidate_id"": 26, ""sample_weight"": 0.10352608384640223}, {""client_id"": 4, ""model_family"": ""gru"", ""feature_ids"": [3, 9, 10, 12, 13, 14, 16, 19, 22, 23], ""subset_size"": 10, ""micro_f1"": 0.8305, ""macro_f1"": 0.026688304384851452, ""validation_loss"": 0.9233560913085938, ""train_loss"": 2.195370689709981, ""seconds"": 0.38432779100003245, ""gpu_id"": 1, ""candidate_id"": 26, ""sample_weight"": 0.05331880053778213}, {""client_id"": 5, ""model_family"": ""transformer"", ""feature_ids"": [3, 9, 10, 12, 13, 14, 16, 19, 22, 23], ""subset_size"": 10, ""micro_f1"": 0.9452, ""macro_f1"": 0.05572493271136629, ""validation_loss"": 0.29708829803466796, ""train_loss"": 0.6996832431634267, ""seconds"": 0.9023030379999, ""gpu_id"": 0, ""candidate_id"": 26, ""sample_weight"": 0.07030155005722065}, {""client_id"": 6, ""model_family"": ""transformer"", ""feature_ids"": [3, 9, 10, 12, 13, 14, 16, 19, 22, 23], ""subset_size"": 10, ""micro_f1"": 0.9918, ""macro_f1"": 0.05797511271391187, ""validation_loss"": 0.07193509216308594, ""train_loss"": 0.5260882557842467, ""seconds"": 0.7859901719998561, ""gpu_id"": 1, ""candidate_id"": 26, ""sample_weight"": 0.07459801933327874}, {""client_id"": 7, ""model_family"": ""transformer"", ""feature_ids"": [3, 9, 10, 12, 13, 14, 16, 19, 22, 23], ""subset_size"": 10, ""micro_f1"": 0.8634, ""macro_f1"": 0.0277495142933059, ""validation_loss"": 0.5577767700195313, ""train_loss"": 0.7698956746313307, ""seconds"": 0.7246437519997926, ""gpu_id"": 1, ""candidate_id"": 26, ""sample_weight"": 0.05067317481195735}, {""client_id"": 8, ""model_family"": ""cnn1d"", ""feature_ids"": [3, 9, 10, 12, 13, 14, 16, 19, 22, 23], ""subset_size"": 10, ""micro_f1"": 0.6245, ""macro_f1"": 0.09036064287197611, ""validation_loss"": 1.5276880859375, ""train_loss"": 2.2072191912968955, ""seconds"": 0.36965878499995597, ""gpu_id"": 0, ""candidate_id"": 26, ""sample_weight"": 0.354287210681253}, {""client_id"": 9, ""model_family"": ""cnn1d"", ""feature_ids"": [3, 9, 10, 12, 13, 14, 16, 19, 22, 23], ""subset_size"": 10, ""micro_f1"": 0.8907, ""macro_f1"": 0.07497204075630592, ""validation_loss"": 0.6420323120117187, ""train_loss"": 1.259890524567498, ""seconds"": 0.31557592699982706, ""gpu_id"": 1, ""candidate_id"": 26, ""sample_weight"": 0.12090074249549396}, {""client_id"": 10, ""model_family"": ""cnn1d"", ""feature_ids"": [3, 9, 10, 12, 13, 14, 16, 19, 22, 23], ""subset_size"": 10, ""micro_f1"": 0.8177, ""macro_f1"": 0.10502922540077254, ""validation_loss"": 0.9917120849609375, ""train_loss"": 1.7633127769258288, ""seconds"": 0.35534524999957284, ""gpu_id"": 0, ""candidate_id"": 26, ""sample_weight"": 0.11011103958316146}]"
27,3,2700,"[3, 9, 10, 12, 13, 14, 16, 19, 22, 23]","[""UDP"", ""Rate"", ""IAT"", ""rst_flag_number"", ""Tot sum"", ""HTTPS"", ""fin_flag_number"", ""Header_Length"", ""Time_To_Live"", ""ARP""]",10,0.711707402282026,0.06636912212945158,0.7236042618751526,0.6,0.5388103140406874,240,8620,"[{""client_id"": 1, ""model_family"": ""gru"", ""feature_ids"": [3, 9, 10, 12, 13, 14, 16, 19, 22, 23], ""subset_size"": 10, ""micro_f1"": 0.8775380710659898, ""macro_f1"": 0.02749339005625907, ""validation_loss"": 3.0578315851046955, ""train_loss"": 3.314999512878435, ""seconds"": 0.12075575000017125, ""gpu_id"": 0, ""candidate_id"": 27, ""sample_weight"": 0.0008752009911046531}, {""client_id"": 2, ""model_family"": ""gru"", ""feature_ids"": [3, 9, 10, 12, 13, 14, 16, 19, 22, 23], ""subset_size"": 10, ""micro_f1"": 0.2341, ""macro_f1"": 0.011456585522590714, ""validation_loss"": 2.942225390625, ""train_loss"": 3.257808549753825, ""seconds"": 0.42248599300000933, ""gpu_id"": 1, ""candidate_id"": 27, ""sample_weight"": 0.061408177662345804}, {""client_id"": 3, ""model_family"": ""gru"", ""feature_ids"": [3, 9, 10, 12, 13, 14, 16, 19, 22, 23], ""subset_size"": 10, ""micro_f1"": 0.4764, ""macro_f1"": 0.019337726790901642, ""validation_loss"": 1.849509326171875, ""train_loss"": 2.7957433270348444, ""seconds"": 0.35664583499965374, ""gpu_id"": 1, ""candidate_id"": 27, ""sample_weight"": 0.10352608384640223}, {""client_id"": 4, ""model_family"": ""gru"", ""feature_ids"": [3, 9, 10, 12, 13, 14, 16, 19, 22, 23], ""subset_size"": 10, ""micro_f1"": 0.8305, ""macro_f1"": 0.026688304384851452, ""validation_loss"": 0.9242243408203125, ""train_loss"": 2.196888659477234, ""seconds"": 0.36993849400005274, ""gpu_id"": 1, ""candidate_id"": 27, ""sample_weight"": 0.05331880053778213}, {""client_id"": 5, ""model_family"": ""transformer"", ""feature_ids"": [3, 9, 10, 12, 13, 14, 16, 19, 22, 23], ""subset_size"": 10, ""micro_f1"": 0.9445, ""macro_f1"": 0.05566600644425558, ""validation_loss"": 0.29775093383789064, ""train_loss"": 0.6996621073034075, ""seconds"": 0.8450277840001945, ""gpu_id"": 0, ""candidate_id"": 27, ""sample_weight"": 0.07030155005722065}, {""client_id"": 6, ""model_family"": ""transformer"", ""feature_ids"": [3, 9, 10, 12, 13, 14, 16, 19, 22, 23], ""subset_size"": 10, ""micro_f1"": 0.9909, ""macro_f1"": 0.05786812515628517, ""validation_loss"": 0.07195988922119141, ""train_loss"": 0.5267508410692215, ""seconds"": 0.8248992209996686, ""gpu_id"": 1, ""candidate_id"": 27, ""sample_weight"": 0.07459801933327874}, {""client_id"": 7, ""model_family"": ""transformer"", ""feature_ids"": [3, 9, 10, 12, 13, 14, 16, 19, 22, 23], ""subset_size"": 10, ""micro_f1"": 0.8634, ""macro_f1"": 0.027890480342284824, ""validation_loss"": 0.5574676635742187, ""train_loss"": 0.7717867176691691, ""seconds"": 0.725817879999795, ""gpu_id"": 1, ""candidate_id"": 27, ""sample_weight"": 0.05067317481195735}, {""client_id"": 8, ""model_family"": ""cnn1d"", ""feature_ids"": [3, 9, 10, 12, 13, 14, 16, 19, 22, 23], ""subset_size"": 10, ""micro_f1"": 0.6243, ""macro_f1"": 0.09015409239491634, ""validation_loss"": 1.5299151611328126, ""train_loss"": 2.208518307940165, ""seconds"": 0.37621066600013364, ""gpu_id"": 0, ""candidate_id"": 27, ""sample_weight"": 0.354287210681253}, {""client_id"": 9, ""model_family"": ""cnn1d"", ""feature_ids"": [3, 9, 10, 12, 13, 14, 16, 19, 22, 23], ""subset_size"": 10, ""micro_f1"": 0.8905, ""macro_f1"": 0.0749454051278409, ""validation_loss"": 0.6386578552246094, ""train_loss"": 1.2588131388452317, ""seconds"": 0.3133126230000016, ""gpu_id"": 1, ""candidate_id"": 27, ""sample_weight"": 0.12090074249549396}, {""client_id"": 10, ""model_family"": ""cnn1d"", ""feature_ids"": [3, 9, 10, 12, 13, 14, 16, 19, 22, 23], ""subset_size"": 10, ""micro_f1"": 0.8178, ""macro_f1"": 0.10509058939184425, ""validation_loss"": 0.9929359008789063, ""train_loss"": 1.7636440833939446, ""seconds"": 0.37048208299984253, ""gpu_id"": 0, ""candidate_id"": 27, ""sample_weight"": 0.11011103958316146}]"
28,3,2800,"[3, 9, 10, 12, 13, 14, 16, 19, 22, 23]","[""UDP"", ""Rate"", ""IAT"", ""rst_flag_number"", ""Tot sum"", ""HTTPS"", ""fin_flag_number"", ""Header_Length"", ""Time_To_Live"", ""ARP""]",10,0.7117083267192432,0.06637093203396852,0.7381799817085266,0.6,0.5373528345010717,240,8860,"[{""client_id"": 1, ""model_family"": ""gru"", ""feature_ids"": [3, 9, 10, 12, 13, 14, 16, 19, 22, 23], ""subset_size"": 10, ""micro_f1"": 0.8775380710659898, ""macro_f1"": 0.02749339005625907, ""validation_loss"": 3.057811136778236, ""train_loss"": 3.3150519091600223, ""seconds"": 0.15971000700028526, ""gpu_id"": 0, ""candidate_id"": 28, ""sample_weight"": 0.0008752009911046531}, {""client_id"": 2, ""model_family"": ""gru"", ""feature_ids"": [3, 9, 10, 12, 13, 14, 16, 19, 22, 23], ""subset_size"": 10, ""micro_f1"": 0.2341, ""macro_f1"": 0.011455691197995369, ""validation_loss"": 2.942252734375, ""train_loss"": 3.257839367167155, ""seconds"": 0.40651175800030614, ""gpu_id"": 1, ""candidate_id"": 28, ""sample_weight"": 0.061408177662345804}, {""client_id"": 3, ""model_family"": ""gru"", ""feature_ids"": [3, 9, 10, 12, 13, 14, 16, 19, 22, 23], ""subset_size"": 10, ""micro_f1"": 0.4764, ""macro_f1"": 0.01933523808836721, ""validation_loss"": 1.849933203125, ""train_loss"": 2.7956583222495186, ""seconds"": 0.3931935139999041, ""gpu_id"": 1, ""candidate_id"": 28, ""sample_weight"": 0.10352608384640223}, {""client_id"": 4, ""model_family"": ""gru"", ""feature_ids"": [3, 9, 10, 12, 13, 14, 16, 19, 22, 23], ""subset_size"": 10, ""micro_f1"": 0.8305, ""macro_f1"": 0.026688304384851452, ""validation_loss"": 0.9235057983398437, ""train_loss"": 2.1950770265579225, ""seconds"": 0.3795181049999883, ""gpu_id"": 1, ""candidate_id"": 28, ""sample_weight"": 0.05331880053778213}, {""client_id"": 5, ""model_family"": ""transformer"", ""feature_ids"": [3, 9, 10, 12, 13, 14, 16, 19, 22, 23], ""subset_size"": 10, ""micro_f1"": 0.9465, ""macro_f1"": 0.05583405300831726, ""validation_loss"": 0.2971728225708008, ""train_loss"": 0.6998150532139672, ""seconds"": 0.8512037099999361, ""gpu_id"": 0, ""candidate_id"": 28, ""sample_weight"": 0.07030155005722065}, {""client_id"": 6, ""model_family"": ""transformer"", ""feature_ids"": [3, 9, 10, 12, 13, 14, 16, 19, 22, 23], ""subset_size"": 10, ""micro_f1"": 0.99, ""macro_f1"": 0.0577605966119104, ""validation_loss"": 0.07218375091552734, ""train_loss"": 0.5258194717208544, ""seconds"": 0.8155091980001998, ""gpu_id"": 1, ""candidate_id"": 28, ""sample_weight"": 0.07459801933327874}, {""client_id"": 7, ""model_family"": ""transformer"", ""feature_ids"": [3, 9, 10, 12, 13, 14, 16, 19, 22, 23], ""subset_size"": 10, ""micro_f1"": 0.8634, ""macro_f1"": 0.027890480342284824, ""validation_loss"": 0.5574847778320312, ""train_loss"": 0.7710093861473931, ""seconds"": 0.7393973600001118, ""gpu_id"": 1, ""candidate_id"": 28, ""sample_weight"": 0.05067317481195735}, {""client_id"": 8, ""model_family"": ""cnn1d"", ""feature_ids"": [3, 9, 10, 12, 13, 14, 16, 19, 22, 23], ""subset_size"": 10, ""micro_f1"": 0.6243, ""macro_f1"": 0.09023839266836586, ""validation_loss"": 1.5268339965820312, ""train_loss"": 2.208128743065728, ""seconds"": 0.3943016479997823, ""gpu_id"": 0, ""candidate_id"": 28, ""sample_weight"": 0.354287210681253}, {""client_id"": 9, ""model_family"": ""cnn1d"", ""feature_ids"": [3, 9, 10, 12, 13, 14, 16, 19, 22, 23], ""subset_size"": 10, ""micro_f1"": 0.8899, ""macro_f1"": 0.07477648195170229, ""validation_loss"": 0.6401447509765625, ""train_loss"": 1.2585471688482497, ""seconds"": 0.34895981399995435, ""gpu_id"": 1, ""candidate_id"": 28, ""sample_weight"": 0.12090074249549396}, {""client_id"": 10, ""model_family"": ""cnn1d"", ""feature_ids"": [3, 9, 10, 12, 13, 14, 16, 19, 22, 23], ""subset_size"": 10, ""micro_f1"": 0.8178, ""macro_f1"": 0.10498965836914514, ""validation_loss"": 0.9894072631835937, ""train_loss"": 1.7635380817095438, ""seconds"": 0.3392628239998885, ""gpu_id"": 0, ""candidate_id"": 28, ""sample_weight"": 0.11011103958316146}]"
29,3,2900,"[3, 9, 10, 12, 13, 14, 16, 19, 22, 23]","[""UDP"", ""Rate"", ""IAT"", ""rst_flag_number"", ""Tot sum"", ""HTTPS"", ""fin_flag_number"", ""Header_Length"", ""Time_To_Live"", ""ARP""]",10,0.7116775710278608,0.06640314419810561,0.6916448473930359,0.6,0.5420032723634826,240,9100,"[{""client_id"": 1, ""model_family"": ""gru"", ""feature_ids"": [3, 9, 10, 12, 13, 14, 16, 19, 22, 23], ""subset_size"": 10, ""micro_f1"": 0.8775380710659898, ""macro_f1"": 0.02749339005625907, ""validation_loss"": 3.057782013404188, ""train_loss"": 3.315188642147901, ""seconds"": 0.1569862829996964, ""gpu_id"": 0, ""candidate_id"": 29, ""sample_weight"": 0.0008752009911046531}, {""client_id"": 2, ""model_family"": ""gru"", ""feature_ids"": [3, 9, 10, 12, 13, 14, 16, 19, 22, 23], ""subset_size"": 10, ""micro_f1"": 0.234, ""macro_f1"": 0.011454411781214431, ""validation_loss"": 2.942421875, ""train_loss"": 3.2578836808098686, ""seconds"": 0.4575550210001893, ""gpu_id"": 1, ""candidate_id"": 29, ""sample_weight"": 0.061408177662345804}, {""client_id"": 3, ""model_family"": ""gru"", ""feature_ids"": [3, 9, 10, 12, 13, 14, 16, 19, 22, 23], ""subset_size"": 10, ""micro_f1"": 0.4764, ""macro_f1"": 0.01933523808836721, ""validation_loss"": 1.849942529296875, ""train_loss"": 2.7957967717488605, ""seconds"": 0.377219420000074, ""gpu_id"": 1, ""candidate_id"": 29, ""sample_weight"": 0.10352608384640223}, {""client_id"": 4, ""model_family"": ""gru"", ""feature_ids"": [3, 9, 10, 12, 13, 14, 16, 19, 22, 23], ""subset_size"": 10, ""micro_f1"": 0.8305, ""macro_f1"": 0.026688304384851452, ""validation_loss"": 0.9229622314453125, ""train_loss"": 2.19570582681232, ""seconds"": 0.36179194399983317, ""gpu_id"": 1, ""candidate_id"": 29, ""sample_weight"": 0.05331880053778213}, {""client_id"": 5, ""model_family"": ""transformer"", ""feature_ids"": [3, 9, 10, 12, 13, 14, 16, 19, 22, 23], ""subset_size"": 10, ""micro_f1"": 0.9446, ""macro_f1"": 0.055674431765575724, ""validation_loss"": 0.2967465423583984, ""train_loss"": 0.6983279041131337, ""seconds"": 0.8507374499999969, ""gpu_id"": 0, ""candidate_id"": 29, ""sample_weight"": 0.07030155005722065}, {""client_id"": 6, ""model_family"": ""transformer"", ""feature_ids"": [3, 9, 10, 12, 13, 14, 16, 19, 22, 23], ""subset_size"": 10, ""micro_f1"": 0.99, ""macro_f1"": 0.0577605966119104, ""validation_loss"": 0.07218768463134766, ""train_loss"": 0.5251553376939562, ""seconds"": 0.7837987360003353, ""gpu_id"": 1, ""candidate_id"": 29, ""sample_weight"": 0.07459801933327874}, {""client_id"": 7, ""model_family"": ""transformer"", ""feature_ids"": [3, 9, 10, 12, 13, 14, 16, 19, 22, 23], ""subset_size"": 10, ""micro_f1"": 0.8635, ""macro_f1"": 0.027893558494274318, ""validation_loss"": 0.5574686767578125, ""train_loss"": 0.7703873369746738, ""seconds"": 0.7145878319997792, ""gpu_id"": 1, ""candidate_id"": 29, ""sample_weight"": 0.05067317481195735}, {""client_id"": 8, ""model_family"": ""cnn1d"", ""feature_ids"": [3, 9, 10, 12, 13, 14, 16, 19, 22, 23], ""subset_size"": 10, ""micro_f1"": 0.6245, ""macro_f1"": 0.09035350156217203, ""validation_loss"": 1.5266304077148438, ""train_loss"": 2.2075438685946995, ""seconds"": 0.3436503630000516, ""gpu_id"": 0, ""candidate_id"": 29, ""sample_weight"": 0.354287210681253}, {""client_id"": 9, ""model_family"": ""cnn1d"", ""feature_ids"": [3, 9, 10, 12, 13, 14, 16, 19, 22, 23], ""subset_size"": 10, ""micro_f1"": 0.8899, ""macro_f1"": 0.07475412089099809, ""validation_loss"": 0.6405644958496094, ""train_loss"": 1.2597124798456827, ""seconds"": 0.3163443520002147, ""gpu_id"": 1, ""candidate_id"": 29, ""sample_weight"": 0.12090074249549396}, {""client_id"": 10, ""model_family"": ""cnn1d"", ""feature_ids"": [3, 9, 10, 12, 13, 14, 16, 19, 22, 23], ""subset_size"": 10, ""micro_f1"": 0.8181, ""macro_f1"": 0.10503759390579914, ""validation_loss"": 0.989045166015625, ""train_loss"": 1.7624637466748556, ""seconds"": 0.35475166500009436, ""gpu_id"": 0, ""candidate_id"": 29, ""sample_weight"": 0.11011103958316146}]"
30,3,3000,"[3, 9, 10, 12, 13, 14, 16, 19, 22, 23]","[""UDP"", ""Rate"", ""IAT"", ""rst_flag_number"", ""Tot sum"", ""HTTPS"", ""fin_flag_number"", ""Header_Length"", ""Time_To_Live"", ""ARP""]",10,0.7118496635776506,0.06642843988256852,0.7140627503395081,0.6,0.5397786913238143,240,9340,"[{""client_id"": 1, ""model_family"": ""gru"", ""feature_ids"": [3, 9, 10, 12, 13, 14, 16, 19, 22, 23], ""subset_size"": 10, ""micro_f1"": 0.8775380710659898, ""macro_f1"": 0.02749339005625907, ""validation_loss"": 3.05792577133566, ""train_loss"": 3.315215566772831, ""seconds"": 0.12285599299957539, ""gpu_id"": 0, ""candidate_id"": 30, ""sample_weight"": 0.0008752009911046531}, {""client_id"": 2, ""model_family"": ""gru"", ""feature_ids"": [3, 9, 10, 12, 13, 14, 16, 19, 22, 23], ""subset_size"": 10, ""micro_f1"": 0.2342, ""macro_f1"": 0.011507745253403857, ""validation_loss"": 2.94211484375, ""train_loss"": 3.2577700734880235, ""seconds"": 0.36131511599978694, ""gpu_id"": 1, ""candidate_id"": 30, ""sample_weight"": 0.061408177662345804}, {""client_id"": 3, ""model_family"": ""gru"", ""feature_ids"": [3, 9, 10, 12, 13, 14, 16, 19, 22, 23], ""subset_size"": 10, ""micro_f1"": 0.4764, ""macro_f1"": 0.0193364823391353, ""validation_loss"": 1.8488322265625, ""train_loss"": 2.7956331818474665, ""seconds"": 0.4041817259999334, ""gpu_id"": 1, ""candidate_id"": 30, ""sample_weight"": 0.10352608384640223}, {""client_id"": 4, ""model_family"": ""gru"", ""feature_ids"": [3, 9, 10, 12, 13, 14, 16, 19, 22, 23], ""subset_size"": 10, ""micro_f1"": 0.8305, ""macro_f1"": 0.026688304384851452, ""validation_loss"": 0.9226927856445313, ""train_loss"": 2.195370429155562, ""seconds"": 0.34895157500022833, ""gpu_id"": 1, ""candidate_id"": 30, ""sample_weight"": 0.05331880053778213}, {""client_id"": 5, ""model_family"": ""transformer"", ""feature_ids"": [3, 9, 10, 12, 13, 14, 16, 19, 22, 23], ""subset_size"": 10, ""micro_f1"": 0.9446, ""macro_f1"": 0.055674431765575724, ""validation_loss"": 0.2967883071899414, ""train_loss"": 0.698284420437283, ""seconds"": 0.848086007999882, ""gpu_id"": 0, ""candidate_id"": 30, ""sample_weight"": 0.07030155005722065}, {""client_id"": 6, ""model_family"": ""transformer"", ""feature_ids"": [3, 9, 10, 12, 13, 14, 16, 19, 22, 23], ""subset_size"": 10, ""micro_f1"": 0.9917, ""macro_f1"": 0.05796325176465748, ""validation_loss"": 0.07195307006835938, ""train_loss"": 0.5267868584646119, ""seconds"": 0.8369297929998538, ""gpu_id"": 1, ""candidate_id"": 30, ""sample_weight"": 0.07459801933327874}, {""client_id"": 7, ""model_family"": ""transformer"", ""feature_ids"": [3, 9, 10, 12, 13, 14, 16, 19, 22, 23], ""subset_size"": 10, ""micro_f1"": 0.8634, ""macro_f1"": 0.0277495142933059, ""validation_loss"": 0.5576296020507813, ""train_loss"": 0.7714544901741875, ""seconds"": 0.7132115620001969, ""gpu_id"": 1, ""candidate_id"": 30, ""sample_weight"": 0.05067317481195735}, {""client_id"": 8, ""model_family"": ""cnn1d"", ""feature_ids"": [3, 9, 10, 12, 13, 14, 16, 19, 22, 23], ""subset_size"": 10, ""micro_f1"": 0.6248, ""macro_f1"": 0.09041315355506493, ""validation_loss"": 1.5266102661132812, ""train_loss"": 2.20778833656311, ""seconds"": 0.3680402029999641, ""gpu_id"": 0, ""candidate_id"": 30, ""sample_weight"": 0.354287210681253}, {""client_id"": 9, ""model_family"": ""cnn1d"", ""feature_ids"": [3, 9, 10, 12, 13, 14, 16, 19, 22, 23], ""subset_size"": 10, ""micro_f1"": 0.8897, ""macro_f1"": 0.07475934492048525, ""validation_loss"": 0.638375244140625, ""train_loss"": 1.2572166453785367, ""seconds"": 0.3114305389999572, ""gpu_id"": 1, ""candidate_id"": 30, ""sample_weight"": 0.12090074249549396}, {""client_id"": 10, ""model_family"": ""cnn1d"", ""feature_ids"": [3, 9, 10, 12, 13, 14, 16, 19, 22, 23], ""subset_size"": 10, ""micro_f1"": 0.8177, ""macro_f1"": 0.1049677347658362, ""validation_loss"": 0.9906349853515625, ""train_loss"": 1.764116851266225, ""seconds"": 0.3863532249997661, ""gpu_id"": 0, ""candidate_id"": 30, ""sample_weight"": 0.11011103958316146}]"
31,4,3100,"[3, 9, 10, 12, 13, 14, 16, 19, 22, 23]","[""UDP"", ""Rate"", ""IAT"", ""rst_flag_number"", ""Tot sum"", ""HTTPS"", ""fin_flag_number"", ""Header_Length"", ""Time_To_Live"", ""ARP""]",10,0.7117665561538249,0.06640243167469013,0.7175998091697693,0.6,0.5394166746984056,240,9580,"[{""client_id"": 1, ""model_family"": ""gru"", ""feature_ids"": [3, 9, 10, 12, 13, 14, 16, 19, 22, 23], ""subset_size"": 10, ""micro_f1"": 0.8775380710659898, ""macro_f1"": 0.02749339005625907, ""validation_loss"": 3.0579722448048856, ""train_loss"": 3.315216116090313, ""seconds"": 0.14061463500001992, ""gpu_id"": 0, ""candidate_id"": 31, ""sample_weight"": 0.0008752009911046531}, {""client_id"": 2, ""model_family"": ""gru"", ""feature_ids"": [3, 9, 10, 12, 13, 14, 16, 19, 22, 23], ""subset_size"": 10, ""micro_f1"": 0.234, ""macro_f1"": 0.011455306451463185, ""validation_loss"": 2.94227109375, ""train_loss"": 3.257805880186293, ""seconds"": 0.41807338099988556, ""gpu_id"": 1, ""candidate_id"": 31, ""sample_weight"": 0.061408177662345804}, {""client_id"": 3, ""model_family"": ""gru"", ""feature_ids"": [3, 9, 10, 12, 13, 14, 16, 19, 22, 23], ""subset_size"": 10, ""micro_f1"": 0.4764, ""macro_f1"": 0.01933523808836721, ""validation_loss"": 1.850416162109375, ""train_loss"": 2.796419829940796, ""seconds"": 0.3945412840002973, ""gpu_id"": 1, ""candidate_id"": 31, ""sample_weight"": 0.10352608384640223}, {""client_id"": 4, ""model_family"": ""gru"", ""feature_ids"": [3, 9, 10, 12, 13, 14, 16, 19, 22, 23], ""subset_size"": 10, ""micro_f1"": 0.8305, ""macro_f1"": 0.026688304384851452, ""validation_loss"": 0.9236171997070313, ""train_loss"": 2.196302598561181, ""seconds"": 0.35371613200004504, ""gpu_id"": 1, ""candidate_id"": 31, ""sample_weight"": 0.05331880053778213}, {""client_id"": 5, ""model_family"": ""transformer"", ""feature_ids"": [3, 9, 10, 12, 13, 14, 16, 19, 22, 23], ""subset_size"": 10, ""micro_f1"": 0.9446, ""macro_f1"": 0.055674431765575724, ""validation_loss"": 0.29722232360839845, ""train_loss"": 0.6988042411645253, ""seconds"": 0.849943813000209, ""gpu_id"": 0, ""candidate_id"": 31, ""sample_weight"": 0.07030155005722065}, {""client_id"": 6, ""model_family"": ""transformer"", ""feature_ids"": [3, 9, 10, 12, 13, 14, 16, 19, 22, 23], ""subset_size"": 10, ""micro_f1"": 0.9926, ""macro_f1"": 0.058069762705480005, ""validation_loss"": 0.07179424438476563, ""train_loss"": 0.5263876559641626, ""seconds"": 0.7821670830003313, ""gpu_id"": 1, ""candidate_id"": 31, ""sample_weight"": 0.07459801933327874}, {""client_id"": 7, ""model_family"": ""transformer"", ""feature_ids"": [3, 9, 10, 12, 13, 14, 16, 19, 22, 23], ""subset_size"": 10, ""micro_f1"": 0.8635, ""macro_f1"": 0.027893558494274318, ""validation_loss"": 0.5576391723632812, ""train_loss"": 0.7719645461188422, ""seconds"": 0.7126166650000414, ""gpu_id"": 1, ""candidate_id"": 31, ""sample_weight"": 0.05067317481195735}, {""client_id"": 8, ""model_family"": ""cnn1d"", ""feature_ids"": [3, 9, 10, 12, 13, 14, 16, 19, 22, 23], ""subset_size"": 10, ""micro_f1"": 0.6243, ""macro_f1"": 0.09028691112075701, ""validation_loss"": 1.5268456176757812, ""train_loss"": 2.207301138030158, ""seconds"": 0.33509468600004766, ""gpu_id"": 0, ""candidate_id"": 31, ""sample_weight"": 0.354287210681253}, {""client_id"": 9, ""model_family"": ""cnn1d"", ""feature_ids"": [3, 9, 10, 12, 13, 14, 16, 19, 22, 23], ""subset_size"": 10, ""micro_f1"": 0.8898, ""macro_f1"": 0.07475098600512983, ""validation_loss"": 0.6387693237304688, ""train_loss"": 1.258002265071869, ""seconds"": 0.31324625900015235, ""gpu_id"": 1, ""candidate_id"": 31, ""sample_weight"": 0.12090074249549396}, {""client_id"": 10, ""model_family"": ""cnn1d"", ""feature_ids"": [3, 9, 10, 12, 13, 14, 16, 19, 22, 23], ""subset_size"": 10, ""micro_f1"": 0.8179, ""macro_f1"": 0.10503886998189679, ""validation_loss"": 0.9921409423828125, ""train_loss"": 1.7633418050130207, ""seconds"": 0.3749000050001996, ""gpu_id"": 0, ""candidate_id"": 31, ""sample_weight"": 0.11011103958316146}]"
32,4,3200,"[3, 9, 10, 12, 13, 14, 16, 19, 22, 23]","[""UDP"", ""Rate"", ""IAT"", ""rst_flag_number"", ""Tot sum"", ""HTTPS"", ""fin_flag_number"", ""Header_Length"", ""Time_To_Live"", ""ARP""]",10,0.7118084630868371,0.0664145295040723,0.7077977061271667,0.6,0.5404010756959671,240,9820,"[{""client_id"": 1, ""model_family"": ""gru"", ""feature_ids"": [3, 9, 10, 12, 13, 14, 16, 19, 22, 23], ""subset_size"": 10, ""micro_f1"": 0.8775380710659898, ""macro_f1"": 0.02749339005625907, ""validation_loss"": 3.0578607084787435, ""train_loss"": 3.3150450240671465, ""seconds"": 0.11752245000025141, ""gpu_id"": 0, ""candidate_id"": 32, ""sample_weight"": 0.0008752009911046531}, {""client_id"": 2, ""model_family"": ""gru"", ""feature_ids"": [3, 9, 10, 12, 13, 14, 16, 19, 22, 23], ""subset_size"": 10, ""micro_f1"": 0.2341, ""macro_f1"": 0.011454797060110804, ""validation_loss"": 2.9421931640625, ""train_loss"": 3.2576138451046415, ""seconds"": 0.422926476000157, ""gpu_id"": 1, ""candidate_id"": 32, ""sample_weight"": 0.061408177662345804}, {""client_id"": 3, ""model_family"": ""gru"", ""feature_ids"": [3, 9, 10, 12, 13, 14, 16, 19, 22, 23], ""subset_size"": 10, ""micro_f1"": 0.4764, ""macro_f1"": 0.01933523808836721, ""validation_loss"": 1.84970185546875, ""train_loss"": 2.7957565976460774, ""seconds"": 0.39463380300003337, ""gpu_id"": 1, ""candidate_id"": 32, ""sample_weight"": 0.10352608384640223}, {""client_id"": 4, ""model_family"": ""gru"", ""feature_ids"": [3, 9, 10, 12, 13, 14, 16, 19, 22, 23], ""subset_size"": 10, ""micro_f1"": 0.8305, ""macro_f1"": 0.026688304384851452, ""validation_loss"": 0.9231473876953125, ""train_loss"": 2.1952551118426853, ""seconds"": 0.3956708079999771, ""gpu_id"": 1, ""candidate_id"": 32, ""sample_weight"": 0.05331880053778213}, {""client_id"": 5, ""model_family"": ""transformer"", ""feature_ids"": [3, 9, 10, 12, 13, 14, 16, 19, 22, 23], ""subset_size"": 10, ""micro_f1"": 0.9447, ""macro_f1"": 0.05568285465632203, ""validation_loss"": 0.2976379348754883, ""train_loss"": 0.7015548844390446, ""seconds"": 0.8661560880000252, ""gpu_id"": 0, ""candidate_id"": 32, ""sample_weight"": 0.07030155005722065}, {""client_id"": 6, ""model_family"": ""transformer"", ""feature_ids"": [3, 9, 10, 12, 13, 14, 16, 19, 22, 23], ""subset_size"": 10, ""micro_f1"": 0.9912, ""macro_f1"": 0.05790384753337924, ""validation_loss"": 0.0722186508178711, ""train_loss"": 0.5258265216721428, ""seconds"": 0.7695594140000139, ""gpu_id"": 1, ""candidate_id"": 32, ""sample_weight"": 0.07459801933327874}, {""client_id"": 7, ""model_family"": ""transformer"", ""feature_ids"": [3, 9, 10, 12, 13, 14, 16, 19, 22, 23], ""subset_size"": 10, ""micro_f1"": 0.8634, ""macro_f1"": 0.0277495142933059, ""validation_loss"": 0.5579928955078125, ""train_loss"": 0.7711199748569064, ""seconds"": 0.7326482280000164, ""gpu_id"": 1, ""candidate_id"": 32, ""sample_weight"": 0.05067317481195735}, {""client_id"": 8, ""model_family"": ""cnn1d"", ""feature_ids"": [3, 9, 10, 12, 13, 14, 16, 19, 22, 23], ""subset_size"": 10, ""micro_f1"": 0.6246, ""macro_f1"": 0.09032467442954739, ""validation_loss"": 1.5287071044921876, ""train_loss"": 2.2082039229075114, ""seconds"": 0.4019149529999595, ""gpu_id"": 0, ""candidate_id"": 32, ""sample_weight"": 0.354287210681253}, {""client_id"": 9, ""model_family"": ""cnn1d"", ""feature_ids"": [3, 9, 10, 12, 13, 14, 16, 19, 22, 23], ""subset_size"": 10, ""micro_f1"": 0.8897, ""macro_f1"": 0.07474836745673583, ""validation_loss"": 0.6402099426269531, ""train_loss"": 1.2586798159387376, ""seconds"": 0.315120429000217, ""gpu_id"": 1, ""candidate_id"": 32, ""sample_weight"": 0.12090074249549396}, {""client_id"": 10, ""model_family"": ""cnn1d"", ""feature_ids"": [3, 9, 10, 12, 13, 14, 16, 19, 22, 23], ""subset_size"": 10, ""micro_f1"": 0.8183, ""macro_f1"": 0.10520370917758647, ""validation_loss"": 0.9901496337890625, ""train_loss"": 1.7632410955958897, ""seconds"": 0.34023484999988796, ""gpu_id"": 0, ""candidate_id"": 32, ""sample_weight"": 0.11011103958316146}]"
33,4,3300,"[3, 9, 10, 12, 13, 14, 16, 19, 22, 23]","[""UDP"", ""Rate"", ""IAT"", ""rst_flag_number"", ""Tot sum"", ""HTTPS"", ""fin_flag_number"", ""Header_Length"", ""Time_To_Live"", ""ARP""]",10,0.7119281246739362,0.06644782882749987,0.7117065787315369,0.6,0.54002215459424,240,10060,"[{""client_id"": 1, ""model_family"": ""gru"", ""feature_ids"": [3, 9, 10, 12, 13, 14, 16, 19, 22, 23], ""subset_size"": 10, ""micro_f1"": 0.8775380710659898, ""macro_f1"": 0.02749339005625907, ""validation_loss"": 3.0578706228188453, ""train_loss"": 3.3153619409884967, ""seconds"": 0.12698089300010906, ""gpu_id"": 0, ""candidate_id"": 33, ""sample_weight"": 0.0008752009911046531}, {""client_id"": 2, ""model_family"": ""gru"", ""feature_ids"": [3, 9, 10, 12, 13, 14, 16, 19, 22, 23], ""subset_size"": 10, ""micro_f1"": 0.2341, ""macro_f1"": 0.011454797060110804, ""validation_loss"": 2.941951171875, ""train_loss"": 3.2575771478441027, ""seconds"": 0.3824042789997293, ""gpu_id"": 1, ""candidate_id"": 33, ""sample_weight"": 0.061408177662345804}, {""client_id"": 3, ""model_family"": ""gru"", ""feature_ids"": [3, 9, 10, 12, 13, 14, 16, 19, 22, 23], ""subset_size"": 10, ""micro_f1"": 0.4764, ""macro_f1"": 0.0193364823391353, ""validation_loss"": 1.849351904296875, ""train_loss"": 2.795478657023112, ""seconds"": 0.38159681300021475, ""gpu_id"": 1, ""candidate_id"": 33, ""sample_weight"": 0.10352608384640223}, {""client_id"": 4, ""model_family"": ""gru"", ""feature_ids"": [3, 9, 10, 12, 13, 14, 16, 19, 22, 23], ""subset_size"": 10, ""micro_f1"": 0.8305, ""macro_f1"": 0.026688304384851452, ""validation_loss"": 0.9232238647460937, ""train_loss"": 2.195566597758399, ""seconds"": 0.3903514799999357, ""gpu_id"": 1, ""candidate_id"": 33, ""sample_weight"": 0.05331880053778213}, {""client_id"": 5, ""model_family"": ""transformer"", ""feature_ids"": [3, 9, 10, 12, 13, 14, 16, 19, 22, 23], ""subset_size"": 10, ""micro_f1"": 0.9453, ""macro_f1"": 0.055733341054602814, ""validation_loss"": 0.2971150405883789, ""train_loss"": 0.6994321135626899, ""seconds"": 0.8418884560001061, ""gpu_id"": 0, ""candidate_id"": 33, ""sample_weight"": 0.07030155005722065}, {""client_id"": 6, ""model_family"": ""transformer"", ""feature_ids"": [3, 9, 10, 12, 13, 14, 16, 19, 22, 23], ""subset_size"": 10, ""micro_f1"": 0.9918, ""macro_f1"": 0.05797511271391187, ""validation_loss"": 0.0718174072265625, ""train_loss"": 0.5261012754890654, ""seconds"": 0.751282442000047, ""gpu_id"": 1, ""candidate_id"": 33, ""sample_weight"": 0.07459801933327874}, {""client_id"": 7, ""model_family"": ""transformer"", ""feature_ids"": [3, 9, 10, 12, 13, 14, 16, 19, 22, 23], ""subset_size"": 10, ""micro_f1"": 0.8635, ""macro_f1"": 0.027893558494274318, ""validation_loss"": 0.5574262573242188, ""train_loss"": 0.7716900172975328, ""seconds"": 0.7162943660000565, ""gpu_id"": 1, ""candidate_id"": 33, ""sample_weight"": 0.05067317481195735}, {""client_id"": 8, ""model_family"": ""cnn1d"", ""feature_ids"": [3, 9, 10, 12, 13, 14, 16, 19, 22, 23], ""subset_size"": 10, ""micro_f1"": 0.6247, ""macro_f1"": 0.09040240798035881, ""validation_loss"": 1.5276256469726563, ""train_loss"": 2.208177526389228, ""seconds"": 0.35936130999971283, ""gpu_id"": 0, ""candidate_id"": 33, ""sample_weight"": 0.354287210681253}, {""client_id"": 9, ""model_family"": ""cnn1d"", ""feature_ids"": [3, 9, 10, 12, 13, 14, 16, 19, 22, 23], ""subset_size"": 10, ""micro_f1"": 0.89, ""macro_f1"": 0.0748008697944238, ""validation_loss"": 0.64057900390625, ""train_loss"": 1.2600914434115091, ""seconds"": 0.3015747290000945, ""gpu_id"": 1, ""candidate_id"": 33, ""sample_weight"": 0.12090074249549396}, {""client_id"": 10, ""model_family"": ""cnn1d"", ""feature_ids"": [3, 9, 10, 12, 13, 14, 16, 19, 22, 23], ""subset_size"": 10, ""micro_f1"": 0.8179, ""macro_f1"": 0.10505039345288117, ""validation_loss"": 0.9899393798828126, ""train_loss"": 1.7623512760268318, ""seconds"": 0.33878206100007446, ""gpu_id"": 0, ""candidate_id"": 33, ""sample_weight"": 0.11011103958316146}]"
34,4,3400,"[3, 9, 10, 12, 13, 14, 16, 19, 22, 23]","[""UDP"", ""Rate"", ""IAT"", ""rst_flag_number"", ""Tot sum"", ""HTTPS"", ""fin_flag_number"", ""Header_Length"", ""Time_To_Live"", ""ARP""]",10,0.711814532072593,0.06637803023602545,0.7134266495704651,0.6,0.5398387882502128,240,10300,"[{""client_id"": 1, ""model_family"": ""gru"", ""feature_ids"": [3, 9, 10, 12, 13, 14, 16, 19, 22, 23], ""subset_size"": 10, ""micro_f1"": 0.8775380710659898, ""macro_f1"": 0.02749339005625907, ""validation_loss"": 3.057941882138325, ""train_loss"": 3.3152500559768634, ""seconds"": 0.11233876000005694, ""gpu_id"": 0, ""candidate_id"": 34, ""sample_weight"": 0.0008752009911046531}, {""client_id"": 2, ""model_family"": ""gru"", ""feature_ids"": [3, 9, 10, 12, 13, 14, 16, 19, 22, 23], ""subset_size"": 10, ""micro_f1"": 0.234, ""macro_f1"": 0.0114562013083663, ""validation_loss"": 2.9421603515625, ""train_loss"": 3.2577330507066513, ""seconds"": 0.34359058400013964, ""gpu_id"": 1, ""candidate_id"": 34, ""sample_weight"": 0.061408177662345804}, {""client_id"": 3, ""model_family"": ""gru"", ""feature_ids"": [3, 9, 10, 12, 13, 14, 16, 19, 22, 23], ""subset_size"": 10, ""micro_f1"": 0.4764, ""macro_f1"": 0.01933523808836721, ""validation_loss"": 1.84959482421875, ""train_loss"": 2.7958081541697184, ""seconds"": 0.3718060310002329, ""gpu_id"": 1, ""candidate_id"": 34, ""sample_weight"": 0.10352608384640223}, {""client_id"": 4, ""model_family"": ""gru"", ""feature_ids"": [3, 9, 10, 12, 13, 14, 16, 19, 22, 23], ""subset_size"": 10, ""micro_f1"": 0.8305, ""macro_f1"": 0.026688304384851452, ""validation_loss"": 0.9237547241210937, ""train_loss"": 2.1957439641740586, ""seconds"": 0.39871273899962034, ""gpu_id"": 1, ""candidate_id"": 34, ""sample_weight"": 0.05331880053778213}, {""client_id"": 5, ""model_family"": ""transformer"", ""feature_ids"": [3, 9, 10, 12, 13, 14, 16, 19, 22, 23], ""subset_size"": 10, ""micro_f1"": 0.9447, ""macro_f1"": 0.05568285465632203, ""validation_loss"": 0.29667748260498045, ""train_loss"": 0.6983060451030731, ""seconds"": 0.8436157649998677, ""gpu_id"": 0, ""candidate_id"": 34, ""sample_weight"": 0.07030155005722065}, {""client_id"": 6, ""model_family"": ""transformer"", ""feature_ids"": [3, 9, 10, 12, 13, 14, 16, 19, 22, 23], ""subset_size"": 10, ""micro_f1"": 0.9915, ""macro_f1"": 0.05793950998996572, ""validation_loss"": 0.0720421890258789, ""train_loss"": 0.5263100630296601, ""seconds"": 0.8519879790001141, ""gpu_id"": 1, ""candidate_id"": 34, ""sample_weight"": 0.07459801933327874}, {""client_id"": 7, ""model_family"": ""transformer"", ""feature_ids"": [3, 9, 10, 12, 13, 14, 16, 19, 22, 23], ""subset_size"": 10, ""micro_f1"": 0.8634, ""macro_f1"": 0.0277495142933059, ""validation_loss"": 0.5577381225585938, ""train_loss"": 0.7701907215012445, ""seconds"": 0.719141855000089, ""gpu_id"": 1, ""candidate_id"": 34, ""sample_weight"": 0.05067317481195735}, {""client_id"": 8, ""model_family"": ""cnn1d"", ""feature_ids"": [3, 9, 10, 12, 13, 14, 16, 19, 22, 23], ""subset_size"": 10, ""micro_f1"": 0.6245, ""macro_f1"": 0.09020209780928398, ""validation_loss"": 1.5272828735351562, ""train_loss"": 2.2074885262383357, ""seconds"": 0.37233863099982045, ""gpu_id"": 0, ""candidate_id"": 34, ""sample_weight"": 0.354287210681253}, {""client_id"": 9, ""model_family"": ""cnn1d"", ""feature_ids"": [3, 9, 10, 12, 13, 14, 16, 19, 22, 23], ""subset_size"": 10, ""micro_f1"": 0.89, ""macro_f1"": 0.07478994520854484, ""validation_loss"": 0.6407437316894531, ""train_loss"": 1.2591768825531007, ""seconds"": 0.33287638799993147, ""gpu_id"": 1, ""candidate_id"": 34, ""sample_weight"": 0.12090074249549396}, {""client_id"": 10, ""model_family"": ""cnn1d"", ""feature_ids"": [3, 9, 10, 12, 13, 14, 16, 19, 22, 23], ""subset_size"": 10, ""micro_f1"": 0.8182, ""macro_f1"": 0.10519603237079712, ""validation_loss"": 0.992960107421875, ""train_loss"": 1.7641083851602342, ""seconds"": 0.40199502299992673, ""gpu_id"": 0, ""candidate_id"": 34, ""sample_weight"": 0.11011103958316146}]"
35,4,3500,"[3, 9, 10, 12, 13, 14, 16, 19, 22, 23]","[""UDP"", ""Rate"", ""IAT"", ""rst_flag_number"", ""Tot sum"", ""HTTPS"", ""fin_flag_number"", ""Header_Length"", ""Time_To_Live"", ""ARP""]",10,0.7118177137095633,0.06637137306120566,0.7112571001052856,0.6,0.5400560613604278,240,10540,"[{""client_id"": 1, ""model_family"": ""gru"", ""feature_ids"": [3, 9, 10, 12, 13, 14, 16, 19, 22, 23], ""subset_size"": 10, ""micro_f1"": 0.8775380710659898, ""macro_f1"": 0.02749339005625907, ""validation_loss"": 3.0578854943289975, ""train_loss"": 3.31524902740173, ""seconds"": 0.11151051300021209, ""gpu_id"": 0, ""candidate_id"": 35, ""sample_weight"": 0.0008752009911046531}, {""client_id"": 2, ""model_family"": ""gru"", ""feature_ids"": [3, 9, 10, 12, 13, 14, 16, 19, 22, 23], ""subset_size"": 10, ""micro_f1"": 0.2342, ""macro_f1"": 0.011504228034687276, ""validation_loss"": 2.94249921875, ""train_loss"": 3.257834744983249, ""seconds"": 0.3708490129997699, ""gpu_id"": 1, ""candidate_id"": 35, ""sample_weight"": 0.061408177662345804}, {""client_id"": 3, ""model_family"": ""gru"", ""feature_ids"": [3, 9, 10, 12, 13, 14, 16, 19, 22, 23], ""subset_size"": 10, ""micro_f1"": 0.4764, ""macro_f1"": 0.01933523808836721, ""validation_loss"": 1.849521044921875, ""train_loss"": 2.795625510046217, ""seconds"": 0.4146718319998399, ""gpu_id"": 1, ""candidate_id"": 35, ""sample_weight"": 0.10352608384640223}, {""client_id"": 4, ""model_family"": ""gru"", ""feature_ids"": [3, 9, 10, 12, 13, 14, 16, 19, 22, 23], ""subset_size"": 10, ""micro_f1"": 0.8305, ""macro_f1"": 0.026688304384851452, ""validation_loss"": 0.9228082275390626, ""train_loss"": 2.1962054661009045, ""seconds"": 0.4221823120001318, ""gpu_id"": 1, ""candidate_id"": 35, ""sample_weight"": 0.05331880053778213}, {""client_id"": 5, ""model_family"": ""transformer"", ""feature_ids"": [3, 9, 10, 12, 13, 14, 16, 19, 22, 23], ""subset_size"": 10, ""micro_f1"": 0.9447, ""macro_f1"": 0.05568285465632203, ""validation_loss"": 0.2966212661743164, ""train_loss"": 0.6986514855517282, ""seconds"": 0.9041945819999455, ""gpu_id"": 0, ""candidate_id"": 35, ""sample_weight"": 0.07030155005722065}, {""client_id"": 6, ""model_family"": ""transformer"", ""feature_ids"": [3, 9, 10, 12, 13, 14, 16, 19, 22, 23], ""subset_size"": 10, ""micro_f1"": 0.9918, ""macro_f1"": 0.05797511271391187, ""validation_loss"": 0.07194841003417969, ""train_loss"": 0.526544107913971, ""seconds"": 0.8103317780000907, ""gpu_id"": 1, ""candidate_id"": 35, ""sample_weight"": 0.07459801933327874}, {""client_id"": 7, ""model_family"": ""transformer"", ""feature_ids"": [3, 9, 10, 12, 13, 14, 16, 19, 22, 23], ""subset_size"": 10, ""micro_f1"": 0.8634, ""macro_f1"": 0.027890480342284824, ""validation_loss"": 0.5574292114257813, ""train_loss"": 0.7710219127549065, ""seconds"": 0.7273940770000991, ""gpu_id"": 1, ""candidate_id"": 35, ""sample_weight"": 0.05067317481195735}, {""client_id"": 8, ""model_family"": ""cnn1d"", ""feature_ids"": [3, 9, 10, 12, 13, 14, 16, 19, 22, 23], ""subset_size"": 10, ""micro_f1"": 0.6247, ""macro_f1"": 0.09026930287625766, ""validation_loss"": 1.5270220703125, ""train_loss"": 2.2070761152903238, ""seconds"": 0.3804588230000263, ""gpu_id"": 0, ""candidate_id"": 35, ""sample_weight"": 0.354287210681253}, {""client_id"": 9, ""model_family"": ""cnn1d"", ""feature_ids"": [3, 9, 10, 12, 13, 14, 16, 19, 22, 23], ""subset_size"": 10, ""micro_f1"": 0.8897, ""macro_f1"": 0.07472645964804008, ""validation_loss"": 0.6420475341796875, ""train_loss"": 1.2595249835120308, ""seconds"": 0.3055906309996317, ""gpu_id"": 1, ""candidate_id"": 35, ""sample_weight"": 0.12090074249549396}, {""client_id"": 10, ""model_family"": ""cnn1d"", ""feature_ids"": [3, 9, 10, 12, 13, 14, 16, 19, 22, 23], ""subset_size"": 10, ""micro_f1"": 0.8176, ""macro_f1"": 0.10487326779653214, ""validation_loss"": 0.9924657592773437, ""train_loss"": 1.763579063351949, ""seconds"": 0.3727749089998724, ""gpu_id"": 0, ""candidate_id"": 35, ""sample_weight"": 0.11011103958316146}]"
36,4,3600,"[3, 9, 10, 12, 13, 14, 16, 19, 22, 23]","[""UDP"", ""Rate"", ""IAT"", ""rst_flag_number"", ""Tot sum"", ""HTTPS"", ""fin_flag_number"", ""Header_Length"", ""Time_To_Live"", ""ARP""]",10,0.7114380511709978,0.06634148042306744,0.7114488482475281,0.6,0.539998920292347,240,10780,"[{""client_id"": 1, ""model_family"": ""gru"", ""feature_ids"": [3, 9, 10, 12, 13, 14, 16, 19, 22, 23], ""subset_size"": 10, ""micro_f1"": 0.8775380710659898, ""macro_f1"": 0.02749339005625907, ""validation_loss"": 3.0578588495399748, ""train_loss"": 3.3151117394485516, ""seconds"": 0.1118754250001075, ""gpu_id"": 0, ""candidate_id"": 36, ""sample_weight"": 0.0008752009911046531}, {""client_id"": 2, ""model_family"": ""gru"", ""feature_ids"": [3, 9, 10, 12, 13, 14, 16, 19, 22, 23], ""subset_size"": 10, ""micro_f1"": 0.234, ""macro_f1"": 0.011453517297617942, ""validation_loss"": 2.9420005859375, ""train_loss"": 3.257676107321845, ""seconds"": 0.3901239080000778, ""gpu_id"": 1, ""candidate_id"": 36, ""sample_weight"": 0.061408177662345804}, {""client_id"": 3, ""model_family"": ""gru"", ""feature_ids"": [3, 9, 10, 12, 13, 14, 16, 19, 22, 23], ""subset_size"": 10, ""micro_f1"": 0.4764, ""macro_f1"": 0.01933523808836721, ""validation_loss"": 1.85051142578125, ""train_loss"": 2.795675867991977, ""seconds"": 0.3888074339997729, ""gpu_id"": 1, ""candidate_id"": 36, ""sample_weight"": 0.10352608384640223}, {""client_id"": 4, ""model_family"": ""gru"", ""feature_ids"": [3, 9, 10, 12, 13, 14, 16, 19, 22, 23], ""subset_size"": 10, ""micro_f1"": 0.8305, ""macro_f1"": 0.026688304384851452, ""validation_loss"": 0.9231521850585938, ""train_loss"": 2.195952670849694, ""seconds"": 0.3598891420001564, ""gpu_id"": 1, ""candidate_id"": 36, ""sample_weight"": 0.05331880053778213}, {""client_id"": 5, ""model_family"": ""transformer"", ""feature_ids"": [3, 9, 10, 12, 13, 14, 16, 19, 22, 23], ""subset_size"": 10, ""micro_f1"": 0.9445, ""macro_f1"": 0.05566600644425558, ""validation_loss"": 0.29669977264404296, ""train_loss"": 0.6992939519458347, ""seconds"": 0.8661558329999934, ""gpu_id"": 0, ""candidate_id"": 36, ""sample_weight"": 0.07030155005722065}, {""client_id"": 6, ""model_family"": ""transformer"", ""feature_ids"": [3, 9, 10, 12, 13, 14, 16, 19, 22, 23], ""subset_size"": 10, ""micro_f1"": 0.9906, ""macro_f1"": 0.05783234267005952, ""validation_loss"": 0.07219239807128906, ""train_loss"": 0.5264435544874932, ""seconds"": 0.8376575990000674, ""gpu_id"": 1, ""candidate_id"": 36, ""sample_weight"": 0.07459801933327874}, {""client_id"": 7, ""model_family"": ""transformer"", ""feature_ids"": [3, 9, 10, 12, 13, 14, 16, 19, 22, 23], ""subset_size"": 10, ""micro_f1"": 0.8634, ""macro_f1"": 0.027890480342284824, ""validation_loss"": 0.5573324829101562, ""train_loss"": 0.7708488398128086, ""seconds"": 0.7293337279998013, ""gpu_id"": 1, ""candidate_id"": 36, ""sample_weight"": 0.05067317481195735}, {""client_id"": 8, ""model_family"": ""cnn1d"", ""feature_ids"": [3, 9, 10, 12, 13, 14, 16, 19, 22, 23], ""subset_size"": 10, ""micro_f1"": 0.6238, ""macro_f1"": 0.09012502364801919, ""validation_loss"": 1.5288913452148438, ""train_loss"": 2.208069680235121, ""seconds"": 0.36533263599994825, ""gpu_id"": 0, ""candidate_id"": 36, ""sample_weight"": 0.354287210681253}, {""client_id"": 9, ""model_family"": ""cnn1d"", ""feature_ids"": [3, 9, 10, 12, 13, 14, 16, 19, 22, 23], ""subset_size"": 10, ""micro_f1"": 0.8897, ""macro_f1"": 0.07475934492048525, ""validation_loss"": 0.6425002075195313, ""train_loss"": 1.260084709845649, ""seconds"": 0.30521021899994594, ""gpu_id"": 1, ""candidate_id"": 36, ""sample_weight"": 0.12090074249549396}, {""client_id"": 10, ""model_family"": ""cnn1d"", ""feature_ids"": [3, 9, 10, 12, 13, 14, 16, 19, 22, 23], ""subset_size"": 10, ""micro_f1"": 0.8181, ""macro_f1"": 0.10516566958772887, ""validation_loss"": 0.9909324340820312, ""train_loss"": 1.764078787888421, ""seconds"": 0.3818837250000797, ""gpu_id"": 0, ""candidate_id"": 36, ""sample_weight"": 0.11011103958316146}]"
37,4,3700,"[3, 9, 10, 12, 13, 14, 16, 19, 22, 23]","[""UDP"", ""Rate"", ""IAT"", ""rst_flag_number"", ""Tot sum"", ""HTTPS"", ""fin_flag_number"", ""Header_Length"", ""Time_To_Live"", ""ARP""]",10,0.7118465965794227,0.06647005810765028,0.7117228507995605,0.6,0.5400123745779862,240,11020,"[{""client_id"": 1, ""model_family"": ""gru"", ""feature_ids"": [3, 9, 10, 12, 13, 14, 16, 19, 22, 23], ""subset_size"": 10, ""micro_f1"": 0.8775380710659898, ""macro_f1"": 0.02749339005625907, ""validation_loss"": 3.05791213911802, ""train_loss"": 3.3151250264769683, ""seconds"": 0.13385153799981708, ""gpu_id"": 0, ""candidate_id"": 37, ""sample_weight"": 0.0008752009911046531}, {""client_id"": 2, ""model_family"": ""gru"", ""feature_ids"": [3, 9, 10, 12, 13, 14, 16, 19, 22, 23], ""subset_size"": 10, ""micro_f1"": 0.2342, ""macro_f1"": 0.011504228034687276, ""validation_loss"": 2.942365234375, ""train_loss"": 3.257789085176256, ""seconds"": 0.353354040999875, ""gpu_id"": 1, ""candidate_id"": 37, ""sample_weight"": 0.061408177662345804}, {""client_id"": 3, ""model_family"": ""gru"", ""feature_ids"": [3, 9, 10, 12, 13, 14, 16, 19, 22, 23], ""subset_size"": 10, ""micro_f1"": 0.4764, ""macro_f1"": 0.0193364823391353, ""validation_loss"": 1.84967646484375, ""train_loss"": 2.795801877233717, ""seconds"": 0.36781497699985266, ""gpu_id"": 1, ""candidate_id"": 37, ""sample_weight"": 0.10352608384640223}, {""client_id"": 4, ""model_family"": ""gru"", ""feature_ids"": [3, 9, 10, 12, 13, 14, 16, 19, 22, 23], ""subset_size"": 10, ""micro_f1"": 0.8305, ""macro_f1"": 0.026688304384851452, ""validation_loss"": 0.9230633544921875, ""train_loss"": 2.1960365041944714, ""seconds"": 0.38513695199981157, ""gpu_id"": 1, ""candidate_id"": 37, ""sample_weight"": 0.05331880053778213}, {""client_id"": 5, ""model_family"": ""transformer"", ""feature_ids"": [3, 9, 10, 12, 13, 14, 16, 19, 22, 23], ""subset_size"": 10, ""micro_f1"": 0.9446, ""macro_f1"": 0.055674431765575724, ""validation_loss"": 0.2972801177978516, ""train_loss"": 0.6986074625757005, ""seconds"": 0.8580593560000125, ""gpu_id"": 0, ""candidate_id"": 37, ""sample_weight"": 0.07030155005722065}, {""client_id"": 6, ""model_family"": ""transformer"", ""feature_ids"": [3, 9, 10, 12, 13, 14, 16, 19, 22, 23], ""subset_size"": 10, ""micro_f1"": 0.9915, ""macro_f1"": 0.05793950998996572, ""validation_loss"": 0.07199545288085937, ""train_loss"": 0.5263289693276088, ""seconds"": 0.7471957230000044, ""gpu_id"": 1, ""candidate_id"": 37, ""sample_weight"": 0.07459801933327874}, {""client_id"": 7, ""model_family"": ""transformer"", ""feature_ids"": [3, 9, 10, 12, 13, 14, 16, 19, 22, 23], ""subset_size"": 10, ""micro_f1"": 0.8634, ""macro_f1"": 0.027890480342284824, ""validation_loss"": 0.5572065673828125, ""train_loss"": 0.7708272527694702, ""seconds"": 0.7196092829999543, ""gpu_id"": 1, ""candidate_id"": 37, ""sample_weight"": 0.05067317481195735}, {""client_id"": 8, ""model_family"": ""cnn1d"", ""feature_ids"": [3, 9, 10, 12, 13, 14, 16, 19, 22, 23], ""subset_size"": 10, ""micro_f1"": 0.6247, ""macro_f1"": 0.0904697214396806, ""validation_loss"": 1.5267065795898438, ""train_loss"": 2.2076607425901624, ""seconds"": 0.3401066289998198, ""gpu_id"": 0, ""candidate_id"": 37, ""sample_weight"": 0.354287210681253}, {""client_id"": 9, ""model_family"": ""cnn1d"", ""feature_ids"": [3, 9, 10, 12, 13, 14, 16, 19, 22, 23], ""subset_size"": 10, ""micro_f1"": 0.89, ""macro_f1"": 0.0748008697944238, ""validation_loss"": 0.6417750122070313, ""train_loss"": 1.259491655805376, ""seconds"": 0.30233857900020666, ""gpu_id"": 1, ""candidate_id"": 37, ""sample_weight"": 0.12090074249549396}, {""client_id"": 10, ""model_family"": ""cnn1d"", ""feature_ids"": [3, 9, 10, 12, 13, 14, 16, 19, 22, 23], ""subset_size"": 10, ""micro_f1"": 0.8178, ""macro_f1"": 0.10507127058836507, ""validation_loss"": 0.9911908081054688, ""train_loss"": 1.7636374294281005, ""seconds"": 0.3376395059999595, ""gpu_id"": 0, ""candidate_id"": 37, ""sample_weight"": 0.11011103958316146}]"
38,4,3800,"[3, 9, 10, 12, 13, 14, 16, 19, 22, 23]","[""UDP"", ""Rate"", ""IAT"", ""rst_flag_number"", ""Tot sum"", ""HTTPS"", ""fin_flag_number"", ""Header_Length"", ""Time_To_Live"", ""ARP""]",10,0.7117654002393968,0.06635529116235733,0.7117893099784851,0.6,0.5399976090260912,240,11260,"[{""client_id"": 1, ""model_family"": ""gru"", ""feature_ids"": [3, 9, 10, 12, 13, 14, 16, 19, 22, 23], ""subset_size"": 10, ""micro_f1"": 0.8775380710659898, ""macro_f1"": 0.02749339005625907, ""validation_loss"": 3.0579431214308377, ""train_loss"": 3.31515484076735, ""seconds"": 0.13210276300014812, ""gpu_id"": 0, ""candidate_id"": 38, ""sample_weight"": 0.0008752009911046531}, {""client_id"": 2, ""model_family"": ""gru"", ""feature_ids"": [3, 9, 10, 12, 13, 14, 16, 19, 22, 23], ""subset_size"": 10, ""micro_f1"": 0.234, ""macro_f1"": 0.011452623000671704, ""validation_loss"": 2.941770703125, ""train_loss"": 3.257533289379544, ""seconds"": 0.4168621520002489, ""gpu_id"": 1, ""candidate_id"": 38, ""sample_weight"": 0.061408177662345804}, {""client_id"": 3, ""model_family"": ""gru"", ""feature_ids"": [3, 9, 10, 12, 13, 14, 16, 19, 22, 23], ""subset_size"": 10, ""micro_f1"": 0.4764, ""macro_f1"": 0.01933523808836721, ""validation_loss"": 1.85003125, ""train_loss"": 2.795714442316691, ""seconds"": 0.3667900479999844, ""gpu_id"": 1, ""candidate_id"": 38, ""sample_weight"": 0.10352608384640223}, {""client_id"": 4, ""model_family"": ""gru"", ""feature_ids"": [3, 9, 10, 12, 13, 14, 16, 19, 22, 23], ""subset_size"": 10, ""micro_f1"": 0.8305, ""macro_f1"": 0.026688304384851452, ""validation_loss"": 0.9237212158203125, ""train_loss"": 2.1961700019624497, ""seconds"": 0.36973930400017707, ""gpu_id"": 1, ""candidate_id"": 38, ""sample_weight"": 0.05331880053778213}, {""client_id"": 5, ""model_family"": ""transformer"", ""feature_ids"": [3, 9, 10, 12, 13, 14, 16, 19, 22, 23], ""subset_size"": 10, ""micro_f1"": 0.9445, ""macro_f1"": 0.05566600644425558, ""validation_loss"": 0.29784927215576174, ""train_loss"": 0.6972276992321015, ""seconds"": 0.8477699820000453, ""gpu_id"": 0, ""candidate_id"": 38, ""sample_weight"": 0.07030155005722065}, {""client_id"": 6, ""model_family"": ""transformer"", ""feature_ids"": [3, 9, 10, 12, 13, 14, 16, 19, 22, 23], ""subset_size"": 10, ""micro_f1"": 0.9918, ""macro_f1"": 0.05797511271391187, ""validation_loss"": 0.07193955688476562, ""train_loss"": 0.5259112632274627, ""seconds"": 0.8248434520000956, ""gpu_id"": 1, ""candidate_id"": 38, ""sample_weight"": 0.07459801933327874}, {""client_id"": 7, ""model_family"": ""transformer"", ""feature_ids"": [3, 9, 10, 12, 13, 14, 16, 19, 22, 23], ""subset_size"": 10, ""micro_f1"": 0.8634, ""macro_f1"": 0.027890480342284824, ""validation_loss"": 0.5572015258789063, ""train_loss"": 0.7707503169801501, ""seconds"": 0.7266678969999703, ""gpu_id"": 1, ""candidate_id"": 38, ""sample_weight"": 0.05067317481195735}, {""client_id"": 8, ""model_family"": ""cnn1d"", ""feature_ids"": [3, 9, 10, 12, 13, 14, 16, 19, 22, 23], ""subset_size"": 10, ""micro_f1"": 0.6244, ""macro_f1"": 0.09016662494702046, ""validation_loss"": 1.5284357543945313, ""train_loss"": 2.207849633195665, ""seconds"": 0.35230603699983476, ""gpu_id"": 0, ""candidate_id"": 38, ""sample_weight"": 0.354287210681253}, {""client_id"": 9, ""model_family"": ""cnn1d"", ""feature_ids"": [3, 9, 10, 12, 13, 14, 16, 19, 22, 23], ""subset_size"": 10, ""micro_f1"": 0.89, ""macro_f1"": 0.0748008697944238, ""validation_loss"": 0.639672119140625, ""train_loss"": 1.258370892047882, ""seconds"": 0.31095392600036575, ""gpu_id"": 1, ""candidate_id"": 38, ""sample_weight"": 0.12090074249549396}, {""client_id"": 10, ""model_family"": ""cnn1d"", ""feature_ids"": [3, 9, 10, 12, 13, 14, 16, 19, 22, 23], ""subset_size"": 10, ""micro_f1"": 0.818, ""macro_f1"": 0.10501542214302606, ""validation_loss"": 0.99110205078125, ""train_loss"": 1.7640134984122382, ""seconds"": 0.38646464199973707, ""gpu_id"": 0, ""candidate_id"": 38, ""sample_weight"": 0.11011103958316146}]"
39,4,3900,"[3, 9, 10, 12, 13, 14, 16, 19, 22, 23]","[""UDP"", ""Rate"", ""IAT"", ""rst_flag_number"", ""Tot sum"", ""HTTPS"", ""fin_flag_number"", ""Header_Length"", ""Time_To_Live"", ""ARP""]",10,0.7117557055743404,0.06640270961054544,0.7118194699287415,0.6,0.5399936235645599,240,11500,"[{""client_id"": 1, ""model_family"": ""gru"", ""feature_ids"": [3, 9, 10, 12, 13, 14, 16, 19, 22, 23], ""subset_size"": 10, ""micro_f1"": 0.8775380710659898, ""macro_f1"": 0.02749339005625907, ""validation_loss"": 3.0578892122065353, ""train_loss"": 3.3150469529312745, ""seconds"": 0.1271567670000877, ""gpu_id"": 0, ""candidate_id"": 39, ""sample_weight"": 0.0008752009911046531}, {""client_id"": 2, ""model_family"": ""gru"", ""feature_ids"": [3, 9, 10, 12, 13, 14, 16, 19, 22, 23], ""subset_size"": 10, ""micro_f1"": 0.234, ""macro_f1"": 0.011453517297617942, ""validation_loss"": 2.94219140625, ""train_loss"": 3.2575887581719294, ""seconds"": 0.3823074510000879, ""gpu_id"": 1, ""candidate_id"": 39, ""sample_weight"": 0.061408177662345804}, {""client_id"": 3, ""model_family"": ""gru"", ""feature_ids"": [3, 9, 10, 12, 13, 14, 16, 19, 22, 23], ""subset_size"": 10, ""micro_f1"": 0.4764, ""macro_f1"": 0.01933523808836721, ""validation_loss"": 1.84978466796875, ""train_loss"": 2.795892090204027, ""seconds"": 0.36207457499995144, ""gpu_id"": 1, ""candidate_id"": 39, ""sample_weight"": 0.10352608384640223}, {""client_id"": 4, ""model_family"": ""gru"", ""feature_ids"": [3, 9, 10, 12, 13, 14, 16, 19, 22, 23], ""subset_size"": 10, ""micro_f1"": 0.8305, ""macro_f1"": 0.026688304384851452, ""validation_loss"": 0.922685009765625, ""train_loss"": 2.19563392607371, ""seconds"": 0.3853855930001373, ""gpu_id"": 1, ""candidate_id"": 39, ""sample_weight"": 0.05331880053778213}, {""client_id"": 5, ""model_family"": ""transformer"", ""feature_ids"": [3, 9, 10, 12, 13, 14, 16, 19, 22, 23], ""subset_size"": 10, ""micro_f1"": 0.9445, ""macro_f1"": 0.05566600644425558, ""validation_loss"": 0.29810127716064455, ""train_loss"": 0.6991450853745143, ""seconds"": 0.842824630999985, ""gpu_id"": 0, ""candidate_id"": 39, ""sample_weight"": 0.07030155005722065}, {""client_id"": 6, ""model_family"": ""transformer"", ""feature_ids"": [3, 9, 10, 12, 13, 14, 16, 19, 22, 23], ""subset_size"": 10, ""micro_f1"": 0.9918, ""macro_f1"": 0.05797511271391187, ""validation_loss"": 0.07196714019775391, ""train_loss"": 0.5261278922186957, ""seconds"": 0.8390551000002233, ""gpu_id"": 1, ""candidate_id"": 39, ""sample_weight"": 0.07459801933327874}, {""client_id"": 7, ""model_family"": ""transformer"", ""feature_ids"": [3, 9, 10, 12, 13, 14, 16, 19, 22, 23], ""subset_size"": 10, ""micro_f1"": 0.8634, ""macro_f1"": 0.0277495142933059, ""validation_loss"": 0.557905322265625, ""train_loss"": 0.7697506700303819, ""seconds"": 0.723597343000165, ""gpu_id"": 1, ""candidate_id"": 39, ""sample_weight"": 0.05067317481195735}, {""client_id"": 8, ""model_family"": ""cnn1d"", ""feature_ids"": [3, 9, 10, 12, 13, 14, 16, 19, 22, 23], ""subset_size"": 10, ""micro_f1"": 0.6245, ""macro_f1"": 0.09034202765972138, ""validation_loss"": 1.528050537109375, ""train_loss"": 2.207207415601942, ""seconds"": 0.385294961999989, ""gpu_id"": 0, ""candidate_id"": 39, ""sample_weight"": 0.354287210681253}, {""client_id"": 9, ""model_family"": ""cnn1d"", ""feature_ids"": [3, 9, 10, 12, 13, 14, 16, 19, 22, 23], ""subset_size"": 10, ""micro_f1"": 0.8899, ""macro_f1"": 0.0747759419713828, ""validation_loss"": 0.6400165710449218, ""train_loss"": 1.2592058157285055, ""seconds"": 0.321319320999919, ""gpu_id"": 1, ""candidate_id"": 39, ""sample_weight"": 0.12090074249549396}, {""client_id"": 10, ""model_family"": ""cnn1d"", ""feature_ids"": [3, 9, 10, 12, 13, 14, 16, 19, 22, 23], ""subset_size"": 10, ""micro_f1"": 0.8177, ""macro_f1"": 0.10497344254454997, ""validation_loss"": 0.9940605224609375, ""train_loss"": 1.764139541138543, ""seconds"": 0.3689803090001078, ""gpu_id"": 0, ""candidate_id"": 39, ""sample_weight"": 0.11011103958316146}]"
40,4,4000,"[3, 9, 10, 12, 13, 14, 16, 19, 22, 23]","[""UDP"", ""Rate"", ""IAT"", ""rst_flag_number"", ""Tot sum"", ""HTTPS"", ""fin_flag_number"", ""Header_Length"", ""Time_To_Live"", ""ARP""]",10,0.7117672471331521,0.06640067389298343,0.711736798286438,0.6,0.5400030448846714,240,11740,"[{""client_id"": 1, ""model_family"": ""gru"", ""feature_ids"": [3, 9, 10, 12, 13, 14, 16, 19, 22, 23], ""subset_size"": 10, ""micro_f1"": 0.8775380710659898, ""macro_f1"": 0.02749339005625907, ""validation_loss"": 3.057990834192576, ""train_loss"": 3.315228713009227, ""seconds"": 0.11680342499994367, ""gpu_id"": 0, ""candidate_id"": 40, ""sample_weight"": 0.0008752009911046531}, {""client_id"": 2, ""model_family"": ""gru"", ""feature_ids"": [3, 9, 10, 12, 13, 14, 16, 19, 22, 23], ""subset_size"": 10, ""micro_f1"": 0.234, ""macro_f1"": 0.011453517297617942, ""validation_loss"": 2.9422212890625, ""train_loss"": 3.257684591547648, ""seconds"": 0.37619628599986754, ""gpu_id"": 1, ""candidate_id"": 40, ""sample_weight"": 0.061408177662345804}, {""client_id"": 3, ""model_family"": ""gru"", ""feature_ids"": [3, 9, 10, 12, 13, 14, 16, 19, 22, 23], ""subset_size"": 10, ""micro_f1"": 0.4764, ""macro_f1"": 0.01933523808836721, ""validation_loss"": 1.849187744140625, ""train_loss"": 2.795715711424086, ""seconds"": 0.3423900220000178, ""gpu_id"": 1, ""candidate_id"": 40, ""sample_weight"": 0.10352608384640223}, {""client_id"": 4, ""model_family"": ""gru"", ""feature_ids"": [3, 9, 10, 12, 13, 14, 16, 19, 22, 23], ""subset_size"": 10, ""micro_f1"": 0.8305, ""macro_f1"": 0.026688304384851452, ""validation_loss"": 0.9232147216796875, ""train_loss"": 2.1960312841839262, ""seconds"": 0.3473584859998482, ""gpu_id"": 1, ""candidate_id"": 40, ""sample_weight"": 0.05331880053778213}, {""client_id"": 5, ""model_family"": ""transformer"", ""feature_ids"": [3, 9, 10, 12, 13, 14, 16, 19, 22, 23], ""subset_size"": 10, ""micro_f1"": 0.9455, ""macro_f1"": 0.05575015048695363, ""validation_loss"": 0.29698128662109374, ""train_loss"": 0.6987504906601376, ""seconds"": 0.7907916770000156, ""gpu_id"": 0, ""candidate_id"": 40, ""sample_weight"": 0.07030155005722065}, {""client_id"": 6, ""model_family"": ""transformer"", ""feature_ids"": [3, 9, 10, 12, 13, 14, 16, 19, 22, 23], ""subset_size"": 10, ""micro_f1"": 0.9909, ""macro_f1"": 0.05786812515628517, ""validation_loss"": 0.07198900604248047, ""train_loss"": 0.5261098568095102, ""seconds"": 0.7827538950000417, ""gpu_id"": 1, ""candidate_id"": 40, ""sample_weight"": 0.07459801933327874}, {""client_id"": 7, ""model_family"": ""transformer"", ""feature_ids"": [3, 9, 10, 12, 13, 14, 16, 19, 22, 23], ""subset_size"": 10, ""micro_f1"": 0.8634, ""macro_f1"": 0.027749931907918506, ""validation_loss"": 0.557906103515625, ""train_loss"": 0.7706293987698025, ""seconds"": 0.7188807890001954, ""gpu_id"": 1, ""candidate_id"": 40, ""sample_weight"": 0.05067317481195735}, {""client_id"": 8, ""model_family"": ""cnn1d"", ""feature_ids"": [3, 9, 10, 12, 13, 14, 16, 19, 22, 23], ""subset_size"": 10, ""micro_f1"": 0.6243, ""macro_f1"": 0.09025662309387365, ""validation_loss"": 1.5287143432617187, ""train_loss"": 2.208352165667216, ""seconds"": 0.34354351199999655, ""gpu_id"": 0, ""candidate_id"": 40, ""sample_weight"": 0.354287210681253}, {""client_id"": 9, ""model_family"": ""cnn1d"", ""feature_ids"": [3, 9, 10, 12, 13, 14, 16, 19, 22, 23], ""subset_size"": 10, ""micro_f1"": 0.8901, ""macro_f1"": 0.07482576952609159, ""validation_loss"": 0.6411102600097657, ""train_loss"": 1.2590555710686577, ""seconds"": 0.31384702500008643, ""gpu_id"": 1, ""candidate_id"": 40, ""sample_weight"": 0.12090074249549396}, {""client_id"": 10, ""model_family"": ""cnn1d"", ""feature_ids"": [3, 9, 10, 12, 13, 14, 16, 19, 22, 23], ""subset_size"": 10, ""micro_f1"": 0.8182, ""macro_f1"": 0.10519360467349378, ""validation_loss"": 0.9920212646484375, ""train_loss"": 1.7646024006843566, ""seconds"": 0.34780590600030337, ""gpu_id"": 0, ""candidate_id"": 40, ""sample_weight"": 0.11011103958316146}]"
41,5,4100,"[3, 9, 10, 12, 13, 14, 16, 19, 22, 23]","[""UDP"", ""Rate"", ""IAT"", ""rst_flag_number"", ""Tot sum"", ""HTTPS"", ""fin_flag_number"", ""Header_Length"", ""Time_To_Live"", ""ARP""]",10,0.7118686183677563,0.06642099322801423,0.7117475271224976,0.6,0.5400121091245259,240,11980,"[{""client_id"": 1, ""model_family"": ""gru"", ""feature_ids"": [3, 9, 10, 12, 13, 14, 16, 19, 22, 23], ""subset_size"": 10, ""micro_f1"": 0.8775380710659898, ""macro_f1"": 0.02749339005625907, ""validation_loss"": 3.057819811825825, ""train_loss"": 3.3151230338731863, ""seconds"": 0.12122446800003672, ""gpu_id"": 0, ""candidate_id"": 41, ""sample_weight"": 0.0008752009911046531}, {""client_id"": 2, ""model_family"": ""gru"", ""feature_ids"": [3, 9, 10, 12, 13, 14, 16, 19, 22, 23], ""subset_size"": 10, ""micro_f1"": 0.2342, ""macro_f1"": 0.011505107040367175, ""validation_loss"": 2.9424376953125, ""train_loss"": 3.2579256727430557, ""seconds"": 0.38861991700014187, ""gpu_id"": 1, ""candidate_id"": 41, ""sample_weight"": 0.061408177662345804}, {""client_id"": 3, ""model_family"": ""gru"", ""feature_ids"": [3, 9, 10, 12, 13, 14, 16, 19, 22, 23], ""subset_size"": 10, ""micro_f1"": 0.4764, ""macro_f1"": 0.01933523808836721, ""validation_loss"": 1.849558837890625, ""train_loss"": 2.795918630112542, ""seconds"": 0.4284143589998166, ""gpu_id"": 1, ""candidate_id"": 41, ""sample_weight"": 0.10352608384640223}, {""client_id"": 4, ""model_family"": ""gru"", ""feature_ids"": [3, 9, 10, 12, 13, 14, 16, 19, 22, 23], ""subset_size"": 10, ""micro_f1"": 0.8305, ""macro_f1"": 0.026688304384851452, ""validation_loss"": 0.9231908813476563, ""train_loss"": 2.195647268517812, ""seconds"": 0.38264219499978935, ""gpu_id"": 1, ""candidate_id"": 41, ""sample_weight"": 0.05331880053778213}, {""client_id"": 5, ""model_family"": ""transformer"", ""feature_ids"": [3, 9, 10, 12, 13, 14, 16, 19, 22, 23], ""subset_size"": 10, ""micro_f1"": 0.9448, ""macro_f1"": 0.05569127511820786, ""validation_loss"": 0.29662609100341797, ""train_loss"": 0.6975520076539782, ""seconds"": 0.8964806039998621, ""gpu_id"": 0, ""candidate_id"": 41, ""sample_weight"": 0.07030155005722065}, {""client_id"": 6, ""model_family"": ""transformer"", ""feature_ids"": [3, 9, 10, 12, 13, 14, 16, 19, 22, 23], ""subset_size"": 10, ""micro_f1"": 0.992, ""macro_f1"": 0.05799881477084208, ""validation_loss"": 0.07173152923583985, ""train_loss"": 0.5259672235939238, ""seconds"": 0.8211614040001223, ""gpu_id"": 1, ""candidate_id"": 41, ""sample_weight"": 0.07459801933327874}, {""client_id"": 7, ""model_family"": ""transformer"", ""feature_ids"": [3, 9, 10, 12, 13, 14, 16, 19, 22, 23], ""subset_size"": 10, ""micro_f1"": 0.8634, ""macro_f1"": 0.027890480342284824, ""validation_loss"": 0.5575596557617187, ""train_loss"": 0.7705643409411113, ""seconds"": 0.7605944719998661, ""gpu_id"": 1, ""candidate_id"": 41, ""sample_weight"": 0.05067317481195735}, {""client_id"": 8, ""model_family"": ""cnn1d"", ""feature_ids"": [3, 9, 10, 12, 13, 14, 16, 19, 22, 23], ""subset_size"": 10, ""micro_f1"": 0.6248, ""macro_f1"": 0.09039147556328991, ""validation_loss"": 1.5268556274414062, ""train_loss"": 2.2073207154168024, ""seconds"": 0.37540827199973137, ""gpu_id"": 0, ""candidate_id"": 41, ""sample_weight"": 0.354287210681253}, {""client_id"": 9, ""model_family"": ""cnn1d"", ""feature_ids"": [3, 9, 10, 12, 13, 14, 16, 19, 22, 23], ""subset_size"": 10, ""micro_f1"": 0.8891, ""macro_f1"": 0.07461943503887886, ""validation_loss"": 0.6399997619628907, ""train_loss"": 1.258639093155331, ""seconds"": 0.3176796400002786, ""gpu_id"": 1, ""candidate_id"": 41, ""sample_weight"": 0.12090074249549396}, {""client_id"": 10, ""model_family"": ""cnn1d"", ""feature_ids"": [3, 9, 10, 12, 13, 14, 16, 19, 22, 23], ""subset_size"": 10, ""micro_f1"": 0.8182, ""macro_f1"": 0.10502639708233613, ""validation_loss"": 0.9907000854492187, ""train_loss"": 1.7639837510532803, ""seconds"": 0.3767471950000072, ""gpu_id"": 0, ""candidate_id"": 41, ""sample_weight"": 0.11011103958316146}]"
42,5,4200,"[3, 9, 10, 12, 13, 14, 16, 19, 22, 23]","[""UDP"", ""Rate"", ""IAT"", ""rst_flag_number"", ""Tot sum"", ""HTTPS"", ""fin_flag_number"", ""Header_Length"", ""Time_To_Live"", ""ARP""]",10,0.7116056198405547,0.06636754298239733,0.7118784189224243,0.6,0.5399727200918131,240,12220,"[{""client_id"": 1, ""model_family"": ""gru"", ""feature_ids"": [3, 9, 10, 12, 13, 14, 16, 19, 22, 23], ""subset_size"": 10, ""micro_f1"": 0.8775380710659898, ""macro_f1"": 0.02749339005625907, ""validation_loss"": 3.05783592262849, ""train_loss"": 3.3154151587585776, ""seconds"": 0.1156908289999592, ""gpu_id"": 0, ""candidate_id"": 42, ""sample_weight"": 0.0008752009911046531}, {""client_id"": 2, ""model_family"": ""gru"", ""feature_ids"": [3, 9, 10, 12, 13, 14, 16, 19, 22, 23], ""subset_size"": 10, ""micro_f1"": 0.234, ""macro_f1"": 0.011452623000671704, ""validation_loss"": 2.9420966796875, ""train_loss"": 3.2577070100572376, ""seconds"": 0.4151378509995993, ""gpu_id"": 1, ""candidate_id"": 42, ""sample_weight"": 0.061408177662345804}, {""client_id"": 3, ""model_family"": ""gru"", ""feature_ids"": [3, 9, 10, 12, 13, 14, 16, 19, 22, 23], ""subset_size"": 10, ""micro_f1"": 0.4764, ""macro_f1"": 0.019337726790901642, ""validation_loss"": 1.849936083984375, ""train_loss"": 2.7957150713178844, ""seconds"": 0.4307634510000753, ""gpu_id"": 1, ""candidate_id"": 42, ""sample_weight"": 0.10352608384640223}, {""client_id"": 4, ""model_family"": ""gru"", ""feature_ids"": [3, 9, 10, 12, 13, 14, 16, 19, 22, 23], ""subset_size"": 10, ""micro_f1"": 0.8305, ""macro_f1"": 0.026688304384851452, ""validation_loss"": 0.922930322265625, ""train_loss"": 2.195778068161011, ""seconds"": 0.37630501699959495, ""gpu_id"": 1, ""candidate_id"": 42, ""sample_weight"": 0.05331880053778213}, {""client_id"": 5, ""model_family"": ""transformer"", ""feature_ids"": [3, 9, 10, 12, 13, 14, 16, 19, 22, 23], ""subset_size"": 10, ""micro_f1"": 0.9445, ""macro_f1"": 0.05566600644425558, ""validation_loss"": 0.2973581085205078, ""train_loss"": 0.6993576603412628, ""seconds"": 0.901277121000021, ""gpu_id"": 0, ""candidate_id"": 42, ""sample_weight"": 0.07030155005722065}, {""client_id"": 6, ""model_family"": ""transformer"", ""feature_ids"": [3, 9, 10, 12, 13, 14, 16, 19, 22, 23], ""subset_size"": 10, ""micro_f1"": 0.9909, ""macro_f1"": 0.05786812515628517, ""validation_loss"": 0.07190119323730469, ""train_loss"": 0.525943910214636, ""seconds"": 0.854354037000121, ""gpu_id"": 1, ""candidate_id"": 42, ""sample_weight"": 0.07459801933327874}, {""client_id"": 7, ""model_family"": ""transformer"", ""feature_ids"": [3, 9, 10, 12, 13, 14, 16, 19, 22, 23], ""subset_size"": 10, ""micro_f1"": 0.8634, ""macro_f1"": 0.0277495142933059, ""validation_loss"": 0.557603125, ""train_loss"": 0.7715129339536031, ""seconds"": 0.740753541000231, ""gpu_id"": 1, ""candidate_id"": 42, ""sample_weight"": 0.05067317481195735}, {""client_id"": 8, ""model_family"": ""cnn1d"", ""feature_ids"": [3, 9, 10, 12, 13, 14, 16, 19, 22, 23], ""subset_size"": 10, ""micro_f1"": 0.6243, ""macro_f1"": 0.09028505690657633, ""validation_loss"": 1.5274305297851563, ""train_loss"": 2.207925705125597, ""seconds"": 0.38762186299982204, ""gpu_id"": 0, ""candidate_id"": 42, ""sample_weight"": 0.354287210681253}, {""client_id"": 9, ""model_family"": ""cnn1d"", ""feature_ids"": [3, 9, 10, 12, 13, 14, 16, 19, 22, 23], ""subset_size"": 10, ""micro_f1"": 0.8898, ""macro_f1"": 0.07476191364431733, ""validation_loss"": 0.6401296203613281, ""train_loss"": 1.2596352036899992, ""seconds"": 0.3211880490002841, ""gpu_id"": 1, ""candidate_id"": 42, ""sample_weight"": 0.12090074249549396}, {""client_id"": 10, ""model_family"": ""cnn1d"", ""feature_ids"": [3, 9, 10, 12, 13, 14, 16, 19, 22, 23], ""subset_size"": 10, ""micro_f1"": 0.8177, ""macro_f1"": 0.10492341802041659, ""validation_loss"": 0.989785693359375, ""train_loss"": 1.7633992270151775, ""seconds"": 0.4028025079996951, ""gpu_id"": 0, ""candidate_id"": 42, ""sample_weight"": 0.11011103958316146}]"
43,5,4300,"[3, 9, 10, 12, 13, 14, 16, 19, 22, 23]","[""UDP"", ""Rate"", ""IAT"", ""rst_flag_number"", ""Tot sum"", ""HTTPS"", ""fin_flag_number"", ""Header_Length"", ""Time_To_Live"", ""ARP""]",10,0.7119600529643454,0.066429600225776,0.7116614580154419,0.6,0.5400298594948904,240,12460,"[{""client_id"": 1, ""model_family"": ""gru"", ""feature_ids"": [3, 9, 10, 12, 13, 14, 16, 19, 22, 23], ""subset_size"": 10, ""micro_f1"": 0.8775380710659898, ""macro_f1"": 0.02749339005625907, ""validation_loss"": 3.0577559882614214, ""train_loss"": 3.314957447934137, ""seconds"": 0.13399565000008806, ""gpu_id"": 0, ""candidate_id"": 43, ""sample_weight"": 0.0008752009911046531}, {""client_id"": 2, ""model_family"": ""gru"", ""feature_ids"": [3, 9, 10, 12, 13, 14, 16, 19, 22, 23], ""subset_size"": 10, ""micro_f1"": 0.2341, ""macro_f1"": 0.011480231101770697, ""validation_loss"": 2.9424146484375, ""train_loss"": 3.2578111976623534, ""seconds"": 0.42451283699983833, ""gpu_id"": 1, ""candidate_id"": 43, ""sample_weight"": 0.061408177662345804}, {""client_id"": 3, ""model_family"": ""gru"", ""feature_ids"": [3, 9, 10, 12, 13, 14, 16, 19, 22, 23], ""subset_size"": 10, ""micro_f1"": 0.4764, ""macro_f1"": 0.01933523808836721, ""validation_loss"": 1.849784228515625, ""train_loss"": 2.7957255536185373, ""seconds"": 0.3667023890002383, ""gpu_id"": 1, ""candidate_id"": 43, ""sample_weight"": 0.10352608384640223}, {""client_id"": 4, ""model_family"": ""gru"", ""feature_ids"": [3, 9, 10, 12, 13, 14, 16, 19, 22, 23], ""subset_size"": 10, ""micro_f1"": 0.8305, ""macro_f1"": 0.026688304384851452, ""validation_loss"": 0.9231485595703125, ""train_loss"": 2.1958081556532116, ""seconds"": 0.40891969299991615, ""gpu_id"": 1, ""candidate_id"": 43, ""sample_weight"": 0.05331880053778213}, {""client_id"": 5, ""model_family"": ""transformer"", ""feature_ids"": [3, 9, 10, 12, 13, 14, 16, 19, 22, 23], ""subset_size"": 10, ""micro_f1"": 0.9445, ""macro_f1"": 0.05566600644425558, ""validation_loss"": 0.2970060821533203, ""train_loss"": 0.6981172594865163, ""seconds"": 0.8825423830003274, ""gpu_id"": 0, ""candidate_id"": 43, ""sample_weight"": 0.07030155005722065}, {""client_id"": 6, ""model_family"": ""transformer"", ""feature_ids"": [3, 9, 10, 12, 13, 14, 16, 19, 22, 23], ""subset_size"": 10, ""micro_f1"": 0.9921, ""macro_f1"": 0.05801065589233194, ""validation_loss"": 0.07212346954345702, ""train_loss"": 0.525695443590482, ""seconds"": 0.7929958740000984, ""gpu_id"": 1, ""candidate_id"": 43, ""sample_weight"": 0.07459801933327874}, {""client_id"": 7, ""model_family"": ""transformer"", ""feature_ids"": [3, 9, 10, 12, 13, 14, 16, 19, 22, 23], ""subset_size"": 10, ""micro_f1"": 0.8634, ""macro_f1"": 0.027890480342284824, ""validation_loss"": 0.5574076538085937, ""train_loss"": 0.7705977894359165, ""seconds"": 0.7452319740000348, ""gpu_id"": 1, ""candidate_id"": 43, ""sample_weight"": 0.05067317481195735}, {""client_id"": 8, ""model_family"": ""cnn1d"", ""feature_ids"": [3, 9, 10, 12, 13, 14, 16, 19, 22, 23], ""subset_size"": 10, ""micro_f1"": 0.6249, ""macro_f1"": 0.09036716621402684, ""validation_loss"": 1.5275137573242188, ""train_loss"": 2.208091261715359, ""seconds"": 0.3382529640002758, ""gpu_id"": 0, ""candidate_id"": 43, ""sample_weight"": 0.354287210681253}, {""client_id"": 9, ""model_family"": ""cnn1d"", ""feature_ids"": [3, 9, 10, 12, 13, 14, 16, 19, 22, 23], ""subset_size"": 10, ""micro_f1"": 0.89, ""macro_f1"": 0.0748008697944238, ""validation_loss"": 0.6417976989746094, ""train_loss"": 1.2602685483296712, ""seconds"": 0.31818769199981034, ""gpu_id"": 1, ""candidate_id"": 43, ""sample_weight"": 0.12090074249549396}, {""client_id"": 10, ""model_family"": ""cnn1d"", ""feature_ids"": [3, 9, 10, 12, 13, 14, 16, 19, 22, 23], ""subset_size"": 10, ""micro_f1"": 0.8179, ""macro_f1"": 0.10500555068428975, ""validation_loss"": 0.9913223754882813, ""train_loss"": 1.76393588736852, ""seconds"": 0.36623052400000233, ""gpu_id"": 0, ""candidate_id"": 43, ""sample_weight"": 0.11011103958316146}]"
44,5,4400,"[3, 9, 10, 12, 13, 14, 16, 19, 22, 23]","[""UDP"", ""Rate"", ""IAT"", ""rst_flag_number"", ""Tot sum"", ""HTTPS"", ""fin_flag_number"", ""Header_Length"", ""Time_To_Live"", ""ARP""]",10,0.7117810490139088,0.06638832071320115,0.7118360996246338,0.6,0.5399944949389275,240,12700,"[{""client_id"": 1, ""model_family"": ""gru"", ""feature_ids"": [3, 9, 10, 12, 13, 14, 16, 19, 22, 23], ""subset_size"": 10, ""micro_f1"": 0.8775380710659898, ""macro_f1"": 0.02749339005625907, ""validation_loss"": 3.0580050860564723, ""train_loss"": 3.315323313010055, ""seconds"": 0.1298337220000576, ""gpu_id"": 0, ""candidate_id"": 44, ""sample_weight"": 0.0008752009911046531}, {""client_id"": 2, ""model_family"": ""gru"", ""feature_ids"": [3, 9, 10, 12, 13, 14, 16, 19, 22, 23], ""subset_size"": 10, ""micro_f1"": 0.234, ""macro_f1"": 0.011453517297617942, ""validation_loss"": 2.942313671875, ""train_loss"": 3.2578506505330402, ""seconds"": 0.41294110499984527, ""gpu_id"": 1, ""candidate_id"": 44, ""sample_weight"": 0.061408177662345804}, {""client_id"": 3, ""model_family"": ""gru"", ""feature_ids"": [3, 9, 10, 12, 13, 14, 16, 19, 22, 23], ""subset_size"": 10, ""micro_f1"": 0.4764, ""macro_f1"": 0.01933523808836721, ""validation_loss"": 1.8486896484375, ""train_loss"": 2.7951729383892485, ""seconds"": 0.38207176500009155, ""gpu_id"": 1, ""candidate_id"": 44, ""sample_weight"": 0.10352608384640223}, {""client_id"": 4, ""model_family"": ""gru"", ""feature_ids"": [3, 9, 10, 12, 13, 14, 16, 19, 22, 23], ""subset_size"": 10, ""micro_f1"": 0.8305, ""macro_f1"": 0.026688304384851452, ""validation_loss"": 0.9239648681640625, ""train_loss"": 2.1967234321064417, ""seconds"": 0.3982098930000575, ""gpu_id"": 1, ""candidate_id"": 44, ""sample_weight"": 0.05331880053778213}, {""client_id"": 5, ""model_family"": ""transformer"", ""feature_ids"": [3, 9, 10, 12, 13, 14, 16, 19, 22, 23], ""subset_size"": 10, ""micro_f1"": 0.9446, ""macro_f1"": 0.055674431765575724, ""validation_loss"": 0.2973500579833984, ""train_loss"": 0.6990606013245053, ""seconds"": 0.8799555149998923, ""gpu_id"": 0, ""candidate_id"": 44, ""sample_weight"": 0.07030155005722065}, {""client_id"": 6, ""model_family"": ""transformer"", ""feature_ids"": [3, 9, 10, 12, 13, 14, 16, 19, 22, 23], ""subset_size"": 10, ""micro_f1"": 0.9917, ""macro_f1"": 0.05796325176465748, ""validation_loss"": 0.0716585205078125, ""train_loss"": 0.525719787742032, ""seconds"": 0.7850068019997707, ""gpu_id"": 1, ""candidate_id"": 44, ""sample_weight"": 0.07459801933327874}, {""client_id"": 7, ""model_family"": ""transformer"", ""feature_ids"": [3, 9, 10, 12, 13, 14, 16, 19, 22, 23], ""subset_size"": 10, ""micro_f1"": 0.8635, ""macro_f1"": 0.027893558494274318, ""validation_loss"": 0.557601953125, ""train_loss"": 0.7710282406806945, ""seconds"": 0.7621349959999861, ""gpu_id"": 1, ""candidate_id"": 44, ""sample_weight"": 0.05067317481195735}, {""client_id"": 8, ""model_family"": ""cnn1d"", ""feature_ids"": [3, 9, 10, 12, 13, 14, 16, 19, 22, 23], ""subset_size"": 10, ""micro_f1"": 0.6244, ""macro_f1"": 0.0902407810806982, ""validation_loss"": 1.5286421142578126, ""train_loss"": 2.2090443723254736, ""seconds"": 0.33777019799981645, ""gpu_id"": 0, ""candidate_id"": 44, ""sample_weight"": 0.354287210681253}, {""client_id"": 9, ""model_family"": ""cnn1d"", ""feature_ids"": [3, 9, 10, 12, 13, 14, 16, 19, 22, 23], ""subset_size"": 10, ""micro_f1"": 0.89, ""macro_f1"": 0.07478939690764466, ""validation_loss"": 0.639834228515625, ""train_loss"": 1.2593281963242424, ""seconds"": 0.30467840400024215, ""gpu_id"": 1, ""candidate_id"": 44, ""sample_weight"": 0.12090074249549396}, {""client_id"": 10, ""model_family"": ""cnn1d"", ""feature_ids"": [3, 9, 10, 12, 13, 14, 16, 19, 22, 23], ""subset_size"": 10, ""micro_f1"": 0.8181, ""macro_f1"": 0.10509012541477031, ""validation_loss"": 0.9921581420898438, ""train_loss"": 1.7643276413599651, ""seconds"": 0.3679181590000553, ""gpu_id"": 0, ""candidate_id"": 44, ""sample_weight"": 0.11011103958316146}]"
45,5,4500,"[3, 9, 10, 12, 13, 14, 16, 19, 22, 23]","[""UDP"", ""Rate"", ""IAT"", ""rst_flag_number"", ""Tot sum"", ""HTTPS"", ""fin_flag_number"", ""Header_Length"", ""Time_To_Live"", ""ARP""]",10,0.7117238989198388,0.06639189197413214,0.711900532245636,0.6,0.5399823366674203,240,12940,"[{""client_id"": 1, ""model_family"": ""gru"", ""feature_ids"": [3, 9, 10, 12, 13, 14, 16, 19, 22, 23], ""subset_size"": 10, ""micro_f1"": 0.8775380710659898, ""macro_f1"": 0.02749339005625907, ""validation_loss"": 3.0579449803696064, ""train_loss"": 3.3152592155265057, ""seconds"": 0.11433639799997763, ""gpu_id"": 0, ""candidate_id"": 45, ""sample_weight"": 0.0008752009911046531}, {""client_id"": 2, ""model_family"": ""gru"", ""feature_ids"": [3, 9, 10, 12, 13, 14, 16, 19, 22, 23], ""subset_size"": 10, ""micro_f1"": 0.2341, ""macro_f1"": 0.011456585522590714, ""validation_loss"": 2.9422208984375, ""train_loss"": 3.2577085292816164, ""seconds"": 0.3430670379998446, ""gpu_id"": 1, ""candidate_id"": 45, ""sample_weight"": 0.061408177662345804}, {""client_id"": 3, ""model_family"": ""gru"", ""feature_ids"": [3, 9, 10, 12, 13, 14, 16, 19, 22, 23], ""subset_size"": 10, ""micro_f1"": 0.4764, ""macro_f1"": 0.01933523808836721, ""validation_loss"": 1.849938818359375, ""train_loss"": 2.795869791984558, ""seconds"": 0.36332334899998386, ""gpu_id"": 1, ""candidate_id"": 45, ""sample_weight"": 0.10352608384640223}, {""client_id"": 4, ""model_family"": ""gru"", ""feature_ids"": [3, 9, 10, 12, 13, 14, 16, 19, 22, 23], ""subset_size"": 10, ""micro_f1"": 0.8305, ""macro_f1"": 0.026688304384851452, ""validation_loss"": 0.9227848510742187, ""train_loss"": 2.195780691401164, ""seconds"": 0.3711379879996457, ""gpu_id"": 1, ""candidate_id"": 45, ""sample_weight"": 0.05331880053778213}, {""client_id"": 5, ""model_family"": ""transformer"", ""feature_ids"": [3, 9, 10, 12, 13, 14, 16, 19, 22, 23], ""subset_size"": 10, ""micro_f1"": 0.9453, ""macro_f1"": 0.055733341054602814, ""validation_loss"": 0.2974695999145508, ""train_loss"": 0.6994546684053209, ""seconds"": 0.8160413519999565, ""gpu_id"": 0, ""candidate_id"": 45, ""sample_weight"": 0.07030155005722065}, {""client_id"": 6, ""model_family"": ""transformer"", ""feature_ids"": [3, 9, 10, 12, 13, 14, 16, 19, 22, 23], ""subset_size"": 10, ""micro_f1"": 0.9909, ""macro_f1"": 0.05786812515628517, ""validation_loss"": 0.0720197006225586, ""train_loss"": 0.5264395351502631, ""seconds"": 0.836993578000147, ""gpu_id"": 1, ""candidate_id"": 45, ""sample_weight"": 0.07459801933327874}, {""client_id"": 7, ""model_family"": ""transformer"", ""feature_ids"": [3, 9, 10, 12, 13, 14, 16, 19, 22, 23], ""subset_size"": 10, ""micro_f1"": 0.8634, ""macro_f1"": 0.027890480342284824, ""validation_loss"": 0.5574687744140625, ""train_loss"": 0.7719317573335436, ""seconds"": 0.7019430479999755, ""gpu_id"": 1, ""candidate_id"": 45, ""sample_weight"": 0.05067317481195735}, {""client_id"": 8, ""model_family"": ""cnn1d"", ""feature_ids"": [3, 9, 10, 12, 13, 14, 16, 19, 22, 23], ""subset_size"": 10, ""micro_f1"": 0.6242, ""macro_f1"": 0.09022020019585823, ""validation_loss"": 1.528509033203125, ""train_loss"": 2.2070869451734754, ""seconds"": 0.38673607800001264, ""gpu_id"": 0, ""candidate_id"": 45, ""sample_weight"": 0.354287210681253}, {""client_id"": 9, ""model_family"": ""cnn1d"", ""feature_ids"": [3, 9, 10, 12, 13, 14, 16, 19, 22, 23], ""subset_size"": 10, ""micro_f1"": 0.8901, ""macro_f1"": 0.07482576952609159, ""validation_loss"": 0.6412327270507813, ""train_loss"": 1.2587362280103895, ""seconds"": 0.30226273600010245, ""gpu_id"": 1, ""candidate_id"": 45, ""sample_weight"": 0.12090074249549396}, {""client_id"": 10, ""model_family"": ""cnn1d"", ""feature_ids"": [3, 9, 10, 12, 13, 14, 16, 19, 22, 23], ""subset_size"": 10, ""micro_f1"": 0.8182, ""macro_f1"": 0.1051753824111788, ""validation_loss"": 0.992908154296875, ""train_loss"": 1.764024798350864, ""seconds"": 0.3677482099997178, ""gpu_id"": 0, ""candidate_id"": 45, ""sample_weight"": 0.11011103958316146}]"
46,5,4600,"[3, 9, 10, 12, 13, 14, 16, 19, 22, 23]","[""UDP"", ""Rate"", ""IAT"", ""rst_flag_number"", ""Tot sum"", ""HTTPS"", ""fin_flag_number"", ""Header_Length"", ""Time_To_Live"", ""ARP""]",10,0.7118138103001851,0.06637404504266713,0.7117189764976501,0.6,0.5400094833802536,240,13180,"[{""client_id"": 1, ""model_family"": ""gru"", ""feature_ids"": [3, 9, 10, 12, 13, 14, 16, 19, 22, 23], ""subset_size"": 10, ""micro_f1"": 0.8775380710659898, ""macro_f1"": 0.02749339005625907, ""validation_loss"": 3.0579988895939088, ""train_loss"": 3.315393745327695, ""seconds"": 0.13668755700018664, ""gpu_id"": 0, ""candidate_id"": 46, ""sample_weight"": 0.0008752009911046531}, {""client_id"": 2, ""model_family"": ""gru"", ""feature_ids"": [3, 9, 10, 12, 13, 14, 16, 19, 22, 23], ""subset_size"": 10, ""micro_f1"": 0.234, ""macro_f1"": 0.011453517297617942, ""validation_loss"": 2.9422916015625, ""train_loss"": 3.257688412645128, ""seconds"": 0.3862913190000654, ""gpu_id"": 1, ""candidate_id"": 46, ""sample_weight"": 0.061408177662345804}, {""client_id"": 3, ""model_family"": ""gru"", ""feature_ids"": [3, 9, 10, 12, 13, 14, 16, 19, 22, 23], ""subset_size"": 10, ""micro_f1"": 0.4764, ""macro_f1"": 0.01933523808836721, ""validation_loss"": 1.848514697265625, ""train_loss"": 2.7952147565629746, ""seconds"": 0.42258466900011626, ""gpu_id"": 1, ""candidate_id"": 46, ""sample_weight"": 0.10352608384640223}, {""client_id"": 4, ""model_family"": ""gru"", ""feature_ids"": [3, 9, 10, 12, 13, 14, 16, 19, 22, 23], ""subset_size"": 10, ""micro_f1"": 0.8305, ""macro_f1"": 0.026688304384851452, ""validation_loss"": 0.9237413208007812, ""train_loss"": 2.196317296070523, ""seconds"": 0.36621336600001086, ""gpu_id"": 1, ""candidate_id"": 46, ""sample_weight"": 0.05331880053778213}, {""client_id"": 5, ""model_family"": ""transformer"", ""feature_ids"": [3, 9, 10, 12, 13, 14, 16, 19, 22, 23], ""subset_size"": 10, ""micro_f1"": 0.9447, ""macro_f1"": 0.05568285465632203, ""validation_loss"": 0.2973553009033203, ""train_loss"": 0.6985996683332655, ""seconds"": 0.8668401439999798, ""gpu_id"": 0, ""candidate_id"": 46, ""sample_weight"": 0.07030155005722065}, {""client_id"": 6, ""model_family"": ""transformer"", ""feature_ids"": [3, 9, 10, 12, 13, 14, 16, 19, 22, 23], ""subset_size"": 10, ""micro_f1"": 0.9918, ""macro_f1"": 0.05797511271391187, ""validation_loss"": 0.07174197235107421, ""train_loss"": 0.5257929833094279, ""seconds"": 0.7729609220000384, ""gpu_id"": 1, ""candidate_id"": 46, ""sample_weight"": 0.07459801933327874}, {""client_id"": 7, ""model_family"": ""transformer"", ""feature_ids"": [3, 9, 10, 12, 13, 14, 16, 19, 22, 23], ""subset_size"": 10, ""micro_f1"": 0.8634, ""macro_f1"": 0.0277495142933059, ""validation_loss"": 0.5580880126953125, ""train_loss"": 0.7702503934224446, ""seconds"": 0.718155182999908, ""gpu_id"": 1, ""candidate_id"": 46, ""sample_weight"": 0.05067317481195735}, {""client_id"": 8, ""model_family"": ""cnn1d"", ""feature_ids"": [3, 9, 10, 12, 13, 14, 16, 19, 22, 23], ""subset_size"": 10, ""micro_f1"": 0.6245, ""macro_f1"": 0.09019093500857839, ""validation_loss"": 1.5277198486328125, ""train_loss"": 2.207630036438836, ""seconds"": 0.33300696400010565, ""gpu_id"": 0, ""candidate_id"": 46, ""sample_weight"": 0.354287210681253}, {""client_id"": 9, ""model_family"": ""cnn1d"", ""feature_ids"": [3, 9, 10, 12, 13, 14, 16, 19, 22, 23], ""subset_size"": 10, ""micro_f1"": 0.8899, ""macro_f1"": 0.07478631905089402, ""validation_loss"": 0.6404250366210937, ""train_loss"": 1.2591131275918748, ""seconds"": 0.30611691800004337, ""gpu_id"": 1, ""candidate_id"": 46, ""sample_weight"": 0.12090074249549396}, {""client_id"": 10, ""model_family"": ""cnn1d"", ""feature_ids"": [3, 9, 10, 12, 13, 14, 16, 19, 22, 23], ""subset_size"": 10, ""micro_f1"": 0.8181, ""macro_f1"": 0.10517711489286934, ""validation_loss"": 0.9920206787109375, ""train_loss"": 1.7632108250512017, ""seconds"": 0.3567090750002535, ""gpu_id"": 0, ""candidate_id"": 46, ""sample_weight"": 0.11011103958316146}]"
47,5,4700,"[3, 9, 10, 12, 13, 14, 16, 19, 22, 23]","[""UDP"", ""Rate"", ""IAT"", ""rst_flag_number"", ""Tot sum"", ""HTTPS"", ""fin_flag_number"", ""Header_Length"", ""Time_To_Live"", ""ARP""]",10,0.711619784611333,0.0664082681489448,0.7117389440536499,0.6,0.5399880840557684,240,13420,"[{""client_id"": 1, ""model_family"": ""gru"", ""feature_ids"": [3, 9, 10, 12, 13, 14, 16, 19, 22, 23], ""subset_size"": 10, ""micro_f1"": 0.8775380710659898, ""macro_f1"": 0.02749339005625907, ""validation_loss"": 3.05777147941783, ""train_loss"": 3.3151162180333102, ""seconds"": 0.12611215000015363, ""gpu_id"": 0, ""candidate_id"": 47, ""sample_weight"": 0.0008752009911046531}, {""client_id"": 2, ""model_family"": ""gru"", ""feature_ids"": [3, 9, 10, 12, 13, 14, 16, 19, 22, 23], ""subset_size"": 10, ""micro_f1"": 0.2341, ""macro_f1"": 0.011455691197995369, ""validation_loss"": 2.9420515625, ""train_loss"": 3.257775152842204, ""seconds"": 0.35401486999990084, ""gpu_id"": 1, ""candidate_id"": 47, ""sample_weight"": 0.061408177662345804}, {""client_id"": 3, ""model_family"": ""gru"", ""feature_ids"": [3, 9, 10, 12, 13, 14, 16, 19, 22, 23], ""subset_size"": 10, ""micro_f1"": 0.4764, ""macro_f1"": 0.01933523808836721, ""validation_loss"": 1.84839208984375, ""train_loss"": 2.795133268017239, ""seconds"": 0.3441820349999034, ""gpu_id"": 1, ""candidate_id"": 47, ""sample_weight"": 0.10352608384640223}, {""client_id"": 4, ""model_family"": ""gru"", ""feature_ids"": [3, 9, 10, 12, 13, 14, 16, 19, 22, 23], ""subset_size"": 10, ""micro_f1"": 0.8305, ""macro_f1"": 0.026688304384851452, ""validation_loss"": 0.9234884521484376, ""train_loss"": 2.1959838910420735, ""seconds"": 0.3709304349999911, ""gpu_id"": 1, ""candidate_id"": 47, ""sample_weight"": 0.05331880053778213}, {""client_id"": 5, ""model_family"": ""transformer"", ""feature_ids"": [3, 9, 10, 12, 13, 14, 16, 19, 22, 23], ""subset_size"": 10, ""micro_f1"": 0.9445, ""macro_f1"": 0.05566600644425558, ""validation_loss"": 0.29741435546875, ""train_loss"": 0.699357778734631, ""seconds"": 0.8189094130002559, ""gpu_id"": 0, ""candidate_id"": 47, ""sample_weight"": 0.07030155005722065}, {""client_id"": 6, ""model_family"": ""transformer"", ""feature_ids"": [3, 9, 10, 12, 13, 14, 16, 19, 22, 23], ""subset_size"": 10, ""micro_f1"": 0.9905, ""macro_f1"": 0.05782040178435501, ""validation_loss"": 0.07227478485107422, ""train_loss"": 0.5257708977421125, ""seconds"": 0.7329437529997449, ""gpu_id"": 1, ""candidate_id"": 47, ""sample_weight"": 0.07459801933327874}, {""client_id"": 7, ""model_family"": ""transformer"", ""feature_ids"": [3, 9, 10, 12, 13, 14, 16, 19, 22, 23], ""subset_size"": 10, ""micro_f1"": 0.8635, ""macro_f1"": 0.027893558494274318, ""validation_loss"": 0.5574903564453125, ""train_loss"": 0.7715164213180542, ""seconds"": 0.7180540730000757, ""gpu_id"": 1, ""candidate_id"": 47, ""sample_weight"": 0.05067317481195735}, {""client_id"": 8, ""model_family"": ""cnn1d"", ""feature_ids"": [3, 9, 10, 12, 13, 14, 16, 19, 22, 23], ""subset_size"": 10, ""micro_f1"": 0.6242, ""macro_f1"": 0.09029955031042013, ""validation_loss"": 1.5288515991210938, ""train_loss"": 2.2079747703976103, ""seconds"": 0.33177682899986394, ""gpu_id"": 0, ""candidate_id"": 47, ""sample_weight"": 0.354287210681253}, {""client_id"": 9, ""model_family"": ""cnn1d"", ""feature_ids"": [3, 9, 10, 12, 13, 14, 16, 19, 22, 23], ""subset_size"": 10, ""micro_f1"": 0.89, ""macro_f1"": 0.07480029684595599, ""validation_loss"": 0.6395879699707031, ""train_loss"": 1.2593979406250848, ""seconds"": 0.3470458020001388, ""gpu_id"": 1, ""candidate_id"": 47, ""sample_weight"": 0.12090074249549396}, {""client_id"": 10, ""model_family"": ""cnn1d"", ""feature_ids"": [3, 9, 10, 12, 13, 14, 16, 19, 22, 23], ""subset_size"": 10, ""micro_f1"": 0.8181, ""macro_f1"": 0.105171167080989, ""validation_loss"": 0.9880877075195312, ""train_loss"": 1.761980529721578, ""seconds"": 0.3280909069999325, ""gpu_id"": 0, ""candidate_id"": 47, ""sample_weight"": 0.11011103958316146}]"
48,5,4800,"[3, 9, 10, 12, 13, 14, 16, 19, 22, 23]","[""UDP"", ""Rate"", ""IAT"", ""rst_flag_number"", ""Tot sum"", ""HTTPS"", ""fin_flag_number"", ""Header_Length"", ""Time_To_Live"", ""ARP""]",10,0.7117563134638726,0.06637847988580357,0.7116736173629761,0.6,0.5400082696100896,240,13660,"[{""client_id"": 1, ""model_family"": ""gru"", ""feature_ids"": [3, 9, 10, 12, 13, 14, 16, 19, 22, 23], ""subset_size"": 10, ""micro_f1"": 0.8775380710659898, ""macro_f1"": 0.02749339005625907, ""validation_loss"": 3.057773338356599, ""train_loss"": 3.3151851349877424, ""seconds"": 0.12328160900005969, ""gpu_id"": 0, ""candidate_id"": 48, ""sample_weight"": 0.0008752009911046531}, {""client_id"": 2, ""model_family"": ""gru"", ""feature_ids"": [3, 9, 10, 12, 13, 14, 16, 19, 22, 23], ""subset_size"": 10, ""micro_f1"": 0.2342, ""macro_f1"": 0.011507745253403857, ""validation_loss"": 2.942037109375, ""train_loss"": 3.257682421154446, ""seconds"": 0.39798811899981956, ""gpu_id"": 1, ""candidate_id"": 48, ""sample_weight"": 0.061408177662345804}, {""client_id"": 3, ""model_family"": ""gru"", ""feature_ids"": [3, 9, 10, 12, 13, 14, 16, 19, 22, 23], ""subset_size"": 10, ""micro_f1"": 0.4764, ""macro_f1"": 0.019337726790901642, ""validation_loss"": 1.850503076171875, ""train_loss"": 2.79588438527849, ""seconds"": 0.33798239199995805, ""gpu_id"": 1, ""candidate_id"": 48, ""sample_weight"": 0.10352608384640223}, {""client_id"": 4, ""model_family"": ""gru"", ""feature_ids"": [3, 9, 10, 12, 13, 14, 16, 19, 22, 23], ""subset_size"": 10, ""micro_f1"": 0.8305, ""macro_f1"": 0.026688304384851452, ""validation_loss"": 0.9226740112304688, ""train_loss"": 2.195375261476305, ""seconds"": 0.3971100479998313, ""gpu_id"": 1, ""candidate_id"": 48, ""sample_weight"": 0.05331880053778213}, {""client_id"": 5, ""model_family"": ""transformer"", ""feature_ids"": [3, 9, 10, 12, 13, 14, 16, 19, 22, 23], ""subset_size"": 10, ""micro_f1"": 0.9447, ""macro_f1"": 0.05568285465632203, ""validation_loss"": 0.2972993438720703, ""train_loss"": 0.6982501745118035, ""seconds"": 0.8012894130001769, ""gpu_id"": 0, ""candidate_id"": 48, ""sample_weight"": 0.07030155005722065}, {""client_id"": 6, ""model_family"": ""transformer"", ""feature_ids"": [3, 9, 10, 12, 13, 14, 16, 19, 22, 23], ""subset_size"": 10, ""micro_f1"": 0.9918, ""macro_f1"": 0.05797511271391187, ""validation_loss"": 0.07212872467041016, ""train_loss"": 0.5261961993495623, ""seconds"": 0.7980626980001944, ""gpu_id"": 1, ""candidate_id"": 48, ""sample_weight"": 0.07459801933327874}, {""client_id"": 7, ""model_family"": ""transformer"", ""feature_ids"": [3, 9, 10, 12, 13, 14, 16, 19, 22, 23], ""subset_size"": 10, ""micro_f1"": 0.8634, ""macro_f1"": 0.027890480342284824, ""validation_loss"": 0.5575597534179687, ""train_loss"": 0.7698855028152466, ""seconds"": 0.7218167270002596, ""gpu_id"": 1, ""candidate_id"": 48, ""sample_weight"": 0.05067317481195735}, {""client_id"": 8, ""model_family"": ""cnn1d"", ""feature_ids"": [3, 9, 10, 12, 13, 14, 16, 19, 22, 23], ""subset_size"": 10, ""micro_f1"": 0.6243, ""macro_f1"": 0.09022435273741597, ""validation_loss"": 1.5264002807617187, ""train_loss"": 2.2080985687891643, ""seconds"": 0.3721748680000019, ""gpu_id"": 0, ""candidate_id"": 48, ""sample_weight"": 0.354287210681253}, {""client_id"": 9, ""model_family"": ""cnn1d"", ""feature_ids"": [3, 9, 10, 12, 13, 14, 16, 19, 22, 23], ""subset_size"": 10, ""micro_f1"": 0.89, ""macro_f1"": 0.07479050138212272, ""validation_loss"": 0.6410756225585937, ""train_loss"": 1.259552974213494, ""seconds"": 0.3127535899998293, ""gpu_id"": 1, ""candidate_id"": 48, ""sample_weight"": 0.12090074249549396}, {""client_id"": 10, ""model_family"": ""cnn1d"", ""feature_ids"": [3, 9, 10, 12, 13, 14, 16, 19, 22, 23], ""subset_size"": 10, ""micro_f1"": 0.818, ""macro_f1"": 0.10500782069098824, ""validation_loss"": 0.990554296875, ""train_loss"": 1.7622531128671435, ""seconds"": 0.36457265300032304, ""gpu_id"": 0, ""candidate_id"": 48, ""sample_weight"": 0.11011103958316146}]"
49,5,4900,"[3, 9, 10, 12, 13, 14, 16, 19, 22, 23]","[""UDP"", ""Rate"", ""IAT"", ""rst_flag_number"", ""Tot sum"", ""HTTPS"", ""fin_flag_number"", ""Header_Length"", ""Time_To_Live"", ""ARP""]",10,0.7119379566228816,0.06643952848939032,0.7116996645927429,0.6,0.540023829203014,240,13900,"[{""client_id"": 1, ""model_family"": ""gru"", ""feature_ids"": [3, 9, 10, 12, 13, 14, 16, 19, 22, 23], ""subset_size"": 10, ""micro_f1"": 0.8775380710659898, ""macro_f1"": 0.02749339005625907, ""validation_loss"": 3.057959851879759, ""train_loss"": 3.3153582884642745, ""seconds"": 0.13229254500038223, ""gpu_id"": 0, ""candidate_id"": 49, ""sample_weight"": 0.0008752009911046531}, {""client_id"": 2, ""model_family"": ""gru"", ""feature_ids"": [3, 9, 10, 12, 13, 14, 16, 19, 22, 23], ""subset_size"": 10, ""micro_f1"": 0.2342, ""macro_f1"": 0.011504228034687276, ""validation_loss"": 2.942436328125, ""train_loss"": 3.257907942920261, ""seconds"": 0.4109795180002038, ""gpu_id"": 1, ""candidate_id"": 49, ""sample_weight"": 0.061408177662345804}, {""client_id"": 3, ""model_family"": ""gru"", ""feature_ids"": [3, 9, 10, 12, 13, 14, 16, 19, 22, 23], ""subset_size"": 10, ""micro_f1"": 0.4764, ""macro_f1"": 0.019337726790901642, ""validation_loss"": 1.84996376953125, ""train_loss"": 2.795925201013353, ""seconds"": 0.3476341959999445, ""gpu_id"": 1, ""candidate_id"": 49, ""sample_weight"": 0.10352608384640223}, {""client_id"": 4, ""model_family"": ""gru"", ""feature_ids"": [3, 9, 10, 12, 13, 14, 16, 19, 22, 23], ""subset_size"": 10, ""micro_f1"": 0.8305, ""macro_f1"": 0.026688304384851452, ""validation_loss"": 0.9233563720703125, ""train_loss"": 2.196171371830834, ""seconds"": 0.3565466469999592, ""gpu_id"": 1, ""candidate_id"": 49, ""sample_weight"": 0.05331880053778213}, {""client_id"": 5, ""model_family"": ""transformer"", ""feature_ids"": [3, 9, 10, 12, 13, 14, 16, 19, 22, 23], ""subset_size"": 10, ""micro_f1"": 0.9455, ""macro_f1"": 0.05575015048695363, ""validation_loss"": 0.29719474487304687, ""train_loss"": 0.6980933237393697, ""seconds"": 0.8276839410000321, ""gpu_id"": 0, ""candidate_id"": 49, ""sample_weight"": 0.07030155005722065}, {""client_id"": 6, ""model_family"": ""transformer"", ""feature_ids"": [3, 9, 10, 12, 13, 14, 16, 19, 22, 23], ""subset_size"": 10, ""micro_f1"": 0.9917, ""macro_f1"": 0.05796325176465748, ""validation_loss"": 0.07194781036376953, ""train_loss"": 0.5259201944642596, ""seconds"": 0.7424924910001209, ""gpu_id"": 1, ""candidate_id"": 49, ""sample_weight"": 0.07459801933327874}, {""client_id"": 7, ""model_family"": ""transformer"", ""feature_ids"": [3, 9, 10, 12, 13, 14, 16, 19, 22, 23], ""subset_size"": 10, ""micro_f1"": 0.8634, ""macro_f1"": 0.027890480342284824, ""validation_loss"": 0.5573532470703125, ""train_loss"": 0.770932156001197, ""seconds"": 0.7120333650000248, ""gpu_id"": 1, ""candidate_id"": 49, ""sample_weight"": 0.05067317481195735}, {""client_id"": 8, ""model_family"": ""cnn1d"", ""feature_ids"": [3, 9, 10, 12, 13, 14, 16, 19, 22, 23], ""subset_size"": 10, ""micro_f1"": 0.6247, ""macro_f1"": 0.0904078199438955, ""validation_loss"": 1.52867734375, ""train_loss"": 2.2081463133917913, ""seconds"": 0.32392618199992285, ""gpu_id"": 0, ""candidate_id"": 49, ""sample_weight"": 0.354287210681253}, {""client_id"": 9, ""model_family"": ""cnn1d"", ""feature_ids"": [3, 9, 10, 12, 13, 14, 16, 19, 22, 23], ""subset_size"": 10, ""micro_f1"": 0.8902, ""macro_f1"": 0.07483907465991102, ""validation_loss"": 0.6405407958984375, ""train_loss"": 1.258853807152642, ""seconds"": 0.3153075010000066, ""gpu_id"": 1, ""candidate_id"": 49, ""sample_weight"": 0.12090074249549396}, {""client_id"": 10, ""model_family"": ""cnn1d"", ""feature_ids"": [3, 9, 10, 12, 13, 14, 16, 19, 22, 23], ""subset_size"": 10, ""micro_f1"": 0.8177, ""macro_f1"": 0.10488563277466742, ""validation_loss"": 0.9901859130859375, ""train_loss"": 1.7624100840674506, ""seconds"": 0.33469855300018025, ""gpu_id"": 0, ""candidate_id"": 49, ""sample_weight"": 0.11011103958316146}]"
50,5,5000,"[3, 9, 10, 12, 13, 14, 16, 19, 22, 23]","[""UDP"", ""Rate"", ""IAT"", ""rst_flag_number"", ""Tot sum"", ""HTTPS"", ""fin_flag_number"", ""Header_Length"", ""Time_To_Live"", ""ARP""]",10,0.7119719828720007,0.06644715069578905,0.7119174599647522,0.6,0.5400054522907249,240,14140,"[{""client_id"": 1, ""model_family"": ""gru"", ""feature_ids"": [3, 9, 10, 12, 13, 14, 16, 19, 22, 23], ""subset_size"": 10, ""micro_f1"": 0.8775380710659898, ""macro_f1"": 0.02749339005625907, ""validation_loss"": 3.0577975045605963, ""train_loss"": 3.315024229879105, ""seconds"": 0.1110636200000954, ""gpu_id"": 0, ""candidate_id"": 50, ""sample_weight"": 0.0008752009911046531}, {""client_id"": 2, ""model_family"": ""gru"", ""feature_ids"": [3, 9, 10, 12, 13, 14, 16, 19, 22, 23], ""subset_size"": 10, ""micro_f1"": 0.2342, ""macro_f1"": 0.011507745253403857, ""validation_loss"": 2.9419736328125, ""train_loss"": 3.257672699864705, ""seconds"": 0.3453357970001889, ""gpu_id"": 1, ""candidate_id"": 50, ""sample_weight"": 0.061408177662345804}, {""client_id"": 3, ""model_family"": ""gru"", ""feature_ids"": [3, 9, 10, 12, 13, 14, 16, 19, 22, 23], ""subset_size"": 10, ""micro_f1"": 0.4764, ""macro_f1"": 0.01933523808836721, ""validation_loss"": 1.8492044921875, ""train_loss"": 2.7956257536994085, ""seconds"": 0.36980593299995235, ""gpu_id"": 1, ""candidate_id"": 50, ""sample_weight"": 0.10352608384640223}, {""client_id"": 4, ""model_family"": ""gru"", ""feature_ids"": [3, 9, 10, 12, 13, 14, 16, 19, 22, 23], ""subset_size"": 10, ""micro_f1"": 0.8305, ""macro_f1"": 0.026688304384851452, ""validation_loss"": 0.9230828125, ""train_loss"": 2.195177468395233, ""seconds"": 0.41930728599982103, ""gpu_id"": 1, ""candidate_id"": 50, ""sample_weight"": 0.05331880053778213}, {""client_id"": 5, ""model_family"": ""transformer"", ""feature_ids"": [3, 9, 10, 12, 13, 14, 16, 19, 22, 23], ""subset_size"": 10, ""micro_f1"": 0.9445, ""macro_f1"": 0.05566600644425558, ""validation_loss"": 0.29757681579589845, ""train_loss"": 0.6980949348290761, ""seconds"": 0.8389902540002367, ""gpu_id"": 0, ""candidate_id"": 50, ""sample_weight"": 0.07030155005722065}, {""client_id"": 6, ""model_family"": ""transformer"", ""feature_ids"": [3, 9, 10, 12, 13, 14, 16, 19, 22, 23], ""subset_size"": 10, ""micro_f1"": 0.9918, ""macro_f1"": 0.05797511271391187, ""validation_loss"": 0.07197045745849609, ""train_loss"": 0.5261041708734301, ""seconds"": 0.8054570910003349, ""gpu_id"": 1, ""candidate_id"": 50, ""sample_weight"": 0.07459801933327874}, {""client_id"": 7, ""model_family"": ""transformer"", ""feature_ids"": [3, 9, 10, 12, 13, 14, 16, 19, 22, 23], ""subset_size"": 10, ""micro_f1"": 0.8635, ""macro_f1"": 0.027893558494274318, ""validation_loss"": 0.5575001342773438, ""train_loss"": 0.7706036503685846, ""seconds"": 0.7882219930002066, ""gpu_id"": 1, ""candidate_id"": 50, ""sample_weight"": 0.05067317481195735}, {""client_id"": 8, ""model_family"": ""cnn1d"", ""feature_ids"": [3, 9, 10, 12, 13, 14, 16, 19, 22, 23], ""subset_size"": 10, ""micro_f1"": 0.6249, ""macro_f1"": 0.09038968283714233, ""validation_loss"": 1.5254602294921875, ""train_loss"": 2.207710481919183, ""seconds"": 0.3978237070000432, ""gpu_id"": 0, ""candidate_id"": 50, ""sample_weight"": 0.354287210681253}, {""client_id"": 9, ""model_family"": ""cnn1d"", ""feature_ids"": [3, 9, 10, 12, 13, 14, 16, 19, 22, 23], ""subset_size"": 10, ""micro_f1"": 0.8901, ""macro_f1"": 0.07481366875413073, ""validation_loss"": 0.6384432922363281, ""train_loss"": 1.2584756505542332, ""seconds"": 0.3485841380002057, ""gpu_id"": 1, ""candidate_id"": 50, ""sample_weight"": 0.12090074249549396}, {""client_id"": 10, ""model_family"": ""cnn1d"", ""feature_ids"": [3, 9, 10, 12, 13, 14, 16, 19, 22, 23], ""subset_size"": 10, ""micro_f1"": 0.818, ""macro_f1"": 0.10508575691776606, ""validation_loss"": 0.9901338745117187, ""train_loss"": 1.762417796389262, ""seconds"": 0.3606857189997754, ""gpu_id"": 0, ""candidate_id"": 50, ""sample_weight"": 0.11011103958316146}]"
51,6,5100,"[3, 9, 10, 12, 13, 14, 16, 19, 22, 23]","[""UDP"", ""Rate"", ""IAT"", ""rst_flag_number"", ""Tot sum"", ""HTTPS"", ""fin_flag_number"", ""Header_Length"", ""Time_To_Live"", ""ARP""]",10,0.711856658385865,0.066387531234079,0.7120420336723328,0.6,0.5399814624713533,240,14380,"[{""client_id"": 1, ""model_family"": ""gru"", ""feature_ids"": [3, 9, 10, 12, 13, 14, 16, 19, 22, 23], ""subset_size"": 10, ""micro_f1"": 0.8775380710659898, ""macro_f1"": 0.02749339005625907, ""validation_loss"": 3.0577473132138326, ""train_loss"": 3.315154838212385, ""seconds"": 0.18996076399980666, ""gpu_id"": 0, ""candidate_id"": 51, ""sample_weight"": 0.0008752009911046531}, {""client_id"": 2, ""model_family"": ""gru"", ""feature_ids"": [3, 9, 10, 12, 13, 14, 16, 19, 22, 23], ""subset_size"": 10, ""micro_f1"": 0.2341, ""macro_f1"": 0.011456585522590714, ""validation_loss"": 2.9423150390625, ""train_loss"": 3.257709244749281, ""seconds"": 0.5309585330001028, ""gpu_id"": 1, ""candidate_id"": 51, ""sample_weight"": 0.061408177662345804}, {""client_id"": 3, ""model_family"": ""gru"", ""feature_ids"": [3, 9, 10, 12, 13, 14, 16, 19, 22, 23], ""subset_size"": 10, ""micro_f1"": 0.4764, ""macro_f1"": 0.01933399403858046, ""validation_loss"": 1.84944189453125, ""train_loss"": 2.7954656415515475, ""seconds"": 0.4205792449997716, ""gpu_id"": 1, ""candidate_id"": 51, ""sample_weight"": 0.10352608384640223}, {""client_id"": 4, ""model_family"": ""gru"", ""feature_ids"": [3, 9, 10, 12, 13, 14, 16, 19, 22, 23], ""subset_size"": 10, ""micro_f1"": 0.8305, ""macro_f1"": 0.026688304384851452, ""validation_loss"": 0.9233684326171875, ""train_loss"": 2.196153386455112, ""seconds"": 0.3662896859996181, ""gpu_id"": 1, ""candidate_id"": 51, ""sample_weight"": 0.05331880053778213}, {""client_id"": 5, ""model_family"": ""transformer"", ""feature_ids"": [3, 9, 10, 12, 13, 14, 16, 19, 22, 23], ""subset_size"": 10, ""micro_f1"": 0.9447, ""macro_f1"": 0.05568285465632203, ""validation_loss"": 0.29699518585205076, ""train_loss"": 0.6984561647627089, ""seconds"": 0.9556911959998615, ""gpu_id"": 0, ""candidate_id"": 51, ""sample_weight"": 0.07030155005722065}, {""client_id"": 6, ""model_family"": ""transformer"", ""feature_ids"": [3, 9, 10, 12, 13, 14, 16, 19, 22, 23], ""subset_size"": 10, ""micro_f1"": 0.9919, ""macro_f1"": 0.05798696704700286, ""validation_loss"": 0.07197715301513671, ""train_loss"": 0.5253996444847848, ""seconds"": 0.7927814350000517, ""gpu_id"": 1, ""candidate_id"": 51, ""sample_weight"": 0.07459801933327874}, {""client_id"": 7, ""model_family"": ""transformer"", ""feature_ids"": [3, 9, 10, 12, 13, 14, 16, 19, 22, 23], ""subset_size"": 10, ""micro_f1"": 0.8635, ""macro_f1"": 0.027893558494274318, ""validation_loss"": 0.557577880859375, ""train_loss"": 0.7727124670134651, ""seconds"": 0.7305566160002854, ""gpu_id"": 1, ""candidate_id"": 51, ""sample_weight"": 0.05067317481195735}, {""client_id"": 8, ""model_family"": ""cnn1d"", ""feature_ids"": [3, 9, 10, 12, 13, 14, 16, 19, 22, 23], ""subset_size"": 10, ""micro_f1"": 0.6245, ""macro_f1"": 0.09023748446037602, ""validation_loss"": 1.5270431396484374, ""train_loss"": 2.207290562099881, ""seconds"": 0.32414711899991744, ""gpu_id"": 0, ""candidate_id"": 51, ""sample_weight"": 0.354287210681253}, {""client_id"": 9, ""model_family"": ""cnn1d"", ""feature_ids"": [3, 9, 10, 12, 13, 14, 16, 19, 22, 23], ""subset_size"": 10, ""micro_f1"": 0.8901, ""macro_f1"": 0.07482455032887199, ""validation_loss"": 0.6406742126464844, ""train_loss"": 1.2586498955938552, ""seconds"": 0.3122172120001778, ""gpu_id"": 1, ""candidate_id"": 51, ""sample_weight"": 0.12090074249549396}, {""client_id"": 10, ""model_family"": ""cnn1d"", ""feature_ids"": [3, 9, 10, 12, 13, 14, 16, 19, 22, 23], ""subset_size"": 10, ""micro_f1"": 0.8181, ""macro_f1"": 0.10503297872609127, ""validation_loss"": 0.9908648559570312, ""train_loss"": 1.7637797110239666, ""seconds"": 0.35860890399999334, ""gpu_id"": 0, ""candidate_id"": 51, ""sample_weight"": 0.11011103958316146}]"
52,6,5200,"[3, 9, 10, 12, 13, 14, 16, 19, 22, 23]","[""UDP"", ""Rate"", ""IAT"", ""rst_flag_number"", ""Tot sum"", ""HTTPS"", ""fin_flag_number"", ""Header_Length"", ""Time_To_Live"", ""ARP""]",10,0.7119292519703283,0.06639006321496256,0.7119241952896118,0.6,0.5400005056680717,240,14620,"[{""client_id"": 1, ""model_family"": ""gru"", ""feature_ids"": [3, 9, 10, 12, 13, 14, 16, 19, 22, 23], ""subset_size"": 10, ""micro_f1"": 0.8775380710659898, ""macro_f1"": 0.02749339005625907, ""validation_loss"": 3.0578712424651013, ""train_loss"": 3.31509900267892, ""seconds"": 0.13571207699988008, ""gpu_id"": 0, ""candidate_id"": 52, ""sample_weight"": 0.0008752009911046531}, {""client_id"": 2, ""model_family"": ""gru"", ""feature_ids"": [3, 9, 10, 12, 13, 14, 16, 19, 22, 23], ""subset_size"": 10, ""micro_f1"": 0.2342, ""macro_f1"": 0.011504228034687276, ""validation_loss"": 2.9420333984375, ""train_loss"": 3.2577217459360757, ""seconds"": 0.41627885699972467, ""gpu_id"": 1, ""candidate_id"": 52, ""sample_weight"": 0.061408177662345804}, {""client_id"": 3, ""model_family"": ""gru"", ""feature_ids"": [3, 9, 10, 12, 13, 14, 16, 19, 22, 23], ""subset_size"": 10, ""micro_f1"": 0.4764, ""macro_f1"": 0.01933523808836721, ""validation_loss"": 1.84995673828125, ""train_loss"": 2.7956868325127497, ""seconds"": 0.3726435839998885, ""gpu_id"": 1, ""candidate_id"": 52, ""sample_weight"": 0.10352608384640223}, {""client_id"": 4, ""model_family"": ""gru"", ""feature_ids"": [3, 9, 10, 12, 13, 14, 16, 19, 22, 23], ""subset_size"": 10, ""micro_f1"": 0.8305, ""macro_f1"": 0.026688304384851452, ""validation_loss"": 0.923535888671875, ""train_loss"": 2.196188370757633, ""seconds"": 0.3747836610000377, ""gpu_id"": 1, ""candidate_id"": 52, ""sample_weight"": 0.05331880053778213}, {""client_id"": 5, ""model_family"": ""transformer"", ""feature_ids"": [3, 9, 10, 12, 13, 14, 16, 19, 22, 23], ""subset_size"": 10, ""micro_f1"": 0.9445, ""macro_f1"": 0.05566600644425558, ""validation_loss"": 0.29713434295654295, ""train_loss"": 0.6980531102816264, ""seconds"": 0.8791385429999536, ""gpu_id"": 0, ""candidate_id"": 52, ""sample_weight"": 0.07030155005722065}, {""client_id"": 6, ""model_family"": ""transformer"", ""feature_ids"": [3, 9, 10, 12, 13, 14, 16, 19, 22, 23], ""subset_size"": 10, ""micro_f1"": 0.9919, ""macro_f1"": 0.05798696704700286, ""validation_loss"": 0.071665087890625, ""train_loss"": 0.5257402095860905, ""seconds"": 0.799623777999841, ""gpu_id"": 1, ""candidate_id"": 52, ""sample_weight"": 0.07459801933327874}, {""client_id"": 7, ""model_family"": ""transformer"", ""feature_ids"": [3, 9, 10, 12, 13, 14, 16, 19, 22, 23], ""subset_size"": 10, ""micro_f1"": 0.8634, ""macro_f1"": 0.027890480342284824, ""validation_loss"": 0.5573436340332031, ""train_loss"": 0.7706514915360345, ""seconds"": 0.7211476980000953, ""gpu_id"": 1, ""candidate_id"": 52, ""sample_weight"": 0.05067317481195735}, {""client_id"": 8, ""model_family"": ""cnn1d"", ""feature_ids"": [3, 9, 10, 12, 13, 14, 16, 19, 22, 23], ""subset_size"": 10, ""micro_f1"": 0.6249, ""macro_f1"": 0.0902920694126118, ""validation_loss"": 1.5277306274414062, ""train_loss"": 2.2077156937705147, ""seconds"": 0.3188173730000017, ""gpu_id"": 0, ""candidate_id"": 52, ""sample_weight"": 0.354287210681253}, {""client_id"": 9, ""model_family"": ""cnn1d"", ""feature_ids"": [3, 9, 10, 12, 13, 14, 16, 19, 22, 23], ""subset_size"": 10, ""micro_f1"": 0.89, ""macro_f1"": 0.07479050138212272, ""validation_loss"": 0.640483740234375, ""train_loss"": 1.258305525112152, ""seconds"": 0.3160095719999845, ""gpu_id"": 1, ""candidate_id"": 52, ""sample_weight"": 0.12090074249549396}, {""client_id"": 10, ""model_family"": ""cnn1d"", ""feature_ids"": [3, 9, 10, 12, 13, 14, 16, 19, 22, 23], ""subset_size"": 10, ""micro_f1"": 0.8177, ""macro_f1"": 0.10490216329657215, ""validation_loss"": 0.9897514892578125, ""train_loss"": 1.7621279932128058, ""seconds"": 0.3854318769999736, ""gpu_id"": 0, ""candidate_id"": 52, ""sample_weight"": 0.11011103958316146}]"
53,6,5300,"[3, 9, 10, 12, 13, 14, 16, 19, 22, 23]","[""UDP"", ""Rate"", ""IAT"", ""rst_flag_number"", ""Tot sum"", ""HTTPS"", ""fin_flag_number"", ""Header_Length"", ""Time_To_Live"", ""ARP""]",10,0.7117218468869679,0.06637911244814618,0.7118684649467468,0.6,0.5399853381940222,240,14860,"[{""client_id"": 1, ""model_family"": ""gru"", ""feature_ids"": [3, 9, 10, 12, 13, 14, 16, 19, 22, 23], ""subset_size"": 10, ""micro_f1"": 0.8775380710659898, ""macro_f1"": 0.02749339005625907, ""validation_loss"": 3.057866285295051, ""train_loss"": 3.3152389054371016, ""seconds"": 0.11896051700023236, ""gpu_id"": 0, ""candidate_id"": 53, ""sample_weight"": 0.0008752009911046531}, {""client_id"": 2, ""model_family"": ""gru"", ""feature_ids"": [3, 9, 10, 12, 13, 14, 16, 19, 22, 23], ""subset_size"": 10, ""micro_f1"": 0.2342, ""macro_f1"": 0.011507745253403857, ""validation_loss"": 2.9421388671875, ""train_loss"": 3.257777670288086, ""seconds"": 0.35760064399983094, ""gpu_id"": 1, ""candidate_id"": 53, ""sample_weight"": 0.061408177662345804}, {""client_id"": 3, ""model_family"": ""gru"", ""feature_ids"": [3, 9, 10, 12, 13, 14, 16, 19, 22, 23], ""subset_size"": 10, ""micro_f1"": 0.4764, ""macro_f1"": 0.019337726790901642, ""validation_loss"": 1.849624853515625, ""train_loss"": 2.7958342716852824, ""seconds"": 0.33372544700023354, ""gpu_id"": 1, ""candidate_id"": 53, ""sample_weight"": 0.10352608384640223}, {""client_id"": 4, ""model_family"": ""gru"", ""feature_ids"": [3, 9, 10, 12, 13, 14, 16, 19, 22, 23], ""subset_size"": 10, ""micro_f1"": 0.8305, ""macro_f1"": 0.026688304384851452, ""validation_loss"": 0.9229386596679687, ""train_loss"": 2.1956843557781642, ""seconds"": 0.39891257799990854, ""gpu_id"": 1, ""candidate_id"": 53, ""sample_weight"": 0.05331880053778213}, {""client_id"": 5, ""model_family"": ""transformer"", ""feature_ids"": [3, 9, 10, 12, 13, 14, 16, 19, 22, 23], ""subset_size"": 10, ""micro_f1"": 0.9446, ""macro_f1"": 0.055674431765575724, ""validation_loss"": 0.2969439361572266, ""train_loss"": 0.6982902444786495, ""seconds"": 0.7963161960001344, ""gpu_id"": 0, ""candidate_id"": 53, ""sample_weight"": 0.07030155005722065}, {""client_id"": 6, ""model_family"": ""transformer"", ""feature_ids"": [3, 9, 10, 12, 13, 14, 16, 19, 22, 23], ""subset_size"": 10, ""micro_f1"": 0.9905, ""macro_f1"": 0.05782040178435501, ""validation_loss"": 0.07199515228271484, ""train_loss"": 0.525819876812564, ""seconds"": 0.8126298980000684, ""gpu_id"": 1, ""candidate_id"": 53, ""sample_weight"": 0.07459801933327874}, {""client_id"": 7, ""model_family"": ""transformer"", ""feature_ids"": [3, 9, 10, 12, 13, 14, 16, 19, 22, 23], ""subset_size"": 10, ""micro_f1"": 0.8634, ""macro_f1"": 0.027890480342284824, ""validation_loss"": 0.5573360107421875, ""train_loss"": 0.7711998414675395, ""seconds"": 0.725536314999772, ""gpu_id"": 1, ""candidate_id"": 53, ""sample_weight"": 0.05067317481195735}, {""client_id"": 8, ""model_family"": ""cnn1d"", ""feature_ids"": [3, 9, 10, 12, 13, 14, 16, 19, 22, 23], ""subset_size"": 10, ""micro_f1"": 0.6244, ""macro_f1"": 0.09019201440985955, ""validation_loss"": 1.527797119140625, ""train_loss"": 2.2079934884813097, ""seconds"": 0.3784190110000054, ""gpu_id"": 0, ""candidate_id"": 53, ""sample_weight"": 0.354287210681253}, {""client_id"": 9, ""model_family"": ""cnn1d"", ""feature_ids"": [3, 9, 10, 12, 13, 14, 16, 19, 22, 23], ""subset_size"": 10, ""micro_f1"": 0.8901, ""macro_f1"": 0.07483544738424895, ""validation_loss"": 0.6385141723632812, ""train_loss"": 1.2597684542655945, ""seconds"": 0.3143529639996814, ""gpu_id"": 1, ""candidate_id"": 53, ""sample_weight"": 0.12090074249549396}, {""client_id"": 10, ""model_family"": ""cnn1d"", ""feature_ids"": [3, 9, 10, 12, 13, 14, 16, 19, 22, 23], ""subset_size"": 10, ""micro_f1"": 0.8182, ""macro_f1"": 0.10517845648229594, ""validation_loss"": 0.9929503051757812, ""train_loss"": 1.7636661204655966, ""seconds"": 0.37546879799992894, ""gpu_id"": 0, ""candidate_id"": 53, ""sample_weight"": 0.11011103958316146}]"
54,6,5400,"[3, 9, 10, 12, 13, 14, 16, 19, 22, 23]","[""UDP"", ""Rate"", ""IAT"", ""rst_flag_number"", ""Tot sum"", ""HTTPS"", ""fin_flag_number"", ""Header_Length"", ""Time_To_Live"", ""ARP""]",10,0.7116335547240954,0.06639674592771982,0.7117589116096497,0.6,0.5399874643114446,240,15100,"[{""client_id"": 1, ""model_family"": ""gru"", ""feature_ids"": [3, 9, 10, 12, 13, 14, 16, 19, 22, 23], ""subset_size"": 10, ""micro_f1"": 0.8775380710659898, ""macro_f1"": 0.02749339005625907, ""validation_loss"": 3.058003227117703, ""train_loss"": 3.3152498517141327, ""seconds"": 0.1250375030003852, ""gpu_id"": 0, ""candidate_id"": 54, ""sample_weight"": 0.0008752009911046531}, {""client_id"": 2, ""model_family"": ""gru"", ""feature_ids"": [3, 9, 10, 12, 13, 14, 16, 19, 22, 23], ""subset_size"": 10, ""micro_f1"": 0.2342, ""macro_f1"": 0.011505107040367175, ""validation_loss"": 2.94212109375, ""train_loss"": 3.2576739152696397, ""seconds"": 0.42243223799960106, ""gpu_id"": 1, ""candidate_id"": 54, ""sample_weight"": 0.061408177662345804}, {""client_id"": 3, ""model_family"": ""gru"", ""feature_ids"": [3, 9, 10, 12, 13, 14, 16, 19, 22, 23], ""subset_size"": 10, ""micro_f1"": 0.4764, ""macro_f1"": 0.0193364823391353, ""validation_loss"": 1.84978076171875, ""train_loss"": 2.795711149681939, ""seconds"": 0.45029206500021246, ""gpu_id"": 1, ""candidate_id"": 54, ""sample_weight"": 0.10352608384640223}, {""client_id"": 4, ""model_family"": ""gru"", ""feature_ids"": [3, 9, 10, 12, 13, 14, 16, 19, 22, 23], ""subset_size"": 10, ""micro_f1"": 0.8305, ""macro_f1"": 0.026688304384851452, ""validation_loss"": 0.9228777954101562, ""train_loss"": 2.1950268530421786, ""seconds"": 0.35054363000017474, ""gpu_id"": 1, ""candidate_id"": 54, ""sample_weight"": 0.05331880053778213}, {""client_id"": 5, ""model_family"": ""transformer"", ""feature_ids"": [3, 9, 10, 12, 13, 14, 16, 19, 22, 23], ""subset_size"": 10, ""micro_f1"": 0.9447, ""macro_f1"": 0.05568285465632203, ""validation_loss"": 0.2974402145385742, ""train_loss"": 0.6990588400681813, ""seconds"": 0.9149211940002715, ""gpu_id"": 0, ""candidate_id"": 54, ""sample_weight"": 0.07030155005722065}, {""client_id"": 6, ""model_family"": ""transformer"", ""feature_ids"": [3, 9, 10, 12, 13, 14, 16, 19, 22, 23], ""subset_size"": 10, ""micro_f1"": 0.9909, ""macro_f1"": 0.05786812515628517, ""validation_loss"": 0.07194503784179687, ""train_loss"": 0.5263199962960349, ""seconds"": 0.7735857480001869, ""gpu_id"": 1, ""candidate_id"": 54, ""sample_weight"": 0.07459801933327874}, {""client_id"": 7, ""model_family"": ""transformer"", ""feature_ids"": [3, 9, 10, 12, 13, 14, 16, 19, 22, 23], ""subset_size"": 10, ""micro_f1"": 0.8635, ""macro_f1"": 0.027893558494274318, ""validation_loss"": 0.5574379516601562, ""train_loss"": 0.7709389871809218, ""seconds"": 0.7243840339997405, ""gpu_id"": 1, ""candidate_id"": 54, ""sample_weight"": 0.05067317481195735}, {""client_id"": 8, ""model_family"": ""cnn1d"", ""feature_ids"": [3, 9, 10, 12, 13, 14, 16, 19, 22, 23], ""subset_size"": 10, ""micro_f1"": 0.6242, ""macro_f1"": 0.09027449510796018, ""validation_loss"": 1.5279093872070313, ""train_loss"": 2.2073798317803277, ""seconds"": 0.36448786100027064, ""gpu_id"": 0, ""candidate_id"": 54, ""sample_weight"": 0.354287210681253}, {""client_id"": 9, ""model_family"": ""cnn1d"", ""feature_ids"": [3, 9, 10, 12, 13, 14, 16, 19, 22, 23], ""subset_size"": 10, ""micro_f1"": 0.8897, ""macro_f1"": 0.07473692317318695, ""validation_loss"": 0.6407087158203125, ""train_loss"": 1.2583556312243143, ""seconds"": 0.318384702000003, ""gpu_id"": 1, ""candidate_id"": 54, ""sample_weight"": 0.12090074249549396}, {""client_id"": 10, ""model_family"": ""cnn1d"", ""feature_ids"": [3, 9, 10, 12, 13, 14, 16, 19, 22, 23], ""subset_size"": 10, ""micro_f1"": 0.8181, ""macro_f1"": 0.10514490783365293, ""validation_loss"": 0.9928820434570312, ""train_loss"": 1.7640619632297092, ""seconds"": 0.32970559799969124, ""gpu_id"": 0, ""candidate_id"": 54, ""sample_weight"": 0.11011103958316146}]"
55,6,5500,"[3, 9, 10, 12, 13, 14, 16, 19, 22, 23]","[""UDP"", ""Rate"", ""IAT"", ""rst_flag_number"", ""Tot sum"", ""HTTPS"", ""fin_flag_number"", ""Header_Length"", ""Time_To_Live"", ""ARP""]",10,0.7115405055809798,0.06634980976790959,0.7116237878799438,0.6,0.5399916717701037,240,15340,"[{""client_id"": 1, ""model_family"": ""gru"", ""feature_ids"": [3, 9, 10, 12, 13, 14, 16, 19, 22, 23], ""subset_size"": 10, ""micro_f1"": 0.8775380710659898, ""macro_f1"": 0.02749339005625907, ""validation_loss"": 3.057915237349302, ""train_loss"": 3.315393332095719, ""seconds"": 0.12742285400008768, ""gpu_id"": 0, ""candidate_id"": 55, ""sample_weight"": 0.0008752009911046531}, {""client_id"": 2, ""model_family"": ""gru"", ""feature_ids"": [3, 9, 10, 12, 13, 14, 16, 19, 22, 23], ""subset_size"": 10, ""micro_f1"": 0.2342, ""macro_f1"": 0.011505107040367175, ""validation_loss"": 2.942566015625, ""train_loss"": 3.2579750648498536, ""seconds"": 0.3854251919997296, ""gpu_id"": 1, ""candidate_id"": 55, ""sample_weight"": 0.061408177662345804}, {""client_id"": 3, ""model_family"": ""gru"", ""feature_ids"": [3, 9, 10, 12, 13, 14, 16, 19, 22, 23], ""subset_size"": 10, ""micro_f1"": 0.4764, ""macro_f1"": 0.01933523808836721, ""validation_loss"": 1.84959365234375, ""train_loss"": 2.795485210270352, ""seconds"": 0.386287786000139, ""gpu_id"": 1, ""candidate_id"": 55, ""sample_weight"": 0.10352608384640223}, {""client_id"": 4, ""model_family"": ""gru"", ""feature_ids"": [3, 9, 10, 12, 13, 14, 16, 19, 22, 23], ""subset_size"": 10, ""micro_f1"": 0.8305, ""macro_f1"": 0.026688304384851452, ""validation_loss"": 0.9231303833007812, ""train_loss"": 2.196567169793447, ""seconds"": 0.3650568349999048, ""gpu_id"": 1, ""candidate_id"": 55, ""sample_weight"": 0.05331880053778213}, {""client_id"": 5, ""model_family"": ""transformer"", ""feature_ids"": [3, 9, 10, 12, 13, 14, 16, 19, 22, 23], ""subset_size"": 10, ""micro_f1"": 0.9445, ""macro_f1"": 0.05566600644425558, ""validation_loss"": 0.2973227310180664, ""train_loss"": 0.6994408617337545, ""seconds"": 0.833119237000119, ""gpu_id"": 0, ""candidate_id"": 55, ""sample_weight"": 0.07030155005722065}, {""client_id"": 6, ""model_family"": ""transformer"", ""feature_ids"": [3, 9, 10, 12, 13, 14, 16, 19, 22, 23], ""subset_size"": 10, ""micro_f1"": 0.9906, ""macro_f1"": 0.05783234267005952, ""validation_loss"": 0.07233187561035156, ""train_loss"": 0.5267330348001587, ""seconds"": 0.8593529619997753, ""gpu_id"": 1, ""candidate_id"": 55, ""sample_weight"": 0.07459801933327874}, {""client_id"": 7, ""model_family"": ""transformer"", ""feature_ids"": [3, 9, 10, 12, 13, 14, 16, 19, 22, 23], ""subset_size"": 10, ""micro_f1"": 0.8635, ""macro_f1"": 0.027893558494274318, ""validation_loss"": 0.5575133422851563, ""train_loss"": 0.7709880165947808, ""seconds"": 0.7345039450001423, ""gpu_id"": 1, ""candidate_id"": 55, ""sample_weight"": 0.05067317481195735}, {""client_id"": 8, ""model_family"": ""cnn1d"", ""feature_ids"": [3, 9, 10, 12, 13, 14, 16, 19, 22, 23], ""subset_size"": 10, ""micro_f1"": 0.624, ""macro_f1"": 0.09018660659267226, ""validation_loss"": 1.527330859375, ""train_loss"": 2.207563677787781, ""seconds"": 0.38548646199978975, ""gpu_id"": 0, ""candidate_id"": 55, ""sample_weight"": 0.354287210681253}, {""client_id"": 9, ""model_family"": ""cnn1d"", ""feature_ids"": [3, 9, 10, 12, 13, 14, 16, 19, 22, 23], ""subset_size"": 10, ""micro_f1"": 0.89, ""macro_f1"": 0.07478994520854484, ""validation_loss"": 0.6400786987304687, ""train_loss"": 1.2597174832661946, ""seconds"": 0.3230738150000434, ""gpu_id"": 1, ""candidate_id"": 55, ""sample_weight"": 0.12090074249549396}, {""client_id"": 10, ""model_family"": ""cnn1d"", ""feature_ids"": [3, 9, 10, 12, 13, 14, 16, 19, 22, 23], ""subset_size"": 10, ""micro_f1"": 0.8179, ""macro_f1"": 0.104979382052062, ""validation_loss"": 0.9916094970703125, ""train_loss"": 1.7636728193071154, ""seconds"": 0.4040212230001998, ""gpu_id"": 0, ""candidate_id"": 55, ""sample_weight"": 0.11011103958316146}]"
56,6,5600,"[3, 9, 10, 12, 13, 14, 16, 19, 22, 23]","[""UDP"", ""Rate"", ""IAT"", ""rst_flag_number"", ""Tot sum"", ""HTTPS"", ""fin_flag_number"", ""Header_Length"", ""Time_To_Live"", ""ARP""]",10,0.7120146718184479,0.06649692260100154,0.7115219831466675,0.6,0.5400492688671781,240,15580,"[{""client_id"": 1, ""model_family"": ""gru"", ""feature_ids"": [3, 9, 10, 12, 13, 14, 16, 19, 22, 23], ""subset_size"": 10, ""micro_f1"": 0.8775380710659898, ""macro_f1"": 0.02749339005625907, ""validation_loss"": 3.0578142350095177, ""train_loss"": 3.314962611921884, ""seconds"": 0.11713160700037406, ""gpu_id"": 0, ""candidate_id"": 56, ""sample_weight"": 0.0008752009911046531}, {""client_id"": 2, ""model_family"": ""gru"", ""feature_ids"": [3, 9, 10, 12, 13, 14, 16, 19, 22, 23], ""subset_size"": 10, ""micro_f1"": 0.2342, ""macro_f1"": 0.011504228034687276, ""validation_loss"": 2.9419650390625, ""train_loss"": 3.2575951611412894, ""seconds"": 0.3641537280000193, ""gpu_id"": 1, ""candidate_id"": 56, ""sample_weight"": 0.061408177662345804}, {""client_id"": 3, ""model_family"": ""gru"", ""feature_ids"": [3, 9, 10, 12, 13, 14, 16, 19, 22, 23], ""subset_size"": 10, ""micro_f1"": 0.4764, ""macro_f1"": 0.019337726790901642, ""validation_loss"": 1.8498474609375, ""train_loss"": 2.795759060160319, ""seconds"": 0.38048443900015627, ""gpu_id"": 1, ""candidate_id"": 56, ""sample_weight"": 0.10352608384640223}, {""client_id"": 4, ""model_family"": ""gru"", ""feature_ids"": [3, 9, 10, 12, 13, 14, 16, 19, 22, 23], ""subset_size"": 10, ""micro_f1"": 0.8305, ""macro_f1"": 0.026688304384851452, ""validation_loss"": 0.9229724243164062, ""train_loss"": 2.1962289078818427, ""seconds"": 0.4146112720000019, ""gpu_id"": 1, ""candidate_id"": 56, ""sample_weight"": 0.05331880053778213}, {""client_id"": 5, ""model_family"": ""transformer"", ""feature_ids"": [3, 9, 10, 12, 13, 14, 16, 19, 22, 23], ""subset_size"": 10, ""micro_f1"": 0.9445, ""macro_f1"": 0.05566600644425558, ""validation_loss"": 0.2967944244384766, ""train_loss"": 0.6994582406573825, ""seconds"": 0.8732576799998242, ""gpu_id"": 0, ""candidate_id"": 56, ""sample_weight"": 0.07030155005722065}, {""client_id"": 6, ""model_family"": ""transformer"", ""feature_ids"": [3, 9, 10, 12, 13, 14, 16, 19, 22, 23], ""subset_size"": 10, ""micro_f1"": 0.9918, ""macro_f1"": 0.05797511271391187, ""validation_loss"": 0.07199478759765625, ""train_loss"": 0.526195586280028, ""seconds"": 0.8518417329996737, ""gpu_id"": 1, ""candidate_id"": 56, ""sample_weight"": 0.07459801933327874}, {""client_id"": 7, ""model_family"": ""transformer"", ""feature_ids"": [3, 9, 10, 12, 13, 14, 16, 19, 22, 23], ""subset_size"": 10, ""micro_f1"": 0.8634, ""macro_f1"": 0.0277495142933059, ""validation_loss"": 0.5578864868164063, ""train_loss"": 0.771182197464837, ""seconds"": 0.7426706729997932, ""gpu_id"": 1, ""candidate_id"": 56, ""sample_weight"": 0.05067317481195735}, {""client_id"": 8, ""model_family"": ""cnn1d"", ""feature_ids"": [3, 9, 10, 12, 13, 14, 16, 19, 22, 23], ""subset_size"": 10, ""micro_f1"": 0.6251, ""macro_f1"": 0.09055660636956257, ""validation_loss"": 1.5276998657226561, ""train_loss"": 2.2074644609239367, ""seconds"": 0.364515972999925, ""gpu_id"": 0, ""candidate_id"": 56, ""sample_weight"": 0.354287210681253}, {""client_id"": 9, ""model_family"": ""cnn1d"", ""feature_ids"": [3, 9, 10, 12, 13, 14, 16, 19, 22, 23], ""subset_size"": 10, ""micro_f1"": 0.89, ""macro_f1"": 0.0748008697944238, ""validation_loss"": 0.6371078674316406, ""train_loss"": 1.2582853440814548, ""seconds"": 0.31936273000019355, ""gpu_id"": 1, ""candidate_id"": 56, ""sample_weight"": 0.12090074249549396}, {""client_id"": 10, ""model_family"": ""cnn1d"", ""feature_ids"": [3, 9, 10, 12, 13, 14, 16, 19, 22, 23], ""subset_size"": 10, ""micro_f1"": 0.8179, ""macro_f1"": 0.10508065255752003, ""validation_loss"": 0.9911357421875, ""train_loss"": 1.7641964828703138, ""seconds"": 0.41016664500011757, ""gpu_id"": 0, ""candidate_id"": 56, ""sample_weight"": 0.11011103958316146}]"
57,6,5700,"[3, 9, 10, 12, 13, 14, 16, 19, 22, 23]","[""UDP"", ""Rate"", ""IAT"", ""rst_flag_number"", ""Tot sum"", ""HTTPS"", ""fin_flag_number"", ""Header_Length"", ""Time_To_Live"", ""ARP""]",10,0.7118927950176728,0.06648024547703876,0.7118198275566101,0.6,0.5400072967461063,240,15820,"[{""client_id"": 1, ""model_family"": ""gru"", ""feature_ids"": [3, 9, 10, 12, 13, 14, 16, 19, 22, 23], ""subset_size"": 10, ""micro_f1"": 0.8775380710659898, ""macro_f1"": 0.02749339005625907, ""validation_loss"": 3.0578545120161804, ""train_loss"": 3.3150551483177964, ""seconds"": 0.13767686599976514, ""gpu_id"": 0, ""candidate_id"": 57, ""sample_weight"": 0.0008752009911046531}, {""client_id"": 2, ""model_family"": ""gru"", ""feature_ids"": [3, 9, 10, 12, 13, 14, 16, 19, 22, 23], ""subset_size"": 10, ""micro_f1"": 0.2341, ""macro_f1"": 0.011480231101770697, ""validation_loss"": 2.9420451171875, ""train_loss"": 3.257622461912367, ""seconds"": 0.39025781699956497, ""gpu_id"": 1, ""candidate_id"": 57, ""sample_weight"": 0.061408177662345804}, {""client_id"": 3, ""model_family"": ""gru"", ""feature_ids"": [3, 9, 10, 12, 13, 14, 16, 19, 22, 23], ""subset_size"": 10, ""micro_f1"": 0.4764, ""macro_f1"": 0.01933523808836721, ""validation_loss"": 1.850245458984375, ""train_loss"": 2.7958548878563776, ""seconds"": 0.38244355500000893, ""gpu_id"": 1, ""candidate_id"": 57, ""sample_weight"": 0.10352608384640223}, {""client_id"": 4, ""model_family"": ""gru"", ""feature_ids"": [3, 9, 10, 12, 13, 14, 16, 19, 22, 23], ""subset_size"": 10, ""micro_f1"": 0.8305, ""macro_f1"": 0.026688304384851452, ""validation_loss"": 0.922439599609375, ""train_loss"": 2.1958297022183735, ""seconds"": 0.4212005540002792, ""gpu_id"": 1, ""candidate_id"": 57, ""sample_weight"": 0.05331880053778213}, {""client_id"": 5, ""model_family"": ""transformer"", ""feature_ids"": [3, 9, 10, 12, 13, 14, 16, 19, 22, 23], ""subset_size"": 10, ""micro_f1"": 0.9445, ""macro_f1"": 0.05566600644425558, ""validation_loss"": 0.29740712432861327, ""train_loss"": 0.6995634595076243, ""seconds"": 0.8428450199999133, ""gpu_id"": 0, ""candidate_id"": 57, ""sample_weight"": 0.07030155005722065}, {""client_id"": 6, ""model_family"": ""transformer"", ""feature_ids"": [3, 9, 10, 12, 13, 14, 16, 19, 22, 23], ""subset_size"": 10, ""micro_f1"": 0.9909, ""macro_f1"": 0.05786812515628517, ""validation_loss"": 0.0721313491821289, ""train_loss"": 0.5267459456046423, ""seconds"": 0.7514387139999599, ""gpu_id"": 1, ""candidate_id"": 57, ""sample_weight"": 0.07459801933327874}, {""client_id"": 7, ""model_family"": ""transformer"", ""feature_ids"": [3, 9, 10, 12, 13, 14, 16, 19, 22, 23], ""subset_size"": 10, ""micro_f1"": 0.8634, ""macro_f1"": 0.027890574647668462, ""validation_loss"": 0.5572158081054688, ""train_loss"": 0.7703522345648871, ""seconds"": 0.7306172129997321, ""gpu_id"": 1, ""candidate_id"": 57, ""sample_weight"": 0.05067317481195735}, {""client_id"": 8, ""model_family"": ""cnn1d"", ""feature_ids"": [3, 9, 10, 12, 13, 14, 16, 19, 22, 23], ""subset_size"": 10, ""micro_f1"": 0.625, ""macro_f1"": 0.09053264325234911, ""validation_loss"": 1.5264929931640625, ""train_loss"": 2.2078238554000853, ""seconds"": 0.38904886199998145, ""gpu_id"": 0, ""candidate_id"": 57, ""sample_weight"": 0.354287210681253}, {""client_id"": 9, ""model_family"": ""cnn1d"", ""feature_ids"": [3, 9, 10, 12, 13, 14, 16, 19, 22, 23], ""subset_size"": 10, ""micro_f1"": 0.8898, ""macro_f1"": 0.07475148494890753, ""validation_loss"": 0.6398884460449219, ""train_loss"": 1.2579158018112182, ""seconds"": 0.312345859999823, ""gpu_id"": 1, ""candidate_id"": 57, ""sample_weight"": 0.12090074249549396}, {""client_id"": 10, ""model_family"": ""cnn1d"", ""feature_ids"": [3, 9, 10, 12, 13, 14, 16, 19, 22, 23], ""subset_size"": 10, ""micro_f1"": 0.818, ""macro_f1"": 0.10508381031472602, ""validation_loss"": 0.9916682739257813, ""train_loss"": 1.764528808731503, ""seconds"": 0.3329786350000177, ""gpu_id"": 0, ""candidate_id"": 57, ""sample_weight"": 0.11011103958316146}]"
58,6,5800,"[3, 9, 10, 12, 13, 14, 16, 19, 22, 23]","[""UDP"", ""Rate"", ""IAT"", ""rst_flag_number"", ""Tot sum"", ""HTTPS"", ""fin_flag_number"", ""Header_Length"", ""Time_To_Live"", ""ARP""]",10,0.7119950160746605,0.06643161768881703,0.7120070457458496,0.6,0.5399987970328811,240,16060,"[{""client_id"": 1, ""model_family"": ""gru"", ""feature_ids"": [3, 9, 10, 12, 13, 14, 16, 19, 22, 23], ""subset_size"": 10, ""micro_f1"": 0.8775380710659898, ""macro_f1"": 0.02749339005625907, ""validation_loss"": 3.0578830157439723, ""train_loss"": 3.314997999263361, ""seconds"": 0.13506734299971868, ""gpu_id"": 0, ""candidate_id"": 58, ""sample_weight"": 0.0008752009911046531}, {""client_id"": 2, ""model_family"": ""gru"", ""feature_ids"": [3, 9, 10, 12, 13, 14, 16, 19, 22, 23], ""subset_size"": 10, ""micro_f1"": 0.2342, ""macro_f1"": 0.011504228034687276, ""validation_loss"": 2.9422876953125, ""train_loss"": 3.257747244559394, ""seconds"": 0.3931188219999058, ""gpu_id"": 1, ""candidate_id"": 58, ""sample_weight"": 0.061408177662345804}, {""client_id"": 3, ""model_family"": ""gru"", ""feature_ids"": [3, 9, 10, 12, 13, 14, 16, 19, 22, 23], ""subset_size"": 10, ""micro_f1"": 0.4764, ""macro_f1"": 0.01933523808836721, ""validation_loss"": 1.849847802734375, ""train_loss"": 2.795776388528612, ""seconds"": 0.3782651659998919, ""gpu_id"": 1, ""candidate_id"": 58, ""sample_weight"": 0.10352608384640223}, {""client_id"": 4, ""model_family"": ""gru"", ""feature_ids"": [3, 9, 10, 12, 13, 14, 16, 19, 22, 23], ""subset_size"": 10, ""micro_f1"": 0.8305, ""macro_f1"": 0.026688304384851452, ""validation_loss"": 0.9227275756835938, ""train_loss"": 2.194835115845998, ""seconds"": 0.40564295200010747, ""gpu_id"": 1, ""candidate_id"": 58, ""sample_weight"": 0.05331880053778213}, {""client_id"": 5, ""model_family"": ""transformer"", ""feature_ids"": [3, 9, 10, 12, 13, 14, 16, 19, 22, 23], ""subset_size"": 10, ""micro_f1"": 0.9447, ""macro_f1"": 0.05568285465632203, ""validation_loss"": 0.29693797760009766, ""train_loss"": 0.6980247376388974, ""seconds"": 0.8548623030001181, ""gpu_id"": 0, ""candidate_id"": 58, ""sample_weight"": 0.07030155005722065}, {""client_id"": 6, ""model_family"": ""transformer"", ""feature_ids"": [3, 9, 10, 12, 13, 14, 16, 19, 22, 23], ""subset_size"": 10, ""micro_f1"": 0.9921, ""macro_f1"": 0.05801065589233194, ""validation_loss"": 0.07176206512451172, ""train_loss"": 0.5258934287362629, ""seconds"": 0.81264016599971, ""gpu_id"": 1, ""candidate_id"": 58, ""sample_weight"": 0.07459801933327874}, {""client_id"": 7, ""model_family"": ""transformer"", ""feature_ids"": [3, 9, 10, 12, 13, 14, 16, 19, 22, 23], ""subset_size"": 10, ""micro_f1"": 0.8635, ""macro_f1"": 0.027893558494274318, ""validation_loss"": 0.5574312805175782, ""train_loss"": 0.772144917816586, ""seconds"": 0.7261829700000817, ""gpu_id"": 1, ""candidate_id"": 58, ""sample_weight"": 0.05067317481195735}, {""client_id"": 8, ""model_family"": ""cnn1d"", ""feature_ids"": [3, 9, 10, 12, 13, 14, 16, 19, 22, 23], ""subset_size"": 10, ""micro_f1"": 0.6248, ""macro_f1"": 0.09035359162222947, ""validation_loss"": 1.5289263061523437, ""train_loss"": 2.207282677268982, ""seconds"": 0.36622600300006525, ""gpu_id"": 0, ""candidate_id"": 58, ""sample_weight"": 0.354287210681253}, {""client_id"": 9, ""model_family"": ""cnn1d"", ""feature_ids"": [3, 9, 10, 12, 13, 14, 16, 19, 22, 23], ""subset_size"": 10, ""micro_f1"": 0.8901, ""macro_f1"": 0.07481366875413073, ""validation_loss"": 0.6388052001953125, ""train_loss"": 1.258852904425727, ""seconds"": 0.3132838209999136, ""gpu_id"": 1, ""candidate_id"": 58, ""sample_weight"": 0.12090074249549396}, {""client_id"": 10, ""model_family"": ""cnn1d"", ""feature_ids"": [3, 9, 10, 12, 13, 14, 16, 19, 22, 23], ""subset_size"": 10, ""micro_f1"": 0.8182, ""macro_f1"": 0.1050279400877948, ""validation_loss"": 0.9925467895507812, ""train_loss"": 1.7636297554016114, ""seconds"": 0.3741393430000244, ""gpu_id"": 0, ""candidate_id"": 58, ""sample_weight"": 0.11011103958316146}]"
59,6,5900,"[3, 9, 10, 12, 13, 14, 16, 19, 22, 23]","[""UDP"", ""Rate"", ""IAT"", ""rst_flag_number"", ""Tot sum"", ""HTTPS"", ""fin_flag_number"", ""Header_Length"", ""Time_To_Live"", ""ARP""]",10,0.7116982279864027,0.06639496841459462,0.7120444774627686,0.6,0.5399653750523634,240,16300,"[{""client_id"": 1, ""model_family"": ""gru"", ""feature_ids"": [3, 9, 10, 12, 13, 14, 16, 19, 22, 23], ""subset_size"": 10, ""micro_f1"": 0.8775380710659898, ""macro_f1"": 0.02749339005625907, ""validation_loss"": 3.0578997461928936, ""train_loss"": 3.3152240317754, ""seconds"": 0.11158238500001971, ""gpu_id"": 0, ""candidate_id"": 59, ""sample_weight"": 0.0008752009911046531}, {""client_id"": 2, ""model_family"": ""gru"", ""feature_ids"": [3, 9, 10, 12, 13, 14, 16, 19, 22, 23], ""subset_size"": 10, ""micro_f1"": 0.2342, ""macro_f1"": 0.011505107040367175, ""validation_loss"": 2.9422330078125, ""train_loss"": 3.2577849380493165, ""seconds"": 0.39044438000019, ""gpu_id"": 1, ""candidate_id"": 59, ""sample_weight"": 0.061408177662345804}, {""client_id"": 3, ""model_family"": ""gru"", ""feature_ids"": [3, 9, 10, 12, 13, 14, 16, 19, 22, 23], ""subset_size"": 10, ""micro_f1"": 0.4764, ""macro_f1"": 0.01933523808836721, ""validation_loss"": 1.849264404296875, ""train_loss"": 2.79516196814643, ""seconds"": 0.3650440629999139, ""gpu_id"": 1, ""candidate_id"": 59, ""sample_weight"": 0.10352608384640223}, {""client_id"": 4, ""model_family"": ""gru"", ""feature_ids"": [3, 9, 10, 12, 13, 14, 16, 19, 22, 23], ""subset_size"": 10, ""micro_f1"": 0.8305, ""macro_f1"": 0.026688304384851452, ""validation_loss"": 0.9233206909179688, ""train_loss"": 2.1961479287041556, ""seconds"": 0.36903785100003006, ""gpu_id"": 1, ""candidate_id"": 59, ""sample_weight"": 0.05331880053778213}, {""client_id"": 5, ""model_family"": ""transformer"", ""feature_ids"": [3, 9, 10, 12, 13, 14, 16, 19, 22, 23], ""subset_size"": 10, ""micro_f1"": 0.9447, ""macro_f1"": 0.05568285465632203, ""validation_loss"": 0.29664677734375, ""train_loss"": 0.6988146874957615, ""seconds"": 0.8598157679998621, ""gpu_id"": 0, ""candidate_id"": 59, ""sample_weight"": 0.07030155005722065}, {""client_id"": 6, ""model_family"": ""transformer"", ""feature_ids"": [3, 9, 10, 12, 13, 14, 16, 19, 22, 23], ""subset_size"": 10, ""micro_f1"": 0.991, ""macro_f1"": 0.05788003928477854, ""validation_loss"": 0.071857373046875, ""train_loss"": 0.5260457923346096, ""seconds"": 0.7691218939999089, ""gpu_id"": 1, ""candidate_id"": 59, ""sample_weight"": 0.07459801933327874}, {""client_id"": 7, ""model_family"": ""transformer"", ""feature_ids"": [3, 9, 10, 12, 13, 14, 16, 19, 22, 23], ""subset_size"": 10, ""micro_f1"": 0.8635, ""macro_f1"": 0.027893558494274318, ""validation_loss"": 0.5576762573242188, ""train_loss"": 0.7697542581929101, ""seconds"": 0.7246846480002205, ""gpu_id"": 1, ""candidate_id"": 59, ""sample_weight"": 0.05067317481195735}, {""client_id"": 8, ""model_family"": ""cnn1d"", ""feature_ids"": [3, 9, 10, 12, 13, 14, 16, 19, 22, 23], ""subset_size"": 10, ""micro_f1"": 0.6242, ""macro_f1"": 0.09024594868062555, ""validation_loss"": 1.528212744140625, ""train_loss"": 2.2079078087064956, ""seconds"": 0.3736922250000134, ""gpu_id"": 0, ""candidate_id"": 59, ""sample_weight"": 0.354287210681253}, {""client_id"": 9, ""model_family"": ""cnn1d"", ""feature_ids"": [3, 9, 10, 12, 13, 14, 16, 19, 22, 23], ""subset_size"": 10, ""micro_f1"": 0.8899, ""macro_f1"": 0.07477436878764372, ""validation_loss"": 0.6372335021972656, ""train_loss"": 1.25892172337638, ""seconds"": 0.3207856340000035, ""gpu_id"": 1, ""candidate_id"": 59, ""sample_weight"": 0.12090074249549396}, {""client_id"": 10, ""model_family"": ""cnn1d"", ""feature_ids"": [3, 9, 10, 12, 13, 14, 16, 19, 22, 23], ""subset_size"": 10, ""micro_f1"": 0.8184, ""macro_f1"": 0.10517259770409888, ""validation_loss"": 0.991167138671875, ""train_loss"": 1.7640379785961575, ""seconds"": 0.31432227000004787, ""gpu_id"": 0, ""candidate_id"": 59, ""sample_weight"": 0.11011103958316146}]"
60,6,6000,"[3, 9, 10, 12, 13, 14, 16, 19, 22, 23]","[""UDP"", ""Rate"", ""IAT"", ""rst_flag_number"", ""Tot sum"", ""HTTPS"", ""fin_flag_number"", ""Header_Length"", ""Time_To_Live"", ""ARP""]",10,0.7117518540390088,0.06637825344461208,0.7118347883224487,0.6,0.5399917065716561,240,16540,"[{""client_id"": 1, ""model_family"": ""gru"", ""feature_ids"": [3, 9, 10, 12, 13, 14, 16, 19, 22, 23], ""subset_size"": 10, ""micro_f1"": 0.8775380710659898, ""macro_f1"": 0.02749339005625907, ""validation_loss"": 3.0578947890228427, ""train_loss"": 3.315277325387601, ""seconds"": 0.11826901300037207, ""gpu_id"": 0, ""candidate_id"": 60, ""sample_weight"": 0.0008752009911046531}, {""client_id"": 2, ""model_family"": ""gru"", ""feature_ids"": [3, 9, 10, 12, 13, 14, 16, 19, 22, 23], ""subset_size"": 10, ""micro_f1"": 0.2342, ""macro_f1"": 0.011506865649737207, ""validation_loss"": 2.9422126953125, ""train_loss"": 3.2577358073340523, ""seconds"": 0.41314905600029306, ""gpu_id"": 1, ""candidate_id"": 60, ""sample_weight"": 0.061408177662345804}, {""client_id"": 3, ""model_family"": ""gru"", ""feature_ids"": [3, 9, 10, 12, 13, 14, 16, 19, 22, 23], ""subset_size"": 10, ""micro_f1"": 0.4764, ""macro_f1"": 0.0193364823391353, ""validation_loss"": 1.8494404296875, ""train_loss"": 2.795658116107517, ""seconds"": 0.34224639300009585, ""gpu_id"": 1, ""candidate_id"": 60, ""sample_weight"": 0.10352608384640223}, {""client_id"": 4, ""model_family"": ""gru"", ""feature_ids"": [3, 9, 10, 12, 13, 14, 16, 19, 22, 23], ""subset_size"": 10, ""micro_f1"": 0.8305, ""macro_f1"": 0.026688304384851452, ""validation_loss"": 0.923075, ""train_loss"": 2.1962188366889954, ""seconds"": 0.35188566799979526, ""gpu_id"": 1, ""candidate_id"": 60, ""sample_weight"": 0.05331880053778213}, {""client_id"": 5, ""model_family"": ""transformer"", ""feature_ids"": [3, 9, 10, 12, 13, 14, 16, 19, 22, 23], ""subset_size"": 10, ""micro_f1"": 0.9447, ""macro_f1"": 0.05568285465632203, ""validation_loss"": 0.2972861846923828, ""train_loss"": 0.6998425017197927, ""seconds"": 0.8176678599998013, ""gpu_id"": 0, ""candidate_id"": 60, ""sample_weight"": 0.07030155005722065}, {""client_id"": 6, ""model_family"": ""transformer"", ""feature_ids"": [3, 9, 10, 12, 13, 14, 16, 19, 22, 23], ""subset_size"": 10, ""micro_f1"": 0.991, ""macro_f1"": 0.05788003928477854, ""validation_loss"": 0.07209094848632812, ""train_loss"": 0.5265668185445997, ""seconds"": 0.8362283579999712, ""gpu_id"": 1, ""candidate_id"": 60, ""sample_weight"": 0.07459801933327874}, {""client_id"": 7, ""model_family"": ""transformer"", ""feature_ids"": [3, 9, 10, 12, 13, 14, 16, 19, 22, 23], ""subset_size"": 10, ""micro_f1"": 0.8635, ""macro_f1"": 0.027893558494274318, ""validation_loss"": 0.5573923217773438, ""train_loss"": 0.7707791496435801, ""seconds"": 0.7202375229999234, ""gpu_id"": 1, ""candidate_id"": 60, ""sample_weight"": 0.05067317481195735}, {""client_id"": 8, ""model_family"": ""cnn1d"", ""feature_ids"": [3, 9, 10, 12, 13, 14, 16, 19, 22, 23], ""subset_size"": 10, ""micro_f1"": 0.6246, ""macro_f1"": 0.09028513366310817, ""validation_loss"": 1.5294160766601563, ""train_loss"": 2.2082238603168065, ""seconds"": 0.3695013009996728, ""gpu_id"": 0, ""candidate_id"": 60, ""sample_weight"": 0.354287210681253}, {""client_id"": 9, ""model_family"": ""cnn1d"", ""feature_ids"": [3, 9, 10, 12, 13, 14, 16, 19, 22, 23], ""subset_size"": 10, ""micro_f1"": 0.8899, ""macro_f1"": 0.07475461149230467, ""validation_loss"": 0.6400554504394531, ""train_loss"": 1.258505853091346, ""seconds"": 0.3179552040000999, ""gpu_id"": 1, ""candidate_id"": 60, ""sample_weight"": 0.12090074249549396}, {""client_id"": 10, ""model_family"": ""cnn1d"", ""feature_ids"": [3, 9, 10, 12, 13, 14, 16, 19, 22, 23], ""subset_size"": 10, ""micro_f1"": 0.8176, ""macro_f1"": 0.10491425992103573, ""validation_loss"": 0.9918383911132812, ""train_loss"": 1.7638616128497653, ""seconds"": 0.392655644000115, ""gpu_id"": 0, ""candidate_id"": 60, ""sample_weight"": 0.11011103958316146}]"
61,7,6100,"[3, 9, 10, 12, 13, 14, 16, 19, 22, 23]","[""UDP"", ""Rate"", ""IAT"", ""rst_flag_number"", ""Tot sum"", ""HTTPS"", ""fin_flag_number"", ""Header_Length"", ""Time_To_Live"", ""ARP""]",10,0.7117528183705577,0.06637308978989492,0.7116933465003967,0.6,0.5400059471870161,240,16780,"[{""client_id"": 1, ""model_family"": ""gru"", ""feature_ids"": [3, 9, 10, 12, 13, 14, 16, 19, 22, 23], ""subset_size"": 10, ""micro_f1"": 0.8775380710659898, ""macro_f1"": 0.02749339005625907, ""validation_loss"": 3.0580428844781093, ""train_loss"": 3.315251435657981, ""seconds"": 0.1194090949998099, ""gpu_id"": 0, ""candidate_id"": 61, ""sample_weight"": 0.0008752009911046531}, {""client_id"": 2, ""model_family"": ""gru"", ""feature_ids"": [3, 9, 10, 12, 13, 14, 16, 19, 22, 23], ""subset_size"": 10, ""micro_f1"": 0.234, ""macro_f1"": 0.011453517297617942, ""validation_loss"": 2.94213828125, ""train_loss"": 3.2577569233788384, ""seconds"": 0.35282305600003383, ""gpu_id"": 1, ""candidate_id"": 61, ""sample_weight"": 0.061408177662345804}, {""client_id"": 3, ""model_family"": ""gru"", ""feature_ids"": [3, 9, 10, 12, 13, 14, 16, 19, 22, 23], ""subset_size"": 10, ""micro_f1"": 0.4764, ""macro_f1"": 0.01933523808836721, ""validation_loss"": 1.84981943359375, ""train_loss"": 2.7959100314034355, ""seconds"": 0.38024237799982075, ""gpu_id"": 1, ""candidate_id"": 61, ""sample_weight"": 0.10352608384640223}, {""client_id"": 4, ""model_family"": ""gru"", ""feature_ids"": [3, 9, 10, 12, 13, 14, 16, 19, 22, 23], ""subset_size"": 10, ""micro_f1"": 0.8305, ""macro_f1"": 0.026688304384851452, ""validation_loss"": 0.9229931762695313, ""train_loss"": 2.196258837975396, ""seconds"": 0.3974407989999236, ""gpu_id"": 1, ""candidate_id"": 61, ""sample_weight"": 0.05331880053778213}, {""client_id"": 5, ""model_family"": ""transformer"", ""feature_ids"": [3, 9, 10, 12, 13, 14, 16, 19, 22, 23], ""subset_size"": 10, ""micro_f1"": 0.9447, ""macro_f1"": 0.05568285465632203, ""validation_loss"": 0.2969637390136719, ""train_loss"": 0.6982987473328909, ""seconds"": 0.8119777140000224, ""gpu_id"": 0, ""candidate_id"": 61, ""sample_weight"": 0.07030155005722065}, {""client_id"": 6, ""model_family"": ""transformer"", ""feature_ids"": [3, 9, 10, 12, 13, 14, 16, 19, 22, 23], ""subset_size"": 10, ""micro_f1"": 0.9909, ""macro_f1"": 0.05786812515628517, ""validation_loss"": 0.07193246765136718, ""train_loss"": 0.52553975862662, ""seconds"": 0.7696083189998717, ""gpu_id"": 1, ""candidate_id"": 61, ""sample_weight"": 0.07459801933327874}, {""client_id"": 7, ""model_family"": ""transformer"", ""feature_ids"": [3, 9, 10, 12, 13, 14, 16, 19, 22, 23], ""subset_size"": 10, ""micro_f1"": 0.8635, ""macro_f1"": 0.027893558494274318, ""validation_loss"": 0.5576465698242188, ""train_loss"": 0.7705867051230536, ""seconds"": 0.721256650000214, ""gpu_id"": 1, ""candidate_id"": 61, ""sample_weight"": 0.05067317481195735}, {""client_id"": 8, ""model_family"": ""cnn1d"", ""feature_ids"": [3, 9, 10, 12, 13, 14, 16, 19, 22, 23], ""subset_size"": 10, ""micro_f1"": 0.6245, ""macro_f1"": 0.09020209780928398, ""validation_loss"": 1.527657177734375, ""train_loss"": 2.2083039879904853, ""seconds"": 0.3788167269999576, ""gpu_id"": 0, ""candidate_id"": 61, ""sample_weight"": 0.354287210681253}, {""client_id"": 9, ""model_family"": ""cnn1d"", ""feature_ids"": [3, 9, 10, 12, 13, 14, 16, 19, 22, 23], ""subset_size"": 10, ""micro_f1"": 0.89, ""macro_f1"": 0.0748008697944238, ""validation_loss"": 0.6388943786621094, ""train_loss"": 1.2590568841192458, ""seconds"": 0.3098430360000748, ""gpu_id"": 1, ""candidate_id"": 61, ""sample_weight"": 0.12090074249549396}, {""client_id"": 10, ""model_family"": ""cnn1d"", ""feature_ids"": [3, 9, 10, 12, 13, 14, 16, 19, 22, 23], ""subset_size"": 10, ""micro_f1"": 0.818, ""macro_f1"": 0.10512273884573621, ""validation_loss"": 0.9914619262695312, ""train_loss"": 1.763255240588718, ""seconds"": 0.3408266559999902, ""gpu_id"": 0, ""candidate_id"": 61, ""sample_weight"": 0.11011103958316146}]"
62,7,6200,"[3, 9, 10, 12, 13, 14, 16, 19, 22, 23]","[""UDP"", ""Rate"", ""IAT"", ""rst_flag_number"", ""Tot sum"", ""HTTPS"", ""fin_flag_number"", ""Header_Length"", ""Time_To_Live"", ""ARP""]",10,0.7116387324042734,0.06637636084456076,0.7116870880126953,0.6,0.5399951644391578,240,17020,"[{""client_id"": 1, ""model_family"": ""gru"", ""feature_ids"": [3, 9, 10, 12, 13, 14, 16, 19, 22, 23], ""subset_size"": 10, ""micro_f1"": 0.8775380710659898, ""macro_f1"": 0.02749339005625907, ""validation_loss"": 3.0579071819479697, ""train_loss"": 3.3151467836178834, ""seconds"": 0.11196797599995989, ""gpu_id"": 0, ""candidate_id"": 62, ""sample_weight"": 0.0008752009911046531}, {""client_id"": 2, ""model_family"": ""gru"", ""feature_ids"": [3, 9, 10, 12, 13, 14, 16, 19, 22, 23], ""subset_size"": 10, ""micro_f1"": 0.234, ""macro_f1"": 0.011454411781214431, ""validation_loss"": 2.9422501953125, ""train_loss"": 3.257739301639133, ""seconds"": 0.37660350799978914, ""gpu_id"": 1, ""candidate_id"": 62, ""sample_weight"": 0.061408177662345804}, {""client_id"": 3, ""model_family"": ""gru"", ""feature_ids"": [3, 9, 10, 12, 13, 14, 16, 19, 22, 23], ""subset_size"": 10, ""micro_f1"": 0.4764, ""macro_f1"": 0.01933523808836721, ""validation_loss"": 1.848675439453125, ""train_loss"": 2.795202702416314, ""seconds"": 0.35983249099990644, ""gpu_id"": 1, ""candidate_id"": 62, ""sample_weight"": 0.10352608384640223}, {""client_id"": 4, ""model_family"": ""gru"", ""feature_ids"": [3, 9, 10, 12, 13, 14, 16, 19, 22, 23], ""subset_size"": 10, ""micro_f1"": 0.8305, ""macro_f1"": 0.026688304384851452, ""validation_loss"": 0.9236873779296875, ""train_loss"": 2.196376590707567, ""seconds"": 0.34658888300009494, ""gpu_id"": 1, ""candidate_id"": 62, ""sample_weight"": 0.05331880053778213}, {""client_id"": 5, ""model_family"": ""transformer"", ""feature_ids"": [3, 9, 10, 12, 13, 14, 16, 19, 22, 23], ""subset_size"": 10, ""micro_f1"": 0.945, ""macro_f1"": 0.05570810876224477, ""validation_loss"": 0.29714367065429687, ""train_loss"": 0.6994045254919264, ""seconds"": 0.8220300759999191, ""gpu_id"": 0, ""candidate_id"": 62, ""sample_weight"": 0.07030155005722065}, {""client_id"": 6, ""model_family"": ""transformer"", ""feature_ids"": [3, 9, 10, 12, 13, 14, 16, 19, 22, 23], ""subset_size"": 10, ""micro_f1"": 0.9912, ""macro_f1"": 0.05790384753337924, ""validation_loss"": 0.07217343444824219, ""train_loss"": 0.525614267958535, ""seconds"": 0.8771583929997178, ""gpu_id"": 1, ""candidate_id"": 62, ""sample_weight"": 0.07459801933327874}, {""client_id"": 7, ""model_family"": ""transformer"", ""feature_ids"": [3, 9, 10, 12, 13, 14, 16, 19, 22, 23], ""subset_size"": 10, ""micro_f1"": 0.8634, ""macro_f1"": 0.027890480342284824, ""validation_loss"": 0.55727763671875, ""train_loss"": 0.771231789832645, ""seconds"": 0.7266995899999529, ""gpu_id"": 1, ""candidate_id"": 62, ""sample_weight"": 0.05067317481195735}, {""client_id"": 8, ""model_family"": ""cnn1d"", ""feature_ids"": [3, 9, 10, 12, 13, 14, 16, 19, 22, 23], ""subset_size"": 10, ""micro_f1"": 0.6242, ""macro_f1"": 0.09024207013020391, ""validation_loss"": 1.5298756225585937, ""train_loss"": 2.2084489076826306, ""seconds"": 0.3644379789998311, ""gpu_id"": 0, ""candidate_id"": 62, ""sample_weight"": 0.354287210681253}, {""client_id"": 9, ""model_family"": ""cnn1d"", ""feature_ids"": [3, 9, 10, 12, 13, 14, 16, 19, 22, 23], ""subset_size"": 10, ""micro_f1"": 0.8898, ""macro_f1"": 0.07475148494890753, ""validation_loss"": 0.6389371826171875, ""train_loss"": 1.258334818066491, ""seconds"": 0.3140829690000828, ""gpu_id"": 1, ""candidate_id"": 62, ""sample_weight"": 0.12090074249549396}, {""client_id"": 10, ""model_family"": ""cnn1d"", ""feature_ids"": [3, 9, 10, 12, 13, 14, 16, 19, 22, 23], ""subset_size"": 10, ""micro_f1"": 0.8178, ""macro_f1"": 0.10503864979159618, ""validation_loss"": 0.99126015625, ""train_loss"": 1.7637263577249316, ""seconds"": 0.40874464900025487, ""gpu_id"": 0, ""candidate_id"": 62, ""sample_weight"": 0.11011103958316146}]"
63,7,6300,"[3, 9, 10, 12, 13, 14, 16, 19, 22, 23]","[""UDP"", ""Rate"", ""IAT"", ""rst_flag_number"", ""Tot sum"", ""HTTPS"", ""fin_flag_number"", ""Header_Length"", ""Time_To_Live"", ""ARP""]",10,0.7117721686701863,0.06643637488220897,0.7116641402244568,0.6,0.540010802844573,240,17260,"[{""client_id"": 1, ""model_family"": ""gru"", ""feature_ids"": [3, 9, 10, 12, 13, 14, 16, 19, 22, 23], ""subset_size"": 10, ""micro_f1"": 0.8775380710659898, ""macro_f1"": 0.02749339005625907, ""validation_loss"": 3.0580218165053936, ""train_loss"": 3.3152692018090435, ""seconds"": 0.13969634700015376, ""gpu_id"": 0, ""candidate_id"": 63, ""sample_weight"": 0.0008752009911046531}, {""client_id"": 2, ""model_family"": ""gru"", ""feature_ids"": [3, 9, 10, 12, 13, 14, 16, 19, 22, 23], ""subset_size"": 10, ""micro_f1"": 0.234, ""macro_f1"": 0.011453517297617942, ""validation_loss"": 2.94231953125, ""train_loss"": 3.2577081602308486, ""seconds"": 0.40247529099997337, ""gpu_id"": 1, ""candidate_id"": 63, ""sample_weight"": 0.061408177662345804}, {""client_id"": 3, ""model_family"": ""gru"", ""feature_ids"": [3, 9, 10, 12, 13, 14, 16, 19, 22, 23], ""subset_size"": 10, ""micro_f1"": 0.4764, ""macro_f1"": 0.01933523808836721, ""validation_loss"": 1.84976025390625, ""train_loss"": 2.795502522277832, ""seconds"": 0.4022894129998349, ""gpu_id"": 1, ""candidate_id"": 63, ""sample_weight"": 0.10352608384640223}, {""client_id"": 4, ""model_family"": ""gru"", ""feature_ids"": [3, 9, 10, 12, 13, 14, 16, 19, 22, 23], ""subset_size"": 10, ""micro_f1"": 0.8305, ""macro_f1"": 0.026688304384851452, ""validation_loss"": 0.923287109375, ""train_loss"": 2.1965518988397386, ""seconds"": 0.4266759369997999, ""gpu_id"": 1, ""candidate_id"": 63, ""sample_weight"": 0.05331880053778213}, {""client_id"": 5, ""model_family"": ""transformer"", ""feature_ids"": [3, 9, 10, 12, 13, 14, 16, 19, 22, 23], ""subset_size"": 10, ""micro_f1"": 0.9447, ""macro_f1"": 0.05568285465632203, ""validation_loss"": 0.2966769104003906, ""train_loss"": 0.698149247206582, ""seconds"": 0.9097583689999738, ""gpu_id"": 0, ""candidate_id"": 63, ""sample_weight"": 0.07030155005722065}, {""client_id"": 6, ""model_family"": ""transformer"", ""feature_ids"": [3, 9, 10, 12, 13, 14, 16, 19, 22, 23], ""subset_size"": 10, ""micro_f1"": 0.9909, ""macro_f1"": 0.05786812515628517, ""validation_loss"": 0.07209452819824219, ""train_loss"": 0.5266804582264688, ""seconds"": 0.7998561999997946, ""gpu_id"": 1, ""candidate_id"": 63, ""sample_weight"": 0.07459801933327874}, {""client_id"": 7, ""model_family"": ""transformer"", ""feature_ids"": [3, 9, 10, 12, 13, 14, 16, 19, 22, 23], ""subset_size"": 10, ""micro_f1"": 0.8634, ""macro_f1"": 0.027890480342284824, ""validation_loss"": 0.557297900390625, ""train_loss"": 0.7705099420017666, ""seconds"": 0.7605700729995988, ""gpu_id"": 1, ""candidate_id"": 63, ""sample_weight"": 0.05067317481195735}, {""client_id"": 8, ""model_family"": ""cnn1d"", ""feature_ids"": [3, 9, 10, 12, 13, 14, 16, 19, 22, 23], ""subset_size"": 10, ""micro_f1"": 0.6246, ""macro_f1"": 0.09040200010633523, ""validation_loss"": 1.5268179443359375, ""train_loss"": 2.207320335769653, ""seconds"": 0.39346411299993633, ""gpu_id"": 0, ""candidate_id"": 63, ""sample_weight"": 0.354287210681253}, {""client_id"": 9, ""model_family"": ""cnn1d"", ""feature_ids"": [3, 9, 10, 12, 13, 14, 16, 19, 22, 23], ""subset_size"": 10, ""micro_f1"": 0.89, ""macro_f1"": 0.07479050138212272, ""validation_loss"": 0.6408129333496094, ""train_loss"": 1.2573604360686408, ""seconds"": 0.3072655669998312, ""gpu_id"": 1, ""candidate_id"": 63, ""sample_weight"": 0.12090074249549396}, {""client_id"": 10, ""model_family"": ""cnn1d"", ""feature_ids"": [3, 9, 10, 12, 13, 14, 16, 19, 22, 23], ""subset_size"": 10, ""micro_f1"": 0.8179, ""macro_f1"": 0.10506708405888951, ""validation_loss"": 0.9918358520507813, ""train_loss"": 1.762253827328152, ""seconds"": 0.33876408800006175, ""gpu_id"": 0, ""candidate_id"": 63, ""sample_weight"": 0.11011103958316146}]"
64,7,6400,"[3, 9, 10, 12, 13, 14, 16, 19, 22, 23]","[""UDP"", ""Rate"", ""IAT"", ""rst_flag_number"", ""Tot sum"", ""HTTPS"", ""fin_flag_number"", ""Header_Length"", ""Time_To_Live"", ""ARP""]",10,0.7115414752159357,0.06636535720633505,0.7117147445678711,0.6,0.5399826730648065,240,17500,"[{""client_id"": 1, ""model_family"": ""gru"", ""feature_ids"": [3, 9, 10, 12, 13, 14, 16, 19, 22, 23], ""subset_size"": 10, ""micro_f1"": 0.8775380710659898, ""macro_f1"": 0.02749339005625907, ""validation_loss"": 3.0580150003965736, ""train_loss"": 3.315263826700502, ""seconds"": 0.11230541500026447, ""gpu_id"": 0, ""candidate_id"": 64, ""sample_weight"": 0.0008752009911046531}, {""client_id"": 2, ""model_family"": ""gru"", ""feature_ids"": [3, 9, 10, 12, 13, 14, 16, 19, 22, 23], ""subset_size"": 10, ""micro_f1"": 0.2342, ""macro_f1"": 0.011507745253403857, ""validation_loss"": 2.942501171875, ""train_loss"": 3.2578726780785456, ""seconds"": 0.3454283989999567, ""gpu_id"": 1, ""candidate_id"": 64, ""sample_weight"": 0.061408177662345804}, {""client_id"": 3, ""model_family"": ""gru"", ""feature_ids"": [3, 9, 10, 12, 13, 14, 16, 19, 22, 23], ""subset_size"": 10, ""micro_f1"": 0.4764, ""macro_f1"": 0.01933523808836721, ""validation_loss"": 1.849835888671875, ""train_loss"": 2.795703651322259, ""seconds"": 0.36690960400028416, ""gpu_id"": 1, ""candidate_id"": 64, ""sample_weight"": 0.10352608384640223}, {""client_id"": 4, ""model_family"": ""gru"", ""feature_ids"": [3, 9, 10, 12, 13, 14, 16, 19, 22, 23], ""subset_size"": 10, ""micro_f1"": 0.8305, ""macro_f1"": 0.026688304384851452, ""validation_loss"": 0.923107958984375, ""train_loss"": 2.196694120576647, ""seconds"": 0.3583717980000074, ""gpu_id"": 1, ""candidate_id"": 64, ""sample_weight"": 0.05331880053778213}, {""client_id"": 5, ""model_family"": ""transformer"", ""feature_ids"": [3, 9, 10, 12, 13, 14, 16, 19, 22, 23], ""subset_size"": 10, ""micro_f1"": 0.9442, ""macro_f1"": 0.05565479638838733, ""validation_loss"": 0.29873948822021484, ""train_loss"": 0.6990824903753069, ""seconds"": 0.8127758989999165, ""gpu_id"": 0, ""candidate_id"": 64, ""sample_weight"": 0.07030155005722065}, {""client_id"": 6, ""model_family"": ""transformer"", ""feature_ids"": [3, 9, 10, 12, 13, 14, 16, 19, 22, 23], ""subset_size"": 10, ""micro_f1"": 0.9905, ""macro_f1"": 0.05782040178435501, ""validation_loss"": 0.0720487808227539, ""train_loss"": 0.5254974686993493, ""seconds"": 0.7456962390001536, ""gpu_id"": 1, ""candidate_id"": 64, ""sample_weight"": 0.07459801933327874}, {""client_id"": 7, ""model_family"": ""transformer"", ""feature_ids"": [3, 9, 10, 12, 13, 14, 16, 19, 22, 23], ""subset_size"": 10, ""micro_f1"": 0.8634, ""macro_f1"": 0.027749931907918506, ""validation_loss"": 0.5576251953125, ""train_loss"": 0.7723708475006951, ""seconds"": 0.7308108940001148, ""gpu_id"": 1, ""candidate_id"": 64, ""sample_weight"": 0.05067317481195735}, {""client_id"": 8, ""model_family"": ""cnn1d"", ""feature_ids"": [3, 9, 10, 12, 13, 14, 16, 19, 22, 23], ""subset_size"": 10, ""micro_f1"": 0.6242, ""macro_f1"": 0.09024207867336675, ""validation_loss"": 1.5268943725585937, ""train_loss"": 2.2080904933081733, ""seconds"": 0.3441058189996511, ""gpu_id"": 0, ""candidate_id"": 64, ""sample_weight"": 0.354287210681253}, {""client_id"": 9, ""model_family"": ""cnn1d"", ""feature_ids"": [3, 9, 10, 12, 13, 14, 16, 19, 22, 23], ""subset_size"": 10, ""micro_f1"": 0.8897, ""macro_f1"": 0.07473692317318695, ""validation_loss"": 0.6405660522460938, ""train_loss"": 1.2590627195570203, ""seconds"": 0.32240246999981537, ""gpu_id"": 1, ""candidate_id"": 64, ""sample_weight"": 0.12090074249549396}, {""client_id"": 10, ""model_family"": ""cnn1d"", ""feature_ids"": [3, 9, 10, 12, 13, 14, 16, 19, 22, 23], ""subset_size"": 10, ""micro_f1"": 0.8179, ""macro_f1"": 0.10508018621448323, ""validation_loss"": 0.990964599609375, ""train_loss"": 1.7636807537820605, ""seconds"": 0.31922419700003957, ""gpu_id"": 0, ""candidate_id"": 64, ""sample_weight"": 0.11011103958316146}]"
65,7,6500,"[3, 9, 10, 12, 13, 14, 16, 19, 22, 23]","[""UDP"", ""Rate"", ""IAT"", ""rst_flag_number"", ""Tot sum"", ""HTTPS"", ""fin_flag_number"", ""Header_Length"", ""Time_To_Live"", ""ARP""]",10,0.7117553057116429,0.0664364704163027,0.711641252040863,0.6,0.540011405367078,240,17740,"[{""client_id"": 1, ""model_family"": ""gru"", ""feature_ids"": [3, 9, 10, 12, 13, 14, 16, 19, 22, 23], ""subset_size"": 10, ""micro_f1"": 0.8775380710659898, ""macro_f1"": 0.02749339005625907, ""validation_loss"": 3.058060234573287, ""train_loss"": 3.315306720798189, ""seconds"": 0.12212200200019652, ""gpu_id"": 0, ""candidate_id"": 65, ""sample_weight"": 0.0008752009911046531}, {""client_id"": 2, ""model_family"": ""gru"", ""feature_ids"": [3, 9, 10, 12, 13, 14, 16, 19, 22, 23], ""subset_size"": 10, ""micro_f1"": 0.2342, ""macro_f1"": 0.011507745253403857, ""validation_loss"": 2.942215625, ""train_loss"": 3.2577161034901936, ""seconds"": 0.3564640029999282, ""gpu_id"": 1, ""candidate_id"": 65, ""sample_weight"": 0.061408177662345804}, {""client_id"": 3, ""model_family"": ""gru"", ""feature_ids"": [3, 9, 10, 12, 13, 14, 16, 19, 22, 23], ""subset_size"": 10, ""micro_f1"": 0.4764, ""macro_f1"": 0.0193364823391353, ""validation_loss"": 1.84938349609375, ""train_loss"": 2.795373079893324, ""seconds"": 0.35635381399970356, ""gpu_id"": 1, ""candidate_id"": 65, ""sample_weight"": 0.10352608384640223}, {""client_id"": 4, ""model_family"": ""gru"", ""feature_ids"": [3, 9, 10, 12, 13, 14, 16, 19, 22, 23], ""subset_size"": 10, ""micro_f1"": 0.8305, ""macro_f1"": 0.026688304384851452, ""validation_loss"": 0.9233864501953125, ""train_loss"": 2.1958184366544087, ""seconds"": 0.4107354019997729, ""gpu_id"": 1, ""candidate_id"": 65, ""sample_weight"": 0.05331880053778213}, {""client_id"": 5, ""model_family"": ""transformer"", ""feature_ids"": [3, 9, 10, 12, 13, 14, 16, 19, 22, 23], ""subset_size"": 10, ""micro_f1"": 0.9449, ""macro_f1"": 0.05569969315294522, ""validation_loss"": 0.29645020294189456, ""train_loss"": 0.6987426058557299, ""seconds"": 0.8490244860004168, ""gpu_id"": 0, ""candidate_id"": 65, ""sample_weight"": 0.07030155005722065}, {""client_id"": 6, ""model_family"": ""transformer"", ""feature_ids"": [3, 9, 10, 12, 13, 14, 16, 19, 22, 23], ""subset_size"": 10, ""micro_f1"": 0.9903, ""macro_f1"": 0.05779649988531764, ""validation_loss"": 0.07210370788574219, ""train_loss"": 0.5254295062687662, ""seconds"": 0.8065353080000932, ""gpu_id"": 1, ""candidate_id"": 65, ""sample_weight"": 0.07459801933327874}, {""client_id"": 7, ""model_family"": ""transformer"", ""feature_ids"": [3, 9, 10, 12, 13, 14, 16, 19, 22, 23], ""subset_size"": 10, ""micro_f1"": 0.8634, ""macro_f1"": 0.027890480342284824, ""validation_loss"": 0.55750615234375, ""train_loss"": 0.7710455710940891, ""seconds"": 0.7301897269999245, ""gpu_id"": 1, ""candidate_id"": 65, ""sample_weight"": 0.05067317481195735}, {""client_id"": 8, ""model_family"": ""cnn1d"", ""feature_ids"": [3, 9, 10, 12, 13, 14, 16, 19, 22, 23], ""subset_size"": 10, ""micro_f1"": 0.6248, ""macro_f1"": 0.09048072040501634, ""validation_loss"": 1.5283770141601563, ""train_loss"": 2.208039589860704, ""seconds"": 0.3852192780000223, ""gpu_id"": 0, ""candidate_id"": 65, ""sample_weight"": 0.354287210681253}, {""client_id"": 9, ""model_family"": ""cnn1d"", ""feature_ids"": [3, 9, 10, 12, 13, 14, 16, 19, 22, 23], ""subset_size"": 10, ""micro_f1"": 0.8897, ""macro_f1"": 0.07474786013196079, ""validation_loss"": 0.6417800598144531, ""train_loss"": 1.2592021162668865, ""seconds"": 0.3243263399999705, ""gpu_id"": 1, ""candidate_id"": 65, ""sample_weight"": 0.12090074249549396}, {""client_id"": 10, ""model_family"": ""cnn1d"", ""feature_ids"": [3, 9, 10, 12, 13, 14, 16, 19, 22, 23], ""subset_size"": 10, ""micro_f1"": 0.8176, ""macro_f1"": 0.10486784678309147, ""validation_loss"": 0.9903479125976562, ""train_loss"": 1.7636027182685003, ""seconds"": 0.3413012900000467, ""gpu_id"": 0, ""candidate_id"": 65, ""sample_weight"": 0.11011103958316146}]"
66,7,6600,"[3, 9, 10, 12, 13, 14, 16, 19, 22, 23]","[""UDP"", ""Rate"", ""IAT"", ""rst_flag_number"", ""Tot sum"", ""HTTPS"", ""fin_flag_number"", ""Header_Length"", ""Time_To_Live"", ""ARP""]",10,0.711880734052001,0.06645218051310604,0.7116710543632507,0.6,0.5400209679688751,240,17980,"[{""client_id"": 1, ""model_family"": ""gru"", ""feature_ids"": [3, 9, 10, 12, 13, 14, 16, 19, 22, 23], ""subset_size"": 10, ""micro_f1"": 0.8775380710659898, ""macro_f1"": 0.02749339005625907, ""validation_loss"": 3.05793258744448, ""train_loss"": 3.315194907997936, ""seconds"": 0.1439127879998523, ""gpu_id"": 0, ""candidate_id"": 66, ""sample_weight"": 0.0008752009911046531}, {""client_id"": 2, ""model_family"": ""gru"", ""feature_ids"": [3, 9, 10, 12, 13, 14, 16, 19, 22, 23], ""subset_size"": 10, ""micro_f1"": 0.2342, ""macro_f1"": 0.011505107040367175, ""validation_loss"": 2.942337109375, ""train_loss"": 3.2578584850735135, ""seconds"": 0.38724418099991453, ""gpu_id"": 1, ""candidate_id"": 66, ""sample_weight"": 0.061408177662345804}, {""client_id"": 3, ""model_family"": ""gru"", ""feature_ids"": [3, 9, 10, 12, 13, 14, 16, 19, 22, 23], ""subset_size"": 10, ""micro_f1"": 0.4764, ""macro_f1"": 0.01933523808836721, ""validation_loss"": 1.849562060546875, ""train_loss"": 2.7958699001312257, ""seconds"": 0.42232914099986374, ""gpu_id"": 1, ""candidate_id"": 66, ""sample_weight"": 0.10352608384640223}, {""client_id"": 4, ""model_family"": ""gru"", ""feature_ids"": [3, 9, 10, 12, 13, 14, 16, 19, 22, 23], ""subset_size"": 10, ""micro_f1"": 0.8305, ""macro_f1"": 0.026688304384851452, ""validation_loss"": 0.9231649047851562, ""train_loss"": 2.195769293806288, ""seconds"": 0.40423896300035267, ""gpu_id"": 1, ""candidate_id"": 66, ""sample_weight"": 0.05331880053778213}, {""client_id"": 5, ""model_family"": ""transformer"", ""feature_ids"": [3, 9, 10, 12, 13, 14, 16, 19, 22, 23], ""subset_size"": 10, ""micro_f1"": 0.9445, ""macro_f1"": 0.05566600644425558, ""validation_loss"": 0.297232389831543, ""train_loss"": 0.6994778679794735, ""seconds"": 0.8865723900003104, ""gpu_id"": 0, ""candidate_id"": 66, ""sample_weight"": 0.07030155005722065}, {""client_id"": 6, ""model_family"": ""transformer"", ""feature_ids"": [3, 9, 10, 12, 13, 14, 16, 19, 22, 23], ""subset_size"": 10, ""micro_f1"": 0.9917, ""macro_f1"": 0.05796325176465748, ""validation_loss"": 0.07202774658203125, ""train_loss"": 0.5258220558828778, ""seconds"": 0.8749561280001217, ""gpu_id"": 1, ""candidate_id"": 66, ""sample_weight"": 0.07459801933327874}, {""client_id"": 7, ""model_family"": ""transformer"", ""feature_ids"": [3, 9, 10, 12, 13, 14, 16, 19, 22, 23], ""subset_size"": 10, ""micro_f1"": 0.8635, ""macro_f1"": 0.027893558494274318, ""validation_loss"": 0.5574298950195312, ""train_loss"": 0.7719150427288479, ""seconds"": 0.7727343050000854, ""gpu_id"": 1, ""candidate_id"": 66, ""sample_weight"": 0.05067317481195735}, {""client_id"": 8, ""model_family"": ""cnn1d"", ""feature_ids"": [3, 9, 10, 12, 13, 14, 16, 19, 22, 23], ""subset_size"": 10, ""micro_f1"": 0.6248, ""macro_f1"": 0.09041621776773338, ""validation_loss"": 1.5248778930664062, ""train_loss"": 2.207430891587999, ""seconds"": 0.40630913299992244, ""gpu_id"": 0, ""candidate_id"": 66, ""sample_weight"": 0.354287210681253}, {""client_id"": 9, ""model_family"": ""cnn1d"", ""feature_ids"": [3, 9, 10, 12, 13, 14, 16, 19, 22, 23], ""subset_size"": 10, ""micro_f1"": 0.8897, ""macro_f1"": 0.07472645964804008, ""validation_loss"": 0.6400070129394532, ""train_loss"": 1.2595635307312012, ""seconds"": 0.3335200490000716, ""gpu_id"": 1, ""candidate_id"": 66, ""sample_weight"": 0.12090074249549396}, {""client_id"": 10, ""model_family"": ""cnn1d"", ""feature_ids"": [3, 9, 10, 12, 13, 14, 16, 19, 22, 23], ""subset_size"": 10, ""micro_f1"": 0.818, ""macro_f1"": 0.10515132062195938, ""validation_loss"": 0.9913472045898437, ""train_loss"": 1.7624800794707405, ""seconds"": 0.4127325459999156, ""gpu_id"": 0, ""candidate_id"": 66, ""sample_weight"": 0.11011103958316146}]"
67,7,6700,"[3, 9, 10, 12, 13, 14, 16, 19, 22, 23]","[""UDP"", ""Rate"", ""IAT"", ""rst_flag_number"", ""Tot sum"", ""HTTPS"", ""fin_flag_number"", ""Header_Length"", ""Time_To_Live"", ""ARP""]",10,0.7116631934235532,0.06637858370319023,0.7117955088615417,0.6,0.5399867684562012,240,18220,"[{""client_id"": 1, ""model_family"": ""gru"", ""feature_ids"": [3, 9, 10, 12, 13, 14, 16, 19, 22, 23], ""subset_size"": 10, ""micro_f1"": 0.8775380710659898, ""macro_f1"": 0.02749339005625907, ""validation_loss"": 3.0578638067100252, ""train_loss"": 3.3151090521632245, ""seconds"": 0.1314601069998389, ""gpu_id"": 0, ""candidate_id"": 67, ""sample_weight"": 0.0008752009911046531}, {""client_id"": 2, ""model_family"": ""gru"", ""feature_ids"": [3, 9, 10, 12, 13, 14, 16, 19, 22, 23], ""subset_size"": 10, ""micro_f1"": 0.234, ""macro_f1"": 0.011453517297617942, ""validation_loss"": 2.94220546875, ""train_loss"": 3.2577302521599663, ""seconds"": 0.4020428509998055, ""gpu_id"": 1, ""candidate_id"": 67, ""sample_weight"": 0.061408177662345804}, {""client_id"": 3, ""model_family"": ""gru"", ""feature_ids"": [3, 9, 10, 12, 13, 14, 16, 19, 22, 23], ""subset_size"": 10, ""micro_f1"": 0.4764, ""macro_f1"": 0.01933523808836721, ""validation_loss"": 1.8493447265625, ""train_loss"": 2.7953762039820353, ""seconds"": 0.3512945850002325, ""gpu_id"": 1, ""candidate_id"": 67, ""sample_weight"": 0.10352608384640223}, {""client_id"": 4, ""model_family"": ""gru"", ""feature_ids"": [3, 9, 10, 12, 13, 14, 16, 19, 22, 23], ""subset_size"": 10, ""micro_f1"": 0.8305, ""macro_f1"": 0.026688304384851452, ""validation_loss"": 0.9241257080078125, ""train_loss"": 2.196361769527859, ""seconds"": 0.38550060599982316, ""gpu_id"": 1, ""candidate_id"": 67, ""sample_weight"": 0.05331880053778213}, {""client_id"": 5, ""model_family"": ""transformer"", ""feature_ids"": [3, 9, 10, 12, 13, 14, 16, 19, 22, 23], ""subset_size"": 10, ""micro_f1"": 0.9445, ""macro_f1"": 0.05566600644425558, ""validation_loss"": 0.29784361877441407, ""train_loss"": 0.6987652622699737, ""seconds"": 0.8494139569997969, ""gpu_id"": 0, ""candidate_id"": 67, ""sample_weight"": 0.07030155005722065}, {""client_id"": 6, ""model_family"": ""transformer"", ""feature_ids"": [3, 9, 10, 12, 13, 14, 16, 19, 22, 23], ""subset_size"": 10, ""micro_f1"": 0.9911, ""macro_f1"": 0.05789194674148121, ""validation_loss"": 0.07190731201171875, ""train_loss"": 0.5264829403241476, ""seconds"": 0.7946505859999888, ""gpu_id"": 1, ""candidate_id"": 67, ""sample_weight"": 0.07459801933327874}, {""client_id"": 7, ""model_family"": ""transformer"", ""feature_ids"": [3, 9, 10, 12, 13, 14, 16, 19, 22, 23], ""subset_size"": 10, ""micro_f1"": 0.8635, ""macro_f1"": 0.027893558494274318, ""validation_loss"": 0.5575256225585937, ""train_loss"": 0.7709026297463311, ""seconds"": 0.7320073759997285, ""gpu_id"": 1, ""candidate_id"": 67, ""sample_weight"": 0.05067317481195735}, {""client_id"": 8, ""model_family"": ""cnn1d"", ""feature_ids"": [3, 9, 10, 12, 13, 14, 16, 19, 22, 23], ""subset_size"": 10, ""micro_f1"": 0.6244, ""macro_f1"": 0.0902577040146914, ""validation_loss"": 1.5274078125, ""train_loss"": 2.207540753809611, ""seconds"": 0.36554217999992034, ""gpu_id"": 0, ""candidate_id"": 67, ""sample_weight"": 0.354287210681253}, {""client_id"": 9, ""model_family"": ""cnn1d"", ""feature_ids"": [3, 9, 10, 12, 13, 14, 16, 19, 22, 23], ""subset_size"": 10, ""micro_f1"": 0.89, ""macro_f1"": 0.07478994520854484, ""validation_loss"": 0.6394282043457031, ""train_loss"": 1.258644898308648, ""seconds"": 0.314042635000078, ""gpu_id"": 1, ""candidate_id"": 67, ""sample_weight"": 0.12090074249549396}, {""client_id"": 10, ""model_family"": ""cnn1d"", ""feature_ids"": [3, 9, 10, 12, 13, 14, 16, 19, 22, 23], ""subset_size"": 10, ""micro_f1"": 0.8175, ""macro_f1"": 0.10500033103566644, ""validation_loss"": 0.9906432739257812, ""train_loss"": 1.7635505220095316, ""seconds"": 0.33338597200008735, ""gpu_id"": 0, ""candidate_id"": 67, ""sample_weight"": 0.11011103958316146}]"
68,7,6800,"[3, 9, 10, 12, 13, 14, 16, 19, 22, 23]","[""UDP"", ""Rate"", ""IAT"", ""rst_flag_number"", ""Tot sum"", ""HTTPS"", ""fin_flag_number"", ""Header_Length"", ""Time_To_Live"", ""ARP""]",10,0.7118869026054445,0.06641370460472676,0.7117728590965271,0.6,0.5400114043508918,240,18460,"[{""client_id"": 1, ""model_family"": ""gru"", ""feature_ids"": [3, 9, 10, 12, 13, 14, 16, 19, 22, 23], ""subset_size"": 10, ""micro_f1"": 0.8775380710659898, ""macro_f1"": 0.02749339005625907, ""validation_loss"": 3.0577832526967006, ""train_loss"": 3.3150693301218617, ""seconds"": 0.14491699200016228, ""gpu_id"": 0, ""candidate_id"": 68, ""sample_weight"": 0.0008752009911046531}, {""client_id"": 2, ""model_family"": ""gru"", ""feature_ids"": [3, 9, 10, 12, 13, 14, 16, 19, 22, 23], ""subset_size"": 10, ""micro_f1"": 0.234, ""macro_f1"": 0.011453517297617942, ""validation_loss"": 2.94204375, ""train_loss"": 3.2575667096032035, ""seconds"": 0.4135323780001272, ""gpu_id"": 1, ""candidate_id"": 68, ""sample_weight"": 0.061408177662345804}, {""client_id"": 3, ""model_family"": ""gru"", ""feature_ids"": [3, 9, 10, 12, 13, 14, 16, 19, 22, 23], ""subset_size"": 10, ""micro_f1"": 0.4764, ""macro_f1"": 0.01933523808836721, ""validation_loss"": 1.849132763671875, ""train_loss"": 2.7953699756622314, ""seconds"": 0.3586957410002469, ""gpu_id"": 1, ""candidate_id"": 68, ""sample_weight"": 0.10352608384640223}, {""client_id"": 4, ""model_family"": ""gru"", ""feature_ids"": [3, 9, 10, 12, 13, 14, 16, 19, 22, 23], ""subset_size"": 10, ""micro_f1"": 0.8305, ""macro_f1"": 0.026688304384851452, ""validation_loss"": 0.92276259765625, ""train_loss"": 2.1955186820665995, ""seconds"": 0.4081169080000109, ""gpu_id"": 1, ""candidate_id"": 68, ""sample_weight"": 0.05331880053778213}, {""client_id"": 5, ""model_family"": ""transformer"", ""feature_ids"": [3, 9, 10, 12, 13, 14, 16, 19, 22, 23], ""subset_size"": 10, ""micro_f1"": 0.9447, ""macro_f1"": 0.05568285465632203, ""validation_loss"": 0.2971033218383789, ""train_loss"": 0.6996289080195957, ""seconds"": 0.8327801890000046, ""gpu_id"": 0, ""candidate_id"": 68, ""sample_weight"": 0.07030155005722065}, {""client_id"": 6, ""model_family"": ""transformer"", ""feature_ids"": [3, 9, 10, 12, 13, 14, 16, 19, 22, 23], ""subset_size"": 10, ""micro_f1"": 0.9917, ""macro_f1"": 0.05796325176465748, ""validation_loss"": 0.07210937957763672, ""train_loss"": 0.5268442655834886, ""seconds"": 0.8445265280001877, ""gpu_id"": 1, ""candidate_id"": 68, ""sample_weight"": 0.07459801933327874}, {""client_id"": 7, ""model_family"": ""transformer"", ""feature_ids"": [3, 9, 10, 12, 13, 14, 16, 19, 22, 23], ""subset_size"": 10, ""micro_f1"": 0.8634, ""macro_f1"": 0.027749931907918506, ""validation_loss"": 0.5574929077148437, ""train_loss"": 0.7708261463059319, ""seconds"": 0.7576059689999965, ""gpu_id"": 1, ""candidate_id"": 68, ""sample_weight"": 0.05067317481195735}, {""client_id"": 8, ""model_family"": ""cnn1d"", ""feature_ids"": [3, 9, 10, 12, 13, 14, 16, 19, 22, 23], ""subset_size"": 10, ""micro_f1"": 0.6246, ""macro_f1"": 0.09029345191089214, ""validation_loss"": 1.5289299682617188, ""train_loss"": 2.208784618780348, ""seconds"": 0.3642679199997474, ""gpu_id"": 0, ""candidate_id"": 68, ""sample_weight"": 0.354287210681253}, {""client_id"": 9, ""model_family"": ""cnn1d"", ""feature_ids"": [3, 9, 10, 12, 13, 14, 16, 19, 22, 23], ""subset_size"": 10, ""micro_f1"": 0.89, ""macro_f1"": 0.07478994520854484, ""validation_loss"": 0.6386193603515625, ""train_loss"": 1.258459628815121, ""seconds"": 0.31925484900011725, ""gpu_id"": 1, ""candidate_id"": 68, ""sample_weight"": 0.12090074249549396}, {""client_id"": 10, ""model_family"": ""cnn1d"", ""feature_ids"": [3, 9, 10, 12, 13, 14, 16, 19, 22, 23], ""subset_size"": 10, ""micro_f1"": 0.8184, ""macro_f1"": 0.10521130193729814, ""validation_loss"": 0.9909318725585937, ""train_loss"": 1.762314473523034, ""seconds"": 0.4080732409997836, ""gpu_id"": 0, ""candidate_id"": 68, ""sample_weight"": 0.11011103958316146}]"
69,7,6900,"[3, 9, 10, 12, 13, 14, 16, 19, 22, 23]","[""UDP"", ""Rate"", ""IAT"", ""rst_flag_number"", ""Tot sum"", ""HTTPS"", ""fin_flag_number"", ""Header_Length"", ""Time_To_Live"", ""ARP""]",10,0.7116907362344502,0.06637676908233456,0.7118201851844788,0.6,0.5399870551049972,240,18700,"[{""client_id"": 1, ""model_family"": ""gru"", ""feature_ids"": [3, 9, 10, 12, 13, 14, 16, 19, 22, 23], ""subset_size"": 10, ""micro_f1"": 0.8775380710659898, ""macro_f1"": 0.02749339005625907, ""validation_loss"": 3.0578210511183377, ""train_loss"": 3.315243378105099, ""seconds"": 0.123412190000181, ""gpu_id"": 0, ""candidate_id"": 69, ""sample_weight"": 0.0008752009911046531}, {""client_id"": 2, ""model_family"": ""gru"", ""feature_ids"": [3, 9, 10, 12, 13, 14, 16, 19, 22, 23], ""subset_size"": 10, ""micro_f1"": 0.234, ""macro_f1"": 0.011453517297617942, ""validation_loss"": 2.9423578125, ""train_loss"": 3.2578224393632675, ""seconds"": 0.41917215399962515, ""gpu_id"": 1, ""candidate_id"": 69, ""sample_weight"": 0.061408177662345804}, {""client_id"": 3, ""model_family"": ""gru"", ""feature_ids"": [3, 9, 10, 12, 13, 14, 16, 19, 22, 23], ""subset_size"": 10, ""micro_f1"": 0.4764, ""macro_f1"": 0.01933523808836721, ""validation_loss"": 1.84965869140625, ""train_loss"": 2.795709614245097, ""seconds"": 0.37924448200010374, ""gpu_id"": 1, ""candidate_id"": 69, ""sample_weight"": 0.10352608384640223}, {""client_id"": 4, ""model_family"": ""gru"", ""feature_ids"": [3, 9, 10, 12, 13, 14, 16, 19, 22, 23], ""subset_size"": 10, ""micro_f1"": 0.8305, ""macro_f1"": 0.026688304384851452, ""validation_loss"": 0.9237191528320312, ""train_loss"": 2.19615431344774, ""seconds"": 0.40818060000037804, ""gpu_id"": 1, ""candidate_id"": 69, ""sample_weight"": 0.05331880053778213}, {""client_id"": 5, ""model_family"": ""transformer"", ""feature_ids"": [3, 9, 10, 12, 13, 14, 16, 19, 22, 23], ""subset_size"": 10, ""micro_f1"": 0.9447, ""macro_f1"": 0.05568285465632203, ""validation_loss"": 0.2968418487548828, ""train_loss"": 0.6992824363973406, ""seconds"": 0.8857944589999533, ""gpu_id"": 0, ""candidate_id"": 69, ""sample_weight"": 0.07030155005722065}, {""client_id"": 6, ""model_family"": ""transformer"", ""feature_ids"": [3, 9, 10, 12, 13, 14, 16, 19, 22, 23], ""subset_size"": 10, ""micro_f1"": 0.9917, ""macro_f1"": 0.05796325176465748, ""validation_loss"": 0.07185773010253907, ""train_loss"": 0.5260040003273222, ""seconds"": 0.7831635060001645, ""gpu_id"": 1, ""candidate_id"": 69, ""sample_weight"": 0.07459801933327874}, {""client_id"": 7, ""model_family"": ""transformer"", ""feature_ids"": [3, 9, 10, 12, 13, 14, 16, 19, 22, 23], ""subset_size"": 10, ""micro_f1"": 0.8634, ""macro_f1"": 0.0277495142933059, ""validation_loss"": 0.5579185363769531, ""train_loss"": 0.770419152185652, ""seconds"": 0.8052364830000442, ""gpu_id"": 1, ""candidate_id"": 69, ""sample_weight"": 0.05067317481195735}, {""client_id"": 8, ""model_family"": ""cnn1d"", ""feature_ids"": [3, 9, 10, 12, 13, 14, 16, 19, 22, 23], ""subset_size"": 10, ""micro_f1"": 0.624, ""macro_f1"": 0.09016313491815539, ""validation_loss"": 1.527197802734375, ""train_loss"": 2.207469930182563, ""seconds"": 0.37964301200008777, ""gpu_id"": 0, ""candidate_id"": 69, ""sample_weight"": 0.354287210681253}, {""client_id"": 9, ""model_family"": ""cnn1d"", ""feature_ids"": [3, 9, 10, 12, 13, 14, 16, 19, 22, 23], ""subset_size"": 10, ""micro_f1"": 0.8905, ""macro_f1"": 0.07494893832269328, ""validation_loss"": 0.6375949096679687, ""train_loss"": 1.258290406873491, ""seconds"": 0.37678208200031804, ""gpu_id"": 1, ""candidate_id"": 69, ""sample_weight"": 0.12090074249549396}, {""client_id"": 10, ""model_family"": ""cnn1d"", ""feature_ids"": [3, 9, 10, 12, 13, 14, 16, 19, 22, 23], ""subset_size"": 10, ""micro_f1"": 0.818, ""macro_f1"": 0.10512078329118596, ""validation_loss"": 0.98953359375, ""train_loss"": 1.7627371135605705, ""seconds"": 0.3564137230000597, ""gpu_id"": 0, ""candidate_id"": 69, ""sample_weight"": 0.11011103958316146}]"
70,7,7000,"[3, 9, 10, 12, 13, 14, 16, 19, 22, 23]","[""UDP"", ""Rate"", ""IAT"", ""rst_flag_number"", ""Tot sum"", ""HTTPS"", ""fin_flag_number"", ""Header_Length"", ""Time_To_Live"", ""ARP""]",10,0.7119610147506291,0.0664298583417248,0.7117729187011719,0.6,0.5400188096049457,240,18940,"[{""client_id"": 1, ""model_family"": ""gru"", ""feature_ids"": [3, 9, 10, 12, 13, 14, 16, 19, 22, 23], ""subset_size"": 10, ""micro_f1"": 0.8775380710659898, ""macro_f1"": 0.02749339005625907, ""validation_loss"": 3.0577361595812182, ""train_loss"": 3.31516358372322, ""seconds"": 0.15083702399988397, ""gpu_id"": 0, ""candidate_id"": 70, ""sample_weight"": 0.0008752009911046531}, {""client_id"": 2, ""model_family"": ""gru"", ""feature_ids"": [3, 9, 10, 12, 13, 14, 16, 19, 22, 23], ""subset_size"": 10, ""micro_f1"": 0.234, ""macro_f1"": 0.011452623000671704, ""validation_loss"": 2.9425533203125, ""train_loss"": 3.258014779663086, ""seconds"": 0.42158468800016635, ""gpu_id"": 1, ""candidate_id"": 70, ""sample_weight"": 0.061408177662345804}, {""client_id"": 3, ""model_family"": ""gru"", ""feature_ids"": [3, 9, 10, 12, 13, 14, 16, 19, 22, 23], ""subset_size"": 10, ""micro_f1"": 0.4764, ""macro_f1"": 0.01933523808836721, ""validation_loss"": 1.84947080078125, ""train_loss"": 2.7956440162870617, ""seconds"": 0.40981243600026573, ""gpu_id"": 1, ""candidate_id"": 70, ""sample_weight"": 0.10352608384640223}, {""client_id"": 4, ""model_family"": ""gru"", ""feature_ids"": [3, 9, 10, 12, 13, 14, 16, 19, 22, 23], ""subset_size"": 10, ""micro_f1"": 0.8305, ""macro_f1"": 0.026688304384851452, ""validation_loss"": 0.923244091796875, ""train_loss"": 2.1955765706274244, ""seconds"": 0.41720976699980383, ""gpu_id"": 1, ""candidate_id"": 70, ""sample_weight"": 0.05331880053778213}, {""client_id"": 5, ""model_family"": ""transformer"", ""feature_ids"": [3, 9, 10, 12, 13, 14, 16, 19, 22, 23], ""subset_size"": 10, ""micro_f1"": 0.9445, ""macro_f1"": 0.05566971476025938, ""validation_loss"": 0.2973360641479492, ""train_loss"": 0.6991661572138469, ""seconds"": 0.8839825589998327, ""gpu_id"": 0, ""candidate_id"": 70, ""sample_weight"": 0.07030155005722065}, {""client_id"": 6, ""model_family"": ""transformer"", ""feature_ids"": [3, 9, 10, 12, 13, 14, 16, 19, 22, 23], ""subset_size"": 10, ""micro_f1"": 0.9919, ""macro_f1"": 0.05798696704700286, ""validation_loss"": 0.07175830688476563, ""train_loss"": 0.5265424075537257, ""seconds"": 0.8301568900001257, ""gpu_id"": 1, ""candidate_id"": 70, ""sample_weight"": 0.07459801933327874}, {""client_id"": 7, ""model_family"": ""transformer"", ""feature_ids"": [3, 9, 10, 12, 13, 14, 16, 19, 22, 23], ""subset_size"": 10, ""micro_f1"": 0.8634, ""macro_f1"": 0.0277495142933059, ""validation_loss"": 0.5578277648925781, ""train_loss"": 0.7720305297427708, ""seconds"": 0.7701327949998813, ""gpu_id"": 1, ""candidate_id"": 70, ""sample_weight"": 0.05067317481195735}, {""client_id"": 8, ""model_family"": ""cnn1d"", ""feature_ids"": [3, 9, 10, 12, 13, 14, 16, 19, 22, 23], ""subset_size"": 10, ""micro_f1"": 0.6249, ""macro_f1"": 0.09039239023035195, ""validation_loss"": 1.527152978515625, ""train_loss"": 2.207901048066881, ""seconds"": 0.4284723330001725, ""gpu_id"": 0, ""candidate_id"": 70, ""sample_weight"": 0.354287210681253}, {""client_id"": 9, ""model_family"": ""cnn1d"", ""feature_ids"": [3, 9, 10, 12, 13, 14, 16, 19, 22, 23], ""subset_size"": 10, ""micro_f1"": 0.89, ""macro_f1"": 0.0748008697944238, ""validation_loss"": 0.6410523010253906, ""train_loss"": 1.2585464455922444, ""seconds"": 0.3424894879999556, ""gpu_id"": 1, ""candidate_id"": 70, ""sample_weight"": 0.12090074249549396}, {""client_id"": 10, ""model_family"": ""cnn1d"", ""feature_ids"": [3, 9, 10, 12, 13, 14, 16, 19, 22, 23], ""subset_size"": 10, ""micro_f1"": 0.8181, ""macro_f1"": 0.10502068604735089, ""validation_loss"": 0.9910651977539062, ""train_loss"": 1.7630692718929715, ""seconds"": 0.35760591200005365, ""gpu_id"": 0, ""candidate_id"": 70, ""sample_weight"": 0.11011103958316146}]"
71,8,7100,"[3, 9, 10, 12, 13, 14, 16, 19, 22, 23]","[""UDP"", ""Rate"", ""IAT"", ""rst_flag_number"", ""Tot sum"", ""HTTPS"", ""fin_flag_number"", ""Header_Length"", ""Time_To_Live"", ""ARP""]",10,0.7116024257364131,0.06638147557458554,0.7118481397628784,0.6,0.5399754285973535,240,19180,"[{""client_id"": 1, ""model_family"": ""gru"", ""feature_ids"": [3, 9, 10, 12, 13, 14, 16, 19, 22, 23], ""subset_size"": 10, ""micro_f1"": 0.8775380710659898, ""macro_f1"": 0.02749339005625907, ""validation_loss"": 3.057897267607868, ""train_loss"": 3.315302661765583, ""seconds"": 0.13645364300009533, ""gpu_id"": 0, ""candidate_id"": 71, ""sample_weight"": 0.0008752009911046531}, {""client_id"": 2, ""model_family"": ""gru"", ""feature_ids"": [3, 9, 10, 12, 13, 14, 16, 19, 22, 23], ""subset_size"": 10, ""micro_f1"": 0.234, ""macro_f1"": 0.011452623000671704, ""validation_loss"": 2.94213515625, ""train_loss"": 3.2577432290818957, ""seconds"": 0.4110742040002151, ""gpu_id"": 1, ""candidate_id"": 71, ""sample_weight"": 0.061408177662345804}, {""client_id"": 3, ""model_family"": ""gru"", ""feature_ids"": [3, 9, 10, 12, 13, 14, 16, 19, 22, 23], ""subset_size"": 10, ""micro_f1"": 0.4764, ""macro_f1"": 0.01933523808836721, ""validation_loss"": 1.8497681640625, ""train_loss"": 2.7956972333484225, ""seconds"": 0.35659425999983796, ""gpu_id"": 1, ""candidate_id"": 71, ""sample_weight"": 0.10352608384640223}, {""client_id"": 4, ""model_family"": ""gru"", ""feature_ids"": [3, 9, 10, 12, 13, 14, 16, 19, 22, 23], ""subset_size"": 10, ""micro_f1"": 0.8305, ""macro_f1"": 0.026688304384851452, ""validation_loss"": 0.9233960083007813, ""train_loss"": 2.196214792368147, ""seconds"": 0.417554731999644, ""gpu_id"": 1, ""candidate_id"": 71, ""sample_weight"": 0.05331880053778213}, {""client_id"": 5, ""model_family"": ""transformer"", ""feature_ids"": [3, 9, 10, 12, 13, 14, 16, 19, 22, 23], ""subset_size"": 10, ""micro_f1"": 0.9445, ""macro_f1"": 0.05566600644425558, ""validation_loss"": 0.2973331481933594, ""train_loss"": 0.6994790537092421, ""seconds"": 0.8780951840003581, ""gpu_id"": 0, ""candidate_id"": 71, ""sample_weight"": 0.07030155005722065}, {""client_id"": 6, ""model_family"": ""transformer"", ""feature_ids"": [3, 9, 10, 12, 13, 14, 16, 19, 22, 23], ""subset_size"": 10, ""micro_f1"": 0.9913, ""macro_f1"": 0.057915741667449304, ""validation_loss"": 0.07200045928955078, ""train_loss"": 0.5259824580099848, ""seconds"": 0.8612591659998543, ""gpu_id"": 1, ""candidate_id"": 71, ""sample_weight"": 0.07459801933327874}, {""client_id"": 7, ""model_family"": ""transformer"", ""feature_ids"": [3, 9, 10, 12, 13, 14, 16, 19, 22, 23], ""subset_size"": 10, ""micro_f1"": 0.8634, ""macro_f1"": 0.027890574647668462, ""validation_loss"": 0.5570321899414062, ""train_loss"": 0.7716649613698323, ""seconds"": 0.771422025999982, ""gpu_id"": 1, ""candidate_id"": 71, ""sample_weight"": 0.05067317481195735}, {""client_id"": 8, ""model_family"": ""cnn1d"", ""feature_ids"": [3, 9, 10, 12, 13, 14, 16, 19, 22, 23], ""subset_size"": 10, ""micro_f1"": 0.6243, ""macro_f1"": 0.0903267965387834, ""validation_loss"": 1.5267485961914062, ""train_loss"": 2.2078802558051214, ""seconds"": 0.3914081369998712, ""gpu_id"": 0, ""candidate_id"": 71, ""sample_weight"": 0.354287210681253}, {""client_id"": 9, ""model_family"": ""cnn1d"", ""feature_ids"": [3, 9, 10, 12, 13, 14, 16, 19, 22, 23], ""subset_size"": 10, ""micro_f1"": 0.8898, ""macro_f1"": 0.07476139771196114, ""validation_loss"": 0.6419157470703125, ""train_loss"": 1.260099312930637, ""seconds"": 0.3390038040001855, ""gpu_id"": 1, ""candidate_id"": 71, ""sample_weight"": 0.12090074249549396}, {""client_id"": 10, ""model_family"": ""cnn1d"", ""feature_ids"": [3, 9, 10, 12, 13, 14, 16, 19, 22, 23], ""subset_size"": 10, ""micro_f1"": 0.8174, ""macro_f1"": 0.10482138214002087, ""validation_loss"": 0.9921023315429688, ""train_loss"": 1.7639993951691522, ""seconds"": 0.39987875899987557, ""gpu_id"": 0, ""candidate_id"": 71, ""sample_weight"": 0.11011103958316146}]"
72,8,7200,"[3, 9, 10, 12, 13, 14, 16, 19, 22, 23]","[""UDP"", ""Rate"", ""IAT"", ""rst_flag_number"", ""Tot sum"", ""HTTPS"", ""fin_flag_number"", ""Header_Length"", ""Time_To_Live"", ""ARP""]",10,0.7117772231410201,0.06637839711114381,0.7117552161216736,0.6,0.5400022007019347,240,19420,"[{""client_id"": 1, ""model_family"": ""gru"", ""feature_ids"": [3, 9, 10, 12, 13, 14, 16, 19, 22, 23], ""subset_size"": 10, ""micro_f1"": 0.8775380710659898, ""macro_f1"": 0.02749339005625907, ""validation_loss"": 3.057752270383883, ""train_loss"": 3.315098588505641, ""seconds"": 0.14399828699970385, ""gpu_id"": 0, ""candidate_id"": 72, ""sample_weight"": 0.0008752009911046531}, {""client_id"": 2, ""model_family"": ""gru"", ""feature_ids"": [3, 9, 10, 12, 13, 14, 16, 19, 22, 23], ""subset_size"": 10, ""micro_f1"": 0.2341, ""macro_f1"": 0.011455691197995369, ""validation_loss"": 2.942071484375, ""train_loss"": 3.257756053543091, ""seconds"": 0.41604226300023583, ""gpu_id"": 1, ""candidate_id"": 72, ""sample_weight"": 0.061408177662345804}, {""client_id"": 3, ""model_family"": ""gru"", ""feature_ids"": [3, 9, 10, 12, 13, 14, 16, 19, 22, 23], ""subset_size"": 10, ""micro_f1"": 0.4764, ""macro_f1"": 0.01933523808836721, ""validation_loss"": 1.8499140625, ""train_loss"": 2.7957740883085465, ""seconds"": 0.43441849900000307, ""gpu_id"": 1, ""candidate_id"": 72, ""sample_weight"": 0.10352608384640223}, {""client_id"": 4, ""model_family"": ""gru"", ""feature_ids"": [3, 9, 10, 12, 13, 14, 16, 19, 22, 23], ""subset_size"": 10, ""micro_f1"": 0.8305, ""macro_f1"": 0.026688304384851452, ""validation_loss"": 0.92371416015625, ""train_loss"": 2.196460572433472, ""seconds"": 0.4029940229997919, ""gpu_id"": 1, ""candidate_id"": 72, ""sample_weight"": 0.05331880053778213}, {""client_id"": 5, ""model_family"": ""transformer"", ""feature_ids"": [3, 9, 10, 12, 13, 14, 16, 19, 22, 23], ""subset_size"": 10, ""micro_f1"": 0.9447, ""macro_f1"": 0.05568285465632203, ""validation_loss"": 0.29767122039794924, ""train_loss"": 0.700021307738622, ""seconds"": 0.9244404500000201, ""gpu_id"": 0, ""candidate_id"": 72, ""sample_weight"": 0.07030155005722065}, {""client_id"": 6, ""model_family"": ""transformer"", ""feature_ids"": [3, 9, 10, 12, 13, 14, 16, 19, 22, 23], ""subset_size"": 10, ""micro_f1"": 0.9918, ""macro_f1"": 0.05797511271391187, ""validation_loss"": 0.07201736755371094, ""train_loss"": 0.5260805013378461, ""seconds"": 0.8766629579999972, ""gpu_id"": 1, ""candidate_id"": 72, ""sample_weight"": 0.07459801933327874}, {""client_id"": 7, ""model_family"": ""transformer"", ""feature_ids"": [3, 9, 10, 12, 13, 14, 16, 19, 22, 23], ""subset_size"": 10, ""micro_f1"": 0.8634, ""macro_f1"": 0.027890480342284824, ""validation_loss"": 0.5572505493164063, ""train_loss"": 0.771333041996426, ""seconds"": 0.8065745159997277, ""gpu_id"": 1, ""candidate_id"": 72, ""sample_weight"": 0.05067317481195735}, {""client_id"": 8, ""model_family"": ""cnn1d"", ""feature_ids"": [3, 9, 10, 12, 13, 14, 16, 19, 22, 23], ""subset_size"": 10, ""micro_f1"": 0.6246, ""macro_f1"": 0.09028920134631162, ""validation_loss"": 1.52684140625, ""train_loss"": 2.206922325346205, ""seconds"": 0.4162199350002993, ""gpu_id"": 0, ""candidate_id"": 72, ""sample_weight"": 0.354287210681253}, {""client_id"": 9, ""model_family"": ""cnn1d"", ""feature_ids"": [3, 9, 10, 12, 13, 14, 16, 19, 22, 23], ""subset_size"": 10, ""micro_f1"": 0.8898, ""macro_f1"": 0.07475098600512983, ""validation_loss"": 0.64036279296875, ""train_loss"": 1.259084505812327, ""seconds"": 0.3517595349999283, ""gpu_id"": 1, ""candidate_id"": 72, ""sample_weight"": 0.12090074249549396}, {""client_id"": 10, ""model_family"": ""cnn1d"", ""feature_ids"": [3, 9, 10, 12, 13, 14, 16, 19, 22, 23], ""subset_size"": 10, ""micro_f1"": 0.8175, ""macro_f1"": 0.10487317316836174, ""validation_loss"": 0.9939462890625, ""train_loss"": 1.7637625449498495, ""seconds"": 0.3966672890001064, ""gpu_id"": 0, ""candidate_id"": 72, ""sample_weight"": 0.11011103958316146}]"
73,8,7300,"[3, 9, 10, 12, 13, 14, 16, 19, 22, 23]","[""UDP"", ""Rate"", ""IAT"", ""rst_flag_number"", ""Tot sum"", ""HTTPS"", ""fin_flag_number"", ""Header_Length"", ""Time_To_Live"", ""ARP""]",10,0.7117213632002047,0.0664031613670336,0.7117385864257812,0.6,0.5399982776774424,240,19660,"[{""client_id"": 1, ""model_family"": ""gru"", ""feature_ids"": [3, 9, 10, 12, 13, 14, 16, 19, 22, 23], ""subset_size"": 10, ""micro_f1"": 0.8775380710659898, ""macro_f1"": 0.02749339005625907, ""validation_loss"": 3.0579090408867384, ""train_loss"": 3.3151777671409475, ""seconds"": 0.13199813399978666, ""gpu_id"": 0, ""candidate_id"": 73, ""sample_weight"": 0.0008752009911046531}, {""client_id"": 2, ""model_family"": ""gru"", ""feature_ids"": [3, 9, 10, 12, 13, 14, 16, 19, 22, 23], ""subset_size"": 10, ""micro_f1"": 0.234, ""macro_f1"": 0.011455306451463185, ""validation_loss"": 2.94212109375, ""train_loss"": 3.2576768889109293, ""seconds"": 0.40213579299961566, ""gpu_id"": 1, ""candidate_id"": 73, ""sample_weight"": 0.061408177662345804}, {""client_id"": 3, ""model_family"": ""gru"", ""feature_ids"": [3, 9, 10, 12, 13, 14, 16, 19, 22, 23], ""subset_size"": 10, ""micro_f1"": 0.4764, ""macro_f1"": 0.01933523808836721, ""validation_loss"": 1.84916279296875, ""train_loss"": 2.795412223794725, ""seconds"": 0.37775407600020117, ""gpu_id"": 1, ""candidate_id"": 73, ""sample_weight"": 0.10352608384640223}, {""client_id"": 4, ""model_family"": ""gru"", ""feature_ids"": [3, 9, 10, 12, 13, 14, 16, 19, 22, 23], ""subset_size"": 10, ""micro_f1"": 0.8305, ""macro_f1"": 0.026688304384851452, ""validation_loss"": 0.9243284912109375, ""train_loss"": 2.1963746950361465, ""seconds"": 0.4418867500003216, ""gpu_id"": 1, ""candidate_id"": 73, ""sample_weight"": 0.05331880053778213}, {""client_id"": 5, ""model_family"": ""transformer"", ""feature_ids"": [3, 9, 10, 12, 13, 14, 16, 19, 22, 23], ""subset_size"": 10, ""micro_f1"": 0.9445, ""macro_f1"": 0.05566600644425558, ""validation_loss"": 0.29791083068847657, ""train_loss"": 0.7000597793791029, ""seconds"": 0.8895033379999404, ""gpu_id"": 0, ""candidate_id"": 73, ""sample_weight"": 0.07030155005722065}, {""client_id"": 6, ""model_family"": ""transformer"", ""feature_ids"": [3, 9, 10, 12, 13, 14, 16, 19, 22, 23], ""subset_size"": 10, ""micro_f1"": 0.9909, ""macro_f1"": 0.05786812515628517, ""validation_loss"": 0.07208199768066406, ""train_loss"": 0.5262408730387688, ""seconds"": 0.8165140369997061, ""gpu_id"": 1, ""candidate_id"": 73, ""sample_weight"": 0.07459801933327874}, {""client_id"": 7, ""model_family"": ""transformer"", ""feature_ids"": [3, 9, 10, 12, 13, 14, 16, 19, 22, 23], ""subset_size"": 10, ""micro_f1"": 0.8634, ""macro_f1"": 0.027890480342284824, ""validation_loss"": 0.557385107421875, ""train_loss"": 0.7719794536484612, ""seconds"": 0.7635407660000055, ""gpu_id"": 1, ""candidate_id"": 73, ""sample_weight"": 0.05067317481195735}, {""client_id"": 8, ""model_family"": ""cnn1d"", ""feature_ids"": [3, 9, 10, 12, 13, 14, 16, 19, 22, 23], ""subset_size"": 10, ""micro_f1"": 0.6244, ""macro_f1"": 0.09027940541665587, ""validation_loss"": 1.5267505126953125, ""train_loss"": 2.207960120179918, ""seconds"": 0.4201213739997911, ""gpu_id"": 0, ""candidate_id"": 73, ""sample_weight"": 0.354287210681253}, {""client_id"": 9, ""model_family"": ""cnn1d"", ""feature_ids"": [3, 9, 10, 12, 13, 14, 16, 19, 22, 23], ""subset_size"": 10, ""micro_f1"": 0.8901, ""macro_f1"": 0.07481483870476238, ""validation_loss"": 0.640662548828125, ""train_loss"": 1.2599336648517185, ""seconds"": 0.3519650080002066, ""gpu_id"": 1, ""candidate_id"": 73, ""sample_weight"": 0.12090074249549396}, {""client_id"": 10, ""model_family"": ""cnn1d"", ""feature_ids"": [3, 9, 10, 12, 13, 14, 16, 19, 22, 23], ""subset_size"": 10, ""micro_f1"": 0.8181, ""macro_f1"": 0.10514293841351524, ""validation_loss"": 0.991692822265625, ""train_loss"": 1.7643762980249194, ""seconds"": 0.36441451099972255, ""gpu_id"": 0, ""candidate_id"": 73, ""sample_weight"": 0.11011103958316146}]"
74,8,7400,"[3, 9, 10, 12, 13, 14, 16, 19, 22, 23]","[""UDP"", ""Rate"", ""IAT"", ""rst_flag_number"", ""Tot sum"", ""HTTPS"", ""fin_flag_number"", ""Header_Length"", ""Time_To_Live"", ""ARP""]",10,0.7116761964736138,0.06637036411147185,0.7117234468460083,0.6,0.5399952749627606,240,19900,"[{""client_id"": 1, ""model_family"": ""gru"", ""feature_ids"": [3, 9, 10, 12, 13, 14, 16, 19, 22, 23], ""subset_size"": 10, ""micro_f1"": 0.8775380710659898, ""macro_f1"": 0.02749339005625907, ""validation_loss"": 3.058006944995241, ""train_loss"": 3.3152935008712228, ""seconds"": 0.13190206700028284, ""gpu_id"": 0, ""candidate_id"": 74, ""sample_weight"": 0.0008752009911046531}, {""client_id"": 2, ""model_family"": ""gru"", ""feature_ids"": [3, 9, 10, 12, 13, 14, 16, 19, 22, 23], ""subset_size"": 10, ""micro_f1"": 0.2341, ""macro_f1"": 0.011478457656989747, ""validation_loss"": 2.941958984375, ""train_loss"": 3.2576633041381835, ""seconds"": 0.419771806999961, ""gpu_id"": 1, ""candidate_id"": 74, ""sample_weight"": 0.061408177662345804}, {""client_id"": 3, ""model_family"": ""gru"", ""feature_ids"": [3, 9, 10, 12, 13, 14, 16, 19, 22, 23], ""subset_size"": 10, ""micro_f1"": 0.4764, ""macro_f1"": 0.01933523808836721, ""validation_loss"": 1.8494623046875, ""train_loss"": 2.795529057905409, ""seconds"": 0.457552251999914, ""gpu_id"": 1, ""candidate_id"": 74, ""sample_weight"": 0.10352608384640223}, {""client_id"": 4, ""model_family"": ""gru"", ""feature_ids"": [3, 9, 10, 12, 13, 14, 16, 19, 22, 23], ""subset_size"": 10, ""micro_f1"": 0.8305, ""macro_f1"": 0.026688304384851452, ""validation_loss"": 0.9232694091796875, ""train_loss"": 2.1965741523106894, ""seconds"": 0.40107380700010253, ""gpu_id"": 1, ""candidate_id"": 74, ""sample_weight"": 0.05331880053778213}, {""client_id"": 5, ""model_family"": ""transformer"", ""feature_ids"": [3, 9, 10, 12, 13, 14, 16, 19, 22, 23], ""subset_size"": 10, ""micro_f1"": 0.9446, ""macro_f1"": 0.055674431765575724, ""validation_loss"": 0.2969110321044922, ""train_loss"": 0.698943499496248, ""seconds"": 0.95205808000037, ""gpu_id"": 0, ""candidate_id"": 74, ""sample_weight"": 0.07030155005722065}, {""client_id"": 6, ""model_family"": ""transformer"", ""feature_ids"": [3, 9, 10, 12, 13, 14, 16, 19, 22, 23], ""subset_size"": 10, ""micro_f1"": 0.9919, ""macro_f1"": 0.05798696704700286, ""validation_loss"": 0.07197962341308593, ""train_loss"": 0.5262261057284143, ""seconds"": 0.852485918000184, ""gpu_id"": 1, ""candidate_id"": 74, ""sample_weight"": 0.07459801933327874}, {""client_id"": 7, ""model_family"": ""transformer"", ""feature_ids"": [3, 9, 10, 12, 13, 14, 16, 19, 22, 23], ""subset_size"": 10, ""micro_f1"": 0.8635, ""macro_f1"": 0.027893558494274318, ""validation_loss"": 0.5575862915039063, ""train_loss"": 0.7712375163502163, ""seconds"": 0.7384391079999659, ""gpu_id"": 1, ""candidate_id"": 74, ""sample_weight"": 0.05067317481195735}, {""client_id"": 8, ""model_family"": ""cnn1d"", ""feature_ids"": [3, 9, 10, 12, 13, 14, 16, 19, 22, 23], ""subset_size"": 10, ""micro_f1"": 0.6242, ""macro_f1"": 0.09016715224955495, ""validation_loss"": 1.5283379516601563, ""train_loss"": 2.2074471677568224, ""seconds"": 0.3597961299997223, ""gpu_id"": 0, ""candidate_id"": 74, ""sample_weight"": 0.354287210681253}, {""client_id"": 9, ""model_family"": ""cnn1d"", ""feature_ids"": [3, 9, 10, 12, 13, 14, 16, 19, 22, 23], ""subset_size"": 10, ""micro_f1"": 0.89, ""macro_f1"": 0.0748008697944238, ""validation_loss"": 0.6413345642089844, ""train_loss"": 1.2598511208004421, ""seconds"": 0.33394585800033383, ""gpu_id"": 1, ""candidate_id"": 74, ""sample_weight"": 0.12090074249549396}, {""client_id"": 10, ""model_family"": ""cnn1d"", ""feature_ids"": [3, 9, 10, 12, 13, 14, 16, 19, 22, 23], ""subset_size"": 10, ""micro_f1"": 0.8176, ""macro_f1"": 0.10512137946390884, ""validation_loss"": 0.9934690551757812, ""train_loss"": 1.764093294482761, ""seconds"": 0.4064784430001964, ""gpu_id"": 0, ""candidate_id"": 74, ""sample_weight"": 0.11011103958316146}]"
75,8,7500,"[3, 9, 10, 12, 13, 14, 16, 19, 22, 23]","[""UDP"", ""Rate"", ""IAT"", ""rst_flag_number"", ""Tot sum"", ""HTTPS"", ""fin_flag_number"", ""Header_Length"", ""Time_To_Live"", ""ARP""]",10,0.7117330207243819,0.06637740874503124,0.7116973400115967,0.6,0.5400035680712786,240,20140,"[{""client_id"": 1, ""model_family"": ""gru"", ""feature_ids"": [3, 9, 10, 12, 13, 14, 16, 19, 22, 23], ""subset_size"": 10, ""micro_f1"": 0.8775380710659898, ""macro_f1"": 0.02749339005625907, ""validation_loss"": 3.0578371619210025, ""train_loss"": 3.3152017968560235, ""seconds"": 0.1518736549996902, ""gpu_id"": 0, ""candidate_id"": 75, ""sample_weight"": 0.0008752009911046531}, {""client_id"": 2, ""model_family"": ""gru"", ""feature_ids"": [3, 9, 10, 12, 13, 14, 16, 19, 22, 23], ""subset_size"": 10, ""micro_f1"": 0.234, ""macro_f1"": 0.011452623000671704, ""validation_loss"": 2.9419400390625, ""train_loss"": 3.2577128029293485, ""seconds"": 0.3885080269997161, ""gpu_id"": 1, ""candidate_id"": 75, ""sample_weight"": 0.061408177662345804}, {""client_id"": 3, ""model_family"": ""gru"", ""feature_ids"": [3, 9, 10, 12, 13, 14, 16, 19, 22, 23], ""subset_size"": 10, ""micro_f1"": 0.4764, ""macro_f1"": 0.01933523808836721, ""validation_loss"": 1.849074658203125, ""train_loss"": 2.7955477542241414, ""seconds"": 0.36328050400015854, ""gpu_id"": 1, ""candidate_id"": 75, ""sample_weight"": 0.10352608384640223}, {""client_id"": 4, ""model_family"": ""gru"", ""feature_ids"": [3, 9, 10, 12, 13, 14, 16, 19, 22, 23], ""subset_size"": 10, ""micro_f1"": 0.8305, ""macro_f1"": 0.026688304384851452, ""validation_loss"": 0.9228916748046875, ""train_loss"": 2.1957229734208847, ""seconds"": 0.38185366900006557, ""gpu_id"": 1, ""candidate_id"": 75, ""sample_weight"": 0.05331880053778213}, {""client_id"": 5, ""model_family"": ""transformer"", ""feature_ids"": [3, 9, 10, 12, 13, 14, 16, 19, 22, 23], ""subset_size"": 10, ""micro_f1"": 0.9447, ""macro_f1"": 0.05568285465632203, ""validation_loss"": 0.29737317962646487, ""train_loss"": 0.6976421857568953, ""seconds"": 0.8430662089999714, ""gpu_id"": 0, ""candidate_id"": 75, ""sample_weight"": 0.07030155005722065}, {""client_id"": 6, ""model_family"": ""transformer"", ""feature_ids"": [3, 9, 10, 12, 13, 14, 16, 19, 22, 23], ""subset_size"": 10, ""micro_f1"": 0.9918, ""macro_f1"": 0.05797511271391187, ""validation_loss"": 0.07194193115234375, ""train_loss"": 0.5265199872811636, ""seconds"": 0.831202905000282, ""gpu_id"": 1, ""candidate_id"": 75, ""sample_weight"": 0.07459801933327874}, {""client_id"": 7, ""model_family"": ""transformer"", ""feature_ids"": [3, 9, 10, 12, 13, 14, 16, 19, 22, 23], ""subset_size"": 10, ""micro_f1"": 0.8634, ""macro_f1"": 0.027750354801720813, ""validation_loss"": 0.5576437683105469, ""train_loss"": 0.7709141690360175, ""seconds"": 0.7696475510001619, ""gpu_id"": 1, ""candidate_id"": 75, ""sample_weight"": 0.05067317481195735}, {""client_id"": 8, ""model_family"": ""cnn1d"", ""feature_ids"": [3, 9, 10, 12, 13, 14, 16, 19, 22, 23], ""subset_size"": 10, ""micro_f1"": 0.6243, ""macro_f1"": 0.09025544528599254, ""validation_loss"": 1.5288741455078125, ""train_loss"": 2.208802974743313, ""seconds"": 0.3895225040000696, ""gpu_id"": 0, ""candidate_id"": 75, ""sample_weight"": 0.354287210681253}, {""client_id"": 9, ""model_family"": ""cnn1d"", ""feature_ids"": [3, 9, 10, 12, 13, 14, 16, 19, 22, 23], ""subset_size"": 10, ""micro_f1"": 0.89, ""macro_f1"": 0.07479050138212272, ""validation_loss"": 0.6396730224609375, ""train_loss"": 1.258131334484948, ""seconds"": 0.3253569109997443, ""gpu_id"": 1, ""candidate_id"": 75, ""sample_weight"": 0.12090074249549396}, {""client_id"": 10, ""model_family"": ""cnn1d"", ""feature_ids"": [3, 9, 10, 12, 13, 14, 16, 19, 22, 23], ""subset_size"": 10, ""micro_f1"": 0.8179, ""macro_f1"": 0.10499561824192606, ""validation_loss"": 0.9915755126953125, ""train_loss"": 1.7646401881959703, ""seconds"": 0.36676365300036196, ""gpu_id"": 0, ""candidate_id"": 75, ""sample_weight"": 0.11011103958316146}]"
76,8,7600,"[3, 9, 10, 12, 13, 14, 16, 19, 22, 23]","[""UDP"", ""Rate"", ""IAT"", ""rst_flag_number"", ""Tot sum"", ""HTTPS"", ""fin_flag_number"", ""Header_Length"", ""Time_To_Live"", ""ARP""]",10,0.7116473539454357,0.06635458163371051,0.7117055058479309,0.6,0.5399941848097505,240,20380,"[{""client_id"": 1, ""model_family"": ""gru"", ""feature_ids"": [3, 9, 10, 12, 13, 14, 16, 19, 22, 23], ""subset_size"": 10, ""micro_f1"": 0.8775380710659898, ""macro_f1"": 0.02749339005625907, ""validation_loss"": 3.057816093948287, ""train_loss"": 3.315148506067731, ""seconds"": 0.1429779459999736, ""gpu_id"": 0, ""candidate_id"": 76, ""sample_weight"": 0.0008752009911046531}, {""client_id"": 2, ""model_family"": ""gru"", ""feature_ids"": [3, 9, 10, 12, 13, 14, 16, 19, 22, 23], ""subset_size"": 10, ""micro_f1"": 0.2342, ""macro_f1"": 0.011505107040367175, ""validation_loss"": 2.942309375, ""train_loss"": 3.257767839516534, ""seconds"": 0.4395640560001084, ""gpu_id"": 1, ""candidate_id"": 76, ""sample_weight"": 0.061408177662345804}, {""client_id"": 3, ""model_family"": ""gru"", ""feature_ids"": [3, 9, 10, 12, 13, 14, 16, 19, 22, 23], ""subset_size"": 10, ""micro_f1"": 0.4764, ""macro_f1"": 0.01933523808836721, ""validation_loss"": 1.8496927734375, ""train_loss"": 2.795699440595839, ""seconds"": 0.3631676770000922, ""gpu_id"": 1, ""candidate_id"": 76, ""sample_weight"": 0.10352608384640223}, {""client_id"": 4, ""model_family"": ""gru"", ""feature_ids"": [3, 9, 10, 12, 13, 14, 16, 19, 22, 23], ""subset_size"": 10, ""micro_f1"": 0.8305, ""macro_f1"": 0.026688304384851452, ""validation_loss"": 0.9227424926757812, ""train_loss"": 2.1952090943336486, ""seconds"": 0.3958708879999904, ""gpu_id"": 1, ""candidate_id"": 76, ""sample_weight"": 0.05331880053778213}, {""client_id"": 5, ""model_family"": ""transformer"", ""feature_ids"": [3, 9, 10, 12, 13, 14, 16, 19, 22, 23], ""subset_size"": 10, ""micro_f1"": 0.9452, ""macro_f1"": 0.05572493271136629, ""validation_loss"": 0.29738399353027345, ""train_loss"": 0.6987608208444384, ""seconds"": 0.8648537290000604, ""gpu_id"": 0, ""candidate_id"": 76, ""sample_weight"": 0.07030155005722065}, {""client_id"": 6, ""model_family"": ""transformer"", ""feature_ids"": [3, 9, 10, 12, 13, 14, 16, 19, 22, 23], ""subset_size"": 10, ""micro_f1"": 0.9918, ""macro_f1"": 0.05797511271391187, ""validation_loss"": 0.07208468017578125, ""train_loss"": 0.5262767895433638, ""seconds"": 0.7875378420003472, ""gpu_id"": 1, ""candidate_id"": 76, ""sample_weight"": 0.07459801933327874}, {""client_id"": 7, ""model_family"": ""transformer"", ""feature_ids"": [3, 9, 10, 12, 13, 14, 16, 19, 22, 23], ""subset_size"": 10, ""micro_f1"": 0.8634, ""macro_f1"": 0.027890480342284824, ""validation_loss"": 0.5572080505371094, ""train_loss"": 0.7713024758127001, ""seconds"": 0.7490343370000119, ""gpu_id"": 1, ""candidate_id"": 76, ""sample_weight"": 0.05067317481195735}, {""client_id"": 8, ""model_family"": ""cnn1d"", ""feature_ids"": [3, 9, 10, 12, 13, 14, 16, 19, 22, 23], ""subset_size"": 10, ""micro_f1"": 0.6238, ""macro_f1"": 0.09012053329460196, ""validation_loss"": 1.5286590454101563, ""train_loss"": 2.2080366388108996, ""seconds"": 0.35816249100025743, ""gpu_id"": 0, ""candidate_id"": 76, ""sample_weight"": 0.354287210681253}, {""client_id"": 9, ""model_family"": ""cnn1d"", ""feature_ids"": [3, 9, 10, 12, 13, 14, 16, 19, 22, 23], ""subset_size"": 10, ""micro_f1"": 0.89, ""macro_f1"": 0.07479973182297892, ""validation_loss"": 0.6401115051269531, ""train_loss"": 1.257933181529575, ""seconds"": 0.33091715200043836, ""gpu_id"": 1, ""candidate_id"": 76, ""sample_weight"": 0.12090074249549396}, {""client_id"": 10, ""model_family"": ""cnn1d"", ""feature_ids"": [3, 9, 10, 12, 13, 14, 16, 19, 22, 23], ""subset_size"": 10, ""micro_f1"": 0.8183, ""macro_f1"": 0.10509163774136741, ""validation_loss"": 0.990034619140625, ""train_loss"": 1.7630672215779621, ""seconds"": 0.3557411400001911, ""gpu_id"": 0, ""candidate_id"": 76, ""sample_weight"": 0.11011103958316146}]"
77,8,7700,"[3, 4, 5, 7, 8, 12, 13, 14, 18, 22, 23]","[""UDP"", ""fin_count"", ""Max"", ""syn_count"", ""Protocol Type"", ""rst_flag_number"", ""Tot sum"", ""HTTPS"", ""rst_count"", ""Time_To_Live"", ""ARP""]",11,0.6985942097716832,0.06056405236177485,0.8688393235206604,0.56,0.48697548862510237,260,20640,"[{""client_id"": 1, ""model_family"": ""gru"", ""feature_ids"": [3, 4, 5, 7, 8, 12, 13, 14, 18, 22, 23], ""subset_size"": 11, ""micro_f1"": 0.8775380710659898, ""macro_f1"": 0.02749339005625907, ""validation_loss"": 2.9178187956059647, ""train_loss"": 3.2468406313634226, ""seconds"": 0.13631382799985658, ""gpu_id"": 0, ""candidate_id"": 77, ""sample_weight"": 0.0008752009911046531}, {""client_id"": 2, ""model_family"": ""gru"", ""feature_ids"": [3, 4, 5, 7, 8, 12, 13, 14, 18, 22, 23], ""subset_size"": 11, ""micro_f1"": 0.2351, ""macro_f1"": 0.011645454768731828, ""validation_loss"": 2.7911021484375, ""train_loss"": 3.191154838434855, ""seconds"": 0.4250601630001256, ""gpu_id"": 1, ""candidate_id"": 77, ""sample_weight"": 0.061408177662345804}, {""client_id"": 3, ""model_family"": ""gru"", ""feature_ids"": [3, 4, 5, 7, 8, 12, 13, 14, 18, 22, 23], ""subset_size"": 11, ""micro_f1"": 0.4766, ""macro_f1"": 0.020063528818020312, ""validation_loss"": 1.656252978515625, ""train_loss"": 2.6323957199308605, ""seconds"": 0.3635811490003107, ""gpu_id"": 1, ""candidate_id"": 77, ""sample_weight"": 0.10352608384640223}, {""client_id"": 4, ""model_family"": ""gru"", ""feature_ids"": [3, 4, 5, 7, 8, 12, 13, 14, 18, 22, 23], ""subset_size"": 11, ""micro_f1"": 0.8304, ""macro_f1"": 0.026695299389840096, ""validation_loss"": 0.8941256103515625, ""train_loss"": 2.015025828721788, ""seconds"": 0.43323740499999985, ""gpu_id"": 1, ""candidate_id"": 77, ""sample_weight"": 0.05331880053778213}, {""client_id"": 5, ""model_family"": ""transformer"", ""feature_ids"": [3, 4, 5, 7, 8, 12, 13, 14, 18, 22, 23], ""subset_size"": 11, ""micro_f1"": 0.9475, ""macro_f1"": 0.0561018134423133, ""validation_loss"": 0.39036401977539065, ""train_loss"": 0.7765281485451593, ""seconds"": 0.8848491140001897, ""gpu_id"": 0, ""candidate_id"": 77, ""sample_weight"": 0.07030155005722065}, {""client_id"": 6, ""model_family"": ""transformer"", ""feature_ids"": [3, 4, 5, 7, 8, 12, 13, 14, 18, 22, 23], ""subset_size"": 11, ""micro_f1"": 0.9937, ""macro_f1"": 0.058223032791234, ""validation_loss"": 0.07491875457763672, ""train_loss"": 0.5476414571404458, ""seconds"": 0.890416008000102, ""gpu_id"": 1, ""candidate_id"": 77, ""sample_weight"": 0.07459801933327874}, {""client_id"": 7, ""model_family"": ""transformer"", ""feature_ids"": [3, 4, 5, 7, 8, 12, 13, 14, 18, 22, 23], ""subset_size"": 11, ""micro_f1"": 0.8642, ""macro_f1"": 0.02946164991592761, ""validation_loss"": 0.5597869750976563, ""train_loss"": 0.77289126874076, ""seconds"": 0.7852432699996825, ""gpu_id"": 1, ""candidate_id"": 77, ""sample_weight"": 0.05067317481195735}, {""client_id"": 8, ""model_family"": ""cnn1d"", ""feature_ids"": [3, 4, 5, 7, 8, 12, 13, 14, 18, 22, 23], ""subset_size"": 11, ""micro_f1"": 0.6383, ""macro_f1"": 0.08588542002183422, ""validation_loss"": 1.3438452880859375, ""train_loss"": 2.0532012212965225, ""seconds"": 0.3936311369998293, ""gpu_id"": 0, ""candidate_id"": 77, ""sample_weight"": 0.354287210681253}, {""client_id"": 9, ""model_family"": ""cnn1d"", ""feature_ids"": [3, 4, 5, 7, 8, 12, 13, 14, 18, 22, 23], ""subset_size"": 11, ""micro_f1"": 0.8577, ""macro_f1"": 0.054985488809406284, ""validation_loss"": 0.7005050903320312, ""train_loss"": 1.3074265189064873, ""seconds"": 0.3178141619996495, ""gpu_id"": 1, ""candidate_id"": 77, ""sample_weight"": 0.12090074249549396}, {""client_id"": 10, ""model_family"": ""cnn1d"", ""feature_ids"": [3, 4, 5, 7, 8, 12, 13, 14, 18, 22, 23], ""subset_size"": 11, ""micro_f1"": 0.6848, ""macro_f1"": 0.08598800865333174, ""validation_loss"": 0.9740885986328125, ""train_loss"": 1.7329254015604656, ""seconds"": 0.41775523000023895, ""gpu_id"": 0, ""candidate_id"": 77, ""sample_weight"": 0.11011103958316146}]"
78,8,7800,"[3, 9, 10, 12, 13, 14, 16, 19, 22, 23]","[""UDP"", ""Rate"", ""IAT"", ""rst_flag_number"", ""Tot sum"", ""HTTPS"", ""fin_flag_number"", ""Header_Length"", ""Time_To_Live"", ""ARP""]",10,0.7118716864026012,0.0663710331098032,0.6571332216262817,0.6,0.545473846477632,240,20880,"[{""client_id"": 1, ""model_family"": ""gru"", ""feature_ids"": [3, 9, 10, 12, 13, 14, 16, 19, 22, 23], ""subset_size"": 10, ""micro_f1"": 0.8775380710659898, ""macro_f1"": 0.02749339005625907, ""validation_loss"": 3.0578712424651013, ""train_loss"": 3.3150513603804277, ""seconds"": 0.12604611799997656, ""gpu_id"": 0, ""candidate_id"": 78, ""sample_weight"": 0.0008752009911046531}, {""client_id"": 2, ""model_family"": ""gru"", ""feature_ids"": [3, 9, 10, 12, 13, 14, 16, 19, 22, 23], ""subset_size"": 10, ""micro_f1"": 0.234, ""macro_f1"": 0.011453517297617942, ""validation_loss"": 2.94234453125, ""train_loss"": 3.2578500211927626, ""seconds"": 0.3705323149997639, ""gpu_id"": 1, ""candidate_id"": 78, ""sample_weight"": 0.061408177662345804}, {""client_id"": 3, ""model_family"": ""gru"", ""feature_ids"": [3, 9, 10, 12, 13, 14, 16, 19, 22, 23], ""subset_size"": 10, ""micro_f1"": 0.4764, ""macro_f1"": 0.01933523808836721, ""validation_loss"": 1.849303564453125, ""train_loss"": 2.795675608189901, ""seconds"": 0.3940192760001082, ""gpu_id"": 1, ""candidate_id"": 78, ""sample_weight"": 0.10352608384640223}, {""client_id"": 4, ""model_family"": ""gru"", ""feature_ids"": [3, 9, 10, 12, 13, 14, 16, 19, 22, 23], ""subset_size"": 10, ""micro_f1"": 0.8305, ""macro_f1"": 0.026688304384851452, ""validation_loss"": 0.9236103759765625, ""train_loss"": 2.196585779868232, ""seconds"": 0.41178745600018374, ""gpu_id"": 1, ""candidate_id"": 78, ""sample_weight"": 0.05331880053778213}, {""client_id"": 5, ""model_family"": ""transformer"", ""feature_ids"": [3, 9, 10, 12, 13, 14, 16, 19, 22, 23], ""subset_size"": 10, ""micro_f1"": 0.9445, ""macro_f1"": 0.05566600644425558, ""validation_loss"": 0.2980130599975586, ""train_loss"": 0.6993117969565922, ""seconds"": 0.8686880159998509, ""gpu_id"": 0, ""candidate_id"": 78, ""sample_weight"": 0.07030155005722065}, {""client_id"": 6, ""model_family"": ""transformer"", ""feature_ids"": [3, 9, 10, 12, 13, 14, 16, 19, 22, 23], ""subset_size"": 10, ""micro_f1"": 0.9918, ""macro_f1"": 0.05797511271391187, ""validation_loss"": 0.07198709564208984, ""train_loss"": 0.5265807830691338, ""seconds"": 0.797835454000051, ""gpu_id"": 1, ""candidate_id"": 78, ""sample_weight"": 0.07459801933327874}, {""client_id"": 7, ""model_family"": ""transformer"", ""feature_ids"": [3, 9, 10, 12, 13, 14, 16, 19, 22, 23], ""subset_size"": 10, ""micro_f1"": 0.8634, ""macro_f1"": 0.027749931907918506, ""validation_loss"": 0.5576483947753906, ""train_loss"": 0.771295030509101, ""seconds"": 0.7862569710000571, ""gpu_id"": 1, ""candidate_id"": 78, ""sample_weight"": 0.05067317481195735}, {""client_id"": 8, ""model_family"": ""cnn1d"", ""feature_ids"": [3, 9, 10, 12, 13, 14, 16, 19, 22, 23], ""subset_size"": 10, ""micro_f1"": 0.6247, ""macro_f1"": 0.09025083340791902, ""validation_loss"": 1.5292537719726562, ""train_loss"": 2.208422305340237, ""seconds"": 0.38176789599992844, ""gpu_id"": 0, ""candidate_id"": 78, ""sample_weight"": 0.354287210681253}, {""client_id"": 9, ""model_family"": ""cnn1d"", ""feature_ids"": [3, 9, 10, 12, 13, 14, 16, 19, 22, 23], ""subset_size"": 10, ""micro_f1"": 0.89, ""macro_f1"": 0.07478994520854484, ""validation_loss"": 0.638179052734375, ""train_loss"": 1.2589600966877408, ""seconds"": 0.3367330910000419, ""gpu_id"": 1, ""candidate_id"": 78, ""sample_weight"": 0.12090074249549396}, {""client_id"": 10, ""model_family"": ""cnn1d"", ""feature_ids"": [3, 9, 10, 12, 13, 14, 16, 19, 22, 23], ""subset_size"": 10, ""micro_f1"": 0.818, ""macro_f1"": 0.10496361875872796, ""validation_loss"": 0.9913303100585937, ""train_loss"": 1.761740067270067, ""seconds"": 0.3520851630000834, ""gpu_id"": 0, ""candidate_id"": 78, ""sample_weight"": 0.11011103958316146}]"
79,8,7900,"[3, 9, 10, 12, 13, 14, 16, 19, 22, 23]","[""UDP"", ""Rate"", ""IAT"", ""rst_flag_number"", ""Tot sum"", ""HTTPS"", ""fin_flag_number"", ""Header_Length"", ""Time_To_Live"", ""ARP""]",10,0.7117884283515263,0.06635861359417156,0.6719557046890259,0.6,0.5439832723662501,240,21120,"[{""client_id"": 1, ""model_family"": ""gru"", ""feature_ids"": [3, 9, 10, 12, 13, 14, 16, 19, 22, 23], ""subset_size"": 10, ""micro_f1"": 0.8775380710659898, ""macro_f1"": 0.02749339005625907, ""validation_loss"": 3.0578947890228427, ""train_loss"": 3.3151336318681417, ""seconds"": 0.1240150880003057, ""gpu_id"": 0, ""candidate_id"": 79, ""sample_weight"": 0.0008752009911046531}, {""client_id"": 2, ""model_family"": ""gru"", ""feature_ids"": [3, 9, 10, 12, 13, 14, 16, 19, 22, 23], ""subset_size"": 10, ""micro_f1"": 0.2342, ""macro_f1"": 0.01150334922835992, ""validation_loss"": 2.9423005859375, ""train_loss"": 3.2577000004662406, ""seconds"": 0.4027500750003128, ""gpu_id"": 1, ""candidate_id"": 79, ""sample_weight"": 0.061408177662345804}, {""client_id"": 3, ""model_family"": ""gru"", ""feature_ids"": [3, 9, 10, 12, 13, 14, 16, 19, 22, 23], ""subset_size"": 10, ""micro_f1"": 0.4764, ""macro_f1"": 0.01933523808836721, ""validation_loss"": 1.849075244140625, ""train_loss"": 2.7954801002926297, ""seconds"": 0.3615305360003731, ""gpu_id"": 1, ""candidate_id"": 79, ""sample_weight"": 0.10352608384640223}, {""client_id"": 4, ""model_family"": ""gru"", ""feature_ids"": [3, 9, 10, 12, 13, 14, 16, 19, 22, 23], ""subset_size"": 10, ""micro_f1"": 0.8305, ""macro_f1"": 0.026688304384851452, ""validation_loss"": 0.9234981323242187, ""train_loss"": 2.1956838190926447, ""seconds"": 0.4007287749996067, ""gpu_id"": 1, ""candidate_id"": 79, ""sample_weight"": 0.05331880053778213}, {""client_id"": 5, ""model_family"": ""transformer"", ""feature_ids"": [3, 9, 10, 12, 13, 14, 16, 19, 22, 23], ""subset_size"": 10, ""micro_f1"": 0.9447, ""macro_f1"": 0.05568285465632203, ""validation_loss"": 0.29692061309814455, ""train_loss"": 0.6976972721682655, ""seconds"": 0.8558259029996407, ""gpu_id"": 0, ""candidate_id"": 79, ""sample_weight"": 0.07030155005722065}, {""client_id"": 6, ""model_family"": ""transformer"", ""feature_ids"": [3, 9, 10, 12, 13, 14, 16, 19, 22, 23], ""subset_size"": 10, ""micro_f1"": 0.9919, ""macro_f1"": 0.05798696704700286, ""validation_loss"": 0.07181739654541015, ""train_loss"": 0.5260556659552786, ""seconds"": 0.8913148890001139, ""gpu_id"": 1, ""candidate_id"": 79, ""sample_weight"": 0.07459801933327874}, {""client_id"": 7, ""model_family"": ""transformer"", ""feature_ids"": [3, 9, 10, 12, 13, 14, 16, 19, 22, 23], ""subset_size"": 10, ""micro_f1"": 0.8634, ""macro_f1"": 0.027749931907918506, ""validation_loss"": 0.5575327270507813, ""train_loss"": 0.7707475781122843, ""seconds"": 0.7356037900003685, ""gpu_id"": 1, ""candidate_id"": 79, ""sample_weight"": 0.05067317481195735}, {""client_id"": 8, ""model_family"": ""cnn1d"", ""feature_ids"": [3, 9, 10, 12, 13, 14, 16, 19, 22, 23], ""subset_size"": 10, ""micro_f1"": 0.6245, ""macro_f1"": 0.09017886482553987, ""validation_loss"": 1.5260717163085937, ""train_loss"": 2.2078255062739056, ""seconds"": 0.4046524089999366, ""gpu_id"": 0, ""candidate_id"": 79, ""sample_weight"": 0.354287210681253}, {""client_id"": 9, ""model_family"": ""cnn1d"", ""feature_ids"": [3, 9, 10, 12, 13, 14, 16, 19, 22, 23], ""subset_size"": 10, ""micro_f1"": 0.8898, ""macro_f1"": 0.0747391481690563, ""validation_loss"": 0.6390188354492188, ""train_loss"": 1.2584454951180353, ""seconds"": 0.3199585440002011, ""gpu_id"": 1, ""candidate_id"": 79, ""sample_weight"": 0.12090074249549396}, {""client_id"": 10, ""model_family"": ""cnn1d"", ""feature_ids"": [3, 9, 10, 12, 13, 14, 16, 19, 22, 23], ""subset_size"": 10, ""micro_f1"": 0.8178, ""macro_f1"": 0.10509158575704984, ""validation_loss"": 0.9917729736328125, ""train_loss"": 1.7641461358070374, ""seconds"": 0.40580503499995757, ""gpu_id"": 0, ""candidate_id"": 79, ""sample_weight"": 0.11011103958316146}]"
80,8,8000,"[3, 9, 10, 12, 13, 14, 16, 19, 22, 23]","[""UDP"", ""Rate"", ""IAT"", ""rst_flag_number"", ""Tot sum"", ""HTTPS"", ""fin_flag_number"", ""Header_Length"", ""Time_To_Live"", ""ARP""]",10,0.7117282780994341,0.06641273919655946,0.7007179856300354,0.6,0.5411010292469399,240,21360,"[{""client_id"": 1, ""model_family"": ""gru"", ""feature_ids"": [3, 9, 10, 12, 13, 14, 16, 19, 22, 23], ""subset_size"": 10, ""micro_f1"": 0.8775380710659898, ""macro_f1"": 0.02749339005625907, ""validation_loss"": 3.0579623304647843, ""train_loss"": 3.3153717878237323, ""seconds"": 0.12296399599972574, ""gpu_id"": 0, ""candidate_id"": 80, ""sample_weight"": 0.0008752009911046531}, {""client_id"": 2, ""model_family"": ""gru"", ""feature_ids"": [3, 9, 10, 12, 13, 14, 16, 19, 22, 23], ""subset_size"": 10, ""micro_f1"": 0.234, ""macro_f1"": 0.011454411781214431, ""validation_loss"": 2.9421416015625, ""train_loss"": 3.257816797214084, ""seconds"": 0.3706907629998568, ""gpu_id"": 1, ""candidate_id"": 80, ""sample_weight"": 0.061408177662345804}, {""client_id"": 3, ""model_family"": ""gru"", ""feature_ids"": [3, 9, 10, 12, 13, 14, 16, 19, 22, 23], ""subset_size"": 10, ""micro_f1"": 0.4764, ""macro_f1"": 0.01933523808836721, ""validation_loss"": 1.85086533203125, ""train_loss"": 2.796211881213718, ""seconds"": 0.357024808999995, ""gpu_id"": 1, ""candidate_id"": 80, ""sample_weight"": 0.10352608384640223}, {""client_id"": 4, ""model_family"": ""gru"", ""feature_ids"": [3, 9, 10, 12, 13, 14, 16, 19, 22, 23], ""subset_size"": 10, ""micro_f1"": 0.8305, ""macro_f1"": 0.026688304384851452, ""validation_loss"": 0.92339169921875, ""train_loss"": 2.1964572400093076, ""seconds"": 0.354208245999871, ""gpu_id"": 1, ""candidate_id"": 80, ""sample_weight"": 0.05331880053778213}, {""client_id"": 5, ""model_family"": ""transformer"", ""feature_ids"": [3, 9, 10, 12, 13, 14, 16, 19, 22, 23], ""subset_size"": 10, ""micro_f1"": 0.9447, ""macro_f1"": 0.05568285465632203, ""validation_loss"": 0.29721261444091795, ""train_loss"": 0.6983283164872064, ""seconds"": 0.8150756000000001, ""gpu_id"": 0, ""candidate_id"": 80, ""sample_weight"": 0.07030155005722065}, {""client_id"": 6, ""model_family"": ""transformer"", ""feature_ids"": [3, 9, 10, 12, 13, 14, 16, 19, 22, 23], ""subset_size"": 10, ""micro_f1"": 0.9907, ""macro_f1"": 0.05784427685593518, ""validation_loss"": 0.07196422576904297, ""train_loss"": 0.5266448959231377, ""seconds"": 0.7809361159997934, ""gpu_id"": 1, ""candidate_id"": 80, ""sample_weight"": 0.07459801933327874}, {""client_id"": 7, ""model_family"": ""transformer"", ""feature_ids"": [3, 9, 10, 12, 13, 14, 16, 19, 22, 23], ""subset_size"": 10, ""micro_f1"": 0.8634, ""macro_f1"": 0.027890480342284824, ""validation_loss"": 0.5571511108398437, ""train_loss"": 0.7715349615097046, ""seconds"": 0.7374023160000434, ""gpu_id"": 1, ""candidate_id"": 80, ""sample_weight"": 0.05067317481195735}, {""client_id"": 8, ""model_family"": ""cnn1d"", ""feature_ids"": [3, 9, 10, 12, 13, 14, 16, 19, 22, 23], ""subset_size"": 10, ""micro_f1"": 0.6244, ""macro_f1"": 0.0903048870750549, ""validation_loss"": 1.5269215576171875, ""train_loss"": 2.2081696968926323, ""seconds"": 0.34606031999965126, ""gpu_id"": 0, ""candidate_id"": 80, ""sample_weight"": 0.354287210681253}, {""client_id"": 9, ""model_family"": ""cnn1d"", ""feature_ids"": [3, 9, 10, 12, 13, 14, 16, 19, 22, 23], ""subset_size"": 10, ""micro_f1"": 0.8898, ""macro_f1"": 0.07476243734186991, ""validation_loss"": 0.6404091552734374, ""train_loss"": 1.2587223062303332, ""seconds"": 0.32999704600024415, ""gpu_id"": 1, ""candidate_id"": 80, ""sample_weight"": 0.12090074249549396}, {""client_id"": 10, ""model_family"": ""cnn1d"", ""feature_ids"": [3, 9, 10, 12, 13, 14, 16, 19, 22, 23], ""subset_size"": 10, ""micro_f1"": 0.8185, ""macro_f1"": 0.10521136832003797, ""validation_loss"": 0.991016455078125, ""train_loss"": 1.7623644505394829, ""seconds"": 0.3583272730002136, ""gpu_id"": 0, ""candidate_id"": 80, ""sample_weight"": 0.11011103958316146}]"
81,9,8100,"[3, 9, 10, 12, 13, 14, 16, 19, 22, 23]","[""UDP"", ""Rate"", ""IAT"", ""rst_flag_number"", ""Tot sum"", ""HTTPS"", ""fin_flag_number"", ""Header_Length"", ""Time_To_Live"", ""ARP""]",10,0.7118166006851668,0.06640445504428148,0.7184019684791565,0.6,0.5393414632206011,240,21600,"[{""client_id"": 1, ""model_family"": ""gru"", ""feature_ids"": [3, 9, 10, 12, 13, 14, 16, 19, 22, 23], ""subset_size"": 10, ""micro_f1"": 0.8775380710659898, ""macro_f1"": 0.02749339005625907, ""validation_loss"": 3.0577237666560912, ""train_loss"": 3.315060788604814, ""seconds"": 0.13241547299958256, ""gpu_id"": 0, ""candidate_id"": 81, ""sample_weight"": 0.0008752009911046531}, {""client_id"": 2, ""model_family"": ""gru"", ""feature_ids"": [3, 9, 10, 12, 13, 14, 16, 19, 22, 23], ""subset_size"": 10, ""micro_f1"": 0.234, ""macro_f1"": 0.011455306451463185, ""validation_loss"": 2.942077734375, ""train_loss"": 3.257761784786648, ""seconds"": 0.40420457999971404, ""gpu_id"": 1, ""candidate_id"": 81, ""sample_weight"": 0.061408177662345804}, {""client_id"": 3, ""model_family"": ""gru"", ""feature_ids"": [3, 9, 10, 12, 13, 14, 16, 19, 22, 23], ""subset_size"": 10, ""micro_f1"": 0.4764, ""macro_f1"": 0.01933523808836721, ""validation_loss"": 1.850769482421875, ""train_loss"": 2.7960828282462225, ""seconds"": 0.3995329069998661, ""gpu_id"": 1, ""candidate_id"": 81, ""sample_weight"": 0.10352608384640223}, {""client_id"": 4, ""model_family"": ""gru"", ""feature_ids"": [3, 9, 10, 12, 13, 14, 16, 19, 22, 23], ""subset_size"": 10, ""micro_f1"": 0.8305, ""macro_f1"": 0.026688304384851452, ""validation_loss"": 0.923355078125, ""train_loss"": 2.1960726928075154, ""seconds"": 0.38104750999991666, ""gpu_id"": 1, ""candidate_id"": 81, ""sample_weight"": 0.05331880053778213}, {""client_id"": 5, ""model_family"": ""transformer"", ""feature_ids"": [3, 9, 10, 12, 13, 14, 16, 19, 22, 23], ""subset_size"": 10, ""micro_f1"": 0.9449, ""macro_f1"": 0.05569969315294522, ""validation_loss"": 0.29736250457763674, ""train_loss"": 0.6987006948894925, ""seconds"": 0.8620601430002353, ""gpu_id"": 0, ""candidate_id"": 81, ""sample_weight"": 0.07030155005722065}, {""client_id"": 6, ""model_family"": ""transformer"", ""feature_ids"": [3, 9, 10, 12, 13, 14, 16, 19, 22, 23], ""subset_size"": 10, ""micro_f1"": 0.9899, ""macro_f1"": 0.05774861537920647, ""validation_loss"": 0.07212533264160156, ""train_loss"": 0.5260211349566778, ""seconds"": 0.7814510279999922, ""gpu_id"": 1, ""candidate_id"": 81, ""sample_weight"": 0.07459801933327874}, {""client_id"": 7, ""model_family"": ""transformer"", ""feature_ids"": [3, 9, 10, 12, 13, 14, 16, 19, 22, 23], ""subset_size"": 10, ""micro_f1"": 0.8634, ""macro_f1"": 0.027749931907918506, ""validation_loss"": 0.5575355224609375, ""train_loss"": 0.7708723555458916, ""seconds"": 0.7310110070002338, ""gpu_id"": 1, ""candidate_id"": 81, ""sample_weight"": 0.05067317481195735}, {""client_id"": 8, ""model_family"": ""cnn1d"", ""feature_ids"": [3, 9, 10, 12, 13, 14, 16, 19, 22, 23], ""subset_size"": 10, ""micro_f1"": 0.6248, ""macro_f1"": 0.09030919008042752, ""validation_loss"": 1.5274082397460937, ""train_loss"": 2.207965154944526, ""seconds"": 0.36833916700015834, ""gpu_id"": 0, ""candidate_id"": 81, ""sample_weight"": 0.354287210681253}, {""client_id"": 9, ""model_family"": ""cnn1d"", ""feature_ids"": [3, 9, 10, 12, 13, 14, 16, 19, 22, 23], ""subset_size"": 10, ""micro_f1"": 0.8901, ""macro_f1"": 0.07481366875413073, ""validation_loss"": 0.6413744689941406, ""train_loss"": 1.259100122250451, ""seconds"": 0.3571476030001577, ""gpu_id"": 1, ""candidate_id"": 81, ""sample_weight"": 0.12090074249549396}, {""client_id"": 10, ""model_family"": ""cnn1d"", ""feature_ids"": [3, 9, 10, 12, 13, 14, 16, 19, 22, 23], ""subset_size"": 10, ""micro_f1"": 0.8181, ""macro_f1"": 0.10518427668372364, ""validation_loss"": 0.9938316284179688, ""train_loss"": 1.7648423340585497, ""seconds"": 0.34530896099977326, ""gpu_id"": 0, ""candidate_id"": 81, ""sample_weight"": 0.11011103958316146}]"
82,9,8200,"[3, 9, 10, 12, 13, 14, 16, 19, 22, 23]","[""UDP"", ""Rate"", ""IAT"", ""rst_flag_number"", ""Tot sum"", ""HTTPS"", ""fin_flag_number"", ""Header_Length"", ""Time_To_Live"", ""ARP""]",10,0.7116339568945,0.06639968411917703,0.7200321555137634,0.6,0.5391601801380737,240,21840,"[{""client_id"": 1, ""model_family"": ""gru"", ""feature_ids"": [3, 9, 10, 12, 13, 14, 16, 19, 22, 23], ""subset_size"": 10, ""micro_f1"": 0.8775380710659898, ""macro_f1"": 0.02749339005625907, ""validation_loss"": 3.0579803002062182, ""train_loss"": 3.3152765652182676, ""seconds"": 0.11786608000011256, ""gpu_id"": 0, ""candidate_id"": 82, ""sample_weight"": 0.0008752009911046531}, {""client_id"": 2, ""model_family"": ""gru"", ""feature_ids"": [3, 9, 10, 12, 13, 14, 16, 19, 22, 23], ""subset_size"": 10, ""micro_f1"": 0.234, ""macro_f1"": 0.011452623000671704, ""validation_loss"": 2.942277734375, ""train_loss"": 3.257731943596734, ""seconds"": 0.3515461619999769, ""gpu_id"": 1, ""candidate_id"": 82, ""sample_weight"": 0.061408177662345804}, {""client_id"": 3, ""model_family"": ""gru"", ""feature_ids"": [3, 9, 10, 12, 13, 14, 16, 19, 22, 23], ""subset_size"": 10, ""micro_f1"": 0.4764, ""macro_f1"": 0.0193364823391353, ""validation_loss"": 1.85061533203125, ""train_loss"": 2.796118239784241, ""seconds"": 0.3762506350003605, ""gpu_id"": 1, ""candidate_id"": 82, ""sample_weight"": 0.10352608384640223}, {""client_id"": 4, ""model_family"": ""gru"", ""feature_ids"": [3, 9, 10, 12, 13, 14, 16, 19, 22, 23], ""subset_size"": 10, ""micro_f1"": 0.8305, ""macro_f1"": 0.026688304384851452, ""validation_loss"": 0.9230435668945313, ""train_loss"": 2.1957344346788195, ""seconds"": 0.3793534850001379, ""gpu_id"": 1, ""candidate_id"": 82, ""sample_weight"": 0.05331880053778213}, {""client_id"": 5, ""model_family"": ""transformer"", ""feature_ids"": [3, 9, 10, 12, 13, 14, 16, 19, 22, 23], ""subset_size"": 10, ""micro_f1"": 0.9447, ""macro_f1"": 0.05568285465632203, ""validation_loss"": 0.29667664642333985, ""train_loss"": 0.6988335238085853, ""seconds"": 0.8214862669997274, ""gpu_id"": 0, ""candidate_id"": 82, ""sample_weight"": 0.07030155005722065}, {""client_id"": 6, ""model_family"": ""transformer"", ""feature_ids"": [3, 9, 10, 12, 13, 14, 16, 19, 22, 23], ""subset_size"": 10, ""micro_f1"": 0.9919, ""macro_f1"": 0.05798696704700286, ""validation_loss"": 0.0720671630859375, ""train_loss"": 0.5260625196695328, ""seconds"": 0.7562501120000888, ""gpu_id"": 1, ""candidate_id"": 82, ""sample_weight"": 0.07459801933327874}, {""client_id"": 7, ""model_family"": ""transformer"", ""feature_ids"": [3, 9, 10, 12, 13, 14, 16, 19, 22, 23], ""subset_size"": 10, ""micro_f1"": 0.8634, ""macro_f1"": 0.027890480342284824, ""validation_loss"": 0.5575892578125, ""train_loss"": 0.7721790114614698, ""seconds"": 0.7348856910002723, ""gpu_id"": 1, ""candidate_id"": 82, ""sample_weight"": 0.05067317481195735}, {""client_id"": 8, ""model_family"": ""cnn1d"", ""feature_ids"": [3, 9, 10, 12, 13, 14, 16, 19, 22, 23], ""subset_size"": 10, ""micro_f1"": 0.6239, ""macro_f1"": 0.09022428152354155, ""validation_loss"": 1.5278756591796876, ""train_loss"": 2.2083575899548, ""seconds"": 0.352850299000238, ""gpu_id"": 0, ""candidate_id"": 82, ""sample_weight"": 0.354287210681253}, {""client_id"": 9, ""model_family"": ""cnn1d"", ""feature_ids"": [3, 9, 10, 12, 13, 14, 16, 19, 22, 23], ""subset_size"": 10, ""micro_f1"": 0.8902, ""macro_f1"": 0.07485064121809881, ""validation_loss"": 0.6409878356933594, ""train_loss"": 1.259298236211141, ""seconds"": 0.32309858099961275, ""gpu_id"": 1, ""candidate_id"": 82, ""sample_weight"": 0.12090074249549396}, {""client_id"": 10, ""model_family"": ""cnn1d"", ""feature_ids"": [3, 9, 10, 12, 13, 14, 16, 19, 22, 23], ""subset_size"": 10, ""micro_f1"": 0.818, ""macro_f1"": 0.10515846855804906, ""validation_loss"": 0.9927718383789063, ""train_loss"": 1.7637993719948664, ""seconds"": 0.32237158299994917, ""gpu_id"": 0, ""candidate_id"": 82, ""sample_weight"": 0.11011103958316146}]"
83,9,8300,"[3, 9, 10, 12, 13, 14, 16, 19, 22, 23]","[""UDP"", ""Rate"", ""IAT"", ""rst_flag_number"", ""Tot sum"", ""HTTPS"", ""fin_flag_number"", ""Header_Length"", ""Time_To_Live"", ""ARP""]",10,0.7117992527255779,0.0663857465214054,0.7149614095687866,0.6,0.5396837843156792,240,22080,"[{""client_id"": 1, ""model_family"": ""gru"", ""feature_ids"": [3, 9, 10, 12, 13, 14, 16, 19, 22, 23], ""subset_size"": 10, ""micro_f1"": 0.8775380710659898, ""macro_f1"": 0.02749339005625907, ""validation_loss"": 3.057902224777919, ""train_loss"": 3.3151341161012513, ""seconds"": 0.1501143300001786, ""gpu_id"": 0, ""candidate_id"": 83, ""sample_weight"": 0.0008752009911046531}, {""client_id"": 2, ""model_family"": ""gru"", ""feature_ids"": [3, 9, 10, 12, 13, 14, 16, 19, 22, 23], ""subset_size"": 10, ""micro_f1"": 0.2341, ""macro_f1"": 0.011455691197995369, ""validation_loss"": 2.9419384765625, ""train_loss"": 3.2574973084343806, ""seconds"": 0.45890664399985326, ""gpu_id"": 1, ""candidate_id"": 83, ""sample_weight"": 0.061408177662345804}, {""client_id"": 3, ""model_family"": ""gru"", ""feature_ids"": [3, 9, 10, 12, 13, 14, 16, 19, 22, 23], ""subset_size"": 10, ""micro_f1"": 0.4764, ""macro_f1"": 0.019337726790901642, ""validation_loss"": 1.8503482421875, ""train_loss"": 2.795897797118293, ""seconds"": 0.38942769100003716, ""gpu_id"": 1, ""candidate_id"": 83, ""sample_weight"": 0.10352608384640223}, {""client_id"": 4, ""model_family"": ""gru"", ""feature_ids"": [3, 9, 10, 12, 13, 14, 16, 19, 22, 23], ""subset_size"": 10, ""micro_f1"": 0.8305, ""macro_f1"": 0.026688304384851452, ""validation_loss"": 0.9233963745117187, ""train_loss"": 2.1956091106944613, ""seconds"": 0.40349924700012707, ""gpu_id"": 1, ""candidate_id"": 83, ""sample_weight"": 0.05331880053778213}, {""client_id"": 5, ""model_family"": ""transformer"", ""feature_ids"": [3, 9, 10, 12, 13, 14, 16, 19, 22, 23], ""subset_size"": 10, ""micro_f1"": 0.9447, ""macro_f1"": 0.05568285465632203, ""validation_loss"": 0.2974776168823242, ""train_loss"": 0.7007251194477081, ""seconds"": 0.8957596549998925, ""gpu_id"": 0, ""candidate_id"": 83, ""sample_weight"": 0.07030155005722065}, {""client_id"": 6, ""model_family"": ""transformer"", ""feature_ids"": [3, 9, 10, 12, 13, 14, 16, 19, 22, 23], ""subset_size"": 10, ""micro_f1"": 0.9909, ""macro_f1"": 0.05786812515628517, ""validation_loss"": 0.0719867446899414, ""train_loss"": 0.5264105070087645, ""seconds"": 0.8242390290001822, ""gpu_id"": 1, ""candidate_id"": 83, ""sample_weight"": 0.07459801933327874}, {""client_id"": 7, ""model_family"": ""transformer"", ""feature_ids"": [3, 9, 10, 12, 13, 14, 16, 19, 22, 23], ""subset_size"": 10, ""micro_f1"": 0.8634, ""macro_f1"": 0.027890480342284824, ""validation_loss"": 0.5572029663085938, ""train_loss"": 0.7713230305989583, ""seconds"": 0.7580696270001681, ""gpu_id"": 1, ""candidate_id"": 83, ""sample_weight"": 0.05067317481195735}, {""client_id"": 8, ""model_family"": ""cnn1d"", ""feature_ids"": [3, 9, 10, 12, 13, 14, 16, 19, 22, 23], ""subset_size"": 10, ""micro_f1"": 0.6246, ""macro_f1"": 0.09022655191851978, ""validation_loss"": 1.5282094116210938, ""train_loss"": 2.207536516486274, ""seconds"": 0.40361465300020427, ""gpu_id"": 0, ""candidate_id"": 83, ""sample_weight"": 0.354287210681253}, {""client_id"": 9, ""model_family"": ""cnn1d"", ""feature_ids"": [3, 9, 10, 12, 13, 14, 16, 19, 22, 23], ""subset_size"": 10, ""micro_f1"": 0.8899, ""macro_f1"": 0.07478744065148198, ""validation_loss"": 0.6408568115234375, ""train_loss"": 1.259029745610555, ""seconds"": 0.3364569160003157, ""gpu_id"": 1, ""candidate_id"": 83, ""sample_weight"": 0.12090074249549396}, {""client_id"": 10, ""model_family"": ""cnn1d"", ""feature_ids"": [3, 9, 10, 12, 13, 14, 16, 19, 22, 23], ""subset_size"": 10, ""micro_f1"": 0.8182, ""macro_f1"": 0.10517161119839717, ""validation_loss"": 0.9936697509765625, ""train_loss"": 1.764389041932424, ""seconds"": 0.3576737130001675, ""gpu_id"": 0, ""candidate_id"": 83, ""sample_weight"": 0.11011103958316146}]"
84,9,8400,"[3, 9, 10, 12, 13, 14, 16, 19, 22, 23]","[""UDP"", ""Rate"", ""IAT"", ""rst_flag_number"", ""Tot sum"", ""HTTPS"", ""fin_flag_number"", ""Header_Length"", ""Time_To_Live"", ""ARP""]",10,0.7117956491144977,0.06637369025434185,0.7111461162567139,0.6,0.5400649532857784,240,22320,"[{""client_id"": 1, ""model_family"": ""gru"", ""feature_ids"": [3, 9, 10, 12, 13, 14, 16, 19, 22, 23], ""subset_size"": 10, ""micro_f1"": 0.8775380710659898, ""macro_f1"": 0.02749339005625907, ""validation_loss"": 3.057896647961612, ""train_loss"": 3.315242210755023, ""seconds"": 0.12683457999992243, ""gpu_id"": 0, ""candidate_id"": 84, ""sample_weight"": 0.0008752009911046531}, {""client_id"": 2, ""model_family"": ""gru"", ""feature_ids"": [3, 9, 10, 12, 13, 14, 16, 19, 22, 23], ""subset_size"": 10, ""micro_f1"": 0.2342, ""macro_f1"": 0.011505107040367175, ""validation_loss"": 2.9421376953125, ""train_loss"": 3.257604296535916, ""seconds"": 0.37672434900014196, ""gpu_id"": 1, ""candidate_id"": 84, ""sample_weight"": 0.061408177662345804}, {""client_id"": 3, ""model_family"": ""gru"", ""feature_ids"": [3, 9, 10, 12, 13, 14, 16, 19, 22, 23], ""subset_size"": 10, ""micro_f1"": 0.4764, ""macro_f1"": 0.019337726790901642, ""validation_loss"": 1.849944140625, ""train_loss"": 2.7961137692981297, ""seconds"": 0.3607746849997966, ""gpu_id"": 1, ""candidate_id"": 84, ""sample_weight"": 0.10352608384640223}, {""client_id"": 4, ""model_family"": ""gru"", ""feature_ids"": [3, 9, 10, 12, 13, 14, 16, 19, 22, 23], ""subset_size"": 10, ""micro_f1"": 0.8305, ""macro_f1"": 0.026688304384851452, ""validation_loss"": 0.9236871459960937, ""train_loss"": 2.196593247021569, ""seconds"": 0.4351318970002467, ""gpu_id"": 1, ""candidate_id"": 84, ""sample_weight"": 0.05331880053778213}, {""client_id"": 5, ""model_family"": ""transformer"", ""feature_ids"": [3, 9, 10, 12, 13, 14, 16, 19, 22, 23], ""subset_size"": 10, ""micro_f1"": 0.9445, ""macro_f1"": 0.05566600644425558, ""validation_loss"": 0.29727645568847655, ""train_loss"": 0.7000085331572427, ""seconds"": 0.8565804449999632, ""gpu_id"": 0, ""candidate_id"": 84, ""sample_weight"": 0.07030155005722065}, {""client_id"": 6, ""model_family"": ""transformer"", ""feature_ids"": [3, 9, 10, 12, 13, 14, 16, 19, 22, 23], ""subset_size"": 10, ""micro_f1"": 0.9909, ""macro_f1"": 0.05786812515628517, ""validation_loss"": 0.07201923217773437, ""train_loss"": 0.5253134170717664, ""seconds"": 0.7675818970001274, ""gpu_id"": 1, ""candidate_id"": 84, ""sample_weight"": 0.07459801933327874}, {""client_id"": 7, ""model_family"": ""transformer"", ""feature_ids"": [3, 9, 10, 12, 13, 14, 16, 19, 22, 23], ""subset_size"": 10, ""micro_f1"": 0.8634, ""macro_f1"": 0.027749931907918506, ""validation_loss"": 0.5575590759277343, ""train_loss"": 0.7715605759832594, ""seconds"": 0.7374108999997588, ""gpu_id"": 1, ""candidate_id"": 84, ""sample_weight"": 0.05067317481195735}, {""client_id"": 8, ""model_family"": ""cnn1d"", ""feature_ids"": [3, 9, 10, 12, 13, 14, 16, 19, 22, 23], ""subset_size"": 10, ""micro_f1"": 0.6246, ""macro_f1"": 0.09021489565080994, ""validation_loss"": 1.5278999267578126, ""train_loss"": 2.207848004404704, ""seconds"": 0.3815029620000132, ""gpu_id"": 0, ""candidate_id"": 84, ""sample_weight"": 0.354287210681253}, {""client_id"": 9, ""model_family"": ""cnn1d"", ""feature_ids"": [3, 9, 10, 12, 13, 14, 16, 19, 22, 23], ""subset_size"": 10, ""micro_f1"": 0.8903, ""macro_f1"": 0.07487548492203244, ""validation_loss"": 0.6409451904296875, ""train_loss"": 1.258591182284885, ""seconds"": 0.3251473310001529, ""gpu_id"": 1, ""candidate_id"": 84, ""sample_weight"": 0.12090074249549396}, {""client_id"": 10, ""model_family"": ""cnn1d"", ""feature_ids"": [3, 9, 10, 12, 13, 14, 16, 19, 22, 23], ""subset_size"": 10, ""micro_f1"": 0.8178, ""macro_f1"": 0.10505083071860521, ""validation_loss"": 0.99099873046875, ""train_loss"": 1.7637980590396458, ""seconds"": 0.35501711899996735, ""gpu_id"": 0, ""candidate_id"": 84, ""sample_weight"": 0.11011103958316146}]"
85,9,8500,"[3, 9, 10, 12, 13, 14, 16, 19, 22, 23]","[""UDP"", ""Rate"", ""IAT"", ""rst_flag_number"", ""Tot sum"", ""HTTPS"", ""fin_flag_number"", ""Header_Length"", ""Time_To_Live"", ""ARP""]",10,0.7115857648780929,0.06636224733970959,0.7102422714233398,0.6,0.5401343493454753,240,22560,"[{""client_id"": 1, ""model_family"": ""gru"", ""feature_ids"": [3, 9, 10, 12, 13, 14, 16, 19, 22, 23], ""subset_size"": 10, ""micro_f1"": 0.8775380710659898, ""macro_f1"": 0.02749339005625907, ""validation_loss"": 3.0577652829552666, ""train_loss"": 3.315122272090191, ""seconds"": 0.15039876700029708, ""gpu_id"": 0, ""candidate_id"": 85, ""sample_weight"": 0.0008752009911046531}, {""client_id"": 2, ""model_family"": ""gru"", ""feature_ids"": [3, 9, 10, 12, 13, 14, 16, 19, 22, 23], ""subset_size"": 10, ""micro_f1"": 0.2341, ""macro_f1"": 0.011480231101770697, ""validation_loss"": 2.9420654296875, ""train_loss"": 3.2576947047763403, ""seconds"": 0.44538040799989176, ""gpu_id"": 1, ""candidate_id"": 85, ""sample_weight"": 0.061408177662345804}, {""client_id"": 3, ""model_family"": ""gru"", ""feature_ids"": [3, 9, 10, 12, 13, 14, 16, 19, 22, 23], ""subset_size"": 10, ""micro_f1"": 0.4764, ""macro_f1"": 0.01933523808836721, ""validation_loss"": 1.850452587890625, ""train_loss"": 2.7958169808705646, ""seconds"": 0.37101132999987385, ""gpu_id"": 1, ""candidate_id"": 85, ""sample_weight"": 0.10352608384640223}, {""client_id"": 4, ""model_family"": ""gru"", ""feature_ids"": [3, 9, 10, 12, 13, 14, 16, 19, 22, 23], ""subset_size"": 10, ""micro_f1"": 0.8305, ""macro_f1"": 0.026688304384851452, ""validation_loss"": 0.9237956420898438, ""train_loss"": 2.1969997122976515, ""seconds"": 0.40486065899995083, ""gpu_id"": 1, ""candidate_id"": 85, ""sample_weight"": 0.05331880053778213}, {""client_id"": 5, ""model_family"": ""transformer"", ""feature_ids"": [3, 9, 10, 12, 13, 14, 16, 19, 22, 23], ""subset_size"": 10, ""micro_f1"": 0.9446, ""macro_f1"": 0.055674431765575724, ""validation_loss"": 0.2974434631347656, ""train_loss"": 0.6989482462512122, ""seconds"": 0.840085598999849, ""gpu_id"": 0, ""candidate_id"": 85, ""sample_weight"": 0.07030155005722065}, {""client_id"": 6, ""model_family"": ""transformer"", ""feature_ids"": [3, 9, 10, 12, 13, 14, 16, 19, 22, 23], ""subset_size"": 10, ""micro_f1"": 0.99, ""macro_f1"": 0.0577605966119104, ""validation_loss"": 0.07203767547607422, ""train_loss"": 0.5256720862600538, ""seconds"": 0.8039798629997676, ""gpu_id"": 1, ""candidate_id"": 85, ""sample_weight"": 0.07459801933327874}, {""client_id"": 7, ""model_family"": ""transformer"", ""feature_ids"": [3, 9, 10, 12, 13, 14, 16, 19, 22, 23], ""subset_size"": 10, ""micro_f1"": 0.8634, ""macro_f1"": 0.027749931907918506, ""validation_loss"": 0.5579401733398438, ""train_loss"": 0.7707584172566732, ""seconds"": 0.7375471590003144, ""gpu_id"": 1, ""candidate_id"": 85, ""sample_weight"": 0.05067317481195735}, {""client_id"": 8, ""model_family"": ""cnn1d"", ""feature_ids"": [3, 9, 10, 12, 13, 14, 16, 19, 22, 23], ""subset_size"": 10, ""micro_f1"": 0.6243, ""macro_f1"": 0.09022199246144302, ""validation_loss"": 1.5270602783203124, ""train_loss"": 2.207260921414693, ""seconds"": 0.40368114699958824, ""gpu_id"": 0, ""candidate_id"": 85, ""sample_weight"": 0.354287210681253}, {""client_id"": 9, ""model_family"": ""cnn1d"", ""feature_ids"": [3, 9, 10, 12, 13, 14, 16, 19, 22, 23], ""subset_size"": 10, ""micro_f1"": 0.8899, ""macro_f1"": 0.07477540981022801, ""validation_loss"": 0.6411788146972657, ""train_loss"": 1.2589520849227904, ""seconds"": 0.32743777399991814, ""gpu_id"": 1, ""candidate_id"": 85, ""sample_weight"": 0.12090074249549396}, {""client_id"": 10, ""model_family"": ""cnn1d"", ""feature_ids"": [3, 9, 10, 12, 13, 14, 16, 19, 22, 23], ""subset_size"": 10, ""micro_f1"": 0.8179, ""macro_f1"": 0.10511763842872984, ""validation_loss"": 0.9918359497070313, ""train_loss"": 1.76339871957567, ""seconds"": 0.35404460800009474, ""gpu_id"": 0, ""candidate_id"": 85, ""sample_weight"": 0.11011103958316146}]"
86,9,8600,"[3, 9, 10, 12, 13, 14, 16, 19, 22, 23]","[""UDP"", ""Rate"", ""IAT"", ""rst_flag_number"", ""Tot sum"", ""HTTPS"", ""fin_flag_number"", ""Header_Length"", ""Time_To_Live"", ""ARP""]",10,0.7116704426163647,0.06640588579556808,0.7107594609260559,0.6,0.5400910981690309,240,22800,"[{""client_id"": 1, ""model_family"": ""gru"", ""feature_ids"": [3, 9, 10, 12, 13, 14, 16, 19, 22, 23], ""subset_size"": 10, ""micro_f1"": 0.8775380710659898, ""macro_f1"": 0.02749339005625907, ""validation_loss"": 3.058094934763642, ""train_loss"": 3.315280074664448, ""seconds"": 0.12068983300014224, ""gpu_id"": 0, ""candidate_id"": 86, ""sample_weight"": 0.0008752009911046531}, {""client_id"": 2, ""model_family"": ""gru"", ""feature_ids"": [3, 9, 10, 12, 13, 14, 16, 19, 22, 23], ""subset_size"": 10, ""micro_f1"": 0.2342, ""macro_f1"": 0.01150334922835992, ""validation_loss"": 2.9424361328125, ""train_loss"": 3.257866211912367, ""seconds"": 0.3708132149999983, ""gpu_id"": 1, ""candidate_id"": 86, ""sample_weight"": 0.061408177662345804}, {""client_id"": 3, ""model_family"": ""gru"", ""feature_ids"": [3, 9, 10, 12, 13, 14, 16, 19, 22, 23], ""subset_size"": 10, ""micro_f1"": 0.4764, ""macro_f1"": 0.01933523808836721, ""validation_loss"": 1.849575244140625, ""train_loss"": 2.7959160801993477, ""seconds"": 0.4116088219998346, ""gpu_id"": 1, ""candidate_id"": 86, ""sample_weight"": 0.10352608384640223}, {""client_id"": 4, ""model_family"": ""gru"", ""feature_ids"": [3, 9, 10, 12, 13, 14, 16, 19, 22, 23], ""subset_size"": 10, ""micro_f1"": 0.8305, ""macro_f1"": 0.026688304384851452, ""validation_loss"": 0.9238584350585938, ""train_loss"": 2.196433656416999, ""seconds"": 0.38938209299976734, ""gpu_id"": 1, ""candidate_id"": 86, ""sample_weight"": 0.05331880053778213}, {""client_id"": 5, ""model_family"": ""transformer"", ""feature_ids"": [3, 9, 10, 12, 13, 14, 16, 19, 22, 23], ""subset_size"": 10, ""micro_f1"": 0.9448, ""macro_f1"": 0.05569127511820786, ""validation_loss"": 0.2973101501464844, ""train_loss"": 0.7004946543428633, ""seconds"": 0.8837848900002427, ""gpu_id"": 0, ""candidate_id"": 86, ""sample_weight"": 0.07030155005722065}, {""client_id"": 6, ""model_family"": ""transformer"", ""feature_ids"": [3, 9, 10, 12, 13, 14, 16, 19, 22, 23], ""subset_size"": 10, ""micro_f1"": 0.9899, ""macro_f1"": 0.05774861537920647, ""validation_loss"": 0.07215592498779297, ""train_loss"": 0.5254170022169748, ""seconds"": 0.780253779999839, ""gpu_id"": 1, ""candidate_id"": 86, ""sample_weight"": 0.07459801933327874}, {""client_id"": 7, ""model_family"": ""transformer"", ""feature_ids"": [3, 9, 10, 12, 13, 14, 16, 19, 22, 23], ""subset_size"": 10, ""micro_f1"": 0.8634, ""macro_f1"": 0.0277495142933059, ""validation_loss"": 0.5576585632324219, ""train_loss"": 0.7701660528553856, ""seconds"": 0.7359623360002843, ""gpu_id"": 1, ""candidate_id"": 86, ""sample_weight"": 0.05067317481195735}, {""client_id"": 8, ""model_family"": ""cnn1d"", ""feature_ids"": [3, 9, 10, 12, 13, 14, 16, 19, 22, 23], ""subset_size"": 10, ""micro_f1"": 0.6245, ""macro_f1"": 0.09033327752121313, ""validation_loss"": 1.5269973999023438, ""train_loss"": 2.2076454968558417, ""seconds"": 0.366017434999776, ""gpu_id"": 0, ""candidate_id"": 86, ""sample_weight"": 0.354287210681253}, {""client_id"": 9, ""model_family"": ""cnn1d"", ""feature_ids"": [3, 9, 10, 12, 13, 14, 16, 19, 22, 23], ""subset_size"": 10, ""micro_f1"": 0.89, ""macro_f1"": 0.0748008697944238, ""validation_loss"": 0.6407399841308594, ""train_loss"": 1.2592286955303615, ""seconds"": 0.32774971799972263, ""gpu_id"": 1, ""candidate_id"": 86, ""sample_weight"": 0.12090074249549396}, {""client_id"": 10, ""model_family"": ""cnn1d"", ""feature_ids"": [3, 9, 10, 12, 13, 14, 16, 19, 22, 23], ""subset_size"": 10, ""micro_f1"": 0.8178, ""macro_f1"": 0.10511259473566233, ""validation_loss"": 0.9929434448242187, ""train_loss"": 1.7638443291770087, ""seconds"": 0.32711253100023896, ""gpu_id"": 0, ""candidate_id"": 86, ""sample_weight"": 0.11011103958316146}]"
87,9,8700,"[3, 4, 5, 7, 8, 12, 13, 14, 18, 22, 23]","[""UDP"", ""fin_count"", ""Max"", ""syn_count"", ""Protocol Type"", ""rst_flag_number"", ""Tot sum"", ""HTTPS"", ""rst_count"", ""Time_To_Live"", ""ARP""]",11,0.6987903779475019,0.06056121774802922,1.0,0.56,0.4738790377947503,260,23060,"[{""client_id"": 1, ""model_family"": ""gru"", ""feature_ids"": [3, 4, 5, 7, 8, 12, 13, 14, 18, 22, 23], ""subset_size"": 11, ""micro_f1"": 0.8775380710659898, ""macro_f1"": 0.02749339005625907, ""validation_loss"": 2.9177308058375635, ""train_loss"": 3.246640138685266, ""seconds"": 0.14046807800013994, ""gpu_id"": 0, ""candidate_id"": 87, ""sample_weight"": 0.0008752009911046531}, {""client_id"": 2, ""model_family"": ""gru"", ""feature_ids"": [3, 4, 5, 7, 8, 12, 13, 14, 18, 22, 23], ""subset_size"": 11, ""micro_f1"": 0.2351, ""macro_f1"": 0.01166493958661305, ""validation_loss"": 2.7916560546875, ""train_loss"": 3.1911622167375353, ""seconds"": 0.3843516639999507, ""gpu_id"": 1, ""candidate_id"": 87, ""sample_weight"": 0.061408177662345804}, {""client_id"": 3, ""model_family"": ""gru"", ""feature_ids"": [3, 4, 5, 7, 8, 12, 13, 14, 18, 22, 23], ""subset_size"": 11, ""micro_f1"": 0.4766, ""macro_f1"": 0.020063528818020312, ""validation_loss"": 1.657243701171875, ""train_loss"": 2.632861176045736, ""seconds"": 0.4042485999998462, ""gpu_id"": 1, ""candidate_id"": 87, ""sample_weight"": 0.10352608384640223}, {""client_id"": 4, ""model_family"": ""gru"", ""feature_ids"": [3, 4, 5, 7, 8, 12, 13, 14, 18, 22, 23], ""subset_size"": 11, ""micro_f1"": 0.8304, ""macro_f1"": 0.026695299389840096, ""validation_loss"": 0.8934814819335938, ""train_loss"": 2.0142002464294433, ""seconds"": 0.3991540709998844, ""gpu_id"": 1, ""candidate_id"": 87, ""sample_weight"": 0.05331880053778213}, {""client_id"": 5, ""model_family"": ""transformer"", ""feature_ids"": [3, 4, 5, 7, 8, 12, 13, 14, 18, 22, 23], ""subset_size"": 11, ""micro_f1"": 0.9466, ""macro_f1"": 0.05603136787742563, ""validation_loss"": 0.3898689178466797, ""train_loss"": 0.7756590985192193, ""seconds"": 0.8531947599999512, ""gpu_id"": 0, ""candidate_id"": 87, ""sample_weight"": 0.07030155005722065}, {""client_id"": 6, ""model_family"": ""transformer"", ""feature_ids"": [3, 4, 5, 7, 8, 12, 13, 14, 18, 22, 23], ""subset_size"": 11, ""micro_f1"": 0.9936, ""macro_f1"": 0.05821129663538044, ""validation_loss"": 0.07497780303955077, ""train_loss"": 0.548191382821401, ""seconds"": 0.930664355999852, ""gpu_id"": 1, ""candidate_id"": 87, ""sample_weight"": 0.07459801933327874}, {""client_id"": 7, ""model_family"": ""transformer"", ""feature_ids"": [3, 4, 5, 7, 8, 12, 13, 14, 18, 22, 23], ""subset_size"": 11, ""micro_f1"": 0.8642, ""macro_f1"": 0.029460182369602097, ""validation_loss"": 0.56001083984375, ""train_loss"": 0.7725696451822917, ""seconds"": 0.864100332000362, ""gpu_id"": 1, ""candidate_id"": 87, ""sample_weight"": 0.05067317481195735}, {""client_id"": 8, ""model_family"": ""cnn1d"", ""feature_ids"": [3, 4, 5, 7, 8, 12, 13, 14, 18, 22, 23], ""subset_size"": 11, ""micro_f1"": 0.6385, ""macro_f1"": 0.08568098318654027, ""validation_loss"": 1.345140576171875, ""train_loss"": 2.055270675977071, ""seconds"": 0.434628857000007, ""gpu_id"": 0, ""candidate_id"": 87, ""sample_weight"": 0.354287210681253}, {""client_id"": 9, ""model_family"": ""cnn1d"", ""feature_ids"": [3, 4, 5, 7, 8, 12, 13, 14, 18, 22, 23], ""subset_size"": 11, ""micro_f1"": 0.8575, ""macro_f1"": 0.05495293453250341, ""validation_loss"": 0.6973566650390625, ""train_loss"": 1.3019415851593017, ""seconds"": 0.4054196699999011, ""gpu_id"": 1, ""candidate_id"": 87, ""sample_weight"": 0.12090074249549396}, {""client_id"": 10, ""model_family"": ""cnn1d"", ""feature_ids"": [3, 4, 5, 7, 8, 12, 13, 14, 18, 22, 23], ""subset_size"": 11, ""micro_f1"": 0.6868, ""macro_f1"": 0.08669853089884999, ""validation_loss"": 0.97408818359375, ""train_loss"": 1.7324707492616442, ""seconds"": 0.42754760900015754, ""gpu_id"": 0, ""candidate_id"": 87, ""sample_weight"": 0.11011103958316146}]"
88,9,8800,"[3, 9, 10, 12, 13, 14, 16, 19, 22, 23]","[""UDP"", ""Rate"", ""IAT"", ""rst_flag_number"", ""Tot sum"", ""HTTPS"", ""fin_flag_number"", ""Header_Length"", ""Time_To_Live"", ""ARP""]",10,0.711814047768796,0.06642453842248747,0.42381545901298523,0.6,0.5687998588755812,240,23300,"[{""client_id"": 1, ""model_family"": ""gru"", ""feature_ids"": [3, 9, 10, 12, 13, 14, 16, 19, 22, 23], ""subset_size"": 10, ""micro_f1"": 0.8775380710659898, ""macro_f1"": 0.02749339005625907, ""validation_loss"": 3.05804102553934, ""train_loss"": 3.3152656855047993, ""seconds"": 0.203966901000058, ""gpu_id"": 0, ""candidate_id"": 88, ""sample_weight"": 0.0008752009911046531}, {""client_id"": 2, ""model_family"": ""gru"", ""feature_ids"": [3, 9, 10, 12, 13, 14, 16, 19, 22, 23], ""subset_size"": 10, ""micro_f1"": 0.234, ""macro_f1"": 0.011452623000671704, ""validation_loss"": 2.9423923828125, ""train_loss"": 3.257899348619249, ""seconds"": 0.5526789959999405, ""gpu_id"": 1, ""candidate_id"": 88, ""sample_weight"": 0.061408177662345804}, {""client_id"": 3, ""model_family"": ""gru"", ""feature_ids"": [3, 9, 10, 12, 13, 14, 16, 19, 22, 23], ""subset_size"": 10, ""micro_f1"": 0.4764, ""macro_f1"": 0.01933523808836721, ""validation_loss"": 1.84975859375, ""train_loss"": 2.7955625275929767, ""seconds"": 0.4344984720000866, ""gpu_id"": 1, ""candidate_id"": 88, ""sample_weight"": 0.10352608384640223}, {""client_id"": 4, ""model_family"": ""gru"", ""feature_ids"": [3, 9, 10, 12, 13, 14, 16, 19, 22, 23], ""subset_size"": 10, ""micro_f1"": 0.8305, ""macro_f1"": 0.026688304384851452, ""validation_loss"": 0.9230173583984375, ""train_loss"": 2.1956469742245144, ""seconds"": 0.4571916909999345, ""gpu_id"": 1, ""candidate_id"": 88, ""sample_weight"": 0.05331880053778213}, {""client_id"": 5, ""model_family"": ""transformer"", ""feature_ids"": [3, 9, 10, 12, 13, 14, 16, 19, 22, 23], ""subset_size"": 10, ""micro_f1"": 0.9447, ""macro_f1"": 0.05568285465632203, ""validation_loss"": 0.2976237167358398, ""train_loss"": 0.698529179350535, ""seconds"": 1.010139454000182, ""gpu_id"": 0, ""candidate_id"": 88, ""sample_weight"": 0.07030155005722065}, {""client_id"": 6, ""model_family"": ""transformer"", ""feature_ids"": [3, 9, 10, 12, 13, 14, 16, 19, 22, 23], ""subset_size"": 10, ""micro_f1"": 0.9918, ""macro_f1"": 0.05797511271391187, ""validation_loss"": 0.07197191925048828, ""train_loss"": 0.5250047750115394, ""seconds"": 0.9723282299996754, ""gpu_id"": 1, ""candidate_id"": 88, ""sample_weight"": 0.07459801933327874}, {""client_id"": 7, ""model_family"": ""transformer"", ""feature_ids"": [3, 9, 10, 12, 13, 14, 16, 19, 22, 23], ""subset_size"": 10, ""micro_f1"": 0.8634, ""macro_f1"": 0.0277495142933059, ""validation_loss"": 0.5578605102539063, ""train_loss"": 0.7702704168213739, ""seconds"": 0.7587778069996602, ""gpu_id"": 1, ""candidate_id"": 88, ""sample_weight"": 0.05067317481195735}, {""client_id"": 8, ""model_family"": ""cnn1d"", ""feature_ids"": [3, 9, 10, 12, 13, 14, 16, 19, 22, 23], ""subset_size"": 10, ""micro_f1"": 0.6246, ""macro_f1"": 0.0903614479251319, ""validation_loss"": 1.5283821655273437, ""train_loss"": 2.2072981013615927, ""seconds"": 0.44882307400030186, ""gpu_id"": 0, ""candidate_id"": 88, ""sample_weight"": 0.354287210681253}, {""client_id"": 9, ""model_family"": ""cnn1d"", ""feature_ids"": [3, 9, 10, 12, 13, 14, 16, 19, 22, 23], ""subset_size"": 10, ""micro_f1"": 0.8897, ""macro_f1"": 0.07475881274827746, ""validation_loss"": 0.6386592834472656, ""train_loss"": 1.2592695719295077, ""seconds"": 0.32612344900007884, ""gpu_id"": 1, ""candidate_id"": 88, ""sample_weight"": 0.12090074249549396}, {""client_id"": 10, ""model_family"": ""cnn1d"", ""feature_ids"": [3, 9, 10, 12, 13, 14, 16, 19, 22, 23], ""subset_size"": 10, ""micro_f1"": 0.818, ""macro_f1"": 0.10511775012581341, ""validation_loss"": 0.9928842651367188, ""train_loss"": 1.7641974677827623, ""seconds"": 0.4509043030002431, ""gpu_id"": 0, ""candidate_id"": 88, ""sample_weight"": 0.11011103958316146}]"
89,9,8900,"[3, 9, 10, 12, 13, 14, 16, 19, 22, 23]","[""UDP"", ""Rate"", ""IAT"", ""rst_flag_number"", ""Tot sum"", ""HTTPS"", ""fin_flag_number"", ""Header_Length"", ""Time_To_Live"", ""ARP""]",10,0.7117647280333282,0.06637315315664963,0.7615126371383667,0.6,0.5350252090894962,240,23540,"[{""client_id"": 1, ""model_family"": ""gru"", ""feature_ids"": [3, 9, 10, 12, 13, 14, 16, 19, 22, 23], ""subset_size"": 10, ""micro_f1"": 0.8775380710659898, ""macro_f1"": 0.02749339005625907, ""validation_loss"": 3.0579827787912435, ""train_loss"": 3.3151036141218606, ""seconds"": 0.12726567899971997, ""gpu_id"": 0, ""candidate_id"": 89, ""sample_weight"": 0.0008752009911046531}, {""client_id"": 2, ""model_family"": ""gru"", ""feature_ids"": [3, 9, 10, 12, 13, 14, 16, 19, 22, 23], ""subset_size"": 10, ""micro_f1"": 0.2342, ""macro_f1"": 0.011504228034687276, ""validation_loss"": 2.9424634765625, ""train_loss"": 3.2579336812761093, ""seconds"": 0.4307938780002587, ""gpu_id"": 1, ""candidate_id"": 89, ""sample_weight"": 0.061408177662345804}, {""client_id"": 3, ""model_family"": ""gru"", ""feature_ids"": [3, 9, 10, 12, 13, 14, 16, 19, 22, 23], ""subset_size"": 10, ""micro_f1"": 0.4764, ""macro_f1"": 0.0193364823391353, ""validation_loss"": 1.848984130859375, ""train_loss"": 2.79556391075982, ""seconds"": 0.38379155799975706, ""gpu_id"": 1, ""candidate_id"": 89, ""sample_weight"": 0.10352608384640223}, {""client_id"": 4, ""model_family"": ""gru"", ""feature_ids"": [3, 9, 10, 12, 13, 14, 16, 19, 22, 23], ""subset_size"": 10, ""micro_f1"": 0.8305, ""macro_f1"": 0.026688304384851452, ""validation_loss"": 0.9229354125976562, ""train_loss"": 2.195905390379164, ""seconds"": 0.4042881610002951, ""gpu_id"": 1, ""candidate_id"": 89, ""sample_weight"": 0.05331880053778213}, {""client_id"": 5, ""model_family"": ""transformer"", ""feature_ids"": [3, 9, 10, 12, 13, 14, 16, 19, 22, 23], ""subset_size"": 10, ""micro_f1"": 0.9446, ""macro_f1"": 0.055674431765575724, ""validation_loss"": 0.29691417388916014, ""train_loss"": 0.6982763859589894, ""seconds"": 0.8921797779998997, ""gpu_id"": 0, ""candidate_id"": 89, ""sample_weight"": 0.07030155005722065}, {""client_id"": 6, ""model_family"": ""transformer"", ""feature_ids"": [3, 9, 10, 12, 13, 14, 16, 19, 22, 23], ""subset_size"": 10, ""micro_f1"": 0.9915, ""macro_f1"": 0.05793950998996572, ""validation_loss"": 0.07209158020019531, ""train_loss"": 0.5259071501162317, ""seconds"": 0.77478640299978, ""gpu_id"": 1, ""candidate_id"": 89, ""sample_weight"": 0.07459801933327874}, {""client_id"": 7, ""model_family"": ""transformer"", ""feature_ids"": [3, 9, 10, 12, 13, 14, 16, 19, 22, 23], ""subset_size"": 10, ""micro_f1"": 0.8634, ""macro_f1"": 0.027750354801720813, ""validation_loss"": 0.5577697875976563, ""train_loss"": 0.7704026794963413, ""seconds"": 0.7355984290002198, ""gpu_id"": 1, ""candidate_id"": 89, ""sample_weight"": 0.05067317481195735}, {""client_id"": 8, ""model_family"": ""cnn1d"", ""feature_ids"": [3, 9, 10, 12, 13, 14, 16, 19, 22, 23], ""subset_size"": 10, ""micro_f1"": 0.6245, ""macro_f1"": 0.09026524558837556, ""validation_loss"": 1.5286132446289062, ""train_loss"": 2.2074595368703207, ""seconds"": 0.3542288240000744, ""gpu_id"": 0, ""candidate_id"": 89, ""sample_weight"": 0.354287210681253}, {""client_id"": 9, ""model_family"": ""cnn1d"", ""feature_ids"": [3, 9, 10, 12, 13, 14, 16, 19, 22, 23], ""subset_size"": 10, ""micro_f1"": 0.89, ""macro_f1"": 0.07478994520854484, ""validation_loss"": 0.6398572448730468, ""train_loss"": 1.259365149360233, ""seconds"": 0.3281982879998395, ""gpu_id"": 1, ""candidate_id"": 89, ""sample_weight"": 0.12090074249549396}, {""client_id"": 10, ""model_family"": ""cnn1d"", ""feature_ids"": [3, 9, 10, 12, 13, 14, 16, 19, 22, 23], ""subset_size"": 10, ""micro_f1"": 0.8177, ""macro_f1"": 0.10492559604479537, ""validation_loss"": 0.9911758911132813, ""train_loss"": 1.7627048738267688, ""seconds"": 0.3388590739996289, ""gpu_id"": 0, ""candidate_id"": 89, ""sample_weight"": 0.11011103958316146}]"
90,9,9000,"[3, 9, 10, 12, 13, 14, 16, 19, 22, 23]","[""UDP"", ""Rate"", ""IAT"", ""rst_flag_number"", ""Tot sum"", ""HTTPS"", ""fin_flag_number"", ""Header_Length"", ""Time_To_Live"", ""ARP""]",10,0.7118273679372981,0.06638996547049658,0.7180952429771423,0.6,0.5393732124960156,240,23780,"[{""client_id"": 1, ""model_family"": ""gru"", ""feature_ids"": [3, 9, 10, 12, 13, 14, 16, 19, 22, 23], ""subset_size"": 10, ""micro_f1"": 0.8775380710659898, ""macro_f1"": 0.02749339005625907, ""validation_loss"": 3.0579666679885786, ""train_loss"": 3.3152785656214165, ""seconds"": 0.11750657399988995, ""gpu_id"": 0, ""candidate_id"": 90, ""sample_weight"": 0.0008752009911046531}, {""client_id"": 2, ""model_family"": ""gru"", ""feature_ids"": [3, 9, 10, 12, 13, 14, 16, 19, 22, 23], ""subset_size"": 10, ""micro_f1"": 0.2343, ""macro_f1"": 0.011530805874404663, ""validation_loss"": 2.9422533203125, ""train_loss"": 3.257784614859687, ""seconds"": 0.3619006660001105, ""gpu_id"": 1, ""candidate_id"": 90, ""sample_weight"": 0.061408177662345804}, {""client_id"": 3, ""model_family"": ""gru"", ""feature_ids"": [3, 9, 10, 12, 13, 14, 16, 19, 22, 23], ""subset_size"": 10, ""micro_f1"": 0.4764, ""macro_f1"": 0.019337726790901642, ""validation_loss"": 1.84955771484375, ""train_loss"": 2.795935156758626, ""seconds"": 0.390956370999902, ""gpu_id"": 1, ""candidate_id"": 90, ""sample_weight"": 0.10352608384640223}, {""client_id"": 4, ""model_family"": ""gru"", ""feature_ids"": [3, 9, 10, 12, 13, 14, 16, 19, 22, 23], ""subset_size"": 10, ""micro_f1"": 0.8305, ""macro_f1"": 0.026688304384851452, ""validation_loss"": 0.9231500610351563, ""train_loss"": 2.195703439553579, ""seconds"": 0.4035863639996933, ""gpu_id"": 1, ""candidate_id"": 90, ""sample_weight"": 0.05331880053778213}, {""client_id"": 5, ""model_family"": ""transformer"", ""feature_ids"": [3, 9, 10, 12, 13, 14, 16, 19, 22, 23], ""subset_size"": 10, ""micro_f1"": 0.9447, ""macro_f1"": 0.05568285465632203, ""validation_loss"": 0.2973707992553711, ""train_loss"": 0.6990514424006145, ""seconds"": 0.8714823639998031, ""gpu_id"": 0, ""candidate_id"": 90, ""sample_weight"": 0.07030155005722065}, {""client_id"": 6, ""model_family"": ""transformer"", ""feature_ids"": [3, 9, 10, 12, 13, 14, 16, 19, 22, 23], ""subset_size"": 10, ""micro_f1"": 0.9918, ""macro_f1"": 0.05797511271391187, ""validation_loss"": 0.07186246337890626, ""train_loss"": 0.5267174530042542, ""seconds"": 0.7654800880000039, ""gpu_id"": 1, ""candidate_id"": 90, ""sample_weight"": 0.07459801933327874}, {""client_id"": 7, ""model_family"": ""transformer"", ""feature_ids"": [3, 9, 10, 12, 13, 14, 16, 19, 22, 23], ""subset_size"": 10, ""micro_f1"": 0.8635, ""macro_f1"": 0.027893558494274318, ""validation_loss"": 0.557473193359375, ""train_loss"": 0.7706173944155376, ""seconds"": 0.7381329479999295, ""gpu_id"": 1, ""candidate_id"": 90, ""sample_weight"": 0.05067317481195735}, {""client_id"": 8, ""model_family"": ""cnn1d"", ""feature_ids"": [3, 9, 10, 12, 13, 14, 16, 19, 22, 23], ""subset_size"": 10, ""micro_f1"": 0.6245, ""macro_f1"": 0.09027766199904204, ""validation_loss"": 1.5287248291015625, ""train_loss"": 2.2078203710979887, ""seconds"": 0.3472357840000768, ""gpu_id"": 0, ""candidate_id"": 90, ""sample_weight"": 0.354287210681253}, {""client_id"": 9, ""model_family"": ""cnn1d"", ""feature_ids"": [3, 9, 10, 12, 13, 14, 16, 19, 22, 23], ""subset_size"": 10, ""micro_f1"": 0.89, ""macro_f1"": 0.07480145070867297, ""validation_loss"": 0.6402435974121093, ""train_loss"": 1.2570430486996969, ""seconds"": 0.32992034700009754, ""gpu_id"": 1, ""candidate_id"": 90, ""sample_weight"": 0.12090074249549396}, {""client_id"": 10, ""model_family"": ""cnn1d"", ""feature_ids"": [3, 9, 10, 12, 13, 14, 16, 19, 22, 23], ""subset_size"": 10, ""micro_f1"": 0.8179, ""macro_f1"": 0.10491430529865357, ""validation_loss"": 0.9919591918945313, ""train_loss"": 1.763809114519755, ""seconds"": 0.3413292789996376, ""gpu_id"": 0, ""candidate_id"": 90, ""sample_weight"": 0.11011103958316146}]"
91,10,9100,"[3, 9, 10, 12, 13, 14, 16, 19, 22, 23]","[""UDP"", ""Rate"", ""IAT"", ""rst_flag_number"", ""Tot sum"", ""HTTPS"", ""fin_flag_number"", ""Header_Length"", ""Time_To_Live"", ""ARP""]",10,0.711841316983743,0.06640774318974152,0.6811966896057129,0.6,0.5430644627378031,240,24020,"[{""client_id"": 1, ""model_family"": ""gru"", ""feature_ids"": [3, 9, 10, 12, 13, 14, 16, 19, 22, 23], ""subset_size"": 10, ""micro_f1"": 0.8775380710659898, ""macro_f1"": 0.02749339005625907, ""validation_loss"": 3.0580565166957485, ""train_loss"": 3.315259902408684, ""seconds"": 0.13717233199986367, ""gpu_id"": 0, ""candidate_id"": 91, ""sample_weight"": 0.0008752009911046531}, {""client_id"": 2, ""model_family"": ""gru"", ""feature_ids"": [3, 9, 10, 12, 13, 14, 16, 19, 22, 23], ""subset_size"": 10, ""micro_f1"": 0.2342, ""macro_f1"": 0.011507745253403857, ""validation_loss"": 2.9420619140625, ""train_loss"": 3.2576763248019747, ""seconds"": 0.3769859699996232, ""gpu_id"": 1, ""candidate_id"": 91, ""sample_weight"": 0.061408177662345804}, {""client_id"": 3, ""model_family"": ""gru"", ""feature_ids"": [3, 9, 10, 12, 13, 14, 16, 19, 22, 23], ""subset_size"": 10, ""micro_f1"": 0.4764, ""macro_f1"": 0.01933523808836721, ""validation_loss"": 1.849192578125, ""train_loss"": 2.79551730717553, ""seconds"": 0.35494403899974714, ""gpu_id"": 1, ""candidate_id"": 91, ""sample_weight"": 0.10352608384640223}, {""client_id"": 4, ""model_family"": ""gru"", ""feature_ids"": [3, 9, 10, 12, 13, 14, 16, 19, 22, 23], ""subset_size"": 10, ""micro_f1"": 0.8305, ""macro_f1"": 0.026688304384851452, ""validation_loss"": 0.9230160766601563, ""train_loss"": 2.1956919867727493, ""seconds"": 0.4147419100004299, ""gpu_id"": 1, ""candidate_id"": 91, ""sample_weight"": 0.05331880053778213}, {""client_id"": 5, ""model_family"": ""transformer"", ""feature_ids"": [3, 9, 10, 12, 13, 14, 16, 19, 22, 23], ""subset_size"": 10, ""micro_f1"": 0.9445, ""macro_f1"": 0.05566600644425558, ""validation_loss"": 0.29752093353271486, ""train_loss"": 0.6985450337992775, ""seconds"": 0.8697099559999515, ""gpu_id"": 0, ""candidate_id"": 91, ""sample_weight"": 0.07030155005722065}, {""client_id"": 6, ""model_family"": ""transformer"", ""feature_ids"": [3, 9, 10, 12, 13, 14, 16, 19, 22, 23], ""subset_size"": 10, ""micro_f1"": 0.9917, ""macro_f1"": 0.05796325176465748, ""validation_loss"": 0.07191678009033203, ""train_loss"": 0.5260746214310328, ""seconds"": 0.781614695999906, ""gpu_id"": 1, ""candidate_id"": 91, ""sample_weight"": 0.07459801933327874}, {""client_id"": 7, ""model_family"": ""transformer"", ""feature_ids"": [3, 9, 10, 12, 13, 14, 16, 19, 22, 23], ""subset_size"": 10, ""micro_f1"": 0.8634, ""macro_f1"": 0.027890480342284824, ""validation_loss"": 0.5576099792480469, ""train_loss"": 0.770734112379286, ""seconds"": 0.7395513340002253, ""gpu_id"": 1, ""candidate_id"": 91, ""sample_weight"": 0.05067317481195735}, {""client_id"": 8, ""model_family"": ""cnn1d"", ""feature_ids"": [3, 9, 10, 12, 13, 14, 16, 19, 22, 23], ""subset_size"": 10, ""micro_f1"": 0.6247, ""macro_f1"": 0.09029125856677146, ""validation_loss"": 1.5289278198242187, ""train_loss"": 2.2080514108869767, ""seconds"": 0.3659086570000909, ""gpu_id"": 0, ""candidate_id"": 91, ""sample_weight"": 0.354287210681253}, {""client_id"": 9, ""model_family"": ""cnn1d"", ""feature_ids"": [3, 9, 10, 12, 13, 14, 16, 19, 22, 23], ""subset_size"": 10, ""micro_f1"": 0.8898, ""macro_f1"": 0.07475148494890753, ""validation_loss"": 0.6409054931640625, ""train_loss"": 1.2596088849491542, ""seconds"": 0.31660806999980196, ""gpu_id"": 1, ""candidate_id"": 91, ""sample_weight"": 0.12090074249549396}, {""client_id"": 10, ""model_family"": ""cnn1d"", ""feature_ids"": [3, 9, 10, 12, 13, 14, 16, 19, 22, 23], ""subset_size"": 10, ""micro_f1"": 0.8179, ""macro_f1"": 0.10512228191525086, ""validation_loss"": 0.993638330078125, ""train_loss"": 1.7642460728327434, ""seconds"": 0.33297241299987945, ""gpu_id"": 0, ""candidate_id"": 91, ""sample_weight"": 0.11011103958316146}]"
92,10,9200,"[3, 9, 10, 12, 13, 14, 16, 19, 22, 23]","[""UDP"", ""Rate"", ""IAT"", ""rst_flag_number"", ""Tot sum"", ""HTTPS"", ""fin_flag_number"", ""Header_Length"", ""Time_To_Live"", ""ARP""]",10,0.7117130166278933,0.06638971438377131,0.7375845909118652,0.6,0.5374128425716028,240,24260,"[{""client_id"": 1, ""model_family"": ""gru"", ""feature_ids"": [3, 9, 10, 12, 13, 14, 16, 19, 22, 23], ""subset_size"": 10, ""micro_f1"": 0.8775380710659898, ""macro_f1"": 0.02749339005625907, ""validation_loss"": 3.0577956456218276, ""train_loss"": 3.315029807636715, ""seconds"": 0.1268732280000222, ""gpu_id"": 0, ""candidate_id"": 92, ""sample_weight"": 0.0008752009911046531}, {""client_id"": 2, ""model_family"": ""gru"", ""feature_ids"": [3, 9, 10, 12, 13, 14, 16, 19, 22, 23], ""subset_size"": 10, ""micro_f1"": 0.234, ""macro_f1"": 0.011452623000671704, ""validation_loss"": 2.941952734375, ""train_loss"": 3.2577738068474664, ""seconds"": 0.42325860599976295, ""gpu_id"": 1, ""candidate_id"": 92, ""sample_weight"": 0.061408177662345804}, {""client_id"": 3, ""model_family"": ""gru"", ""feature_ids"": [3, 9, 10, 12, 13, 14, 16, 19, 22, 23], ""subset_size"": 10, ""micro_f1"": 0.4764, ""macro_f1"": 0.01933523808836721, ""validation_loss"": 1.8495673828125, ""train_loss"": 2.7955385690689085, ""seconds"": 0.36155861699990055, ""gpu_id"": 1, ""candidate_id"": 92, ""sample_weight"": 0.10352608384640223}, {""client_id"": 4, ""model_family"": ""gru"", ""feature_ids"": [3, 9, 10, 12, 13, 14, 16, 19, 22, 23], ""subset_size"": 10, ""micro_f1"": 0.8305, ""macro_f1"": 0.026688304384851452, ""validation_loss"": 0.9240538208007812, ""train_loss"": 2.19657899040646, ""seconds"": 0.40229475600017395, ""gpu_id"": 1, ""candidate_id"": 92, ""sample_weight"": 0.05331880053778213}, {""client_id"": 5, ""model_family"": ""transformer"", ""feature_ids"": [3, 9, 10, 12, 13, 14, 16, 19, 22, 23], ""subset_size"": 10, ""micro_f1"": 0.9445, ""macro_f1"": 0.05566600644425558, ""validation_loss"": 0.2977857849121094, ""train_loss"": 0.6995276169723934, ""seconds"": 0.8529354789998251, ""gpu_id"": 0, ""candidate_id"": 92, ""sample_weight"": 0.07030155005722065}, {""client_id"": 6, ""model_family"": ""transformer"", ""feature_ids"": [3, 9, 10, 12, 13, 14, 16, 19, 22, 23], ""subset_size"": 10, ""micro_f1"": 0.9918, ""macro_f1"": 0.05797511271391187, ""validation_loss"": 0.07211036529541015, ""train_loss"": 0.5257261737346649, ""seconds"": 0.799056033999932, ""gpu_id"": 1, ""candidate_id"": 92, ""sample_weight"": 0.07459801933327874}, {""client_id"": 7, ""model_family"": ""transformer"", ""feature_ids"": [3, 9, 10, 12, 13, 14, 16, 19, 22, 23], ""subset_size"": 10, ""micro_f1"": 0.8635, ""macro_f1"": 0.027893558494274318, ""validation_loss"": 0.5574707763671874, ""train_loss"": 0.7710300353633033, ""seconds"": 0.7432342079996488, ""gpu_id"": 1, ""candidate_id"": 92, ""sample_weight"": 0.05067317481195735}, {""client_id"": 8, ""model_family"": ""cnn1d"", ""feature_ids"": [3, 9, 10, 12, 13, 14, 16, 19, 22, 23], ""subset_size"": 10, ""micro_f1"": 0.6243, ""macro_f1"": 0.09027981597869618, ""validation_loss"": 1.529505712890625, ""train_loss"": 2.208647063827515, ""seconds"": 0.3678022779999992, ""gpu_id"": 0, ""candidate_id"": 92, ""sample_weight"": 0.354287210681253}, {""client_id"": 9, ""model_family"": ""cnn1d"", ""feature_ids"": [3, 9, 10, 12, 13, 14, 16, 19, 22, 23], ""subset_size"": 10, ""micro_f1"": 0.89, ""macro_f1"": 0.0748008697944238, ""validation_loss"": 0.6384427734375, ""train_loss"": 1.2596492833137511, ""seconds"": 0.32738017200017566, ""gpu_id"": 1, ""candidate_id"": 92, ""sample_weight"": 0.12090074249549396}, {""client_id"": 10, ""model_family"": ""cnn1d"", ""feature_ids"": [3, 9, 10, 12, 13, 14, 16, 19, 22, 23], ""subset_size"": 10, ""micro_f1"": 0.8178, ""macro_f1"": 0.10496243115112834, ""validation_loss"": 0.98887939453125, ""train_loss"": 1.7635968199412029, ""seconds"": 0.34990655799992965, ""gpu_id"": 0, ""candidate_id"": 92, ""sample_weight"": 0.11011103958316146}]"
93,10,9300,"[3, 9, 10, 12, 13, 14, 16, 19, 22, 23]","[""UDP"", ""Rate"", ""IAT"", ""rst_flag_number"", ""Tot sum"", ""HTTPS"", ""fin_flag_number"", ""Header_Length"", ""Time_To_Live"", ""ARP""]",10,0.711732180577091,0.06636771064651464,0.6931607723236084,0.6,0.5418571408253483,240,24500,"[{""client_id"": 1, ""model_family"": ""gru"", ""feature_ids"": [3, 9, 10, 12, 13, 14, 16, 19, 22, 23], ""subset_size"": 10, ""micro_f1"": 0.8775380710659898, ""macro_f1"": 0.02749339005625907, ""validation_loss"": 3.058021196859137, ""train_loss"": 3.3152106097372522, ""seconds"": 0.13588134499968874, ""gpu_id"": 0, ""candidate_id"": 93, ""sample_weight"": 0.0008752009911046531}, {""client_id"": 2, ""model_family"": ""gru"", ""feature_ids"": [3, 9, 10, 12, 13, 14, 16, 19, 22, 23], ""subset_size"": 10, ""micro_f1"": 0.234, ""macro_f1"": 0.011454411781214431, ""validation_loss"": 2.942342578125, ""train_loss"": 3.257734526655409, ""seconds"": 0.4301472790002663, ""gpu_id"": 1, ""candidate_id"": 93, ""sample_weight"": 0.061408177662345804}, {""client_id"": 3, ""model_family"": ""gru"", ""feature_ids"": [3, 9, 10, 12, 13, 14, 16, 19, 22, 23], ""subset_size"": 10, ""micro_f1"": 0.4764, ""macro_f1"": 0.0193364823391353, ""validation_loss"": 1.8498326171875, ""train_loss"": 2.7962337678485447, ""seconds"": 0.42793251700004475, ""gpu_id"": 1, ""candidate_id"": 93, ""sample_weight"": 0.10352608384640223}, {""client_id"": 4, ""model_family"": ""gru"", ""feature_ids"": [3, 9, 10, 12, 13, 14, 16, 19, 22, 23], ""subset_size"": 10, ""micro_f1"": 0.8305, ""macro_f1"": 0.026688304384851452, ""validation_loss"": 0.9234872314453125, ""train_loss"": 2.196566555235121, ""seconds"": 0.378339615999721, ""gpu_id"": 1, ""candidate_id"": 93, ""sample_weight"": 0.05331880053778213}, {""client_id"": 5, ""model_family"": ""transformer"", ""feature_ids"": [3, 9, 10, 12, 13, 14, 16, 19, 22, 23], ""subset_size"": 10, ""micro_f1"": 0.9445, ""macro_f1"": 0.05566600644425558, ""validation_loss"": 0.2974919921875, ""train_loss"": 0.6996129472891489, ""seconds"": 0.9156837700002143, ""gpu_id"": 0, ""candidate_id"": 93, ""sample_weight"": 0.07030155005722065}, {""client_id"": 6, ""model_family"": ""transformer"", ""feature_ids"": [3, 9, 10, 12, 13, 14, 16, 19, 22, 23], ""subset_size"": 10, ""micro_f1"": 0.9906, ""macro_f1"": 0.05783234267005952, ""validation_loss"": 0.07214639739990235, ""train_loss"": 0.5256629076096747, ""seconds"": 0.7583658309999919, ""gpu_id"": 1, ""candidate_id"": 93, ""sample_weight"": 0.07459801933327874}, {""client_id"": 7, ""model_family"": ""transformer"", ""feature_ids"": [3, 9, 10, 12, 13, 14, 16, 19, 22, 23], ""subset_size"": 10, ""micro_f1"": 0.8635, ""macro_f1"": 0.027893558494274318, ""validation_loss"": 0.5575314208984375, ""train_loss"": 0.7714437606493632, ""seconds"": 0.7199010219997035, ""gpu_id"": 1, ""candidate_id"": 93, ""sample_weight"": 0.05067317481195735}, {""client_id"": 8, ""model_family"": ""cnn1d"", ""feature_ids"": [3, 9, 10, 12, 13, 14, 16, 19, 22, 23], ""subset_size"": 10, ""micro_f1"": 0.6247, ""macro_f1"": 0.0902341870130033, ""validation_loss"": 1.5285805419921874, ""train_loss"": 2.2092234453201294, ""seconds"": 0.35400485199988907, ""gpu_id"": 0, ""candidate_id"": 93, ""sample_weight"": 0.354287210681253}, {""client_id"": 9, ""model_family"": ""cnn1d"", ""feature_ids"": [3, 9, 10, 12, 13, 14, 16, 19, 22, 23], ""subset_size"": 10, ""micro_f1"": 0.89, ""macro_f1"": 0.0748008697944238, ""validation_loss"": 0.6403933288574218, ""train_loss"": 1.2586174988534715, ""seconds"": 0.32025908300010997, ""gpu_id"": 1, ""candidate_id"": 93, ""sample_weight"": 0.12090074249549396}, {""client_id"": 10, ""model_family"": ""cnn1d"", ""feature_ids"": [3, 9, 10, 12, 13, 14, 16, 19, 22, 23], ""subset_size"": 10, ""micro_f1"": 0.8175, ""macro_f1"": 0.10500396854893189, ""validation_loss"": 0.9902439208984375, ""train_loss"": 1.7637125963422988, ""seconds"": 0.33712919499976124, ""gpu_id"": 0, ""candidate_id"": 93, ""sample_weight"": 0.11011103958316146}]"
94,10,9400,"[3, 9, 10, 12, 13, 14, 16, 19, 22, 23]","[""UDP"", ""Rate"", ""IAT"", ""rst_flag_number"", ""Tot sum"", ""HTTPS"", ""fin_flag_number"", ""Header_Length"", ""Time_To_Live"", ""ARP""]",10,0.7118668180446404,0.06641013293068665,0.7229828238487244,0.6,0.5388883994195917,240,24740,"[{""client_id"": 1, ""model_family"": ""gru"", ""feature_ids"": [3, 9, 10, 12, 13, 14, 16, 19, 22, 23], ""subset_size"": 10, ""micro_f1"": 0.8775380710659898, ""macro_f1"": 0.02749339005625907, ""validation_loss"": 3.058024914736675, ""train_loss"": 3.315199177210034, ""seconds"": 0.15820663700014848, ""gpu_id"": 0, ""candidate_id"": 94, ""sample_weight"": 0.0008752009911046531}, {""client_id"": 2, ""model_family"": ""gru"", ""feature_ids"": [3, 9, 10, 12, 13, 14, 16, 19, 22, 23], ""subset_size"": 10, ""micro_f1"": 0.2342, ""macro_f1"": 0.011505107040367175, ""validation_loss"": 2.9422001953125, ""train_loss"": 3.2578217436048718, ""seconds"": 0.481862122000166, ""gpu_id"": 1, ""candidate_id"": 94, ""sample_weight"": 0.061408177662345804}, {""client_id"": 3, ""model_family"": ""gru"", ""feature_ids"": [3, 9, 10, 12, 13, 14, 16, 19, 22, 23], ""subset_size"": 10, ""micro_f1"": 0.4764, ""macro_f1"": 0.01933523808836721, ""validation_loss"": 1.850558642578125, ""train_loss"": 2.7961321614371406, ""seconds"": 0.3816205970001647, ""gpu_id"": 1, ""candidate_id"": 94, ""sample_weight"": 0.10352608384640223}, {""client_id"": 4, ""model_family"": ""gru"", ""feature_ids"": [3, 9, 10, 12, 13, 14, 16, 19, 22, 23], ""subset_size"": 10, ""micro_f1"": 0.8305, ""macro_f1"": 0.026688304384851452, ""validation_loss"": 0.923523974609375, ""train_loss"": 2.1957926799668206, ""seconds"": 0.3901216940002996, ""gpu_id"": 1, ""candidate_id"": 94, ""sample_weight"": 0.05331880053778213}, {""client_id"": 5, ""model_family"": ""transformer"", ""feature_ids"": [3, 9, 10, 12, 13, 14, 16, 19, 22, 23], ""subset_size"": 10, ""micro_f1"": 0.9446, ""macro_f1"": 0.055674431765575724, ""validation_loss"": 0.29724391021728513, ""train_loss"": 0.6994325374603272, ""seconds"": 0.907793526000205, ""gpu_id"": 0, ""candidate_id"": 94, ""sample_weight"": 0.07030155005722065}, {""client_id"": 6, ""model_family"": ""transformer"", ""feature_ids"": [3, 9, 10, 12, 13, 14, 16, 19, 22, 23], ""subset_size"": 10, ""micro_f1"": 0.9918, ""macro_f1"": 0.05797511271391187, ""validation_loss"": 0.07197354888916016, ""train_loss"": 0.5257523448030154, ""seconds"": 0.781060239999988, ""gpu_id"": 1, ""candidate_id"": 94, ""sample_weight"": 0.07459801933327874}, {""client_id"": 7, ""model_family"": ""transformer"", ""feature_ids"": [3, 9, 10, 12, 13, 14, 16, 19, 22, 23], ""subset_size"": 10, ""micro_f1"": 0.8634, ""macro_f1"": 0.0277495142933059, ""validation_loss"": 0.5578228759765625, ""train_loss"": 0.7710894851101769, ""seconds"": 0.7420961259999785, ""gpu_id"": 1, ""candidate_id"": 94, ""sample_weight"": 0.05067317481195735}, {""client_id"": 8, ""model_family"": ""cnn1d"", ""feature_ids"": [3, 9, 10, 12, 13, 14, 16, 19, 22, 23], ""subset_size"": 10, ""micro_f1"": 0.6247, ""macro_f1"": 0.09034757868279185, ""validation_loss"": 1.526735107421875, ""train_loss"": 2.207537868754069, ""seconds"": 0.3682958070003224, ""gpu_id"": 0, ""candidate_id"": 94, ""sample_weight"": 0.354287210681253}, {""client_id"": 9, ""model_family"": ""cnn1d"", ""feature_ids"": [3, 9, 10, 12, 13, 14, 16, 19, 22, 23], ""subset_size"": 10, ""micro_f1"": 0.8898, ""macro_f1"": 0.07475098600512983, ""validation_loss"": 0.6401861511230469, ""train_loss"": 1.2584738628811307, ""seconds"": 0.3231966509997619, ""gpu_id"": 1, ""candidate_id"": 94, ""sample_weight"": 0.12090074249549396}, {""client_id"": 10, ""model_family"": ""cnn1d"", ""feature_ids"": [3, 9, 10, 12, 13, 14, 16, 19, 22, 23], ""subset_size"": 10, ""micro_f1"": 0.818, ""macro_f1"": 0.10501624945375575, ""validation_loss"": 0.9925529907226562, ""train_loss"": 1.76418155386183, ""seconds"": 0.3357999340000788, ""gpu_id"": 0, ""candidate_id"": 94, ""sample_weight"": 0.11011103958316146}]"
95,10,9500,"[3, 9, 10, 12, 13, 14, 16, 19, 22, 23]","[""UDP"", ""Rate"", ""IAT"", ""rst_flag_number"", ""Tot sum"", ""HTTPS"", ""fin_flag_number"", ""Header_Length"", ""Time_To_Live"", ""ARP""]",10,0.7118045555834387,0.06643129280296088,0.7061040997505188,0.6,0.540570045583292,240,24980,"[{""client_id"": 1, ""model_family"": ""gru"", ""feature_ids"": [3, 9, 10, 12, 13, 14, 16, 19, 22, 23], ""subset_size"": 10, ""micro_f1"": 0.8775380710659898, ""macro_f1"": 0.02749339005625907, ""validation_loss"": 3.0580738667909264, ""train_loss"": 3.315453512145514, ""seconds"": 0.1293052760001956, ""gpu_id"": 0, ""candidate_id"": 95, ""sample_weight"": 0.0008752009911046531}, {""client_id"": 2, ""model_family"": ""gru"", ""feature_ids"": [3, 9, 10, 12, 13, 14, 16, 19, 22, 23], ""subset_size"": 10, ""micro_f1"": 0.234, ""macro_f1"": 0.0114562013083663, ""validation_loss"": 2.9420806640625, ""train_loss"": 3.2577306632995606, ""seconds"": 0.3698690279998118, ""gpu_id"": 1, ""candidate_id"": 95, ""sample_weight"": 0.061408177662345804}, {""client_id"": 3, ""model_family"": ""gru"", ""feature_ids"": [3, 9, 10, 12, 13, 14, 16, 19, 22, 23], ""subset_size"": 10, ""micro_f1"": 0.4764, ""macro_f1"": 0.01933523808836721, ""validation_loss"": 1.849910791015625, ""train_loss"": 2.7953226727803546, ""seconds"": 0.4340532850001182, ""gpu_id"": 1, ""candidate_id"": 95, ""sample_weight"": 0.10352608384640223}, {""client_id"": 4, ""model_family"": ""gru"", ""feature_ids"": [3, 9, 10, 12, 13, 14, 16, 19, 22, 23], ""subset_size"": 10, ""micro_f1"": 0.8305, ""macro_f1"": 0.026688304384851452, ""validation_loss"": 0.9233640380859375, ""train_loss"": 2.196051695219676, ""seconds"": 0.37912067699971885, ""gpu_id"": 1, ""candidate_id"": 95, ""sample_weight"": 0.05331880053778213}, {""client_id"": 5, ""model_family"": ""transformer"", ""feature_ids"": [3, 9, 10, 12, 13, 14, 16, 19, 22, 23], ""subset_size"": 10, ""micro_f1"": 0.9446, ""macro_f1"": 0.055674431765575724, ""validation_loss"": 0.2973441665649414, ""train_loss"": 0.6991336614979639, ""seconds"": 0.873680296999737, ""gpu_id"": 0, ""candidate_id"": 95, ""sample_weight"": 0.07030155005722065}, {""client_id"": 6, ""model_family"": ""transformer"", ""feature_ids"": [3, 9, 10, 12, 13, 14, 16, 19, 22, 23], ""subset_size"": 10, ""micro_f1"": 0.9909, ""macro_f1"": 0.05786812515628517, ""validation_loss"": 0.07197020111083985, ""train_loss"": 0.5262038245651457, ""seconds"": 0.7904523510001127, ""gpu_id"": 1, ""candidate_id"": 95, ""sample_weight"": 0.07459801933327874}, {""client_id"": 7, ""model_family"": ""transformer"", ""feature_ids"": [3, 9, 10, 12, 13, 14, 16, 19, 22, 23], ""subset_size"": 10, ""micro_f1"": 0.8635, ""macro_f1"": 0.027893558494274318, ""validation_loss"": 0.557442529296875, ""train_loss"": 0.7700754273414612, ""seconds"": 0.7307253740000306, ""gpu_id"": 1, ""candidate_id"": 95, ""sample_weight"": 0.05067317481195735}, {""client_id"": 8, ""model_family"": ""cnn1d"", ""feature_ids"": [3, 9, 10, 12, 13, 14, 16, 19, 22, 23], ""subset_size"": 10, ""micro_f1"": 0.6247, ""macro_f1"": 0.09037594911893551, ""validation_loss"": 1.5287684326171875, ""train_loss"": 2.207846835199992, ""seconds"": 0.40051956200022687, ""gpu_id"": 0, ""candidate_id"": 95, ""sample_weight"": 0.354287210681253}, {""client_id"": 9, ""model_family"": ""cnn1d"", ""feature_ids"": [3, 9, 10, 12, 13, 14, 16, 19, 22, 23], ""subset_size"": 10, ""micro_f1"": 0.8899, ""macro_f1"": 0.0747759419713828, ""validation_loss"": 0.6390806640625, ""train_loss"": 1.258998980024126, ""seconds"": 0.31154661299979125, ""gpu_id"": 1, ""candidate_id"": 95, ""sample_weight"": 0.12090074249549396}, {""client_id"": 10, ""model_family"": ""cnn1d"", ""feature_ids"": [3, 9, 10, 12, 13, 14, 16, 19, 22, 23], ""subset_size"": 10, ""micro_f1"": 0.818, ""macro_f1"": 0.10512320048770611, ""validation_loss"": 0.989981640625, ""train_loss"": 1.7629950225406223, ""seconds"": 0.3402022959999158, ""gpu_id"": 0, ""candidate_id"": 95, ""sample_weight"": 0.11011103958316146}]"
96,10,9600,"[3, 9, 10, 12, 13, 14, 16, 19, 22, 23]","[""UDP"", ""Rate"", ""IAT"", ""rst_flag_number"", ""Tot sum"", ""HTTPS"", ""fin_flag_number"", ""Header_Length"", ""Time_To_Live"", ""ARP""]",10,0.7116868449096825,0.06640401984812662,0.7141244411468506,0.6,0.5397562403762832,240,25220,"[{""client_id"": 1, ""model_family"": ""gru"", ""feature_ids"": [3, 9, 10, 12, 13, 14, 16, 19, 22, 23], ""subset_size"": 10, ""micro_f1"": 0.8775380710659898, ""macro_f1"": 0.02749339005625907, ""validation_loss"": 3.057770240125317, ""train_loss"": 3.3149976585117087, ""seconds"": 0.11447306700029003, ""gpu_id"": 0, ""candidate_id"": 96, ""sample_weight"": 0.0008752009911046531}, {""client_id"": 2, ""model_family"": ""gru"", ""feature_ids"": [3, 9, 10, 12, 13, 14, 16, 19, 22, 23], ""subset_size"": 10, ""micro_f1"": 0.2342, ""macro_f1"": 0.011504228034687276, ""validation_loss"": 2.9422279296875, ""train_loss"": 3.2578476340823705, ""seconds"": 0.36787987499974406, ""gpu_id"": 1, ""candidate_id"": 96, ""sample_weight"": 0.061408177662345804}, {""client_id"": 3, ""model_family"": ""gru"", ""feature_ids"": [3, 9, 10, 12, 13, 14, 16, 19, 22, 23], ""subset_size"": 10, ""micro_f1"": 0.4764, ""macro_f1"": 0.01933523808836721, ""validation_loss"": 1.849789013671875, ""train_loss"": 2.7956957790798613, ""seconds"": 0.4324686280001515, ""gpu_id"": 1, ""candidate_id"": 96, ""sample_weight"": 0.10352608384640223}, {""client_id"": 4, ""model_family"": ""gru"", ""feature_ids"": [3, 9, 10, 12, 13, 14, 16, 19, 22, 23], ""subset_size"": 10, ""micro_f1"": 0.8305, ""macro_f1"": 0.026688304384851452, ""validation_loss"": 0.924129150390625, ""train_loss"": 2.19605780359904, ""seconds"": 0.3742440410001109, ""gpu_id"": 1, ""candidate_id"": 96, ""sample_weight"": 0.05331880053778213}, {""client_id"": 5, ""model_family"": ""transformer"", ""feature_ids"": [3, 9, 10, 12, 13, 14, 16, 19, 22, 23], ""subset_size"": 10, ""micro_f1"": 0.9446, ""macro_f1"": 0.055674431765575724, ""validation_loss"": 0.2972401611328125, ""train_loss"": 0.6985192083729638, ""seconds"": 0.8912582809998639, ""gpu_id"": 0, ""candidate_id"": 96, ""sample_weight"": 0.07030155005722065}, {""client_id"": 6, ""model_family"": ""transformer"", ""feature_ids"": [3, 9, 10, 12, 13, 14, 16, 19, 22, 23], ""subset_size"": 10, ""micro_f1"": 0.9916, ""macro_f1"": 0.057951384192318815, ""validation_loss"": 0.07196289520263671, ""train_loss"": 0.5262902984778086, ""seconds"": 0.8226051249998818, ""gpu_id"": 1, ""candidate_id"": 96, ""sample_weight"": 0.07459801933327874}, {""client_id"": 7, ""model_family"": ""transformer"", ""feature_ids"": [3, 9, 10, 12, 13, 14, 16, 19, 22, 23], ""subset_size"": 10, ""micro_f1"": 0.8634, ""macro_f1"": 0.027890480342284824, ""validation_loss"": 0.5575256958007813, ""train_loss"": 0.7712178820292155, ""seconds"": 0.7389565869998478, ""gpu_id"": 1, ""candidate_id"": 96, ""sample_weight"": 0.05067317481195735}, {""client_id"": 8, ""model_family"": ""cnn1d"", ""feature_ids"": [3, 9, 10, 12, 13, 14, 16, 19, 22, 23], ""subset_size"": 10, ""micro_f1"": 0.6242, ""macro_f1"": 0.09027354848789138, ""validation_loss"": 1.5264456176757812, ""train_loss"": 2.2083206033070883, ""seconds"": 0.36115034999966156, ""gpu_id"": 0, ""candidate_id"": 96, ""sample_weight"": 0.354287210681253}, {""client_id"": 9, ""model_family"": ""cnn1d"", ""feature_ids"": [3, 9, 10, 12, 13, 14, 16, 19, 22, 23], ""subset_size"": 10, ""micro_f1"": 0.8899, ""macro_f1"": 0.0747759419713828, ""validation_loss"": 0.6429114685058593, ""train_loss"": 1.2599180917421977, ""seconds"": 0.32557265900004495, ""gpu_id"": 1, ""candidate_id"": 96, ""sample_weight"": 0.12090074249549396}, {""client_id"": 10, ""model_family"": ""cnn1d"", ""feature_ids"": [3, 9, 10, 12, 13, 14, 16, 19, 22, 23], ""subset_size"": 10, ""micro_f1"": 0.818, ""macro_f1"": 0.10512321924987625, ""validation_loss"": 0.9929182739257812, ""train_loss"": 1.7636534019364252, ""seconds"": 0.3998509660000309, ""gpu_id"": 0, ""candidate_id"": 96, ""sample_weight"": 0.11011103958316146}]"
97,10,9700,"[3, 9, 10, 12, 13, 14, 16, 19, 22, 23]","[""UDP"", ""Rate"", ""IAT"", ""rst_flag_number"", ""Tot sum"", ""HTTPS"", ""fin_flag_number"", ""Header_Length"", ""Time_To_Live"", ""ARP""]",10,0.7117371666929008,0.06641194801268903,0.7111160755157471,0.6,0.5400621091177153,240,25460,"[{""client_id"": 1, ""model_family"": ""gru"", ""feature_ids"": [3, 9, 10, 12, 13, 14, 16, 19, 22, 23], ""subset_size"": 10, ""micro_f1"": 0.8775380710659898, ""macro_f1"": 0.02749339005625907, ""validation_loss"": 3.0580453630631346, ""train_loss"": 3.315254534696094, ""seconds"": 0.14818136699977913, ""gpu_id"": 0, ""candidate_id"": 97, ""sample_weight"": 0.0008752009911046531}, {""client_id"": 2, ""model_family"": ""gru"", ""feature_ids"": [3, 9, 10, 12, 13, 14, 16, 19, 22, 23], ""subset_size"": 10, ""micro_f1"": 0.234, ""macro_f1"": 0.011454411781214431, ""validation_loss"": 2.9415439453125, ""train_loss"": 3.257328299501207, ""seconds"": 0.4008284269998512, ""gpu_id"": 1, ""candidate_id"": 97, ""sample_weight"": 0.061408177662345804}, {""client_id"": 3, ""model_family"": ""gru"", ""feature_ids"": [3, 9, 10, 12, 13, 14, 16, 19, 22, 23], ""subset_size"": 10, ""micro_f1"": 0.4764, ""macro_f1"": 0.01933523808836721, ""validation_loss"": 1.849356787109375, ""train_loss"": 2.795591655476888, ""seconds"": 0.4639798809998865, ""gpu_id"": 1, ""candidate_id"": 97, ""sample_weight"": 0.10352608384640223}, {""client_id"": 4, ""model_family"": ""gru"", ""feature_ids"": [3, 9, 10, 12, 13, 14, 16, 19, 22, 23], ""subset_size"": 10, ""micro_f1"": 0.8305, ""macro_f1"": 0.026688304384851452, ""validation_loss"": 0.9233214721679688, ""train_loss"": 2.1957977197117278, ""seconds"": 0.406633051999961, ""gpu_id"": 1, ""candidate_id"": 97, ""sample_weight"": 0.05331880053778213}, {""client_id"": 5, ""model_family"": ""transformer"", ""feature_ids"": [3, 9, 10, 12, 13, 14, 16, 19, 22, 23], ""subset_size"": 10, ""micro_f1"": 0.9447, ""macro_f1"": 0.05568285465632203, ""validation_loss"": 0.29729457550048827, ""train_loss"": 0.6981710129208035, ""seconds"": 0.9342379340000662, ""gpu_id"": 0, ""candidate_id"": 97, ""sample_weight"": 0.07030155005722065}, {""client_id"": 6, ""model_family"": ""transformer"", ""feature_ids"": [3, 9, 10, 12, 13, 14, 16, 19, 22, 23], ""subset_size"": 10, ""micro_f1"": 0.992, ""macro_f1"": 0.05799881477084208, ""validation_loss"": 0.07182541809082031, ""train_loss"": 0.525727363272508, ""seconds"": 0.8599623009999959, ""gpu_id"": 1, ""candidate_id"": 97, ""sample_weight"": 0.07459801933327874}, {""client_id"": 7, ""model_family"": ""transformer"", ""feature_ids"": [3, 9, 10, 12, 13, 14, 16, 19, 22, 23], ""subset_size"": 10, ""micro_f1"": 0.8634, ""macro_f1"": 0.027890480342284824, ""validation_loss"": 0.5575821044921875, ""train_loss"": 0.770914321952396, ""seconds"": 0.7323749500001213, ""gpu_id"": 1, ""candidate_id"": 97, ""sample_weight"": 0.05067317481195735}, {""client_id"": 8, ""model_family"": ""cnn1d"", ""feature_ids"": [3, 9, 10, 12, 13, 14, 16, 19, 22, 23], ""subset_size"": 10, ""micro_f1"": 0.6244, ""macro_f1"": 0.09034032023790128, ""validation_loss"": 1.5262862426757813, ""train_loss"": 2.2078200115415787, ""seconds"": 0.38446159999966767, ""gpu_id"": 0, ""candidate_id"": 97, ""sample_weight"": 0.354287210681253}, {""client_id"": 9, ""model_family"": ""cnn1d"", ""feature_ids"": [3, 9, 10, 12, 13, 14, 16, 19, 22, 23], ""subset_size"": 10, ""micro_f1"": 0.8898, ""macro_f1"": 0.07476243734186991, ""validation_loss"": 0.6399785278320312, ""train_loss"": 1.2580714911990696, ""seconds"": 0.3283907319996615, ""gpu_id"": 1, ""candidate_id"": 97, ""sample_weight"": 0.12090074249549396}, {""client_id"": 10, ""model_family"": ""cnn1d"", ""feature_ids"": [3, 9, 10, 12, 13, 14, 16, 19, 22, 23], ""subset_size"": 10, ""micro_f1"": 0.8177, ""macro_f1"": 0.10498547886554745, ""validation_loss"": 0.991434716796875, ""train_loss"": 1.764354238817427, ""seconds"": 0.4003058849998524, ""gpu_id"": 0, ""candidate_id"": 97, ""sample_weight"": 0.11011103958316146}]"
98,10,9800,"[3, 9, 10, 12, 13, 14, 16, 19, 22, 23]","[""UDP"", ""Rate"", ""IAT"", ""rst_flag_number"", ""Tot sum"", ""HTTPS"", ""fin_flag_number"", ""Header_Length"", ""Time_To_Live"", ""ARP""]",10,0.7117075241369807,0.06639920974677913,0.7114987373352051,0.6,0.5400208786801776,240,25700,"[{""client_id"": 1, ""model_family"": ""gru"", ""feature_ids"": [3, 9, 10, 12, 13, 14, 16, 19, 22, 23], ""subset_size"": 10, ""micro_f1"": 0.8775380710659898, ""macro_f1"": 0.02749339005625907, ""validation_loss"": 3.0580311111992384, ""train_loss"": 3.3153307502443212, ""seconds"": 0.1493506939996223, ""gpu_id"": 0, ""candidate_id"": 98, ""sample_weight"": 0.0008752009911046531}, {""client_id"": 2, ""model_family"": ""gru"", ""feature_ids"": [3, 9, 10, 12, 13, 14, 16, 19, 22, 23], ""subset_size"": 10, ""micro_f1"": 0.234, ""macro_f1"": 0.011452623000671704, ""validation_loss"": 2.9420693359375, ""train_loss"": 3.257731900405884, ""seconds"": 0.41870879999987665, ""gpu_id"": 1, ""candidate_id"": 98, ""sample_weight"": 0.061408177662345804}, {""client_id"": 3, ""model_family"": ""gru"", ""feature_ids"": [3, 9, 10, 12, 13, 14, 16, 19, 22, 23], ""subset_size"": 10, ""micro_f1"": 0.4764, ""macro_f1"": 0.01933523808836721, ""validation_loss"": 1.84940341796875, ""train_loss"": 2.7952738612069026, ""seconds"": 0.418765859999894, ""gpu_id"": 1, ""candidate_id"": 98, ""sample_weight"": 0.10352608384640223}, {""client_id"": 4, ""model_family"": ""gru"", ""feature_ids"": [3, 9, 10, 12, 13, 14, 16, 19, 22, 23], ""subset_size"": 10, ""micro_f1"": 0.8305, ""macro_f1"": 0.026688304384851452, ""validation_loss"": 0.9233477661132813, ""train_loss"": 2.1961308037016125, ""seconds"": 0.4557337389996974, ""gpu_id"": 1, ""candidate_id"": 98, ""sample_weight"": 0.05331880053778213}, {""client_id"": 5, ""model_family"": ""transformer"", ""feature_ids"": [3, 9, 10, 12, 13, 14, 16, 19, 22, 23], ""subset_size"": 10, ""micro_f1"": 0.9447, ""macro_f1"": 0.05568285465632203, ""validation_loss"": 0.2969613830566406, ""train_loss"": 0.6992305773417155, ""seconds"": 0.9697531589999926, ""gpu_id"": 0, ""candidate_id"": 98, ""sample_weight"": 0.07030155005722065}, {""client_id"": 6, ""model_family"": ""transformer"", ""feature_ids"": [3, 9, 10, 12, 13, 14, 16, 19, 22, 23], ""subset_size"": 10, ""micro_f1"": 0.9918, ""macro_f1"": 0.05797511271391187, ""validation_loss"": 0.07189951324462891, ""train_loss"": 0.5249779822693931, ""seconds"": 0.9341080649996911, ""gpu_id"": 1, ""candidate_id"": 98, ""sample_weight"": 0.07459801933327874}, {""client_id"": 7, ""model_family"": ""transformer"", ""feature_ids"": [3, 9, 10, 12, 13, 14, 16, 19, 22, 23], ""subset_size"": 10, ""micro_f1"": 0.8634, ""macro_f1"": 0.027890480342284824, ""validation_loss"": 0.5575182373046875, ""train_loss"": 0.7704879966947767, ""seconds"": 0.8690749110000979, ""gpu_id"": 1, ""candidate_id"": 98, ""sample_weight"": 0.05067317481195735}, {""client_id"": 8, ""model_family"": ""cnn1d"", ""feature_ids"": [3, 9, 10, 12, 13, 14, 16, 19, 22, 23], ""subset_size"": 10, ""micro_f1"": 0.6242, ""macro_f1"": 0.0902656443296839, ""validation_loss"": 1.5267673583984376, ""train_loss"": 2.2077152605480617, ""seconds"": 0.38237625700003264, ""gpu_id"": 0, ""candidate_id"": 98, ""sample_weight"": 0.354287210681253}, {""client_id"": 9, ""model_family"": ""cnn1d"", ""feature_ids"": [3, 9, 10, 12, 13, 14, 16, 19, 22, 23], ""subset_size"": 10, ""micro_f1"": 0.8899, ""macro_f1"": 0.07476502364609243, ""validation_loss"": 0.6386689025878907, ""train_loss"": 1.2591120067066617, ""seconds"": 0.39791006899986314, ""gpu_id"": 1, ""candidate_id"": 98, ""sample_weight"": 0.12090074249549396}, {""client_id"": 10, ""model_family"": ""cnn1d"", ""feature_ids"": [3, 9, 10, 12, 13, 14, 16, 19, 22, 23], ""subset_size"": 10, ""micro_f1"": 0.8181, ""macro_f1"": 0.10512428183688476, ""validation_loss"": 0.9915429565429688, ""train_loss"": 1.7639873088518778, ""seconds"": 0.47568662399999084, ""gpu_id"": 0, ""candidate_id"": 98, ""sample_weight"": 0.11011103958316146}]"
99,10,9900,"[3, 9, 10, 12, 13, 14, 16, 19, 22, 23]","[""UDP"", ""Rate"", ""IAT"", ""rst_flag_number"", ""Tot sum"", ""HTTPS"", ""fin_flag_number"", ""Header_Length"", ""Time_To_Live"", ""ARP""]",10,0.7117691194641332,0.06632279708841624,0.7121719121932983,0.6,0.5399597207270835,240,25940,"[{""client_id"": 1, ""model_family"": ""gru"", ""feature_ids"": [3, 9, 10, 12, 13, 14, 16, 19, 22, 23], ""subset_size"": 10, ""micro_f1"": 0.8775380710659898, ""macro_f1"": 0.02749339005625907, ""validation_loss"": 3.0580199575666245, ""train_loss"": 3.3152479239257797, ""seconds"": 0.15211845699968762, ""gpu_id"": 0, ""candidate_id"": 99, ""sample_weight"": 0.0008752009911046531}, {""client_id"": 2, ""model_family"": ""gru"", ""feature_ids"": [3, 9, 10, 12, 13, 14, 16, 19, 22, 23], ""subset_size"": 10, ""micro_f1"": 0.234, ""macro_f1"": 0.011453517297617942, ""validation_loss"": 2.9422939453125, ""train_loss"": 3.257803211169773, ""seconds"": 0.45769475599990983, ""gpu_id"": 1, ""candidate_id"": 99, ""sample_weight"": 0.061408177662345804}, {""client_id"": 3, ""model_family"": ""gru"", ""feature_ids"": [3, 9, 10, 12, 13, 14, 16, 19, 22, 23], ""subset_size"": 10, ""micro_f1"": 0.4764, ""macro_f1"": 0.0193364823391353, ""validation_loss"": 1.850299853515625, ""train_loss"": 2.7959626902474297, ""seconds"": 0.4252786140000353, ""gpu_id"": 1, ""candidate_id"": 99, ""sample_weight"": 0.10352608384640223}, {""client_id"": 4, ""model_family"": ""gru"", ""feature_ids"": [3, 9, 10, 12, 13, 14, 16, 19, 22, 23], ""subset_size"": 10, ""micro_f1"": 0.8305, ""macro_f1"": 0.026688304384851452, ""validation_loss"": 0.9231737915039062, ""train_loss"": 2.1952802989323934, ""seconds"": 0.4612527690001116, ""gpu_id"": 1, ""candidate_id"": 99, ""sample_weight"": 0.05331880053778213}, {""client_id"": 5, ""model_family"": ""transformer"", ""feature_ids"": [3, 9, 10, 12, 13, 14, 16, 19, 22, 23], ""subset_size"": 10, ""micro_f1"": 0.9445, ""macro_f1"": 0.05566600644425558, ""validation_loss"": 0.2973457809448242, ""train_loss"": 0.697395204199685, ""seconds"": 0.9842297899999721, ""gpu_id"": 0, ""candidate_id"": 99, ""sample_weight"": 0.07030155005722065}, {""client_id"": 6, ""model_family"": ""transformer"", ""feature_ids"": [3, 9, 10, 12, 13, 14, 16, 19, 22, 23], ""subset_size"": 10, ""micro_f1"": 0.9909, ""macro_f1"": 0.05786812515628517, ""validation_loss"": 0.07221809997558594, ""train_loss"": 0.526910630970531, ""seconds"": 0.9443065359996581, ""gpu_id"": 1, ""candidate_id"": 99, ""sample_weight"": 0.07459801933327874}, {""client_id"": 7, ""model_family"": ""transformer"", ""feature_ids"": [3, 9, 10, 12, 13, 14, 16, 19, 22, 23], ""subset_size"": 10, ""micro_f1"": 0.8634, ""macro_f1"": 0.027749931907918506, ""validation_loss"": 0.5575957763671875, ""train_loss"": 0.7707088105837504, ""seconds"": 0.8393612489999214, ""gpu_id"": 1, ""candidate_id"": 99, ""sample_weight"": 0.05067317481195735}, {""client_id"": 8, ""model_family"": ""cnn1d"", ""feature_ids"": [3, 9, 10, 12, 13, 14, 16, 19, 22, 23], ""subset_size"": 10, ""micro_f1"": 0.6246, ""macro_f1"": 0.09013450901067384, ""validation_loss"": 1.5299334716796875, ""train_loss"": 2.209481856748793, ""seconds"": 0.4302982140002314, ""gpu_id"": 0, ""candidate_id"": 99, ""sample_weight"": 0.354287210681253}, {""client_id"": 9, ""model_family"": ""cnn1d"", ""feature_ids"": [3, 9, 10, 12, 13, 14, 16, 19, 22, 23], ""subset_size"": 10, ""micro_f1"": 0.89, ""macro_f1"": 0.07478994520854484, ""validation_loss"": 0.6394567443847656, ""train_loss"": 1.2581559708065457, ""seconds"": 0.35745939499975066, ""gpu_id"": 1, ""candidate_id"": 99, ""sample_weight"": 0.12090074249549396}, {""client_id"": 10, ""model_family"": ""cnn1d"", ""feature_ids"": [3, 9, 10, 12, 13, 14, 16, 19, 22, 23], ""subset_size"": 10, ""micro_f1"": 0.818, ""macro_f1"": 0.10497114273028674, ""validation_loss"": 0.9933856689453125, ""train_loss"": 1.7640685574001735, ""seconds"": 0.40863407999995616, ""gpu_id"": 0, ""candidate_id"": 99, ""sample_weight"": 0.11011103958316146}]"
100,10,10000,"[3, 9, 10, 12, 13, 14, 16, 19, 22, 23]","[""UDP"", ""Rate"", ""IAT"", ""rst_flag_number"", ""Tot sum"", ""HTTPS"", ""fin_flag_number"", ""Header_Length"", ""Time_To_Live"", ""ARP""]",10,0.7119209635133618,0.0664783508582247,0.7113747000694275,0.6,0.5400546263443935,240,26180,"[{""client_id"": 1, ""model_family"": ""gru"", ""feature_ids"": [3, 9, 10, 12, 13, 14, 16, 19, 22, 23], ""subset_size"": 10, ""micro_f1"": 0.8775380710659898, ""macro_f1"": 0.02749339005625907, ""validation_loss"": 3.0578706228188453, ""train_loss"": 3.3151295721631766, ""seconds"": 0.12621049200015477, ""gpu_id"": 0, ""candidate_id"": 100, ""sample_weight"": 0.0008752009911046531}, {""client_id"": 2, ""model_family"": ""gru"", ""feature_ids"": [3, 9, 10, 12, 13, 14, 16, 19, 22, 23], ""subset_size"": 10, ""micro_f1"": 0.2341, ""macro_f1"": 0.011455691197995369, ""validation_loss"": 2.9420447265625, ""train_loss"": 3.2576997613271077, ""seconds"": 0.3661301120000644, ""gpu_id"": 1, ""candidate_id"": 100, ""sample_weight"": 0.061408177662345804}, {""client_id"": 3, ""model_family"": ""gru"", ""feature_ids"": [3, 9, 10, 12, 13, 14, 16, 19, 22, 23], ""subset_size"": 10, ""micro_f1"": 0.4764, ""macro_f1"": 0.01933523808836721, ""validation_loss"": 1.8495740234375, ""train_loss"": 2.7956495496961806, ""seconds"": 0.3546867189998011, ""gpu_id"": 1, ""candidate_id"": 100, ""sample_weight"": 0.10352608384640223}, {""client_id"": 4, ""model_family"": ""gru"", ""feature_ids"": [3, 9, 10, 12, 13, 14, 16, 19, 22, 23], ""subset_size"": 10, ""micro_f1"": 0.8305, ""macro_f1"": 0.026688304384851452, ""validation_loss"": 0.9237428466796875, ""train_loss"": 2.1963737771140206, ""seconds"": 0.41541979199973866, ""gpu_id"": 1, ""candidate_id"": 100, ""sample_weight"": 0.05331880053778213}, {""client_id"": 5, ""model_family"": ""transformer"", ""feature_ids"": [3, 9, 10, 12, 13, 14, 16, 19, 22, 23], ""subset_size"": 10, ""micro_f1"": 0.9445, ""macro_f1"": 0.05566971476025938, ""validation_loss"": 0.2981463394165039, ""train_loss"": 0.6998300568077299, ""seconds"": 0.8412936939998872, ""gpu_id"": 0, ""candidate_id"": 100, ""sample_weight"": 0.07030155005722065}, {""client_id"": 6, ""model_family"": ""transformer"", ""feature_ids"": [3, 9, 10, 12, 13, 14, 16, 19, 22, 23], ""subset_size"": 10, ""micro_f1"": 0.9909, ""macro_f1"": 0.05786812515628517, ""validation_loss"": 0.07192460174560547, ""train_loss"": 0.5265083813124233, ""seconds"": 0.8484573370001272, ""gpu_id"": 1, ""candidate_id"": 100, ""sample_weight"": 0.07459801933327874}, {""client_id"": 7, ""model_family"": ""transformer"", ""feature_ids"": [3, 9, 10, 12, 13, 14, 16, 19, 22, 23], ""subset_size"": 10, ""micro_f1"": 0.8635, ""macro_f1"": 0.027893558494274318, ""validation_loss"": 0.5576739196777344, ""train_loss"": 0.7717558297581143, ""seconds"": 0.7411003480001455, ""gpu_id"": 1, ""candidate_id"": 100, ""sample_weight"": 0.05067317481195735}, {""client_id"": 8, ""model_family"": ""cnn1d"", ""feature_ids"": [3, 9, 10, 12, 13, 14, 16, 19, 22, 23], ""subset_size"": 10, ""micro_f1"": 0.625, ""macro_f1"": 0.09052000831072494, ""validation_loss"": 1.5280269409179688, ""train_loss"": 2.2086345142788355, ""seconds"": 0.37795064000010825, ""gpu_id"": 0, ""candidate_id"": 100, ""sample_weight"": 0.354287210681253}, {""client_id"": 9, ""model_family"": ""cnn1d"", ""feature_ids"": [3, 9, 10, 12, 13, 14, 16, 19, 22, 23], ""subset_size"": 10, ""micro_f1"": 0.8899, ""macro_f1"": 0.07477648195170229, ""validation_loss"": 0.6421283264160156, ""train_loss"": 1.2590036932945252, ""seconds"": 0.31771462099959535, ""gpu_id"": 1, ""candidate_id"": 100, ""sample_weight"": 0.12090074249549396}, {""client_id"": 10, ""model_family"": ""cnn1d"", ""feature_ids"": [3, 9, 10, 12, 13, 14, 16, 19, 22, 23], ""subset_size"": 10, ""micro_f1"": 0.8181, ""macro_f1"": 0.10508975588242303, ""validation_loss"": 0.9904791748046875, ""train_loss"": 1.7629372905731202, ""seconds"": 0.40460416500036445, ""gpu_id"": 0, ""candidate_id"": 100, ""sample_weight"": 0.11011103958316146}]"
