candidate_id,search_epoch,global_step,feature_ids,feature_names,subset_size,weighted_micro_f1,weighted_macro_f1,baseline_performance,compactness,reward,communication_bytes,communication_bytes_cumulative,per_client
1,1,100,"[3, 4, 7, 9, 10, 21, 24]","[""UDP"", ""fin_count"", ""syn_count"", ""Rate"", ""IAT"", ""ICMP"", ""DNS""]",7,0.6680053227201844,0.04784927909508055,0.8931347727775574,0.72,0.6254870549942627,180,180,"[{""client_id"": 1, ""model_family"": ""cnn1d"", ""feature_ids"": [3, 4, 7, 9, 10, 21, 24], ""subset_size"": 7, ""micro_f1"": 0.8775380710659898, ""macro_f1"": 0.02749339005625907, ""validation_loss"": 1.3499157900737626, ""train_loss"": 1.9448914709430056, ""seconds"": 0.1361938550001014, ""gpu_id"": 0, ""candidate_id"": 1, ""sample_weight"": 0.0008752009911046531}, {""client_id"": 2, ""model_family"": ""cnn1d"", ""feature_ids"": [3, 4, 7, 9, 10, 21, 24], ""subset_size"": 7, ""micro_f1"": 0.7203, ""macro_f1"": 0.13308988868865343, ""validation_loss"": 1.1434766967773438, ""train_loss"": 1.8105407456292046, ""seconds"": 0.3864500700001372, ""gpu_id"": 0, ""candidate_id"": 1, ""sample_weight"": 0.061408177662345804}, {""client_id"": 3, ""model_family"": ""cnn1d"", ""feature_ids"": [3, 4, 7, 9, 10, 21, 24], ""subset_size"": 7, ""micro_f1"": 0.8423, ""macro_f1"": 0.0531864532966235, ""validation_loss"": 0.6671222564697266, ""train_loss"": 1.1779015923606024, ""seconds"": 0.40217345399992155, ""gpu_id"": 1, ""candidate_id"": 1, ""sample_weight"": 0.10352608384640223}, {""client_id"": 4, ""model_family"": ""cnn1d"", ""feature_ids"": [3, 4, 7, 9, 10, 21, 24], ""subset_size"": 7, ""micro_f1"": 0.8956, ""macro_f1"": 0.048627786136099214, ""validation_loss"": 0.49012938232421877, ""train_loss"": 1.0375956680085925, ""seconds"": 0.3289052620000348, ""gpu_id"": 0, ""candidate_id"": 1, ""sample_weight"": 0.05331880053778213}, {""client_id"": 5, ""model_family"": ""cnn1d"", ""feature_ids"": [3, 4, 7, 9, 10, 21, 24], ""subset_size"": 7, ""micro_f1"": 0.9614, ""macro_f1"": 0.05720220024567415, ""validation_loss"": 0.25073003234863284, ""train_loss"": 0.7779103840192159, ""seconds"": 0.34124068299979626, ""gpu_id"": 0, ""candidate_id"": 1, ""sample_weight"": 0.07030155005722065}, {""client_id"": 6, ""model_family"": ""cnn1d"", ""feature_ids"": [3, 4, 7, 9, 10, 21, 24], ""subset_size"": 7, ""micro_f1"": 0.9968, ""macro_f1"": 0.05861558896984498, ""validation_loss"": 0.09774487915039062, ""train_loss"": 0.5933376410656506, ""seconds"": 0.3644052779998219, ""gpu_id"": 0, ""candidate_id"": 1, ""sample_weight"": 0.07459801933327874}, {""client_id"": 7, ""model_family"": ""gru"", ""feature_ids"": [3, 4, 7, 9, 10, 21, 24], ""subset_size"": 7, ""micro_f1"": 0.8645, ""macro_f1"": 0.027274304733961165, ""validation_loss"": 0.8460322631835937, ""train_loss"": 2.0088832765367295, ""seconds"": 0.34242704400003277, ""gpu_id"": 1, ""candidate_id"": 1, ""sample_weight"": 0.05067317481195735}, {""client_id"": 8, ""model_family"": ""gru"", ""feature_ids"": [3, 4, 7, 9, 10, 21, 24], ""subset_size"": 7, ""micro_f1"": 0.411, ""macro_f1"": 0.03694701097884779, ""validation_loss"": 2.9753640625, ""train_loss"": 3.277677691353692, ""seconds"": 0.3665443630000027, ""gpu_id"": 0, ""candidate_id"": 1, ""sample_weight"": 0.354287210681253}, {""client_id"": 9, ""model_family"": ""gru"", ""feature_ids"": [3, 4, 7, 9, 10, 21, 24], ""subset_size"": 7, ""micro_f1"": 0.7581, ""macro_f1"": 0.025364949460814985, ""validation_loss"": 1.2314595581054688, ""train_loss"": 2.172496085569594, ""seconds"": 0.3444886380000298, ""gpu_id"": 1, ""candidate_id"": 1, ""sample_weight"": 0.12090074249549396}, {""client_id"": 10, ""model_family"": ""transformer"", ""feature_ids"": [3, 4, 7, 9, 10, 21, 24], ""subset_size"": 7, ""micro_f1"": 0.5906, ""macro_f1"": 0.05104727383120554, ""validation_loss"": 1.1813194091796875, ""train_loss"": 1.6247194629033406, ""seconds"": 0.8003494059998957, ""gpu_id"": 1, ""candidate_id"": 1, ""sample_weight"": 0.11011103958316146}]"
2,1,200,"[1, 3, 8, 12, 13, 14, 16, 18, 21, 23, 24]","[""AVG"", ""UDP"", ""Protocol Type"", ""rst_flag_number"", ""Tot sum"", ""HTTPS"", ""fin_flag_number"", ""rst_count"", ""ICMP"", ""ARP"", ""DNS""]",11,0.5993563673062573,0.037622166713555685,0.8331429362297058,0.56,0.48062134310765525,260,440,"[{""client_id"": 1, ""model_family"": ""cnn1d"", ""feature_ids"": [1, 3, 8, 12, 13, 14, 16, 18, 21, 23, 24], ""subset_size"": 11, ""micro_f1"": 0.8775380710659898, ""macro_f1"": 0.02749339005625907, ""validation_loss"": 1.4509935717897366, ""train_loss"": 2.01429956079, ""seconds"": 0.11889226199991754, ""gpu_id"": 0, ""candidate_id"": 2, ""sample_weight"": 0.0008752009911046531}, {""client_id"": 2, ""model_family"": ""cnn1d"", ""feature_ids"": [1, 3, 8, 12, 13, 14, 16, 18, 21, 23, 24], ""subset_size"": 11, ""micro_f1"": 0.5217, ""macro_f1"": 0.06558153853678818, ""validation_loss"": 1.562305517578125, ""train_loss"": 2.239363536198934, ""seconds"": 0.3418428480001694, ""gpu_id"": 0, ""candidate_id"": 2, ""sample_weight"": 0.061408177662345804}, {""client_id"": 3, ""model_family"": ""cnn1d"", ""feature_ids"": [1, 3, 8, 12, 13, 14, 16, 18, 21, 23, 24], ""subset_size"": 11, ""micro_f1"": 0.821, ""macro_f1"": 0.05164490365111562, ""validation_loss"": 0.8255623168945313, ""train_loss"": 1.446478269905514, ""seconds"": 0.3444645889999265, ""gpu_id"": 1, ""candidate_id"": 2, ""sample_weight"": 0.10352608384640223}, {""client_id"": 4, ""model_family"": ""cnn1d"", ""feature_ids"": [1, 3, 8, 12, 13, 14, 16, 18, 21, 23, 24], ""subset_size"": 11, ""micro_f1"": 0.8991, ""macro_f1"": 0.05005646778426371, ""validation_loss"": 0.45196717529296876, ""train_loss"": 1.0477131008148193, ""seconds"": 0.3279732029998286, ""gpu_id"": 0, ""candidate_id"": 2, ""sample_weight"": 0.05331880053778213}, {""client_id"": 5, ""model_family"": ""cnn1d"", ""feature_ids"": [1, 3, 8, 12, 13, 14, 16, 18, 21, 23, 24], ""subset_size"": 11, ""micro_f1"": 0.971, ""macro_f1"": 0.0580304006745207, ""validation_loss"": 0.25710530395507813, ""train_loss"": 0.8087503520753648, ""seconds"": 0.33840653699985523, ""gpu_id"": 0, ""candidate_id"": 2, ""sample_weight"": 0.07030155005722065}, {""client_id"": 6, ""model_family"": ""cnn1d"", ""feature_ids"": [1, 3, 8, 12, 13, 14, 16, 18, 21, 23, 24], ""subset_size"": 11, ""micro_f1"": 0.9957, ""macro_f1"": 0.05841675991189869, ""validation_loss"": 0.10038088073730468, ""train_loss"": 0.6215520363648732, ""seconds"": 0.357689204000053, ""gpu_id"": 0, ""candidate_id"": 2, ""sample_weight"": 0.07459801933327874}, {""client_id"": 7, ""model_family"": ""gru"", ""feature_ids"": [1, 3, 8, 12, 13, 14, 16, 18, 21, 23, 24], ""subset_size"": 11, ""micro_f1"": 0.8645, ""macro_f1"": 0.02728015727507676, ""validation_loss"": 0.7292224304199219, ""train_loss"": 1.487564327091641, ""seconds"": 0.33180213600007846, ""gpu_id"": 1, ""candidate_id"": 2, ""sample_weight"": 0.05067317481195735}, {""client_id"": 8, ""model_family"": ""gru"", ""feature_ids"": [1, 3, 8, 12, 13, 14, 16, 18, 21, 23, 24], ""subset_size"": 11, ""micro_f1"": 0.2128, ""macro_f1"": 0.01075246643914773, ""validation_loss"": 2.5495140625, ""train_loss"": 3.0570582148657905, ""seconds"": 0.3359979159999966, ""gpu_id"": 0, ""candidate_id"": 2, ""sample_weight"": 0.354287210681253}, {""client_id"": 9, ""model_family"": ""gru"", ""feature_ids"": [1, 3, 8, 12, 13, 14, 16, 18, 21, 23, 24], ""subset_size"": 11, ""micro_f1"": 0.7578, ""macro_f1"": 0.025370785764505004, ""validation_loss"": 1.1993228881835938, ""train_loss"": 1.890137521341112, ""seconds"": 0.37294364400008817, ""gpu_id"": 1, ""candidate_id"": 2, ""sample_weight"": 0.12090074249549396}, {""client_id"": 10, ""model_family"": ""transformer"", ""feature_ids"": [1, 3, 8, 12, 13, 14, 16, 18, 21, 23, 24], ""subset_size"": 11, ""micro_f1"": 0.7289, ""macro_f1"": 0.08045273414040009, ""validation_loss"": 1.0710193115234374, ""train_loss"": 1.533922721248203, ""seconds"": 0.7825199799999609, ""gpu_id"": 1, ""candidate_id"": 2, ""sample_weight"": 0.11011103958316146}]"
3,1,300,"[0, 1, 3, 4, 9, 10, 11, 12, 18, 21, 22, 24]","[""ack_flag_number"", ""AVG"", ""UDP"", ""fin_count"", ""Rate"", ""IAT"", ""syn_flag_number"", ""rst_flag_number"", ""rst_count"", ""ICMP"", ""Time_To_Live"", ""DNS""]",12,0.6455745864715423,0.04349413870627622,0.8106723427772522,0.52,0.45149022436942904,280,720,"[{""client_id"": 1, ""model_family"": ""cnn1d"", ""feature_ids"": [0, 1, 3, 4, 9, 10, 11, 12, 18, 21, 22, 24], ""subset_size"": 12, ""micro_f1"": 0.8775380710659898, ""macro_f1"": 0.02749339005625907, ""validation_loss"": 1.3609295375456059, ""train_loss"": 1.9796009047247902, ""seconds"": 0.11140322300002481, ""gpu_id"": 0, ""candidate_id"": 3, ""sample_weight"": 0.0008752009911046531}, {""client_id"": 2, ""model_family"": ""cnn1d"", ""feature_ids"": [0, 1, 3, 4, 9, 10, 11, 12, 18, 21, 22, 24], ""subset_size"": 12, ""micro_f1"": 0.669, ""macro_f1"": 0.09668793487876139, ""validation_loss"": 1.414992431640625, ""train_loss"": 2.1335315891689723, ""seconds"": 0.35140035100016576, ""gpu_id"": 0, ""candidate_id"": 3, ""sample_weight"": 0.061408177662345804}, {""client_id"": 3, ""model_family"": ""cnn1d"", ""feature_ids"": [0, 1, 3, 4, 9, 10, 11, 12, 18, 21, 22, 24], ""subset_size"": 12, ""micro_f1"": 0.8437, ""macro_f1"": 0.05317982769001564, ""validation_loss"": 0.7783400512695312, ""train_loss"": 1.3839826224856906, ""seconds"": 0.3357628589999422, ""gpu_id"": 1, ""candidate_id"": 3, ""sample_weight"": 0.10352608384640223}, {""client_id"": 4, ""model_family"": ""cnn1d"", ""feature_ids"": [0, 1, 3, 4, 9, 10, 11, 12, 18, 21, 22, 24], ""subset_size"": 12, ""micro_f1"": 0.8382, ""macro_f1"": 0.030872120542906424, ""validation_loss"": 0.579501171875, ""train_loss"": 1.14359116130405, ""seconds"": 0.32525562800014995, ""gpu_id"": 0, ""candidate_id"": 3, ""sample_weight"": 0.05331880053778213}, {""client_id"": 5, ""model_family"": ""cnn1d"", ""feature_ids"": [0, 1, 3, 4, 9, 10, 11, 12, 18, 21, 22, 24], ""subset_size"": 12, ""micro_f1"": 0.9724, ""macro_f1"": 0.058118344862809444, ""validation_loss"": 0.2551783752441406, ""train_loss"": 0.8118673726187812, ""seconds"": 0.3303265019999344, ""gpu_id"": 0, ""candidate_id"": 3, ""sample_weight"": 0.07030155005722065}, {""client_id"": 6, ""model_family"": ""cnn1d"", ""feature_ids"": [0, 1, 3, 4, 9, 10, 11, 12, 18, 21, 22, 24], ""subset_size"": 12, ""micro_f1"": 0.996, ""macro_f1"": 0.058436177124998843, ""validation_loss"": 0.09852275238037109, ""train_loss"": 0.6167006744358274, ""seconds"": 0.3083225830000629, ""gpu_id"": 0, ""candidate_id"": 3, ""sample_weight"": 0.07459801933327874}, {""client_id"": 7, ""model_family"": ""gru"", ""feature_ids"": [0, 1, 3, 4, 9, 10, 11, 12, 18, 21, 22, 24], ""subset_size"": 12, ""micro_f1"": 0.8645, ""macro_f1"": 0.02728015727507676, ""validation_loss"": 0.7957567199707031, ""train_loss"": 1.8311252056333753, ""seconds"": 0.36435808299984274, ""gpu_id"": 1, ""candidate_id"": 3, ""sample_weight"": 0.05067317481195735}, {""client_id"": 8, ""model_family"": ""gru"", ""feature_ids"": [0, 1, 3, 4, 9, 10, 11, 12, 18, 21, 22, 24], ""subset_size"": 12, ""micro_f1"": 0.4114, ""macro_f1"": 0.03688339962963934, ""validation_loss"": 2.821110546875, ""train_loss"": 3.2122512577056885, ""seconds"": 0.328754169000149, ""gpu_id"": 0, ""candidate_id"": 3, ""sample_weight"": 0.354287210681253}, {""client_id"": 9, ""model_family"": ""gru"", ""feature_ids"": [0, 1, 3, 4, 9, 10, 11, 12, 18, 21, 22, 24], ""subset_size"": 12, ""micro_f1"": 0.7582, ""macro_f1"": 0.02559689903717129, ""validation_loss"": 1.2090087280273438, ""train_loss"": 2.048066068183051, ""seconds"": 0.3246268330001385, ""gpu_id"": 1, ""candidate_id"": 3, ""sample_weight"": 0.12090074249549396}, {""client_id"": 10, ""model_family"": ""transformer"", ""feature_ids"": [0, 1, 3, 4, 9, 10, 11, 12, 18, 21, 22, 24], ""subset_size"": 12, ""micro_f1"": 0.4341, ""macro_f1"": 0.03988407525354215, ""validation_loss"": 1.410727685546875, ""train_loss"": 1.725452805328369, ""seconds"": 0.7635203450001882, ""gpu_id"": 1, ""candidate_id"": 3, ""sample_weight"": 0.11011103958316146}]"
4,1,400,"[0, 1, 2, 3, 4, 7, 11, 12, 13, 14, 16, 17]","[""ack_flag_number"", ""AVG"", ""Std"", ""UDP"", ""fin_count"", ""syn_count"", ""syn_flag_number"", ""rst_flag_number"", ""Tot sum"", ""HTTPS"", ""fin_flag_number"", ""HTTP""]",12,0.6035417824340671,0.03724661910761956,0.8933391571044922,0.52,0.4390202625329575,280,1000,"[{""client_id"": 1, ""model_family"": ""cnn1d"", ""feature_ids"": [0, 1, 2, 3, 4, 7, 11, 12, 13, 14, 16, 17], ""subset_size"": 12, ""micro_f1"": 0.8775380710659898, ""macro_f1"": 0.02749339005625907, ""validation_loss"": 1.4146266879164022, ""train_loss"": 2.0048105335141466, ""seconds"": 0.10066920500003107, ""gpu_id"": 0, ""candidate_id"": 4, ""sample_weight"": 0.0008752009911046531}, {""client_id"": 2, ""model_family"": ""cnn1d"", ""feature_ids"": [0, 1, 2, 3, 4, 7, 11, 12, 13, 14, 16, 17], ""subset_size"": 12, ""micro_f1"": 0.6536, ""macro_f1"": 0.0945747283936564, ""validation_loss"": 1.4002646240234375, ""train_loss"": 2.126297357368469, ""seconds"": 0.32762008500003503, ""gpu_id"": 0, ""candidate_id"": 4, ""sample_weight"": 0.061408177662345804}, {""client_id"": 3, ""model_family"": ""cnn1d"", ""feature_ids"": [0, 1, 2, 3, 4, 7, 11, 12, 13, 14, 16, 17], ""subset_size"": 12, ""micro_f1"": 0.8269, ""macro_f1"": 0.05210073750699956, ""validation_loss"": 0.8205445983886719, ""train_loss"": 1.36940903512107, ""seconds"": 0.305405257999837, ""gpu_id"": 1, ""candidate_id"": 4, ""sample_weight"": 0.10352608384640223}, {""client_id"": 4, ""model_family"": ""cnn1d"", ""feature_ids"": [0, 1, 2, 3, 4, 7, 11, 12, 13, 14, 16, 17], ""subset_size"": 12, ""micro_f1"": 0.8635, ""macro_f1"": 0.04156228679484292, ""validation_loss"": 0.5229516967773438, ""train_loss"": 1.1090286308076647, ""seconds"": 0.3800861799998074, ""gpu_id"": 0, ""candidate_id"": 4, ""sample_weight"": 0.05331880053778213}, {""client_id"": 5, ""model_family"": ""cnn1d"", ""feature_ids"": [0, 1, 2, 3, 4, 7, 11, 12, 13, 14, 16, 17], ""subset_size"": 12, ""micro_f1"": 0.9722, ""macro_f1"": 0.05812670320150006, ""validation_loss"": 0.26804253540039064, ""train_loss"": 0.8185805731932322, ""seconds"": 0.33229196299998875, ""gpu_id"": 0, ""candidate_id"": 4, ""sample_weight"": 0.07030155005722065}, {""client_id"": 6, ""model_family"": ""cnn1d"", ""feature_ids"": [0, 1, 2, 3, 4, 7, 11, 12, 13, 14, 16, 17], ""subset_size"": 12, ""micro_f1"": 0.9942, ""macro_f1"": 0.058265736399175795, ""validation_loss"": 0.10897785339355469, ""train_loss"": 0.6218359439320035, ""seconds"": 0.33179897800005165, ""gpu_id"": 0, ""candidate_id"": 4, ""sample_weight"": 0.07459801933327874}, {""client_id"": 7, ""model_family"": ""gru"", ""feature_ids"": [0, 1, 2, 3, 4, 7, 11, 12, 13, 14, 16, 17], ""subset_size"": 12, ""micro_f1"": 0.8644, ""macro_f1"": 0.027303366172759178, ""validation_loss"": 0.8089513916015625, ""train_loss"": 1.7962695829603408, ""seconds"": 0.40552606799997193, ""gpu_id"": 1, ""candidate_id"": 4, ""sample_weight"": 0.05067317481195735}, {""client_id"": 8, ""model_family"": ""gru"", ""feature_ids"": [0, 1, 2, 3, 4, 7, 11, 12, 13, 14, 16, 17], ""subset_size"": 12, ""micro_f1"": 0.2441, ""macro_f1"": 0.011549890226360816, ""validation_loss"": 2.57504775390625, ""train_loss"": 3.074666993077596, ""seconds"": 0.35849973199992746, ""gpu_id"": 0, ""candidate_id"": 4, ""sample_weight"": 0.354287210681253}, {""client_id"": 9, ""model_family"": ""gru"", ""feature_ids"": [0, 1, 2, 3, 4, 7, 11, 12, 13, 14, 16, 17], ""subset_size"": 12, ""micro_f1"": 0.7581, ""macro_f1"": 0.025369278442973504, ""validation_loss"": 1.28045625, ""train_loss"": 2.0260892678578695, ""seconds"": 0.3500469969999358, ""gpu_id"": 1, ""candidate_id"": 4, ""sample_weight"": 0.12090074249549396}, {""client_id"": 10, ""model_family"": ""transformer"", ""feature_ids"": [0, 1, 2, 3, 4, 7, 11, 12, 13, 14, 16, 17], ""subset_size"": 12, ""micro_f1"": 0.6043, ""macro_f1"": 0.06202340350322418, ""validation_loss"": 1.26271533203125, ""train_loss"": 1.6700829322391086, ""seconds"": 0.7857412480000221, ""gpu_id"": 1, ""candidate_id"": 4, ""sample_weight"": 0.11011103958316146}]"
5,1,500,"[2, 4, 5, 6, 8, 9, 10, 11, 12, 14, 18, 20]","[""Std"", ""fin_count"", ""Max"", ""TCP"", ""Protocol Type"", ""Rate"", ""IAT"", ""syn_flag_number"", ""rst_flag_number"", ""HTTPS"", ""rst_count"", ""psh_flag_number""]",12,0.6099020582556585,0.03776519877030664,0.8991368412971497,0.52,0.43907652169585093,280,1280,"[{""client_id"": 1, ""model_family"": ""cnn1d"", ""feature_ids"": [2, 4, 5, 6, 8, 9, 10, 11, 12, 14, 18, 20], ""subset_size"": 12, ""micro_f1"": 0.8775380710659898, ""macro_f1"": 0.02749339005625907, ""validation_loss"": 1.3521345884061706, ""train_loss"": 1.9650704114368522, ""seconds"": 0.12386675900006594, ""gpu_id"": 0, ""candidate_id"": 5, ""sample_weight"": 0.0008752009911046531}, {""client_id"": 2, ""model_family"": ""cnn1d"", ""feature_ids"": [2, 4, 5, 6, 8, 9, 10, 11, 12, 14, 18, 20], ""subset_size"": 12, ""micro_f1"": 0.6503, ""macro_f1"": 0.09223968979047696, ""validation_loss"": 1.37084345703125, ""train_loss"": 2.064210598479377, ""seconds"": 0.33969953500013617, ""gpu_id"": 0, ""candidate_id"": 5, ""sample_weight"": 0.061408177662345804}, {""client_id"": 3, ""model_family"": ""cnn1d"", ""feature_ids"": [2, 4, 5, 6, 8, 9, 10, 11, 12, 14, 18, 20], ""subset_size"": 12, ""micro_f1"": 0.814, ""macro_f1"": 0.05123230349050948, ""validation_loss"": 0.7763978820800781, ""train_loss"": 1.2867318089591133, ""seconds"": 0.3447174300001734, ""gpu_id"": 1, ""candidate_id"": 5, ""sample_weight"": 0.10352608384640223}, {""client_id"": 4, ""model_family"": ""cnn1d"", ""feature_ids"": [2, 4, 5, 6, 8, 9, 10, 11, 12, 14, 18, 20], ""subset_size"": 12, ""micro_f1"": 0.8693, ""macro_f1"": 0.043193995392326275, ""validation_loss"": 0.464764306640625, ""train_loss"": 1.0575613037904104, ""seconds"": 0.33351233400003366, ""gpu_id"": 0, ""candidate_id"": 5, ""sample_weight"": 0.05331880053778213}, {""client_id"": 5, ""model_family"": ""cnn1d"", ""feature_ids"": [2, 4, 5, 6, 8, 9, 10, 11, 12, 14, 18, 20], ""subset_size"": 12, ""micro_f1"": 0.9703, ""macro_f1"": 0.057738849633976866, ""validation_loss"": 0.25926885681152345, ""train_loss"": 0.7738299424012502, ""seconds"": 0.3236451230000057, ""gpu_id"": 0, ""candidate_id"": 5, ""sample_weight"": 0.07030155005722065}, {""client_id"": 6, ""model_family"": ""cnn1d"", ""feature_ids"": [2, 4, 5, 6, 8, 9, 10, 11, 12, 14, 18, 20], ""subset_size"": 12, ""micro_f1"": 0.9942, ""macro_f1"": 0.058265736399175795, ""validation_loss"": 0.10027638244628906, ""train_loss"": 0.5900271379179425, ""seconds"": 0.3515283310000541, ""gpu_id"": 0, ""candidate_id"": 5, ""sample_weight"": 0.07459801933327874}, {""client_id"": 7, ""model_family"": ""gru"", ""feature_ids"": [2, 4, 5, 6, 8, 9, 10, 11, 12, 14, 18, 20], ""subset_size"": 12, ""micro_f1"": 0.8644, ""macro_f1"": 0.02727261254212047, ""validation_loss"": 0.802620068359375, ""train_loss"": 1.814428694703844, ""seconds"": 0.35066076299995075, ""gpu_id"": 1, ""candidate_id"": 5, ""sample_weight"": 0.05067317481195735}, {""client_id"": 8, ""model_family"": ""gru"", ""feature_ids"": [2, 4, 5, 6, 8, 9, 10, 11, 12, 14, 18, 20], ""subset_size"": 12, ""micro_f1"": 0.2444, ""macro_f1"": 0.012904467500218635, ""validation_loss"": 2.5591185546875, ""train_loss"": 3.06424403207567, ""seconds"": 0.35320592800007944, ""gpu_id"": 0, ""candidate_id"": 5, ""sample_weight"": 0.354287210681253}, {""client_id"": 9, ""model_family"": ""gru"", ""feature_ids"": [2, 4, 5, 6, 8, 9, 10, 11, 12, 14, 18, 20], ""subset_size"": 12, ""micro_f1"": 0.7578, ""macro_f1"": 0.02565860782734959, ""validation_loss"": 1.2614107421875, ""train_loss"": 1.9993932563357883, ""seconds"": 0.33263562599995566, ""gpu_id"": 1, ""candidate_id"": 5, ""sample_weight"": 0.12090074249549396}, {""client_id"": 10, ""model_family"": ""transformer"", ""feature_ids"": [2, 4, 5, 6, 8, 9, 10, 11, 12, 14, 18, 20], ""subset_size"": 12, ""micro_f1"": 0.6738, ""macro_f1"": 0.06364731429370545, ""validation_loss"": 1.0465670776367189, ""train_loss"": 1.5510462881724039, ""seconds"": 0.807628042000033, ""gpu_id"": 1, ""candidate_id"": 5, ""sample_weight"": 0.11011103958316146}]"
6,1,600,"[0, 3, 6, 8, 9, 10, 12, 16, 18, 19, 21, 22, 24]","[""ack_flag_number"", ""UDP"", ""TCP"", ""Protocol Type"", ""Rate"", ""IAT"", ""rst_flag_number"", ""fin_flag_number"", ""rst_count"", ""Header_Length"", ""ICMP"", ""Time_To_Live"", ""DNS""]",13,0.6656164655701521,0.044230271726314066,0.8280003070831299,0.48,0.4157616158487022,300,1580,"[{""client_id"": 1, ""model_family"": ""cnn1d"", ""feature_ids"": [0, 3, 6, 8, 9, 10, 12, 16, 18, 19, 21, 22, 24], ""subset_size"": 13, ""micro_f1"": 0.8775380710659898, ""macro_f1"": 0.02749339005625907, ""validation_loss"": 1.2856129292909264, ""train_loss"": 1.9269223414231207, ""seconds"": 0.11294837200011898, ""gpu_id"": 0, ""candidate_id"": 6, ""sample_weight"": 0.0008752009911046531}, {""client_id"": 2, ""model_family"": ""cnn1d"", ""feature_ids"": [0, 3, 6, 8, 9, 10, 12, 16, 18, 19, 21, 22, 24], ""subset_size"": 13, ""micro_f1"": 0.6388, ""macro_f1"": 0.09278139656476754, ""validation_loss"": 1.4888803955078125, ""train_loss"": 2.185318948173523, ""seconds"": 0.32865502800018476, ""gpu_id"": 0, ""candidate_id"": 6, ""sample_weight"": 0.061408177662345804}, {""client_id"": 3, ""model_family"": ""cnn1d"", ""feature_ids"": [0, 3, 6, 8, 9, 10, 12, 16, 18, 19, 21, 22, 24], ""subset_size"": 13, ""micro_f1"": 0.8229, ""macro_f1"": 0.052007409298561055, ""validation_loss"": 0.8030424285888672, ""train_loss"": 1.3946566293928357, ""seconds"": 0.32825696800000514, ""gpu_id"": 1, ""candidate_id"": 6, ""sample_weight"": 0.10352608384640223}, {""client_id"": 4, ""model_family"": ""cnn1d"", ""feature_ids"": [0, 3, 6, 8, 9, 10, 12, 16, 18, 19, 21, 22, 24], ""subset_size"": 13, ""micro_f1"": 0.8305, ""macro_f1"": 0.026688304384851452, ""validation_loss"": 0.5564073303222656, ""train_loss"": 1.1088724058998956, ""seconds"": 0.3666203340001175, ""gpu_id"": 0, ""candidate_id"": 6, ""sample_weight"": 0.05331880053778213}, {""client_id"": 5, ""model_family"": ""cnn1d"", ""feature_ids"": [0, 3, 6, 8, 9, 10, 12, 16, 18, 19, 21, 22, 24], ""subset_size"": 13, ""micro_f1"": 0.9724, ""macro_f1"": 0.05809824089287521, ""validation_loss"": 0.25049774780273437, ""train_loss"": 0.7675020016590755, ""seconds"": 0.33963572600009684, ""gpu_id"": 0, ""candidate_id"": 6, ""sample_weight"": 0.07030155005722065}, {""client_id"": 6, ""model_family"": ""cnn1d"", ""feature_ids"": [0, 3, 6, 8, 9, 10, 12, 16, 18, 19, 21, 22, 24], ""subset_size"": 13, ""micro_f1"": 0.9963, ""macro_f1"": 0.05851003855644227, ""validation_loss"": 0.10005957641601562, ""train_loss"": 0.61333991357353, ""seconds"": 0.32304916299995057, ""gpu_id"": 0, ""candidate_id"": 6, ""sample_weight"": 0.07459801933327874}, {""client_id"": 7, ""model_family"": ""gru"", ""feature_ids"": [0, 3, 6, 8, 9, 10, 12, 16, 18, 19, 21, 22, 24], ""subset_size"": 13, ""micro_f1"": 0.8645, ""macro_f1"": 0.027281620802827568, ""validation_loss"": 0.7672160278320312, ""train_loss"": 1.82231710234748, ""seconds"": 0.37693309199994474, ""gpu_id"": 1, ""candidate_id"": 6, ""sample_weight"": 0.05067317481195735}, {""client_id"": 8, ""model_family"": ""gru"", ""feature_ids"": [0, 3, 6, 8, 9, 10, 12, 16, 18, 19, 21, 22, 24], ""subset_size"": 13, ""micro_f1"": 0.4239, ""macro_f1"": 0.035712761825731854, ""validation_loss"": 2.8773978515625, ""train_loss"": 3.241583723534478, ""seconds"": 0.39308838300007665, ""gpu_id"": 0, ""candidate_id"": 6, ""sample_weight"": 0.354287210681253}, {""client_id"": 9, ""model_family"": ""gru"", ""feature_ids"": [0, 3, 6, 8, 9, 10, 12, 16, 18, 19, 21, 22, 24], ""subset_size"": 13, ""micro_f1"": 0.7584, ""macro_f1"": 0.025542668235883935, ""validation_loss"": 1.2853414184570313, ""train_loss"": 2.2310811446295844, ""seconds"": 0.345892276000086, ""gpu_id"": 1, ""candidate_id"": 6, ""sample_weight"": 0.12090074249549396}, {""client_id"": 10, ""model_family"": ""transformer"", ""feature_ids"": [0, 3, 6, 8, 9, 10, 12, 16, 18, 19, 21, 22, 24], ""subset_size"": 13, ""micro_f1"": 0.6156, ""macro_f1"": 0.055664565365411256, ""validation_loss"": 1.1095413330078125, ""train_loss"": 1.5890999702877469, ""seconds"": 0.8235954099998253, ""gpu_id"": 1, ""candidate_id"": 6, ""sample_weight"": 0.11011103958316146}]"
7,1,700,"[1, 3, 4, 8, 10, 11, 13, 15, 18, 19, 21, 23, 24]","[""AVG"", ""UDP"", ""fin_count"", ""Protocol Type"", ""IAT"", ""syn_flag_number"", ""Tot sum"", ""ack_count"", ""rst_count"", ""Header_Length"", ""ICMP"", ""ARP"", ""DNS""]",13,0.681684728591127,0.04873347993322567,1.0,0.48,0.4001684728591127,300,1880,"[{""client_id"": 1, ""model_family"": ""cnn1d"", ""feature_ids"": [1, 3, 4, 8, 10, 11, 13, 15, 18, 19, 21, 23, 24], ""subset_size"": 13, ""micro_f1"": 0.8775380710659898, ""macro_f1"": 0.02749339005625907, ""validation_loss"": 1.385223543583439, ""train_loss"": 1.9864235499183538, ""seconds"": 0.11473594700009926, ""gpu_id"": 0, ""candidate_id"": 7, ""sample_weight"": 0.0008752009911046531}, {""client_id"": 2, ""model_family"": ""cnn1d"", ""feature_ids"": [1, 3, 4, 8, 10, 11, 13, 15, 18, 19, 21, 23, 24], ""subset_size"": 13, ""micro_f1"": 0.679, ""macro_f1"": 0.10157926959449053, ""validation_loss"": 1.375776513671875, ""train_loss"": 2.101317814593845, ""seconds"": 0.36098515799994857, ""gpu_id"": 0, ""candidate_id"": 7, ""sample_weight"": 0.061408177662345804}, {""client_id"": 3, ""model_family"": ""cnn1d"", ""feature_ids"": [1, 3, 4, 8, 10, 11, 13, 15, 18, 19, 21, 23, 24], ""subset_size"": 13, ""micro_f1"": 0.8387, ""macro_f1"": 0.05287028962262551, ""validation_loss"": 0.7512386962890625, ""train_loss"": 1.3279341966734992, ""seconds"": 0.35543815200003337, ""gpu_id"": 1, ""candidate_id"": 7, ""sample_weight"": 0.10352608384640223}, {""client_id"": 4, ""model_family"": ""cnn1d"", ""feature_ids"": [1, 3, 4, 8, 10, 11, 13, 15, 18, 19, 21, 23, 24], ""subset_size"": 13, ""micro_f1"": 0.8591, ""macro_f1"": 0.038831182373127694, ""validation_loss"": 0.45983275146484376, ""train_loss"": 1.0803199016253153, ""seconds"": 0.34105502800002796, ""gpu_id"": 0, ""candidate_id"": 7, ""sample_weight"": 0.05331880053778213}, {""client_id"": 5, ""model_family"": ""cnn1d"", ""feature_ids"": [1, 3, 4, 8, 10, 11, 13, 15, 18, 19, 21, 23, 24], ""subset_size"": 13, ""micro_f1"": 0.9726, ""macro_f1"": 0.05814646449505719, ""validation_loss"": 0.2769922912597656, ""train_loss"": 0.8551012814362844, ""seconds"": 0.33254965599985553, ""gpu_id"": 0, ""candidate_id"": 7, ""sample_weight"": 0.07030155005722065}, {""client_id"": 6, ""model_family"": ""cnn1d"", ""feature_ids"": [1, 3, 4, 8, 10, 11, 13, 15, 18, 19, 21, 23, 24], ""subset_size"": 13, ""micro_f1"": 0.995, ""macro_f1"": 0.05836707196518451, ""validation_loss"": 0.09991209869384765, ""train_loss"": 0.6241455083423191, ""seconds"": 0.3265170219999618, ""gpu_id"": 0, ""candidate_id"": 7, ""sample_weight"": 0.07459801933327874}, {""client_id"": 7, ""model_family"": ""gru"", ""feature_ids"": [1, 3, 4, 8, 10, 11, 13, 15, 18, 19, 21, 23, 24], ""subset_size"": 13, ""micro_f1"": 0.8644, ""macro_f1"": 0.027278465034082298, ""validation_loss"": 0.7608639892578125, ""train_loss"": 1.6785799924956428, ""seconds"": 0.3621468730000288, ""gpu_id"": 1, ""candidate_id"": 7, ""sample_weight"": 0.05067317481195735}, {""client_id"": 8, ""model_family"": ""gru"", ""feature_ids"": [1, 3, 4, 8, 10, 11, 13, 15, 18, 19, 21, 23, 24], ""subset_size"": 13, ""micro_f1"": 0.4121, ""macro_f1"": 0.035354478887143784, ""validation_loss"": 2.6632966796875, ""train_loss"": 3.12958231332567, ""seconds"": 0.3476375919999555, ""gpu_id"": 0, ""candidate_id"": 7, ""sample_weight"": 0.354287210681253}, {""client_id"": 9, ""model_family"": ""gru"", ""feature_ids"": [1, 3, 4, 8, 10, 11, 13, 15, 18, 19, 21, 23, 24], ""subset_size"": 13, ""micro_f1"": 0.7581, ""macro_f1"": 0.025540174959496533, ""validation_loss"": 1.2438665161132811, ""train_loss"": 2.022104344728258, ""seconds"": 0.34536778099982257, ""gpu_id"": 1, ""candidate_id"": 7, ""sample_weight"": 0.12090074249549396}, {""client_id"": 10, ""model_family"": ""transformer"", ""feature_ids"": [1, 3, 4, 8, 10, 11, 13, 15, 18, 19, 21, 23, 24], ""subset_size"": 13, ""micro_f1"": 0.7495, ""macro_f1"": 0.08618687997323994, ""validation_loss"": 1.0812641723632812, ""train_loss"": 1.5332085599051581, ""seconds"": 0.7974130659999901, ""gpu_id"": 1, ""candidate_id"": 7, ""sample_weight"": 0.11011103958316146}]"
8,1,800,"[2, 4, 5, 7, 8, 9, 11, 12, 14, 16, 17, 20, 23]","[""Std"", ""fin_count"", ""Max"", ""syn_count"", ""Protocol Type"", ""Rate"", ""syn_flag_number"", ""rst_flag_number"", ""HTTPS"", ""fin_flag_number"", ""HTTP"", ""psh_flag_number"", ""ARP""]",13,0.5979108726291934,0.03692345421862976,1.0,0.48,0.39179108726291934,300,2180,"[{""client_id"": 1, ""model_family"": ""cnn1d"", ""feature_ids"": [2, 4, 5, 7, 8, 9, 11, 12, 14, 16, 17, 20, 23], ""subset_size"": 13, ""micro_f1"": 0.8775380710659898, ""macro_f1"": 0.02749339005625907, ""validation_loss"": 1.3479928728287596, ""train_loss"": 1.9742014632007192, ""seconds"": 0.11582122999993771, ""gpu_id"": 0, ""candidate_id"": 8, ""sample_weight"": 0.0008752009911046531}, {""client_id"": 2, ""model_family"": ""cnn1d"", ""feature_ids"": [2, 4, 5, 7, 8, 9, 11, 12, 14, 16, 17, 20, 23], ""subset_size"": 13, ""micro_f1"": 0.6742, ""macro_f1"": 0.0960193873321171, ""validation_loss"": 1.433532177734375, ""train_loss"": 2.128365939500597, ""seconds"": 0.3647207280000657, ""gpu_id"": 0, ""candidate_id"": 8, ""sample_weight"": 0.061408177662345804}, {""client_id"": 3, ""model_family"": ""cnn1d"", ""feature_ids"": [2, 4, 5, 7, 8, 9, 11, 12, 14, 16, 17, 20, 23], ""subset_size"": 13, ""micro_f1"": 0.8362, ""macro_f1"": 0.05275315927451357, ""validation_loss"": 0.792280209350586, ""train_loss"": 1.3367952575259738, ""seconds"": 0.35817993800014847, ""gpu_id"": 1, ""candidate_id"": 8, ""sample_weight"": 0.10352608384640223}, {""client_id"": 4, ""model_family"": ""cnn1d"", ""feature_ids"": [2, 4, 5, 7, 8, 9, 11, 12, 14, 16, 17, 20, 23], ""subset_size"": 13, ""micro_f1"": 0.8849, ""macro_f1"": 0.047348423337662565, ""validation_loss"": 0.4609341064453125, ""train_loss"": 1.05928505525589, ""seconds"": 0.32788181099999747, ""gpu_id"": 0, ""candidate_id"": 8, ""sample_weight"": 0.05331880053778213}, {""client_id"": 5, ""model_family"": ""cnn1d"", ""feature_ids"": [2, 4, 5, 7, 8, 9, 11, 12, 14, 16, 17, 20, 23], ""subset_size"": 13, ""micro_f1"": 0.97, ""macro_f1"": 0.057878576389217874, ""validation_loss"": 0.26021082763671877, ""train_loss"": 0.8100819342136383, ""seconds"": 0.34085746999994626, ""gpu_id"": 0, ""candidate_id"": 8, ""sample_weight"": 0.07030155005722065}, {""client_id"": 6, ""model_family"": ""cnn1d"", ""feature_ids"": [2, 4, 5, 7, 8, 9, 11, 12, 14, 16, 17, 20, 23], ""subset_size"": 13, ""micro_f1"": 0.9944, ""macro_f1"": 0.058281195176884744, ""validation_loss"": 0.10514712829589844, ""train_loss"": 0.6271207234727012, ""seconds"": 0.3074887600000693, ""gpu_id"": 0, ""candidate_id"": 8, ""sample_weight"": 0.07459801933327874}, {""client_id"": 7, ""model_family"": ""gru"", ""feature_ids"": [2, 4, 5, 7, 8, 9, 11, 12, 14, 16, 17, 20, 23], ""subset_size"": 13, ""micro_f1"": 0.8644, ""macro_f1"": 0.027291642329198333, ""validation_loss"": 0.7486139343261718, ""train_loss"": 1.5924149430486891, ""seconds"": 0.34308858899998995, ""gpu_id"": 1, ""candidate_id"": 8, ""sample_weight"": 0.05067317481195735}, {""client_id"": 8, ""model_family"": ""gru"", ""feature_ids"": [2, 4, 5, 7, 8, 9, 11, 12, 14, 16, 17, 20, 23], ""subset_size"": 13, ""micro_f1"": 0.2444, ""macro_f1"": 0.01298419944571252, ""validation_loss"": 2.46809482421875, ""train_loss"": 2.9993104382832847, ""seconds"": 0.31032522900000004, ""gpu_id"": 0, ""candidate_id"": 8, ""sample_weight"": 0.354287210681253}, {""client_id"": 9, ""model_family"": ""gru"", ""feature_ids"": [2, 4, 5, 7, 8, 9, 11, 12, 14, 16, 17, 20, 23], ""subset_size"": 13, ""micro_f1"": 0.7578, ""macro_f1"": 0.025425826052015713, ""validation_loss"": 1.2554573364257813, ""train_loss"": 1.9510728050020005, ""seconds"": 0.3615441770000416, ""gpu_id"": 1, ""candidate_id"": 8, ""sample_weight"": 0.12090074249549396}, {""client_id"": 10, ""model_family"": ""transformer"", ""feature_ids"": [2, 4, 5, 7, 8, 9, 11, 12, 14, 16, 17, 20, 23], ""subset_size"": 13, ""micro_f1"": 0.5232, ""macro_f1"": 0.05034391370602814, ""validation_loss"": 1.374065771484375, ""train_loss"": 1.71309263765547, ""seconds"": 0.7681401799998184, ""gpu_id"": 1, ""candidate_id"": 8, ""sample_weight"": 0.11011103958316146}]"
9,1,900,"[4, 5, 6, 7, 8, 9, 10, 12, 13, 15, 16, 18, 23, 24]","[""fin_count"", ""Max"", ""TCP"", ""syn_count"", ""Protocol Type"", ""Rate"", ""IAT"", ""rst_flag_number"", ""Tot sum"", ""ack_count"", ""fin_flag_number"", ""rst_count"", ""ARP"", ""DNS""]",14,0.6125787340320091,0.036753151509291086,0.4410886764526367,0.43999999999999995,0.4131490057579372,320,2500,"[{""client_id"": 1, ""model_family"": ""cnn1d"", ""feature_ids"": [4, 5, 6, 7, 8, 9, 10, 12, 13, 15, 16, 18, 23, 24], ""subset_size"": 14, ""micro_f1"": 0.8775380710659898, ""macro_f1"": 0.02749339005625907, ""validation_loss"": 1.4006792252438927, ""train_loss"": 1.9907338183879584, ""seconds"": 0.11113451900018845, ""gpu_id"": 0, ""candidate_id"": 9, ""sample_weight"": 0.0008752009911046531}, {""client_id"": 2, ""model_family"": ""cnn1d"", ""feature_ids"": [4, 5, 6, 7, 8, 9, 10, 12, 13, 15, 16, 18, 23, 24], ""subset_size"": 14, ""micro_f1"": 0.6658, ""macro_f1"": 0.09507364621472869, ""validation_loss"": 1.4293510498046875, ""train_loss"": 2.1657362002902563, ""seconds"": 0.3624992669999756, ""gpu_id"": 0, ""candidate_id"": 9, ""sample_weight"": 0.061408177662345804}, {""client_id"": 3, ""model_family"": ""cnn1d"", ""feature_ids"": [4, 5, 6, 7, 8, 9, 10, 12, 13, 15, 16, 18, 23, 24], ""subset_size"": 14, ""micro_f1"": 0.8427, ""macro_f1"": 0.053135710423970535, ""validation_loss"": 0.7831224731445312, ""train_loss"": 1.3520012042999268, ""seconds"": 0.35735181899985946, ""gpu_id"": 1, ""candidate_id"": 9, ""sample_weight"": 0.10352608384640223}, {""client_id"": 4, ""model_family"": ""cnn1d"", ""feature_ids"": [4, 5, 6, 7, 8, 9, 10, 12, 13, 15, 16, 18, 23, 24], ""subset_size"": 14, ""micro_f1"": 0.8305, ""macro_f1"": 0.026688304384851452, ""validation_loss"": 0.57706865234375, ""train_loss"": 1.1129695454279582, ""seconds"": 0.3467654880000737, ""gpu_id"": 0, ""candidate_id"": 9, ""sample_weight"": 0.05331880053778213}, {""client_id"": 5, ""model_family"": ""cnn1d"", ""feature_ids"": [4, 5, 6, 7, 8, 9, 10, 12, 13, 15, 16, 18, 23, 24], ""subset_size"": 14, ""micro_f1"": 0.971, ""macro_f1"": 0.05797887274073011, ""validation_loss"": 0.25851988525390623, ""train_loss"": 0.7862164998690288, ""seconds"": 0.336539743000003, ""gpu_id"": 0, ""candidate_id"": 9, ""sample_weight"": 0.07030155005722065}, {""client_id"": 6, ""model_family"": ""cnn1d"", ""feature_ids"": [4, 5, 6, 7, 8, 9, 10, 12, 13, 15, 16, 18, 23, 24], ""subset_size"": 14, ""micro_f1"": 0.9943, ""macro_f1"": 0.05827743389836818, ""validation_loss"": 0.09676241302490235, ""train_loss"": 0.6076618915200234, ""seconds"": 0.3146473529998275, ""gpu_id"": 0, ""candidate_id"": 9, ""sample_weight"": 0.07459801933327874}, {""client_id"": 7, ""model_family"": ""gru"", ""feature_ids"": [4, 5, 6, 7, 8, 9, 10, 12, 13, 15, 16, 18, 23, 24], ""subset_size"": 14, ""micro_f1"": 0.8644, ""macro_f1"": 0.027279928549562432, ""validation_loss"": 0.7334608703613281, ""train_loss"": 1.5368570209185282, ""seconds"": 0.36189142200009883, ""gpu_id"": 1, ""candidate_id"": 9, ""sample_weight"": 0.05067317481195735}, {""client_id"": 8, ""model_family"": ""gru"", ""feature_ids"": [4, 5, 6, 7, 8, 9, 10, 12, 13, 15, 16, 18, 23, 24], ""subset_size"": 14, ""micro_f1"": 0.2441, ""macro_f1"": 0.011544318644003668, ""validation_loss"": 2.49005654296875, ""train_loss"": 3.0183107319725884, ""seconds"": 0.3356491710001137, ""gpu_id"": 0, ""candidate_id"": 9, ""sample_weight"": 0.354287210681253}, {""client_id"": 9, ""model_family"": ""gru"", ""feature_ids"": [4, 5, 6, 7, 8, 9, 10, 12, 13, 15, 16, 18, 23, 24], ""subset_size"": 14, ""micro_f1"": 0.758, ""macro_f1"": 0.025481566782567043, ""validation_loss"": 1.2497239379882812, ""train_loss"": 1.956938660091824, ""seconds"": 0.35065963399983957, ""gpu_id"": 1, ""candidate_id"": 9, ""sample_weight"": 0.12090074249549396}, {""client_id"": 10, ""model_family"": ""transformer"", ""feature_ids"": [4, 5, 6, 7, 8, 9, 10, 12, 13, 15, 16, 18, 23, 24], ""subset_size"": 14, ""micro_f1"": 0.6815, ""macro_f1"": 0.06348480948223745, ""validation_loss"": 1.0546091796875, ""train_loss"": 1.5737120553970336, ""seconds"": 0.8026280779999979, ""gpu_id"": 1, ""candidate_id"": 9, ""sample_weight"": 0.11011103958316146}]"
10,1,1000,"[0, 1, 3, 4, 5, 9, 10, 14, 16, 17, 18, 20, 21, 24]","[""ack_flag_number"", ""AVG"", ""UDP"", ""fin_count"", ""Max"", ""Rate"", ""IAT"", ""HTTPS"", ""fin_flag_number"", ""HTTP"", ""rst_count"", ""psh_flag_number"", ""ICMP"", ""DNS""]",14,0.5762458752050018,0.03508907836707122,0.5656420588493347,0.43999999999999995,0.3970603816355667,320,2820,"[{""client_id"": 1, ""model_family"": ""cnn1d"", ""feature_ids"": [0, 1, 3, 4, 5, 9, 10, 14, 16, 17, 18, 20, 21, 24], ""subset_size"": 14, ""micro_f1"": 0.8775380710659898, ""macro_f1"": 0.02749339005625907, ""validation_loss"": 1.3568964924304012, ""train_loss"": 1.959419538291645, ""seconds"": 0.11883318200011672, ""gpu_id"": 0, ""candidate_id"": 10, ""sample_weight"": 0.0008752009911046531}, {""client_id"": 2, ""model_family"": ""cnn1d"", ""feature_ids"": [0, 1, 3, 4, 5, 9, 10, 14, 16, 17, 18, 20, 21, 24], ""subset_size"": 14, ""micro_f1"": 0.6529, ""macro_f1"": 0.0940167638867379, ""validation_loss"": 1.44970849609375, ""train_loss"": 2.1216232158237034, ""seconds"": 0.3583404779999455, ""gpu_id"": 0, ""candidate_id"": 10, ""sample_weight"": 0.061408177662345804}, {""client_id"": 3, ""model_family"": ""cnn1d"", ""feature_ids"": [0, 1, 3, 4, 5, 9, 10, 14, 16, 17, 18, 20, 21, 24], ""subset_size"": 14, ""micro_f1"": 0.8086, ""macro_f1"": 0.05088080528096176, ""validation_loss"": 0.8713692138671875, ""train_loss"": 1.519562879986233, ""seconds"": 0.34359173000007104, ""gpu_id"": 1, ""candidate_id"": 10, ""sample_weight"": 0.10352608384640223}, {""client_id"": 4, ""model_family"": ""cnn1d"", ""feature_ids"": [0, 1, 3, 4, 5, 9, 10, 14, 16, 17, 18, 20, 21, 24], ""subset_size"": 14, ""micro_f1"": 0.8567, ""macro_f1"": 0.03914943753112888, ""validation_loss"": 0.46556409912109376, ""train_loss"": 1.0566471123960284, ""seconds"": 0.3345994999999675, ""gpu_id"": 0, ""candidate_id"": 10, ""sample_weight"": 0.05331880053778213}, {""client_id"": 5, ""model_family"": ""cnn1d"", ""feature_ids"": [0, 1, 3, 4, 5, 9, 10, 14, 16, 17, 18, 20, 21, 24], ""subset_size"": 14, ""micro_f1"": 0.9662, ""macro_f1"": 0.05748963354292895, ""validation_loss"": 0.27765506591796874, ""train_loss"": 0.8633328179465399, ""seconds"": 0.35599729199998364, ""gpu_id"": 0, ""candidate_id"": 10, ""sample_weight"": 0.07030155005722065}, {""client_id"": 6, ""model_family"": ""cnn1d"", ""feature_ids"": [0, 1, 3, 4, 5, 9, 10, 14, 16, 17, 18, 20, 21, 24], ""subset_size"": 14, ""micro_f1"": 0.996, ""macro_f1"": 0.05846738235871653, ""validation_loss"": 0.11068032989501952, ""train_loss"": 0.6532811233639717, ""seconds"": 0.32491929299999356, ""gpu_id"": 0, ""candidate_id"": 10, ""sample_weight"": 0.07459801933327874}, {""client_id"": 7, ""model_family"": ""gru"", ""feature_ids"": [0, 1, 3, 4, 5, 9, 10, 14, 16, 17, 18, 20, 21, 24], ""subset_size"": 14, ""micro_f1"": 0.8645, ""macro_f1"": 0.027281620802827568, ""validation_loss"": 0.7074445190429688, ""train_loss"": 1.4571774484846327, ""seconds"": 0.3424608950001584, ""gpu_id"": 1, ""candidate_id"": 10, ""sample_weight"": 0.05067317481195735}, {""client_id"": 8, ""model_family"": ""gru"", ""feature_ids"": [0, 1, 3, 4, 5, 9, 10, 14, 16, 17, 18, 20, 21, 24], ""subset_size"": 14, ""micro_f1"": 0.215, ""macro_f1"": 0.010893170886835665, ""validation_loss"": 2.5395333984375, ""train_loss"": 3.052074274190267, ""seconds"": 0.31775857200000246, ""gpu_id"": 0, ""candidate_id"": 10, ""sample_weight"": 0.354287210681253}, {""client_id"": 9, ""model_family"": ""gru"", ""feature_ids"": [0, 1, 3, 4, 5, 9, 10, 14, 16, 17, 18, 20, 21, 24], ""subset_size"": 14, ""micro_f1"": 0.758, ""macro_f1"": 0.025371705527550727, ""validation_loss"": 1.1942084838867189, ""train_loss"": 1.888227753215366, ""seconds"": 0.3740414179999334, ""gpu_id"": 1, ""candidate_id"": 10, ""sample_weight"": 0.12090074249549396}, {""client_id"": 10, ""model_family"": ""transformer"", ""feature_ids"": [0, 1, 3, 4, 5, 9, 10, 14, 16, 17, 18, 20, 21, 24], ""subset_size"": 14, ""micro_f1"": 0.4736, ""macro_f1"": 0.04744619308357647, ""validation_loss"": 1.322444384765625, ""train_loss"": 1.678302517361111, ""seconds"": 0.7980508690000079, ""gpu_id"": 1, ""candidate_id"": 10, ""sample_weight"": 0.11011103958316146}]"
11,2,1100,"[1, 2, 3, 4, 5, 7, 8, 9, 12, 13, 14, 16, 18, 19, 24]","[""AVG"", ""Std"", ""UDP"", ""fin_count"", ""Max"", ""syn_count"", ""Protocol Type"", ""Rate"", ""rst_flag_number"", ""Tot sum"", ""HTTPS"", ""fin_flag_number"", ""rst_count"", ""Header_Length"", ""DNS""]",15,0.5952480694240968,0.03558243632514672,0.5526758432388306,0.4,0.36425722261852667,340,3160,"[{""client_id"": 1, ""model_family"": ""cnn1d"", ""feature_ids"": [1, 2, 3, 4, 5, 7, 8, 9, 12, 13, 14, 16, 18, 19, 24], ""subset_size"": 15, ""micro_f1"": 0.8775380710659898, ""macro_f1"": 0.02749339005625907, ""validation_loss"": 1.4312663586611676, ""train_loss"": 1.9957047331084388, ""seconds"": 0.10555736799983606, ""gpu_id"": 0, ""candidate_id"": 11, ""sample_weight"": 0.0008752009911046531}, {""client_id"": 2, ""model_family"": ""cnn1d"", ""feature_ids"": [1, 2, 3, 4, 5, 7, 8, 9, 12, 13, 14, 16, 18, 19, 24], ""subset_size"": 15, ""micro_f1"": 0.6758, ""macro_f1"": 0.09453963054517789, ""validation_loss"": 1.4730587890625, ""train_loss"": 2.1820432177649605, ""seconds"": 0.34976348700001836, ""gpu_id"": 0, ""candidate_id"": 11, ""sample_weight"": 0.061408177662345804}, {""client_id"": 3, ""model_family"": ""cnn1d"", ""feature_ids"": [1, 2, 3, 4, 5, 7, 8, 9, 12, 13, 14, 16, 18, 19, 24], ""subset_size"": 15, ""micro_f1"": 0.8354, ""macro_f1"": 0.05263985834190141, ""validation_loss"": 0.7848407897949219, ""train_loss"": 1.3494781225522359, ""seconds"": 0.33579680000002554, ""gpu_id"": 1, ""candidate_id"": 11, ""sample_weight"": 0.10352608384640223}, {""client_id"": 4, ""model_family"": ""cnn1d"", ""feature_ids"": [1, 2, 3, 4, 5, 7, 8, 9, 12, 13, 14, 16, 18, 19, 24], ""subset_size"": 15, ""micro_f1"": 0.9072, ""macro_f1"": 0.05158803545602037, ""validation_loss"": 0.4446044738769531, ""train_loss"": 1.041875507232878, ""seconds"": 0.34750573700011955, ""gpu_id"": 0, ""candidate_id"": 11, ""sample_weight"": 0.05331880053778213}, {""client_id"": 5, ""model_family"": ""cnn1d"", ""feature_ids"": [1, 2, 3, 4, 5, 7, 8, 9, 12, 13, 14, 16, 18, 19, 24], ""subset_size"": 15, ""micro_f1"": 0.9683, ""macro_f1"": 0.05774989626600204, ""validation_loss"": 0.25622536010742186, ""train_loss"": 0.8028888335492876, ""seconds"": 0.35992680699996527, ""gpu_id"": 0, ""candidate_id"": 11, ""sample_weight"": 0.07030155005722065}, {""client_id"": 6, ""model_family"": ""cnn1d"", ""feature_ids"": [1, 2, 3, 4, 5, 7, 8, 9, 12, 13, 14, 16, 18, 19, 24], ""subset_size"": 15, ""micro_f1"": 0.9953, ""macro_f1"": 0.05838612656580122, ""validation_loss"": 0.1026720458984375, ""train_loss"": 0.624769427839915, ""seconds"": 0.37653783099995053, ""gpu_id"": 0, ""candidate_id"": 11, ""sample_weight"": 0.07459801933327874}, {""client_id"": 7, ""model_family"": ""gru"", ""feature_ids"": [1, 2, 3, 4, 5, 7, 8, 9, 12, 13, 14, 16, 18, 19, 24], ""subset_size"": 15, ""micro_f1"": 0.8644, ""macro_f1"": 0.027279928549562432, ""validation_loss"": 0.7692362182617187, ""train_loss"": 1.7695498606893751, ""seconds"": 0.34642940799994904, ""gpu_id"": 1, ""candidate_id"": 11, ""sample_weight"": 0.05067317481195735}, {""client_id"": 8, ""model_family"": ""gru"", ""feature_ids"": [1, 2, 3, 4, 5, 7, 8, 9, 12, 13, 14, 16, 18, 19, 24], ""subset_size"": 15, ""micro_f1"": 0.2441, ""macro_f1"": 0.011547103763097519, ""validation_loss"": 2.611879296875, ""train_loss"": 3.1042222654130724, ""seconds"": 0.32023283600005925, ""gpu_id"": 0, ""candidate_id"": 11, ""sample_weight"": 0.354287210681253}, {""client_id"": 9, ""model_family"": ""gru"", ""feature_ids"": [1, 2, 3, 4, 5, 7, 8, 9, 12, 13, 14, 16, 18, 19, 24], ""subset_size"": 15, ""micro_f1"": 0.758, ""macro_f1"": 0.02536737514599627, ""validation_loss"": 1.32315166015625, ""train_loss"": 2.186161312209235, ""seconds"": 0.3675190649998967, ""gpu_id"": 1, ""candidate_id"": 11, ""sample_weight"": 0.12090074249549396}, {""client_id"": 10, ""model_family"": ""transformer"", ""feature_ids"": [1, 2, 3, 4, 5, 7, 8, 9, 12, 13, 14, 16, 18, 19, 24], ""subset_size"": 15, ""micro_f1"": 0.4893, ""macro_f1"": 0.04174853154559699, ""validation_loss"": 1.302464306640625, ""train_loss"": 1.6543596518198649, ""seconds"": 0.8663058369997998, ""gpu_id"": 1, ""candidate_id"": 11, ""sample_weight"": 0.11011103958316146}]"
12,2,1200,"[3, 4, 5, 6, 8, 9, 13, 15, 16, 17, 18, 20, 21, 23, 24]","[""UDP"", ""fin_count"", ""Max"", ""TCP"", ""Protocol Type"", ""Rate"", ""Tot sum"", ""ack_count"", ""fin_flag_number"", ""HTTP"", ""rst_count"", ""psh_flag_number"", ""ICMP"", ""ARP"", ""DNS""]",15,0.5946787593951908,0.03611517200613162,0.6676532626152039,0.4,0.35270254967799874,340,3500,"[{""client_id"": 1, ""model_family"": ""cnn1d"", ""feature_ids"": [3, 4, 5, 6, 8, 9, 13, 15, 16, 17, 18, 20, 21, 23, 24], ""subset_size"": 15, ""micro_f1"": 0.8775380710659898, ""macro_f1"": 0.02749339005625907, ""validation_loss"": 1.3944548785989055, ""train_loss"": 1.991345232782294, ""seconds"": 0.10294500500003778, ""gpu_id"": 0, ""candidate_id"": 12, ""sample_weight"": 0.0008752009911046531}, {""client_id"": 2, ""model_family"": ""cnn1d"", ""feature_ids"": [3, 4, 5, 6, 8, 9, 13, 15, 16, 17, 18, 20, 21, 23, 24], ""subset_size"": 15, ""micro_f1"": 0.643, ""macro_f1"": 0.09175492486977636, ""validation_loss"": 1.4337741333007812, ""train_loss"": 2.1030115222083197, ""seconds"": 0.3599907930001791, ""gpu_id"": 0, ""candidate_id"": 12, ""sample_weight"": 0.061408177662345804}, {""client_id"": 3, ""model_family"": ""cnn1d"", ""feature_ids"": [3, 4, 5, 6, 8, 9, 13, 15, 16, 17, 18, 20, 21, 23, 24], ""subset_size"": 15, ""micro_f1"": 0.8177, ""macro_f1"": 0.05143062812371616, ""validation_loss"": 0.8208922332763672, ""train_loss"": 1.3905558684560988, ""seconds"": 0.33377130400003807, ""gpu_id"": 1, ""candidate_id"": 12, ""sample_weight"": 0.10352608384640223}, {""client_id"": 4, ""model_family"": ""cnn1d"", ""feature_ids"": [3, 4, 5, 6, 8, 9, 13, 15, 16, 17, 18, 20, 21, 23, 24], ""subset_size"": 15, ""micro_f1"": 0.8387, ""macro_f1"": 0.03113110028054257, ""validation_loss"": 0.5308650787353516, ""train_loss"": 1.057130659257041, ""seconds"": 0.3408779680000862, ""gpu_id"": 0, ""candidate_id"": 12, ""sample_weight"": 0.05331880053778213}, {""client_id"": 5, ""model_family"": ""cnn1d"", ""feature_ids"": [3, 4, 5, 6, 8, 9, 13, 15, 16, 17, 18, 20, 21, 23, 24], ""subset_size"": 15, ""micro_f1"": 0.9668, ""macro_f1"": 0.05761609713127605, ""validation_loss"": 0.26787103576660154, ""train_loss"": 0.8211112064467536, ""seconds"": 0.3301993449999827, ""gpu_id"": 0, ""candidate_id"": 12, ""sample_weight"": 0.07030155005722065}, {""client_id"": 6, ""model_family"": ""cnn1d"", ""feature_ids"": [3, 4, 5, 6, 8, 9, 13, 15, 16, 17, 18, 20, 21, 23, 24], ""subset_size"": 15, ""micro_f1"": 0.9962, ""macro_f1"": 0.05850640294207425, ""validation_loss"": 0.11017066345214843, ""train_loss"": 0.6355373874399397, ""seconds"": 0.32059703300001274, ""gpu_id"": 0, ""candidate_id"": 12, ""sample_weight"": 0.07459801933327874}, {""client_id"": 7, ""model_family"": ""gru"", ""feature_ids"": [3, 4, 5, 6, 8, 9, 13, 15, 16, 17, 18, 20, 21, 23, 24], ""subset_size"": 15, ""micro_f1"": 0.8644, ""macro_f1"": 0.0288510264836896, ""validation_loss"": 0.7151161010742187, ""train_loss"": 1.4587818591223822, ""seconds"": 0.3516780590000508, ""gpu_id"": 1, ""candidate_id"": 12, ""sample_weight"": 0.05067317481195735}, {""client_id"": 8, ""model_family"": ""gru"", ""feature_ids"": [3, 4, 5, 6, 8, 9, 13, 15, 16, 17, 18, 20, 21, 23, 24], ""subset_size"": 15, ""micro_f1"": 0.2128, ""macro_f1"": 0.010787558473059029, ""validation_loss"": 2.5231244140625, ""train_loss"": 3.039261588329739, ""seconds"": 0.3473553500000435, ""gpu_id"": 0, ""candidate_id"": 12, ""sample_weight"": 0.354287210681253}, {""client_id"": 9, ""model_family"": ""gru"", ""feature_ids"": [3, 4, 5, 6, 8, 9, 13, 15, 16, 17, 18, 20, 21, 23, 24], ""subset_size"": 15, ""micro_f1"": 0.7579, ""macro_f1"": 0.02548255034252881, ""validation_loss"": 1.2022853881835938, ""train_loss"": 1.8853267970191108, ""seconds"": 0.3461010610001267, ""gpu_id"": 1, ""candidate_id"": 12, ""sample_weight"": 0.12090074249549396}, {""client_id"": 10, ""model_family"": ""transformer"", ""feature_ids"": [3, 4, 5, 6, 8, 9, 13, 15, 16, 17, 18, 20, 21, 23, 24], ""subset_size"": 15, ""micro_f1"": 0.6534, ""macro_f1"": 0.06078076761604008, ""validation_loss"": 1.1994168212890626, ""train_loss"": 1.6268625789642335, ""seconds"": 0.8220052439999108, ""gpu_id"": 1, ""candidate_id"": 12, ""sample_weight"": 0.11011103958316146}]"
13,2,1300,"[1, 3, 4, 5, 6, 8, 9, 10, 11, 13, 16, 17, 18, 20, 21]","[""AVG"", ""UDP"", ""fin_count"", ""Max"", ""TCP"", ""Protocol Type"", ""Rate"", ""IAT"", ""syn_flag_number"", ""Tot sum"", ""fin_flag_number"", ""HTTP"", ""rst_count"", ""psh_flag_number"", ""ICMP""]",15,0.6670862030956224,0.046295256293404585,0.4177200198173523,0.4,0.38493661832782705,340,3840,"[{""client_id"": 1, ""model_family"": ""cnn1d"", ""feature_ids"": [1, 3, 4, 5, 6, 8, 9, 10, 11, 13, 16, 17, 18, 20, 21], ""subset_size"": 15, ""micro_f1"": 0.8775380710659898, ""macro_f1"": 0.02749339005625907, ""validation_loss"": 1.4015317035810597, ""train_loss"": 1.9946370220291905, ""seconds"": 0.11037825599987627, ""gpu_id"": 0, ""candidate_id"": 13, ""sample_weight"": 0.0008752009911046531}, {""client_id"": 2, ""model_family"": ""cnn1d"", ""feature_ids"": [1, 3, 4, 5, 6, 8, 9, 10, 11, 13, 16, 17, 18, 20, 21], ""subset_size"": 15, ""micro_f1"": 0.6711, ""macro_f1"": 0.09502861447789777, ""validation_loss"": 1.3833959228515624, ""train_loss"": 2.0822274411943225, ""seconds"": 0.3561123970000608, ""gpu_id"": 0, ""candidate_id"": 13, ""sample_weight"": 0.061408177662345804}, {""client_id"": 3, ""model_family"": ""cnn1d"", ""feature_ids"": [1, 3, 4, 5, 6, 8, 9, 10, 11, 13, 16, 17, 18, 20, 21], ""subset_size"": 15, ""micro_f1"": 0.8359, ""macro_f1"": 0.0527518066566553, ""validation_loss"": 0.7681999145507813, ""train_loss"": 1.2955213562965393, ""seconds"": 0.3464285979998749, ""gpu_id"": 1, ""candidate_id"": 13, ""sample_weight"": 0.10352608384640223}, {""client_id"": 4, ""model_family"": ""cnn1d"", ""feature_ids"": [1, 3, 4, 5, 6, 8, 9, 10, 11, 13, 16, 17, 18, 20, 21], ""subset_size"": 15, ""micro_f1"": 0.8305, ""macro_f1"": 0.026688304384851452, ""validation_loss"": 0.5640012939453125, ""train_loss"": 1.0861891910976833, ""seconds"": 0.3377130809999471, ""gpu_id"": 0, ""candidate_id"": 13, ""sample_weight"": 0.05331880053778213}, {""client_id"": 5, ""model_family"": ""cnn1d"", ""feature_ids"": [1, 3, 4, 5, 6, 8, 9, 10, 11, 13, 16, 17, 18, 20, 21], ""subset_size"": 15, ""micro_f1"": 0.9721, ""macro_f1"": 0.05804239597904933, ""validation_loss"": 0.2602034790039062, ""train_loss"": 0.813903493226899, ""seconds"": 0.32279693099985707, ""gpu_id"": 0, ""candidate_id"": 13, ""sample_weight"": 0.07030155005722065}, {""client_id"": 6, ""model_family"": ""cnn1d"", ""feature_ids"": [1, 3, 4, 5, 6, 8, 9, 10, 11, 13, 16, 17, 18, 20, 21], ""subset_size"": 15, ""micro_f1"": 0.9964, ""macro_f1"": 0.05852953591455025, ""validation_loss"": 0.09727098693847656, ""train_loss"": 0.601878178914388, ""seconds"": 0.35629289200005587, ""gpu_id"": 0, ""candidate_id"": 13, ""sample_weight"": 0.07459801933327874}, {""client_id"": 7, ""model_family"": ""gru"", ""feature_ids"": [1, 3, 4, 5, 6, 8, 9, 10, 11, 13, 16, 17, 18, 20, 21], ""subset_size"": 15, ""micro_f1"": 0.8645, ""macro_f1"": 0.027286012328416907, ""validation_loss"": 0.7451642211914062, ""train_loss"": 1.606565854189131, ""seconds"": 0.35533615800000007, ""gpu_id"": 1, ""candidate_id"": 13, ""sample_weight"": 0.05067317481195735}, {""client_id"": 8, ""model_family"": ""gru"", ""feature_ids"": [1, 3, 4, 5, 6, 8, 9, 10, 11, 13, 16, 17, 18, 20, 21], ""subset_size"": 15, ""micro_f1"": 0.4219, ""macro_f1"": 0.03880736438464476, ""validation_loss"": 2.6135478515625, ""train_loss"": 3.100457074568007, ""seconds"": 0.39209080599994195, ""gpu_id"": 0, ""candidate_id"": 13, ""sample_weight"": 0.354287210681253}, {""client_id"": 9, ""model_family"": ""gru"", ""feature_ids"": [1, 3, 4, 5, 6, 8, 9, 10, 11, 13, 16, 17, 18, 20, 21], ""subset_size"": 15, ""micro_f1"": 0.7581, ""macro_f1"": 0.025367835284748178, ""validation_loss"": 1.2072232177734374, ""train_loss"": 1.94312850089603, ""seconds"": 0.3214495890001672, ""gpu_id"": 1, ""candidate_id"": 13, ""sample_weight"": 0.12090074249549396}, {""client_id"": 10, ""model_family"": ""transformer"", ""feature_ids"": [1, 3, 4, 5, 6, 8, 9, 10, 11, 13, 16, 17, 18, 20, 21], ""subset_size"": 15, ""micro_f1"": 0.6056, ""macro_f1"": 0.06272044987864035, ""validation_loss"": 1.120020263671875, ""train_loss"": 1.5699947813881767, ""seconds"": 0.8700599879998663, ""gpu_id"": 1, ""candidate_id"": 13, ""sample_weight"": 0.11011103958316146}]"
14,2,1400,"[3, 4, 5, 8, 9, 10, 12, 15, 16, 17, 18, 20, 22, 23, 24]","[""UDP"", ""fin_count"", ""Max"", ""Protocol Type"", ""Rate"", ""IAT"", ""rst_flag_number"", ""ack_count"", ""fin_flag_number"", ""HTTP"", ""rst_count"", ""psh_flag_number"", ""Time_To_Live"", ""ARP"", ""DNS""]",15,0.6038590076378316,0.03523403736934624,0.7316772937774658,0.4,0.3472181713860366,340,4180,"[{""client_id"": 1, ""model_family"": ""cnn1d"", ""feature_ids"": [3, 4, 5, 8, 9, 10, 12, 15, 16, 17, 18, 20, 22, 23, 24], ""subset_size"": 15, ""micro_f1"": 0.8775380710659898, ""macro_f1"": 0.02749339005625907, ""validation_loss"": 1.362798313198961, ""train_loss"": 1.968772991424352, ""seconds"": 0.10454443200001151, ""gpu_id"": 0, ""candidate_id"": 14, ""sample_weight"": 0.0008752009911046531}, {""client_id"": 2, ""model_family"": ""cnn1d"", ""feature_ids"": [3, 4, 5, 8, 9, 10, 12, 15, 16, 17, 18, 20, 22, 23, 24], ""subset_size"": 15, ""micro_f1"": 0.6438, ""macro_f1"": 0.09132910981928909, ""validation_loss"": 1.4932979370117188, ""train_loss"": 2.1588559027141994, ""seconds"": 0.3542063219999818, ""gpu_id"": 0, ""candidate_id"": 14, ""sample_weight"": 0.061408177662345804}, {""client_id"": 3, ""model_family"": ""cnn1d"", ""feature_ids"": [3, 4, 5, 8, 9, 10, 12, 15, 16, 17, 18, 20, 22, 23, 24], ""subset_size"": 15, ""micro_f1"": 0.8215, ""macro_f1"": 0.051662396099209376, ""validation_loss"": 0.8637117553710938, ""train_loss"": 1.5145430896864998, ""seconds"": 0.3223646239998743, ""gpu_id"": 1, ""candidate_id"": 14, ""sample_weight"": 0.10352608384640223}, {""client_id"": 4, ""model_family"": ""cnn1d"", ""feature_ids"": [3, 4, 5, 8, 9, 10, 12, 15, 16, 17, 18, 20, 22, 23, 24], ""subset_size"": 15, ""micro_f1"": 0.8392, ""macro_f1"": 0.031299712212961905, ""validation_loss"": 0.5191156494140625, ""train_loss"": 1.079385000313653, ""seconds"": 0.3776231040001221, ""gpu_id"": 0, ""candidate_id"": 14, ""sample_weight"": 0.05331880053778213}, {""client_id"": 5, ""model_family"": ""cnn1d"", ""feature_ids"": [3, 4, 5, 8, 9, 10, 12, 15, 16, 17, 18, 20, 22, 23, 24], ""subset_size"": 15, ""micro_f1"": 0.9709, ""macro_f1"": 0.057896091040448544, ""validation_loss"": 0.25516815490722655, ""train_loss"": 0.7886120819701089, ""seconds"": 0.34189050300005874, ""gpu_id"": 0, ""candidate_id"": 14, ""sample_weight"": 0.07030155005722065}, {""client_id"": 6, ""model_family"": ""cnn1d"", ""feature_ids"": [3, 4, 5, 8, 9, 10, 12, 15, 16, 17, 18, 20, 22, 23, 24], ""subset_size"": 15, ""micro_f1"": 0.9965, ""macro_f1"": 0.058533159197276335, ""validation_loss"": 0.100503662109375, ""train_loss"": 0.6175482840895653, ""seconds"": 0.32515132900016397, ""gpu_id"": 0, ""candidate_id"": 14, ""sample_weight"": 0.07459801933327874}, {""client_id"": 7, ""model_family"": ""gru"", ""feature_ids"": [3, 4, 5, 8, 9, 10, 12, 15, 16, 17, 18, 20, 22, 23, 24], ""subset_size"": 15, ""micro_f1"": 0.8641, ""macro_f1"": 0.02727631433576919, ""validation_loss"": 0.7262685607910156, ""train_loss"": 1.5819197152561613, ""seconds"": 0.41495082500000535, ""gpu_id"": 1, ""candidate_id"": 14, ""sample_weight"": 0.05067317481195735}, {""client_id"": 8, ""model_family"": ""gru"", ""feature_ids"": [3, 4, 5, 8, 9, 10, 12, 15, 16, 17, 18, 20, 22, 23, 24], ""subset_size"": 15, ""micro_f1"": 0.2441, ""macro_f1"": 0.011553607603324563, ""validation_loss"": 2.54853935546875, ""train_loss"": 3.0677444346110025, ""seconds"": 0.32510184800003117, ""gpu_id"": 0, ""candidate_id"": 14, ""sample_weight"": 0.354287210681253}, {""client_id"": 9, ""model_family"": ""gru"", ""feature_ids"": [3, 4, 5, 8, 9, 10, 12, 15, 16, 17, 18, 20, 22, 23, 24], ""subset_size"": 15, ""micro_f1"": 0.7581, ""macro_f1"": 0.025597796939808255, ""validation_loss"": 1.256051318359375, ""train_loss"": 2.0233165050930446, ""seconds"": 0.3325617750001584, ""gpu_id"": 1, ""candidate_id"": 14, ""sample_weight"": 0.12090074249549396}, {""client_id"": 10, ""model_family"": ""transformer"", ""feature_ids"": [3, 4, 5, 8, 9, 10, 12, 15, 16, 17, 18, 20, 22, 23, 24], ""subset_size"": 15, ""micro_f1"": 0.6289, ""macro_f1"": 0.05065290536086447, ""validation_loss"": 1.2601408935546874, ""train_loss"": 1.6599877002504138, ""seconds"": 0.8225573459999396, ""gpu_id"": 1, ""candidate_id"": 14, ""sample_weight"": 0.11011103958316146}]"
15,2,1500,"[0, 3, 4, 5, 7, 8, 9, 10, 12, 15, 16, 17, 18, 19, 21]","[""ack_flag_number"", ""UDP"", ""fin_count"", ""Max"", ""syn_count"", ""Protocol Type"", ""Rate"", ""IAT"", ""rst_flag_number"", ""ack_count"", ""fin_flag_number"", ""HTTP"", ""rst_count"", ""Header_Length"", ""ICMP""]",15,0.5999478879636602,0.03474968971051198,0.5174583196640015,0.4,0.3682489568299659,340,4520,"[{""client_id"": 1, ""model_family"": ""cnn1d"", ""feature_ids"": [0, 3, 4, 5, 7, 8, 9, 10, 12, 15, 16, 17, 18, 19, 21], ""subset_size"": 15, ""micro_f1"": 0.8775380710659898, ""macro_f1"": 0.02749339005625907, ""validation_loss"": 1.3540926705762215, ""train_loss"": 1.9717622170055646, ""seconds"": 0.10962259100006122, ""gpu_id"": 0, ""candidate_id"": 15, ""sample_weight"": 0.0008752009911046531}, {""client_id"": 2, ""model_family"": ""cnn1d"", ""feature_ids"": [0, 3, 4, 5, 7, 8, 9, 10, 12, 15, 16, 17, 18, 19, 21], ""subset_size"": 15, ""micro_f1"": 0.6651, ""macro_f1"": 0.0946958600856704, ""validation_loss"": 1.40360439453125, ""train_loss"": 2.1290404706954957, ""seconds"": 0.33272386700014067, ""gpu_id"": 0, ""candidate_id"": 15, ""sample_weight"": 0.061408177662345804}, {""client_id"": 3, ""model_family"": ""cnn1d"", ""feature_ids"": [0, 3, 4, 5, 7, 8, 9, 10, 12, 15, 16, 17, 18, 19, 21], ""subset_size"": 15, ""micro_f1"": 0.8378, ""macro_f1"": 0.05291303651989619, ""validation_loss"": 0.7878936950683594, ""train_loss"": 1.389837689590454, ""seconds"": 0.3335594539998965, ""gpu_id"": 1, ""candidate_id"": 15, ""sample_weight"": 0.10352608384640223}, {""client_id"": 4, ""model_family"": ""cnn1d"", ""feature_ids"": [0, 3, 4, 5, 7, 8, 9, 10, 12, 15, 16, 17, 18, 19, 21], ""subset_size"": 15, ""micro_f1"": 0.8316, ""macro_f1"": 0.027326466627715915, ""validation_loss"": 0.5750362609863281, ""train_loss"": 1.1152192186991374, ""seconds"": 0.33247592099996837, ""gpu_id"": 0, ""candidate_id"": 15, ""sample_weight"": 0.05331880053778213}, {""client_id"": 5, ""model_family"": ""cnn1d"", ""feature_ids"": [0, 3, 4, 5, 7, 8, 9, 10, 12, 15, 16, 17, 18, 19, 21], ""subset_size"": 15, ""micro_f1"": 0.9677, ""macro_f1"": 0.05769469793481144, ""validation_loss"": 0.25764395751953123, ""train_loss"": 0.8059823251618279, ""seconds"": 0.36734369399982825, ""gpu_id"": 0, ""candidate_id"": 15, ""sample_weight"": 0.07030155005722065}, {""client_id"": 6, ""model_family"": ""cnn1d"", ""feature_ids"": [0, 3, 4, 5, 7, 8, 9, 10, 12, 15, 16, 17, 18, 19, 21], ""subset_size"": 15, ""micro_f1"": 0.9959, ""macro_f1"": 0.058455793441700786, ""validation_loss"": 0.1059961669921875, ""train_loss"": 0.6327311458733347, ""seconds"": 0.3745753530001821, ""gpu_id"": 0, ""candidate_id"": 15, ""sample_weight"": 0.07459801933327874}, {""client_id"": 7, ""model_family"": ""gru"", ""feature_ids"": [0, 3, 4, 5, 7, 8, 9, 10, 12, 15, 16, 17, 18, 19, 21], ""subset_size"": 15, ""micro_f1"": 0.8645, ""macro_f1"": 0.027286012328416907, ""validation_loss"": 0.7438170288085938, ""train_loss"": 1.6796610670407612, ""seconds"": 0.32963337699993644, ""gpu_id"": 1, ""candidate_id"": 15, ""sample_weight"": 0.05067317481195735}, {""client_id"": 8, ""model_family"": ""gru"", ""feature_ids"": [0, 3, 4, 5, 7, 8, 9, 10, 12, 15, 16, 17, 18, 19, 21], ""subset_size"": 15, ""micro_f1"": 0.2442, ""macro_f1"": 0.011545335060563367, ""validation_loss"": 2.6945609375, ""train_loss"": 3.1553921432918974, ""seconds"": 0.3392186969999784, ""gpu_id"": 0, ""candidate_id"": 15, ""sample_weight"": 0.354287210681253}, {""client_id"": 9, ""model_family"": ""gru"", ""feature_ids"": [0, 3, 4, 5, 7, 8, 9, 10, 12, 15, 16, 17, 18, 19, 21], ""subset_size"": 15, ""micro_f1"": 0.7581, ""macro_f1"": 0.025364949460814985, ""validation_loss"": 1.28323447265625, ""train_loss"": 2.130005308787028, ""seconds"": 0.36095508700009304, ""gpu_id"": 1, ""candidate_id"": 15, ""sample_weight"": 0.12090074249549396}, {""client_id"": 10, ""model_family"": ""transformer"", ""feature_ids"": [0, 3, 4, 5, 7, 8, 9, 10, 12, 15, 16, 17, 18, 19, 21], ""subset_size"": 15, ""micro_f1"": 0.5718, ""macro_f1"": 0.045583491477321714, ""validation_loss"": 1.26197119140625, ""train_loss"": 1.646912516064114, ""seconds"": 0.8658409580000352, ""gpu_id"": 1, ""candidate_id"": 15, ""sample_weight"": 0.11011103958316146}]"
16,2,1600,"[0, 4, 5, 6, 8, 11, 12, 13, 16, 17, 18, 20, 21, 22, 23]","[""ack_flag_number"", ""fin_count"", ""Max"", ""TCP"", ""Protocol Type"", ""syn_flag_number"", ""rst_flag_number"", ""Tot sum"", ""fin_flag_number"", ""HTTP"", ""rst_count"", ""psh_flag_number"", ""ICMP"", ""Time_To_Live"", ""ARP""]",15,0.5963260027434565,0.03640924557524023,0.44488784670829773,0.4,0.3751438156035159,340,4860,"[{""client_id"": 1, ""model_family"": ""cnn1d"", ""feature_ids"": [0, 4, 5, 6, 8, 11, 12, 13, 16, 17, 18, 20, 21, 22, 23], ""subset_size"": 15, ""micro_f1"": 0.8775380710659898, ""macro_f1"": 0.02749339005625907, ""validation_loss"": 1.3887658288636184, ""train_loss"": 1.9721660973389674, ""seconds"": 0.1083965130001161, ""gpu_id"": 0, ""candidate_id"": 16, ""sample_weight"": 0.0008752009911046531}, {""client_id"": 2, ""model_family"": ""cnn1d"", ""feature_ids"": [0, 4, 5, 6, 8, 11, 12, 13, 16, 17, 18, 20, 21, 22, 23], ""subset_size"": 15, ""micro_f1"": 0.6522, ""macro_f1"": 0.09440799712457873, ""validation_loss"": 1.4201070556640625, ""train_loss"": 2.0888577354007296, ""seconds"": 0.3446544460000496, ""gpu_id"": 0, ""candidate_id"": 16, ""sample_weight"": 0.061408177662345804}, {""client_id"": 3, ""model_family"": ""cnn1d"", ""feature_ids"": [0, 4, 5, 6, 8, 11, 12, 13, 16, 17, 18, 20, 21, 22, 23], ""subset_size"": 15, ""micro_f1"": 0.8253, ""macro_f1"": 0.05198644435161696, ""validation_loss"": 0.8080368225097656, ""train_loss"": 1.335572645187378, ""seconds"": 0.349035461000085, ""gpu_id"": 1, ""candidate_id"": 16, ""sample_weight"": 0.10352608384640223}, {""client_id"": 4, ""model_family"": ""cnn1d"", ""feature_ids"": [0, 4, 5, 6, 8, 11, 12, 13, 16, 17, 18, 20, 21, 22, 23], ""subset_size"": 15, ""micro_f1"": 0.8334, ""macro_f1"": 0.02833845904141038, ""validation_loss"": 0.5807575134277344, ""train_loss"": 1.0942591981887817, ""seconds"": 0.34289590000003045, ""gpu_id"": 0, ""candidate_id"": 16, ""sample_weight"": 0.05331880053778213}, {""client_id"": 5, ""model_family"": ""cnn1d"", ""feature_ids"": [0, 4, 5, 6, 8, 11, 12, 13, 16, 17, 18, 20, 21, 22, 23], ""subset_size"": 15, ""micro_f1"": 0.9689, ""macro_f1"": 0.057773758153397796, ""validation_loss"": 0.25852550048828127, ""train_loss"": 0.7783991152048111, ""seconds"": 0.37225454700001137, ""gpu_id"": 0, ""candidate_id"": 16, ""sample_weight"": 0.07030155005722065}, {""client_id"": 6, ""model_family"": ""cnn1d"", ""feature_ids"": [0, 4, 5, 6, 8, 11, 12, 13, 16, 17, 18, 20, 21, 22, 23], ""subset_size"": 15, ""micro_f1"": 0.9954, ""macro_f1"": 0.058397753622475554, ""validation_loss"": 0.0994202880859375, ""train_loss"": 0.6102679724613825, ""seconds"": 0.36087294799995107, ""gpu_id"": 0, ""candidate_id"": 16, ""sample_weight"": 0.07459801933327874}, {""client_id"": 7, ""model_family"": ""gru"", ""feature_ids"": [0, 4, 5, 6, 8, 11, 12, 13, 16, 17, 18, 20, 21, 22, 23], ""subset_size"": 15, ""micro_f1"": 0.8645, ""macro_f1"": 0.02728015727507676, ""validation_loss"": 0.7413668701171875, ""train_loss"": 1.6567920835812886, ""seconds"": 0.33744615599994177, ""gpu_id"": 1, ""candidate_id"": 16, ""sample_weight"": 0.05067317481195735}, {""client_id"": 8, ""model_family"": ""gru"", ""feature_ids"": [0, 4, 5, 6, 8, 11, 12, 13, 16, 17, 18, 20, 21, 22, 23], ""subset_size"": 15, ""micro_f1"": 0.2177, ""macro_f1"": 0.011783124655157379, ""validation_loss"": 2.7398509765625, ""train_loss"": 3.1752421438852947, ""seconds"": 0.32443473200009976, ""gpu_id"": 0, ""candidate_id"": 16, ""sample_weight"": 0.354287210681253}, {""client_id"": 9, ""model_family"": ""gru"", ""feature_ids"": [0, 4, 5, 6, 8, 11, 12, 13, 16, 17, 18, 20, 21, 22, 23], ""subset_size"": 15, ""micro_f1"": 0.7583, ""macro_f1"": 0.025542208511352943, ""validation_loss"": 1.2088586791992189, ""train_loss"": 2.0333025409910412, ""seconds"": 0.3838638989998344, ""gpu_id"": 1, ""candidate_id"": 16, ""sample_weight"": 0.12090074249549396}, {""client_id"": 10, ""model_family"": ""transformer"", ""feature_ids"": [0, 4, 5, 6, 8, 11, 12, 13, 16, 17, 18, 20, 21, 22, 23], ""subset_size"": 15, ""micro_f1"": 0.6416, ""macro_f1"": 0.0602286440279198, ""validation_loss"": 1.0417931274414063, ""train_loss"": 1.548687579006619, ""seconds"": 0.8447545039998658, ""gpu_id"": 1, ""candidate_id"": 16, ""sample_weight"": 0.11011103958316146}]"
17,2,1700,"[2, 3, 4, 5, 6, 7, 9, 12, 16, 17, 18, 20, 21, 23, 24]","[""Std"", ""UDP"", ""fin_count"", ""Max"", ""TCP"", ""syn_count"", ""Rate"", ""rst_flag_number"", ""fin_flag_number"", ""HTTP"", ""rst_count"", ""psh_flag_number"", ""ICMP"", ""ARP"", ""DNS""]",15,0.573789237798292,0.0333198757342442,0.5402038097381592,0.4,0.3633585428060133,340,5200,"[{""client_id"": 1, ""model_family"": ""cnn1d"", ""feature_ids"": [2, 3, 4, 5, 6, 7, 9, 12, 16, 17, 18, 20, 21, 23, 24], ""subset_size"": 15, ""micro_f1"": 0.8775380710659898, ""macro_f1"": 0.02749339005625907, ""validation_loss"": 1.3232360684932185, ""train_loss"": 1.9521019513568028, ""seconds"": 0.10412260799989781, ""gpu_id"": 0, ""candidate_id"": 17, ""sample_weight"": 0.0008752009911046531}, {""client_id"": 2, ""model_family"": ""cnn1d"", ""feature_ids"": [2, 3, 4, 5, 6, 7, 9, 12, 16, 17, 18, 20, 21, 23, 24], ""subset_size"": 15, ""micro_f1"": 0.6667, ""macro_f1"": 0.09477513075153395, ""validation_loss"": 1.4288031494140625, ""train_loss"": 2.097451123131646, ""seconds"": 0.3736108709999826, ""gpu_id"": 0, ""candidate_id"": 17, ""sample_weight"": 0.061408177662345804}, {""client_id"": 3, ""model_family"": ""cnn1d"", ""feature_ids"": [2, 3, 4, 5, 6, 7, 9, 12, 16, 17, 18, 20, 21, 23, 24], ""subset_size"": 15, ""micro_f1"": 0.8398, ""macro_f1"": 0.05297708950527258, ""validation_loss"": 0.7718195159912109, ""train_loss"": 1.3278252353456286, ""seconds"": 0.35486659900016093, ""gpu_id"": 1, ""candidate_id"": 17, ""sample_weight"": 0.10352608384640223}, {""client_id"": 4, ""model_family"": ""cnn1d"", ""feature_ids"": [2, 3, 4, 5, 6, 7, 9, 12, 16, 17, 18, 20, 21, 23, 24], ""subset_size"": 15, ""micro_f1"": 0.8352, ""macro_f1"": 0.02929557863012186, ""validation_loss"": 0.5394487564086914, ""train_loss"": 1.0596168915430704, ""seconds"": 0.3419440190000387, ""gpu_id"": 0, ""candidate_id"": 17, ""sample_weight"": 0.05331880053778213}, {""client_id"": 5, ""model_family"": ""cnn1d"", ""feature_ids"": [2, 3, 4, 5, 6, 7, 9, 12, 16, 17, 18, 20, 21, 23, 24], ""subset_size"": 15, ""micro_f1"": 0.9718, ""macro_f1"": 0.058054446077727355, ""validation_loss"": 0.2604766326904297, ""train_loss"": 0.7996503450711568, ""seconds"": 0.31543747099999564, ""gpu_id"": 0, ""candidate_id"": 17, ""sample_weight"": 0.07030155005722065}, {""client_id"": 6, ""model_family"": ""cnn1d"", ""feature_ids"": [2, 3, 4, 5, 6, 7, 9, 12, 16, 17, 18, 20, 21, 23, 24], ""subset_size"": 15, ""micro_f1"": 0.9959, ""macro_f1"": 0.058455993977436574, ""validation_loss"": 0.10636423034667969, ""train_loss"": 0.6331753707951969, ""seconds"": 0.31721512199987956, ""gpu_id"": 0, ""candidate_id"": 17, ""sample_weight"": 0.07459801933327874}, {""client_id"": 7, ""model_family"": ""gru"", ""feature_ids"": [2, 3, 4, 5, 6, 7, 9, 12, 16, 17, 18, 20, 21, 23, 24], ""subset_size"": 15, ""micro_f1"": 0.8644, ""macro_f1"": 0.02728285605168719, ""validation_loss"": 0.7221795288085937, ""train_loss"": 1.4646081845389471, ""seconds"": 0.3607828310000514, ""gpu_id"": 1, ""candidate_id"": 17, ""sample_weight"": 0.05067317481195735}, {""client_id"": 8, ""model_family"": ""gru"", ""feature_ids"": [2, 3, 4, 5, 6, 7, 9, 12, 16, 17, 18, 20, 21, 23, 24], ""subset_size"": 15, ""micro_f1"": 0.2132, ""macro_f1"": 0.010884157968898968, ""validation_loss"": 2.51144345703125, ""train_loss"": 3.032005393685235, ""seconds"": 0.32452015599983497, ""gpu_id"": 0, ""candidate_id"": 17, ""sample_weight"": 0.354287210681253}, {""client_id"": 9, ""model_family"": ""gru"", ""feature_ids"": [2, 3, 4, 5, 6, 7, 9, 12, 16, 17, 18, 20, 21, 23, 24], ""subset_size"": 15, ""micro_f1"": 0.758, ""macro_f1"": 0.025481676713568848, ""validation_loss"": 1.19973271484375, ""train_loss"": 1.8774329313490126, ""seconds"": 0.3195617300000322, ""gpu_id"": 1, ""candidate_id"": 17, ""sample_weight"": 0.12090074249549396}, {""client_id"": 10, ""model_family"": ""transformer"", ""feature_ids"": [2, 3, 4, 5, 6, 7, 9, 12, 16, 17, 18, 20, 21, 23, 24], ""subset_size"": 15, ""micro_f1"": 0.427, ""macro_f1"": 0.03331119443624102, ""validation_loss"": 1.429378173828125, ""train_loss"": 1.7315680722130669, ""seconds"": 0.8087345639999057, ""gpu_id"": 1, ""candidate_id"": 17, ""sample_weight"": 0.11011103958316146}]"
18,2,1800,"[1, 2, 6, 7, 8, 9, 10, 11, 12, 14, 16, 17, 18, 23, 24]","[""AVG"", ""Std"", ""TCP"", ""syn_count"", ""Protocol Type"", ""Rate"", ""IAT"", ""syn_flag_number"", ""rst_flag_number"", ""HTTPS"", ""fin_flag_number"", ""HTTP"", ""rst_count"", ""ARP"", ""DNS""]",15,0.6098996794385089,0.037426629648098,0.3908281922340393,0.4,0.381907148720447,340,5540,"[{""client_id"": 1, ""model_family"": ""cnn1d"", ""feature_ids"": [1, 2, 6, 7, 8, 9, 10, 11, 12, 14, 16, 17, 18, 23, 24], ""subset_size"": 15, ""micro_f1"": 0.8775380710659898, ""macro_f1"": 0.02749339005625907, ""validation_loss"": 1.3257582611238896, ""train_loss"": 1.960697878099604, ""seconds"": 0.10810541499995452, ""gpu_id"": 0, ""candidate_id"": 18, ""sample_weight"": 0.0008752009911046531}, {""client_id"": 2, ""model_family"": ""cnn1d"", ""feature_ids"": [1, 2, 6, 7, 8, 9, 10, 11, 12, 14, 16, 17, 18, 23, 24], ""subset_size"": 15, ""micro_f1"": 0.6579, ""macro_f1"": 0.09351964629281163, ""validation_loss"": 1.55402392578125, ""train_loss"": 2.2254634391360812, ""seconds"": 0.34223784899995735, ""gpu_id"": 0, ""candidate_id"": 18, ""sample_weight"": 0.061408177662345804}, {""client_id"": 3, ""model_family"": ""cnn1d"", ""feature_ids"": [1, 2, 6, 7, 8, 9, 10, 11, 12, 14, 16, 17, 18, 23, 24], ""subset_size"": 15, ""micro_f1"": 0.832, ""macro_f1"": 0.052419675416336645, ""validation_loss"": 0.8014608367919922, ""train_loss"": 1.3352207497914632, ""seconds"": 0.3225180839999666, ""gpu_id"": 1, ""candidate_id"": 18, ""sample_weight"": 0.10352608384640223}, {""client_id"": 4, ""model_family"": ""cnn1d"", ""feature_ids"": [1, 2, 6, 7, 8, 9, 10, 11, 12, 14, 16, 17, 18, 23, 24], ""subset_size"": 15, ""micro_f1"": 0.8554, ""macro_f1"": 0.03848300901264062, ""validation_loss"": 0.5540578857421875, ""train_loss"": 1.1088741226938035, ""seconds"": 0.35953597299999274, ""gpu_id"": 0, ""candidate_id"": 18, ""sample_weight"": 0.05331880053778213}, {""client_id"": 5, ""model_family"": ""cnn1d"", ""feature_ids"": [1, 2, 6, 7, 8, 9, 10, 11, 12, 14, 16, 17, 18, 23, 24], ""subset_size"": 15, ""micro_f1"": 0.9709, ""macro_f1"": 0.05787096099728558, ""validation_loss"": 0.25185982666015627, ""train_loss"": 0.7959105037477281, ""seconds"": 0.3392622989999836, ""gpu_id"": 0, ""candidate_id"": 18, ""sample_weight"": 0.07030155005722065}, {""client_id"": 6, ""model_family"": ""cnn1d"", ""feature_ids"": [1, 2, 6, 7, 8, 9, 10, 11, 12, 14, 16, 17, 18, 23, 24], ""subset_size"": 15, ""micro_f1"": 0.9951, ""macro_f1"": 0.058362853306895474, ""validation_loss"": 0.10006840209960938, ""train_loss"": 0.591961080900828, ""seconds"": 0.32797417500000847, ""gpu_id"": 0, ""candidate_id"": 18, ""sample_weight"": 0.07459801933327874}, {""client_id"": 7, ""model_family"": ""gru"", ""feature_ids"": [1, 2, 6, 7, 8, 9, 10, 11, 12, 14, 16, 17, 18, 23, 24], ""subset_size"": 15, ""micro_f1"": 0.8644, ""macro_f1"": 0.027279928549562432, ""validation_loss"": 0.7463592102050781, ""train_loss"": 1.5351561718198987, ""seconds"": 0.3722718189999341, ""gpu_id"": 1, ""candidate_id"": 18, ""sample_weight"": 0.05067317481195735}, {""client_id"": 8, ""model_family"": ""gru"", ""feature_ids"": [1, 2, 6, 7, 8, 9, 10, 11, 12, 14, 16, 17, 18, 23, 24], ""subset_size"": 15, ""micro_f1"": 0.2441, ""macro_f1"": 0.011545246867742836, ""validation_loss"": 2.4440869140625, ""train_loss"": 2.9799241220262314, ""seconds"": 0.31428759499999614, ""gpu_id"": 0, ""candidate_id"": 18, ""sample_weight"": 0.354287210681253}, {""client_id"": 9, ""model_family"": ""gru"", ""feature_ids"": [1, 2, 6, 7, 8, 9, 10, 11, 12, 14, 16, 17, 18, 23, 24], ""subset_size"": 15, ""micro_f1"": 0.758, ""macro_f1"": 0.02536737514599627, ""validation_loss"": 1.2452618530273438, ""train_loss"": 1.9249636402553982, ""seconds"": 0.33814852299997256, ""gpu_id"": 1, ""candidate_id"": 18, ""sample_weight"": 0.12090074249549396}, {""client_id"": 10, ""model_family"": ""transformer"", ""feature_ids"": [1, 2, 6, 7, 8, 9, 10, 11, 12, 14, 16, 17, 18, 23, 24], ""subset_size"": 15, ""micro_f1"": 0.6591, ""macro_f1"": 0.06556313405119282, ""validation_loss"": 1.26394580078125, ""train_loss"": 1.668462748972575, ""seconds"": 0.818755069999952, ""gpu_id"": 1, ""candidate_id"": 18, ""sample_weight"": 0.11011103958316146}]"
19,2,1900,"[0, 3, 4, 5, 6, 7, 8, 9, 12, 16, 18, 19, 20, 23, 24]","[""ack_flag_number"", ""UDP"", ""fin_count"", ""Max"", ""TCP"", ""syn_count"", ""Protocol Type"", ""Rate"", ""rst_flag_number"", ""fin_flag_number"", ""rst_count"", ""Header_Length"", ""psh_flag_number"", ""ARP"", ""DNS""]",15,0.6078804023746428,0.03614056627946108,0.5943968892097473,0.4,0.36134835131648957,340,5880,"[{""client_id"": 1, ""model_family"": ""cnn1d"", ""feature_ids"": [0, 3, 4, 5, 6, 7, 8, 9, 12, 16, 18, 19, 20, 23, 24], ""subset_size"": 15, ""micro_f1"": 0.8775380710659898, ""macro_f1"": 0.02749339005625907, ""validation_loss"": 1.3435300255789975, ""train_loss"": 1.9599219420772451, ""seconds"": 0.10416587500003516, ""gpu_id"": 0, ""candidate_id"": 19, ""sample_weight"": 0.0008752009911046531}, {""client_id"": 2, ""model_family"": ""cnn1d"", ""feature_ids"": [0, 3, 4, 5, 6, 7, 8, 9, 12, 16, 18, 19, 20, 23, 24], ""subset_size"": 15, ""micro_f1"": 0.6714, ""macro_f1"": 0.09597594395453506, ""validation_loss"": 1.3871379028320312, ""train_loss"": 2.055109525405036, ""seconds"": 0.35444507200008957, ""gpu_id"": 0, ""candidate_id"": 19, ""sample_weight"": 0.061408177662345804}, {""client_id"": 3, ""model_family"": ""cnn1d"", ""feature_ids"": [0, 3, 4, 5, 6, 7, 8, 9, 12, 16, 18, 19, 20, 23, 24], ""subset_size"": 15, ""micro_f1"": 0.8417, ""macro_f1"": 0.05303360259463388, ""validation_loss"": 0.7778050476074219, ""train_loss"": 1.332256656498379, ""seconds"": 0.33120906899989677, ""gpu_id"": 1, ""candidate_id"": 19, ""sample_weight"": 0.10352608384640223}, {""client_id"": 4, ""model_family"": ""cnn1d"", ""feature_ids"": [0, 3, 4, 5, 6, 7, 8, 9, 12, 16, 18, 19, 20, 23, 24], ""subset_size"": 15, ""micro_f1"": 0.8572, ""macro_f1"": 0.0460691193826036, ""validation_loss"": 0.53666474609375, ""train_loss"": 1.0785061196433172, ""seconds"": 0.3342630450001707, ""gpu_id"": 0, ""candidate_id"": 19, ""sample_weight"": 0.05331880053778213}, {""client_id"": 5, ""model_family"": ""cnn1d"", ""feature_ids"": [0, 3, 4, 5, 6, 7, 8, 9, 12, 16, 18, 19, 20, 23, 24], ""subset_size"": 15, ""micro_f1"": 0.9725, ""macro_f1"": 0.05807823508653115, ""validation_loss"": 0.2437941650390625, ""train_loss"": 0.7480677631960975, ""seconds"": 0.34670298100013497, ""gpu_id"": 0, ""candidate_id"": 19, ""sample_weight"": 0.07030155005722065}, {""client_id"": 6, ""model_family"": ""cnn1d"", ""feature_ids"": [0, 3, 4, 5, 6, 7, 8, 9, 12, 16, 18, 19, 20, 23, 24], ""subset_size"": 15, ""micro_f1"": 0.996, ""macro_f1"": 0.05848324466932961, ""validation_loss"": 0.09448748168945313, ""train_loss"": 0.6024466972960366, ""seconds"": 0.3589933780001502, ""gpu_id"": 0, ""candidate_id"": 19, ""sample_weight"": 0.07459801933327874}, {""client_id"": 7, ""model_family"": ""gru"", ""feature_ids"": [0, 3, 4, 5, 6, 7, 8, 9, 12, 16, 18, 19, 20, 23, 24], ""subset_size"": 15, ""micro_f1"": 0.8644, ""macro_f1"": 0.027279928549562432, ""validation_loss"": 0.7403973754882812, ""train_loss"": 1.6160719283633762, ""seconds"": 0.35271747400020104, ""gpu_id"": 1, ""candidate_id"": 19, ""sample_weight"": 0.05067317481195735}, {""client_id"": 8, ""model_family"": ""gru"", ""feature_ids"": [0, 3, 4, 5, 6, 7, 8, 9, 12, 16, 18, 19, 20, 23, 24], ""subset_size"": 15, ""micro_f1"": 0.2441, ""macro_f1"": 0.011548961255860824, ""validation_loss"": 2.50013994140625, ""train_loss"": 3.028688628938463, ""seconds"": 0.31158889500011355, ""gpu_id"": 0, ""candidate_id"": 19, ""sample_weight"": 0.354287210681253}, {""client_id"": 9, ""model_family"": ""gru"", ""feature_ids"": [0, 3, 4, 5, 6, 7, 8, 9, 12, 16, 18, 19, 20, 23, 24], ""subset_size"": 15, ""micro_f1"": 0.7581, ""macro_f1"": 0.025538072271573817, ""validation_loss"": 1.2833131103515625, ""train_loss"": 2.0417733303070067, ""seconds"": 0.34856372699982785, ""gpu_id"": 1, ""candidate_id"": 19, ""sample_weight"": 0.12090074249549396}, {""client_id"": 10, ""model_family"": ""transformer"", ""feature_ids"": [0, 3, 4, 5, 6, 7, 8, 9, 12, 16, 18, 19, 20, 23, 24], ""subset_size"": 15, ""micro_f1"": 0.6215, ""macro_f1"": 0.04784968826223385, ""validation_loss"": 1.136632666015625, ""train_loss"": 1.5699966415617201, ""seconds"": 0.846272239999962, ""gpu_id"": 1, ""candidate_id"": 19, ""sample_weight"": 0.11011103958316146}]"
20,2,2000,"[1, 3, 4, 5, 6, 12, 13, 15, 16, 17, 18, 20, 21, 22, 23, 24]","[""AVG"", ""UDP"", ""fin_count"", ""Max"", ""TCP"", ""rst_flag_number"", ""Tot sum"", ""ack_count"", ""fin_flag_number"", ""HTTP"", ""rst_count"", ""psh_flag_number"", ""ICMP"", ""Time_To_Live"", ""ARP"", ""DNS""]",16,0.579876437946775,0.03547189678978671,0.4447168707847595,0.36,0.33751595671620155,360,6240,"[{""client_id"": 1, ""model_family"": ""cnn1d"", ""feature_ids"": [1, 3, 4, 5, 6, 12, 13, 15, 16, 17, 18, 20, 21, 22, 23, 24], ""subset_size"": 16, ""micro_f1"": 0.8775380710659898, ""macro_f1"": 0.02749339005625907, ""validation_loss"": 1.3307594260588516, ""train_loss"": 1.9692925265866756, ""seconds"": 0.10865103100013584, ""gpu_id"": 0, ""candidate_id"": 20, ""sample_weight"": 0.0008752009911046531}, {""client_id"": 2, ""model_family"": ""cnn1d"", ""feature_ids"": [1, 3, 4, 5, 6, 12, 13, 15, 16, 17, 18, 20, 21, 22, 23, 24], ""subset_size"": 16, ""micro_f1"": 0.6352, ""macro_f1"": 0.090231058766162, ""validation_loss"": 1.572892041015625, ""train_loss"": 2.227732938533359, ""seconds"": 0.3145741650000673, ""gpu_id"": 0, ""candidate_id"": 20, ""sample_weight"": 0.061408177662345804}, {""client_id"": 3, ""model_family"": ""cnn1d"", ""feature_ids"": [1, 3, 4, 5, 6, 12, 13, 15, 16, 17, 18, 20, 21, 22, 23, 24], ""subset_size"": 16, ""micro_f1"": 0.8163, ""macro_f1"": 0.051305576270609554, ""validation_loss"": 0.8688983825683594, ""train_loss"": 1.496400332016415, ""seconds"": 0.31403336499988654, ""gpu_id"": 1, ""candidate_id"": 20, ""sample_weight"": 0.10352608384640223}, {""client_id"": 4, ""model_family"": ""cnn1d"", ""feature_ids"": [1, 3, 4, 5, 6, 12, 13, 15, 16, 17, 18, 20, 21, 22, 23, 24], ""subset_size"": 16, ""micro_f1"": 0.8306, ""macro_f1"": 0.026746706808793957, ""validation_loss"": 0.5998266754150391, ""train_loss"": 1.1055311315748426, ""seconds"": 0.32775564899998244, ""gpu_id"": 0, ""candidate_id"": 20, ""sample_weight"": 0.05331880053778213}, {""client_id"": 5, ""model_family"": ""cnn1d"", ""feature_ids"": [1, 3, 4, 5, 6, 12, 13, 15, 16, 17, 18, 20, 21, 22, 23, 24], ""subset_size"": 16, ""micro_f1"": 0.968, ""macro_f1"": 0.05767986462812273, ""validation_loss"": 0.2725360290527344, ""train_loss"": 0.8351348633289337, ""seconds"": 0.3412278679998053, ""gpu_id"": 0, ""candidate_id"": 20, ""sample_weight"": 0.07030155005722065}, {""client_id"": 6, ""model_family"": ""cnn1d"", ""feature_ids"": [1, 3, 4, 5, 6, 12, 13, 15, 16, 17, 18, 20, 21, 22, 23, 24], ""subset_size"": 16, ""micro_f1"": 0.9954, ""macro_f1"": 0.05840568226041949, ""validation_loss"": 0.12235082397460938, ""train_loss"": 0.687706778330273, ""seconds"": 0.3067072150001877, ""gpu_id"": 0, ""candidate_id"": 20, ""sample_weight"": 0.07459801933327874}, {""client_id"": 7, ""model_family"": ""gru"", ""feature_ids"": [1, 3, 4, 5, 6, 12, 13, 15, 16, 17, 18, 20, 21, 22, 23, 24], ""subset_size"": 16, ""micro_f1"": 0.8642, ""macro_f1"": 0.02728093491340939, ""validation_loss"": 0.7291225952148438, ""train_loss"": 1.575257553185357, ""seconds"": 0.3119265309999264, ""gpu_id"": 1, ""candidate_id"": 20, ""sample_weight"": 0.05067317481195735}, {""client_id"": 8, ""model_family"": ""gru"", ""feature_ids"": [1, 3, 4, 5, 6, 12, 13, 15, 16, 17, 18, 20, 21, 22, 23, 24], ""subset_size"": 16, ""micro_f1"": 0.216, ""macro_f1"": 0.011942533890732363, ""validation_loss"": 2.6465412109375, ""train_loss"": 3.122989409849379, ""seconds"": 0.3897102440000708, ""gpu_id"": 0, ""candidate_id"": 20, ""sample_weight"": 0.354287210681253}, {""client_id"": 9, ""model_family"": ""gru"", ""feature_ids"": [1, 3, 4, 5, 6, 12, 13, 15, 16, 17, 18, 20, 21, 22, 23, 24], ""subset_size"": 16, ""micro_f1"": 0.7582, ""macro_f1"": 0.025601798721535934, ""validation_loss"": 1.2213760986328126, ""train_loss"": 1.9960191879484388, ""seconds"": 0.36752851999995073, ""gpu_id"": 1, ""candidate_id"": 20, ""sample_weight"": 0.12090074249549396}, {""client_id"": 10, ""model_family"": ""transformer"", ""feature_ids"": [1, 3, 4, 5, 6, 12, 13, 15, 16, 17, 18, 20, 21, 22, 23, 24], ""subset_size"": 16, ""micro_f1"": 0.5178, ""macro_f1"": 0.05493213743937312, ""validation_loss"": 1.236767333984375, ""train_loss"": 1.6320131214989557, ""seconds"": 0.8691258379999454, ""gpu_id"": 1, ""candidate_id"": 20, ""sample_weight"": 0.11011103958316146}]"
21,3,2100,"[0, 1, 3, 6, 7, 8, 10, 11, 12, 14, 16, 17, 18, 20, 23, 24]","[""ack_flag_number"", ""AVG"", ""UDP"", ""TCP"", ""syn_count"", ""Protocol Type"", ""IAT"", ""syn_flag_number"", ""rst_flag_number"", ""HTTPS"", ""fin_flag_number"", ""HTTP"", ""rst_count"", ""psh_flag_number"", ""ARP"", ""DNS""]",16,0.6051687628400915,0.03571902634328379,0.46814459562301636,0.36,0.33770241672170753,360,6600,"[{""client_id"": 1, ""model_family"": ""cnn1d"", ""feature_ids"": [0, 1, 3, 6, 7, 8, 10, 11, 12, 14, 16, 17, 18, 20, 23, 24], ""subset_size"": 16, ""micro_f1"": 0.8775380710659898, ""macro_f1"": 0.02749339005625907, ""validation_loss"": 1.317684425315276, ""train_loss"": 1.9553494273910264, ""seconds"": 0.12338983600011488, ""gpu_id"": 0, ""candidate_id"": 21, ""sample_weight"": 0.0008752009911046531}, {""client_id"": 2, ""model_family"": ""cnn1d"", ""feature_ids"": [0, 1, 3, 6, 7, 8, 10, 11, 12, 14, 16, 17, 18, 20, 23, 24], ""subset_size"": 16, ""micro_f1"": 0.6507, ""macro_f1"": 0.09414333755038419, ""validation_loss"": 1.47276494140625, ""train_loss"": 2.15004598742591, ""seconds"": 0.3552004020000368, ""gpu_id"": 0, ""candidate_id"": 21, ""sample_weight"": 0.061408177662345804}, {""client_id"": 3, ""model_family"": ""cnn1d"", ""feature_ids"": [0, 1, 3, 6, 7, 8, 10, 11, 12, 14, 16, 17, 18, 20, 23, 24], ""subset_size"": 16, ""micro_f1"": 0.8278, ""macro_f1"": 0.05218226254784598, ""validation_loss"": 0.8211823791503906, ""train_loss"": 1.3959800096829733, ""seconds"": 0.3614358209999864, ""gpu_id"": 1, ""candidate_id"": 21, ""sample_weight"": 0.10352608384640223}, {""client_id"": 4, ""model_family"": ""cnn1d"", ""feature_ids"": [0, 1, 3, 6, 7, 8, 10, 11, 12, 14, 16, 17, 18, 20, 23, 24], ""subset_size"": 16, ""micro_f1"": 0.8305, ""macro_f1"": 0.026688304384851452, ""validation_loss"": 0.609883935546875, ""train_loss"": 1.1224005080540975, ""seconds"": 0.3334930930000155, ""gpu_id"": 0, ""candidate_id"": 21, ""sample_weight"": 0.05331880053778213}, {""client_id"": 5, ""model_family"": ""cnn1d"", ""feature_ids"": [0, 1, 3, 6, 7, 8, 10, 11, 12, 14, 16, 17, 18, 20, 23, 24], ""subset_size"": 16, ""micro_f1"": 0.97, ""macro_f1"": 0.05785648202884266, ""validation_loss"": 0.25328038024902344, ""train_loss"": 0.8029808928754595, ""seconds"": 0.3244387600000209, ""gpu_id"": 0, ""candidate_id"": 21, ""sample_weight"": 0.07030155005722065}, {""client_id"": 6, ""model_family"": ""cnn1d"", ""feature_ids"": [0, 1, 3, 6, 7, 8, 10, 11, 12, 14, 16, 17, 18, 20, 23, 24], ""subset_size"": 16, ""micro_f1"": 0.9948, ""macro_f1"": 0.05831997274233678, ""validation_loss"": 0.10695094299316406, ""train_loss"": 0.6166564887007078, ""seconds"": 0.3064434620000611, ""gpu_id"": 0, ""candidate_id"": 21, ""sample_weight"": 0.07459801933327874}, {""client_id"": 7, ""model_family"": ""gru"", ""feature_ids"": [0, 1, 3, 6, 7, 8, 10, 11, 12, 14, 16, 17, 18, 20, 23, 24], ""subset_size"": 16, ""micro_f1"": 0.8643, ""macro_f1"": 0.02728116359228817, ""validation_loss"": 0.725910693359375, ""train_loss"": 1.4895273673375446, ""seconds"": 0.3449399569999514, ""gpu_id"": 1, ""candidate_id"": 21, ""sample_weight"": 0.05067317481195735}, {""client_id"": 8, ""model_family"": ""gru"", ""feature_ids"": [0, 1, 3, 6, 7, 8, 10, 11, 12, 14, 16, 17, 18, 20, 23, 24], ""subset_size"": 16, ""micro_f1"": 0.2441, ""macro_f1"": 0.011548032434785077, ""validation_loss"": 2.419694140625, ""train_loss"": 2.962158213467068, ""seconds"": 0.3207394859998658, ""gpu_id"": 0, ""candidate_id"": 21, ""sample_weight"": 0.354287210681253}, {""client_id"": 9, ""model_family"": ""gru"", ""feature_ids"": [0, 1, 3, 6, 7, 8, 10, 11, 12, 14, 16, 17, 18, 20, 23, 24], ""subset_size"": 16, ""micro_f1"": 0.7578, ""macro_f1"": 0.025424327105213074, ""validation_loss"": 1.2312327514648438, ""train_loss"": 1.9022140316433376, ""seconds"": 0.3433899469998778, ""gpu_id"": 1, ""candidate_id"": 21, ""sample_weight"": 0.12090074249549396}, {""client_id"": 10, ""model_family"": ""transformer"", ""feature_ids"": [0, 1, 3, 6, 7, 8, 10, 11, 12, 14, 16, 17, 18, 20, 23, 24], ""subset_size"": 16, ""micro_f1"": 0.6372, ""macro_f1"": 0.055608061118494555, ""validation_loss"": 1.145784619140625, ""train_loss"": 1.6082667504840427, ""seconds"": 0.8213603970000349, ""gpu_id"": 1, ""candidate_id"": 21, ""sample_weight"": 0.11011103958316146}]"
22,3,2200,"[2, 3, 4, 5, 6, 8, 10, 11, 13, 15, 16, 17, 18, 20, 22, 23, 24]","[""Std"", ""UDP"", ""fin_count"", ""Max"", ""TCP"", ""Protocol Type"", ""IAT"", ""syn_flag_number"", ""Tot sum"", ""ack_count"", ""fin_flag_number"", ""HTTP"", ""rst_count"", ""psh_flag_number"", ""Time_To_Live"", ""ARP"", ""DNS""]",17,0.6097949117064487,0.037668366197806356,0.4878160357475281,0.31999999999999995,0.30019788759589205,380,6980,"[{""client_id"": 1, ""model_family"": ""cnn1d"", ""feature_ids"": [2, 3, 4, 5, 6, 8, 10, 11, 13, 15, 16, 17, 18, 20, 22, 23, 24], ""subset_size"": 17, ""micro_f1"": 0.8775380710659898, ""macro_f1"": 0.02749339005625907, ""validation_loss"": 1.3869740442576142, ""train_loss"": 2.0047191488695764, ""seconds"": 0.11135928400017292, ""gpu_id"": 0, ""candidate_id"": 22, ""sample_weight"": 0.0008752009911046531}, {""client_id"": 2, ""model_family"": ""cnn1d"", ""feature_ids"": [2, 3, 4, 5, 6, 8, 10, 11, 13, 15, 16, 17, 18, 20, 22, 23, 24], ""subset_size"": 17, ""micro_f1"": 0.6542, ""macro_f1"": 0.0932661750409251, ""validation_loss"": 1.43240068359375, ""train_loss"": 2.1038575085110134, ""seconds"": 0.35001064900006895, ""gpu_id"": 0, ""candidate_id"": 22, ""sample_weight"": 0.061408177662345804}, {""client_id"": 3, ""model_family"": ""cnn1d"", ""feature_ids"": [2, 3, 4, 5, 6, 8, 10, 11, 13, 15, 16, 17, 18, 20, 22, 23, 24], ""subset_size"": 17, ""micro_f1"": 0.8227, ""macro_f1"": 0.05182003757844704, ""validation_loss"": 0.8006369750976563, ""train_loss"": 1.3395641601138644, ""seconds"": 0.3482112159999815, ""gpu_id"": 1, ""candidate_id"": 22, ""sample_weight"": 0.10352608384640223}, {""client_id"": 4, ""model_family"": ""cnn1d"", ""feature_ids"": [2, 3, 4, 5, 6, 8, 10, 11, 13, 15, 16, 17, 18, 20, 22, 23, 24], ""subset_size"": 17, ""micro_f1"": 0.8305, ""macro_f1"": 0.026688304384851452, ""validation_loss"": 0.5856381713867187, ""train_loss"": 1.1103939206759135, ""seconds"": 0.318406596999921, ""gpu_id"": 0, ""candidate_id"": 22, ""sample_weight"": 0.05331880053778213}, {""client_id"": 5, ""model_family"": ""cnn1d"", ""feature_ids"": [2, 3, 4, 5, 6, 8, 10, 11, 13, 15, 16, 17, 18, 20, 22, 23, 24], ""subset_size"": 17, ""micro_f1"": 0.9709, ""macro_f1"": 0.0579186688484299, ""validation_loss"": 0.27320289306640627, ""train_loss"": 0.8392035902182261, ""seconds"": 0.31701929599989853, ""gpu_id"": 0, ""candidate_id"": 22, ""sample_weight"": 0.07030155005722065}, {""client_id"": 6, ""model_family"": ""cnn1d"", ""feature_ids"": [2, 3, 4, 5, 6, 8, 10, 11, 13, 15, 16, 17, 18, 20, 22, 23, 24], ""subset_size"": 17, ""micro_f1"": 0.9951, ""macro_f1"": 0.058378717944811906, ""validation_loss"": 0.10727084045410157, ""train_loss"": 0.6156119169129266, ""seconds"": 0.34887577200015585, ""gpu_id"": 0, ""candidate_id"": 22, ""sample_weight"": 0.07459801933327874}, {""client_id"": 7, ""model_family"": ""gru"", ""feature_ids"": [2, 3, 4, 5, 6, 8, 10, 11, 13, 15, 16, 17, 18, 20, 22, 23, 24], ""subset_size"": 17, ""micro_f1"": 0.8641, ""macro_f1"": 0.02805593562551945, ""validation_loss"": 0.7388244934082031, ""train_loss"": 1.6247338516023424, ""seconds"": 0.32230597299985675, ""gpu_id"": 1, ""candidate_id"": 22, ""sample_weight"": 0.05067317481195735}, {""client_id"": 8, ""model_family"": ""gru"", ""feature_ids"": [2, 3, 4, 5, 6, 8, 10, 11, 13, 15, 16, 17, 18, 20, 22, 23, 24], ""subset_size"": 17, ""micro_f1"": 0.2442, ""macro_f1"": 0.01205490169331041, ""validation_loss"": 2.563019921875, ""train_loss"": 3.076047646416558, ""seconds"": 0.31753463600011855, ""gpu_id"": 0, ""candidate_id"": 22, ""sample_weight"": 0.354287210681253}, {""client_id"": 9, ""model_family"": ""gru"", ""feature_ids"": [2, 3, 4, 5, 6, 8, 10, 11, 13, 15, 16, 17, 18, 20, 22, 23, 24], ""subset_size"": 17, ""micro_f1"": 0.7583, ""macro_f1"": 0.02576678764222523, ""validation_loss"": 1.2601721069335938, ""train_loss"": 2.030857273462084, ""seconds"": 0.3135768709998956, ""gpu_id"": 1, ""candidate_id"": 22, ""sample_weight"": 0.12090074249549396}, {""client_id"": 10, ""model_family"": ""transformer"", ""feature_ids"": [2, 3, 4, 5, 6, 8, 10, 11, 13, 15, 16, 17, 18, 20, 22, 23, 24], ""subset_size"": 17, ""micro_f1"": 0.6805, ""macro_f1"": 0.07169826653095664, ""validation_loss"": 1.0543295166015625, ""train_loss"": 1.5608169681972928, ""seconds"": 0.8755895649999275, ""gpu_id"": 1, ""candidate_id"": 22, ""sample_weight"": 0.11011103958316146}]"
23,3,2300,"[3, 4, 5, 6, 7, 8, 9, 10, 11, 12, 14, 16, 17, 18, 19, 23, 24]","[""UDP"", ""fin_count"", ""Max"", ""TCP"", ""syn_count"", ""Protocol Type"", ""Rate"", ""IAT"", ""syn_flag_number"", ""rst_flag_number"", ""HTTPS"", ""fin_flag_number"", ""HTTP"", ""rst_count"", ""Header_Length"", ""ARP"", ""DNS""]",17,0.5874703874041646,0.03333349226567932,0.5765874981880188,0.31999999999999995,0.28908828892161453,380,7360,"[{""client_id"": 1, ""model_family"": ""cnn1d"", ""feature_ids"": [3, 4, 5, 6, 7, 8, 9, 10, 11, 12, 14, 16, 17, 18, 19, 23, 24], ""subset_size"": 17, ""micro_f1"": 0.8775380710659898, ""macro_f1"": 0.02749339005625907, ""validation_loss"": 1.3150589841271414, ""train_loss"": 1.9504590408652769, ""seconds"": 0.12204902700000275, ""gpu_id"": 0, ""candidate_id"": 23, ""sample_weight"": 0.0008752009911046531}, {""client_id"": 2, ""model_family"": ""cnn1d"", ""feature_ids"": [3, 4, 5, 6, 7, 8, 9, 10, 11, 12, 14, 16, 17, 18, 19, 23, 24], ""subset_size"": 17, ""micro_f1"": 0.6723, ""macro_f1"": 0.0968825249744264, ""validation_loss"": 1.5581262939453124, ""train_loss"": 2.264865099313524, ""seconds"": 0.3455378280000332, ""gpu_id"": 0, ""candidate_id"": 23, ""sample_weight"": 0.061408177662345804}, {""client_id"": 3, ""model_family"": ""cnn1d"", ""feature_ids"": [3, 4, 5, 6, 7, 8, 9, 10, 11, 12, 14, 16, 17, 18, 19, 23, 24], ""subset_size"": 17, ""micro_f1"": 0.8325, ""macro_f1"": 0.05246837523525549, ""validation_loss"": 0.7952056579589843, ""train_loss"": 1.3405582367685107, ""seconds"": 0.3645128079999722, ""gpu_id"": 1, ""candidate_id"": 23, ""sample_weight"": 0.10352608384640223}, {""client_id"": 4, ""model_family"": ""cnn1d"", ""feature_ids"": [3, 4, 5, 6, 7, 8, 9, 10, 11, 12, 14, 16, 17, 18, 19, 23, 24], ""subset_size"": 17, ""micro_f1"": 0.8401, ""macro_f1"": 0.03183230533484811, ""validation_loss"": 0.5441524719238281, ""train_loss"": 1.1195488873057895, ""seconds"": 0.3304150489998392, ""gpu_id"": 0, ""candidate_id"": 23, ""sample_weight"": 0.05331880053778213}, {""client_id"": 5, ""model_family"": ""cnn1d"", ""feature_ids"": [3, 4, 5, 6, 7, 8, 9, 10, 11, 12, 14, 16, 17, 18, 19, 23, 24], ""subset_size"": 17, ""micro_f1"": 0.9717, ""macro_f1"": 0.05801072212122171, ""validation_loss"": 0.2498498291015625, ""train_loss"": 0.7847626959164937, ""seconds"": 0.3432973930000571, ""gpu_id"": 0, ""candidate_id"": 23, ""sample_weight"": 0.07030155005722065}, {""client_id"": 6, ""model_family"": ""cnn1d"", ""feature_ids"": [3, 4, 5, 6, 7, 8, 9, 10, 11, 12, 14, 16, 17, 18, 19, 23, 24], ""subset_size"": 17, ""micro_f1"": 0.9951, ""macro_f1"": 0.058362853306895474, ""validation_loss"": 0.09697601013183593, ""train_loss"": 0.5946019165356954, ""seconds"": 0.31363547399996605, ""gpu_id"": 0, ""candidate_id"": 23, ""sample_weight"": 0.07459801933327874}, {""client_id"": 7, ""model_family"": ""gru"", ""feature_ids"": [3, 4, 5, 6, 7, 8, 9, 10, 11, 12, 14, 16, 17, 18, 19, 23, 24], ""subset_size"": 17, ""micro_f1"": 0.8644, ""macro_f1"": 0.027279928549562432, ""validation_loss"": 0.7597258605957031, ""train_loss"": 1.6765360472361246, ""seconds"": 0.3196390999999039, ""gpu_id"": 1, ""candidate_id"": 23, ""sample_weight"": 0.05067317481195735}, {""client_id"": 8, ""model_family"": ""gru"", ""feature_ids"": [3, 4, 5, 6, 7, 8, 9, 10, 11, 12, 14, 16, 17, 18, 19, 23, 24], ""subset_size"": 17, ""micro_f1"": 0.2441, ""macro_f1"": 0.011548961255860824, ""validation_loss"": 2.5205154296875, ""train_loss"": 3.0419748382144505, ""seconds"": 0.35281322499986345, ""gpu_id"": 0, ""candidate_id"": 23, ""sample_weight"": 0.354287210681253}, {""client_id"": 9, ""model_family"": ""gru"", ""feature_ids"": [3, 4, 5, 6, 7, 8, 9, 10, 11, 12, 14, 16, 17, 18, 19, 23, 24], ""subset_size"": 17, ""micro_f1"": 0.758, ""macro_f1"": 0.025365932013947916, ""validation_loss"": 1.2975643920898436, ""train_loss"": 2.085417003059387, ""seconds"": 0.3444484320000356, ""gpu_id"": 1, ""candidate_id"": 23, ""sample_weight"": 0.12090074249549396}, {""client_id"": 10, ""model_family"": ""transformer"", ""feature_ids"": [3, 4, 5, 6, 7, 8, 9, 10, 11, 12, 14, 16, 17, 18, 19, 23, 24], ""subset_size"": 17, ""micro_f1"": 0.4538, ""macro_f1"": 0.029589931765792676, ""validation_loss"": 1.34947744140625, ""train_loss"": 1.7074053380330403, ""seconds"": 0.8701780710000548, ""gpu_id"": 1, ""candidate_id"": 23, ""sample_weight"": 0.11011103958316146}]"
24,3,2400,"[1, 3, 4, 6, 8, 10, 11, 13, 15, 16, 17, 18, 19, 21, 22, 23, 24]","[""AVG"", ""UDP"", ""fin_count"", ""TCP"", ""Protocol Type"", ""IAT"", ""syn_flag_number"", ""Tot sum"", ""ack_count"", ""fin_flag_number"", ""HTTP"", ""rst_count"", ""Header_Length"", ""ICMP"", ""Time_To_Live"", ""ARP"", ""DNS""]",17,0.6617863552253491,0.04496003864731977,0.5770123600959778,0.31999999999999995,0.2964773995129371,380,7740,"[{""client_id"": 1, ""model_family"": ""cnn1d"", ""feature_ids"": [1, 3, 4, 6, 8, 10, 11, 13, 15, 16, 17, 18, 19, 21, 22, 23, 24], ""subset_size"": 17, ""micro_f1"": 0.8775380710659898, ""macro_f1"": 0.02749339005625907, ""validation_loss"": 1.3395137883684962, ""train_loss"": 1.9725857308807846, ""seconds"": 0.10167739999997139, ""gpu_id"": 0, ""candidate_id"": 24, ""sample_weight"": 0.0008752009911046531}, {""client_id"": 2, ""model_family"": ""cnn1d"", ""feature_ids"": [1, 3, 4, 6, 8, 10, 11, 13, 15, 16, 17, 18, 19, 21, 22, 23, 24], ""subset_size"": 17, ""micro_f1"": 0.6446, ""macro_f1"": 0.09163947227802793, ""validation_loss"": 1.558738427734375, ""train_loss"": 2.2437984805636937, ""seconds"": 0.3661087550001412, ""gpu_id"": 0, ""candidate_id"": 24, ""sample_weight"": 0.061408177662345804}, {""client_id"": 3, ""model_family"": ""cnn1d"", ""feature_ids"": [1, 3, 4, 6, 8, 10, 11, 13, 15, 16, 17, 18, 19, 21, 22, 23, 24], ""subset_size"": 17, ""micro_f1"": 0.8203, ""macro_f1"": 0.051584727461746395, ""validation_loss"": 0.8189467590332031, ""train_loss"": 1.3923037484380933, ""seconds"": 0.35540490599987606, ""gpu_id"": 1, ""candidate_id"": 24, ""sample_weight"": 0.10352608384640223}, {""client_id"": 4, ""model_family"": ""cnn1d"", ""feature_ids"": [1, 3, 4, 6, 8, 10, 11, 13, 15, 16, 17, 18, 19, 21, 22, 23, 24], ""subset_size"": 17, ""micro_f1"": 0.8305, ""macro_f1"": 0.026688304384851452, ""validation_loss"": 0.61349560546875, ""train_loss"": 1.1490343575689528, ""seconds"": 0.3458474699998533, ""gpu_id"": 0, ""candidate_id"": 24, ""sample_weight"": 0.05331880053778213}, {""client_id"": 5, ""model_family"": ""cnn1d"", ""feature_ids"": [1, 3, 4, 6, 8, 10, 11, 13, 15, 16, 17, 18, 19, 21, 22, 23, 24], ""subset_size"": 17, ""micro_f1"": 0.9679, ""macro_f1"": 0.057583917352668615, ""validation_loss"": 0.2732730987548828, ""train_loss"": 0.8271027824772729, ""seconds"": 0.33835635899981753, ""gpu_id"": 0, ""candidate_id"": 24, ""sample_weight"": 0.07030155005722065}, {""client_id"": 6, ""model_family"": ""cnn1d"", ""feature_ids"": [1, 3, 4, 6, 8, 10, 11, 13, 15, 16, 17, 18, 19, 21, 22, 23, 24], ""subset_size"": 17, ""micro_f1"": 0.9953, ""macro_f1"": 0.058394055327485164, ""validation_loss"": 0.10534479675292968, ""train_loss"": 0.6210217305607266, ""seconds"": 0.3132228279998799, ""gpu_id"": 0, ""candidate_id"": 24, ""sample_weight"": 0.07459801933327874}, {""client_id"": 7, ""model_family"": ""gru"", ""feature_ids"": [1, 3, 4, 6, 8, 10, 11, 13, 15, 16, 17, 18, 19, 21, 22, 23, 24], ""subset_size"": 17, ""micro_f1"": 0.8642, ""macro_f1"": 0.027278007146193963, ""validation_loss"": 0.7560206176757812, ""train_loss"": 1.7116945104599, ""seconds"": 0.3488135789998523, ""gpu_id"": 1, ""candidate_id"": 24, ""sample_weight"": 0.05067317481195735}, {""client_id"": 8, ""model_family"": ""gru"", ""feature_ids"": [1, 3, 4, 6, 8, 10, 11, 13, 15, 16, 17, 18, 19, 21, 22, 23, 24], ""subset_size"": 17, ""micro_f1"": 0.419, ""macro_f1"": 0.03494182622215626, ""validation_loss"": 2.7333818359375, ""train_loss"": 3.170227494854397, ""seconds"": 0.31128575699995054, ""gpu_id"": 0, ""candidate_id"": 24, ""sample_weight"": 0.354287210681253}, {""client_id"": 9, ""model_family"": ""gru"", ""feature_ids"": [1, 3, 4, 6, 8, 10, 11, 13, 15, 16, 17, 18, 19, 21, 22, 23, 24], ""subset_size"": 17, ""micro_f1"": 0.7582, ""macro_f1"": 0.025593134821762176, ""validation_loss"": 1.2636606567382813, ""train_loss"": 2.1062718586179945, ""seconds"": 0.32708699900013016, ""gpu_id"": 1, ""candidate_id"": 24, ""sample_weight"": 0.12090074249549396}, {""client_id"": 10, ""model_family"": ""transformer"", ""feature_ids"": [1, 3, 4, 6, 8, 10, 11, 13, 15, 16, 17, 18, 19, 21, 22, 23, 24], ""subset_size"": 17, ""micro_f1"": 0.5997, ""macro_f1"": 0.06616009028058523, ""validation_loss"": 1.2199955810546874, ""train_loss"": 1.618407568274604, ""seconds"": 0.8533057799998005, ""gpu_id"": 1, ""candidate_id"": 24, ""sample_weight"": 0.11011103958316146}]"
25,3,2500,"[0, 1, 3, 4, 5, 6, 7, 8, 9, 10, 11, 12, 14, 16, 18, 20, 22, 24]","[""ack_flag_number"", ""AVG"", ""UDP"", ""fin_count"", ""Max"", ""TCP"", ""syn_count"", ""Protocol Type"", ""Rate"", ""IAT"", ""syn_flag_number"", ""rst_flag_number"", ""HTTPS"", ""fin_flag_number"", ""rst_count"", ""psh_flag_number"", ""Time_To_Live"", ""DNS""]",18,0.6061386683314655,0.035903531579862175,0.3093075454235077,0.28,0.28168311229079585,400,8140,"[{""client_id"": 1, ""model_family"": ""cnn1d"", ""feature_ids"": [0, 1, 3, 4, 5, 6, 7, 8, 9, 10, 11, 12, 14, 16, 18, 20, 22, 24], ""subset_size"": 18, ""micro_f1"": 0.8775380710659898, ""macro_f1"": 0.02749339005625907, ""validation_loss"": 1.3547591001249206, ""train_loss"": 1.9856012193953594, ""seconds"": 0.11365744600016114, ""gpu_id"": 0, ""candidate_id"": 25, ""sample_weight"": 0.0008752009911046531}, {""client_id"": 2, ""model_family"": ""cnn1d"", ""feature_ids"": [0, 1, 3, 4, 5, 6, 7, 8, 9, 10, 11, 12, 14, 16, 18, 20, 22, 24], ""subset_size"": 18, ""micro_f1"": 0.6644, ""macro_f1"": 0.09574476851214443, ""validation_loss"": 1.519879638671875, ""train_loss"": 2.2354032719506156, ""seconds"": 0.33576331600011144, ""gpu_id"": 0, ""candidate_id"": 25, ""sample_weight"": 0.061408177662345804}, {""client_id"": 3, ""model_family"": ""cnn1d"", ""feature_ids"": [0, 1, 3, 4, 5, 6, 7, 8, 9, 10, 11, 12, 14, 16, 18, 20, 22, 24], ""subset_size"": 18, ""micro_f1"": 0.8293, ""macro_f1"": 0.052280795691358614, ""validation_loss"": 0.8379386413574219, ""train_loss"": 1.4371887539545696, ""seconds"": 0.3404526760000408, ""gpu_id"": 1, ""candidate_id"": 25, ""sample_weight"": 0.10352608384640223}, {""client_id"": 4, ""model_family"": ""cnn1d"", ""feature_ids"": [0, 1, 3, 4, 5, 6, 7, 8, 9, 10, 11, 12, 14, 16, 18, 20, 22, 24], ""subset_size"": 18, ""micro_f1"": 0.8305, ""macro_f1"": 0.026688304384851452, ""validation_loss"": 0.5687349487304687, ""train_loss"": 1.1219933957311843, ""seconds"": 0.32830014999990453, ""gpu_id"": 0, ""candidate_id"": 25, ""sample_weight"": 0.05331880053778213}, {""client_id"": 5, ""model_family"": ""cnn1d"", ""feature_ids"": [0, 1, 3, 4, 5, 6, 7, 8, 9, 10, 11, 12, 14, 16, 18, 20, 22, 24], ""subset_size"": 18, ""micro_f1"": 0.972, ""macro_f1"": 0.05807026678400947, ""validation_loss"": 0.2697310821533203, ""train_loss"": 0.8381964491314359, ""seconds"": 0.34580096400009097, ""gpu_id"": 0, ""candidate_id"": 25, ""sample_weight"": 0.07030155005722065}, {""client_id"": 6, ""model_family"": ""cnn1d"", ""feature_ids"": [0, 1, 3, 4, 5, 6, 7, 8, 9, 10, 11, 12, 14, 16, 18, 20, 22, 24], ""subset_size"": 18, ""micro_f1"": 0.9951, ""macro_f1"": 0.058370782309217197, ""validation_loss"": 0.10465749969482421, ""train_loss"": 0.620699000190364, ""seconds"": 0.3307391160001316, ""gpu_id"": 0, ""candidate_id"": 25, ""sample_weight"": 0.07459801933327874}, {""client_id"": 7, ""model_family"": ""gru"", ""feature_ids"": [0, 1, 3, 4, 5, 6, 7, 8, 9, 10, 11, 12, 14, 16, 18, 20, 22, 24], ""subset_size"": 18, ""micro_f1"": 0.8644, ""macro_f1"": 0.027281392222088967, ""validation_loss"": 0.7586486755371094, ""train_loss"": 1.7038725111855402, ""seconds"": 0.3275959789998524, ""gpu_id"": 1, ""candidate_id"": 25, ""sample_weight"": 0.05067317481195735}, {""client_id"": 8, ""model_family"": ""gru"", ""feature_ids"": [0, 1, 3, 4, 5, 6, 7, 8, 9, 10, 11, 12, 14, 16, 18, 20, 22, 24], ""subset_size"": 18, ""micro_f1"": 0.2442, ""macro_f1"": 0.011551834243950898, ""validation_loss"": 2.60045283203125, ""train_loss"": 3.1024438036176893, ""seconds"": 0.38820486699978574, ""gpu_id"": 0, ""candidate_id"": 25, ""sample_weight"": 0.354287210681253}, {""client_id"": 9, ""model_family"": ""gru"", ""feature_ids"": [0, 1, 3, 4, 5, 6, 7, 8, 9, 10, 11, 12, 14, 16, 18, 20, 22, 24], ""subset_size"": 18, ""micro_f1"": 0.7579, ""macro_f1"": 0.025426231156866364, ""validation_loss"": 1.2550869018554687, ""train_loss"": 2.048826844681634, ""seconds"": 0.33751702700010355, ""gpu_id"": 1, ""candidate_id"": 25, ""sample_weight"": 0.12090074249549396}, {""client_id"": 10, ""model_family"": ""transformer"", ""feature_ids"": [0, 1, 3, 4, 5, 6, 7, 8, 9, 10, 11, 12, 14, 16, 18, 20, 22, 24], ""subset_size"": 18, ""micro_f1"": 0.635, ""macro_f1"": 0.05611259833435695, ""validation_loss"": 1.0926221923828126, ""train_loss"": 1.5867332622316148, ""seconds"": 0.9198094609998861, ""gpu_id"": 1, ""candidate_id"": 25, ""sample_weight"": 0.11011103958316146}]"
26,3,2600,"[3, 4, 7, 9, 10, 21, 24]","[""UDP"", ""fin_count"", ""syn_count"", ""Rate"", ""IAT"", ""ICMP"", ""DNS""]",7,0.6687033413623851,0.048252035430501175,0.8279768228530884,0.72,0.6320726518509296,180,8320,"[{""client_id"": 1, ""model_family"": ""cnn1d"", ""feature_ids"": [3, 4, 7, 9, 10, 21, 24], ""subset_size"": 7, ""micro_f1"": 0.8775380710659898, ""macro_f1"": 0.02749339005625907, ""validation_loss"": 1.3469709986962644, ""train_loss"": 1.9452388432828707, ""seconds"": 0.11244967900006486, ""gpu_id"": 0, ""candidate_id"": 26, ""sample_weight"": 0.0008752009911046531}, {""client_id"": 2, ""model_family"": ""cnn1d"", ""feature_ids"": [3, 4, 7, 9, 10, 21, 24], ""subset_size"": 7, ""micro_f1"": 0.7202, ""macro_f1"": 0.13379364303515548, ""validation_loss"": 1.1437465087890626, ""train_loss"": 1.809900687260098, ""seconds"": 0.31634578499983945, ""gpu_id"": 0, ""candidate_id"": 26, ""sample_weight"": 0.061408177662345804}, {""client_id"": 3, ""model_family"": ""cnn1d"", ""feature_ids"": [3, 4, 7, 9, 10, 21, 24], ""subset_size"": 7, ""micro_f1"": 0.8422, ""macro_f1"": 0.05318066813440754, ""validation_loss"": 0.6656258422851562, ""train_loss"": 1.1767265085114373, ""seconds"": 0.3218252219999158, ""gpu_id"": 1, ""candidate_id"": 26, ""sample_weight"": 0.10352608384640223}, {""client_id"": 4, ""model_family"": ""cnn1d"", ""feature_ids"": [3, 4, 7, 9, 10, 21, 24], ""subset_size"": 7, ""micro_f1"": 0.8956, ""macro_f1"": 0.04867214583616125, ""validation_loss"": 0.4927939270019531, ""train_loss"": 1.0362178053538005, ""seconds"": 0.34001157800003057, ""gpu_id"": 0, ""candidate_id"": 26, ""sample_weight"": 0.05331880053778213}, {""client_id"": 5, ""model_family"": ""cnn1d"", ""feature_ids"": [3, 4, 7, 9, 10, 21, 24], ""subset_size"": 7, ""micro_f1"": 0.9622, ""macro_f1"": 0.05726620815604459, ""validation_loss"": 0.2505531707763672, ""train_loss"": 0.7776941772699356, ""seconds"": 0.34160933099997237, ""gpu_id"": 0, ""candidate_id"": 26, ""sample_weight"": 0.07030155005722065}, {""client_id"": 6, ""model_family"": ""cnn1d"", ""feature_ids"": [3, 4, 7, 9, 10, 21, 24], ""subset_size"": 7, ""micro_f1"": 0.9968, ""macro_f1"": 0.05861558896984498, ""validation_loss"": 0.09727739562988282, ""train_loss"": 0.5927007073495123, ""seconds"": 0.30608832999996594, ""gpu_id"": 0, ""candidate_id"": 26, ""sample_weight"": 0.07459801933327874}, {""client_id"": 7, ""model_family"": ""gru"", ""feature_ids"": [3, 4, 7, 9, 10, 21, 24], ""subset_size"": 7, ""micro_f1"": 0.8645, ""macro_f1"": 0.027274304733961165, ""validation_loss"": 0.8462553955078125, ""train_loss"": 2.007783265633053, ""seconds"": 0.34750069999995503, ""gpu_id"": 1, ""candidate_id"": 26, ""sample_weight"": 0.05067317481195735}, {""client_id"": 8, ""model_family"": ""gru"", ""feature_ids"": [3, 4, 7, 9, 10, 21, 24], ""subset_size"": 7, ""micro_f1"": 0.4109, ""macro_f1"": 0.03694967250465065, ""validation_loss"": 2.9752880859375, ""train_loss"": 3.27763784705268, ""seconds"": 0.3654869530000724, ""gpu_id"": 0, ""candidate_id"": 26, ""sample_weight"": 0.354287210681253}, {""client_id"": 9, ""model_family"": ""gru"", ""feature_ids"": [3, 4, 7, 9, 10, 21, 24], ""subset_size"": 7, ""micro_f1"": 0.7581, ""macro_f1"": 0.025364949460814985, ""validation_loss"": 1.2312842529296875, ""train_loss"": 2.172075414827135, ""seconds"": 0.3531203960001221, ""gpu_id"": 1, ""candidate_id"": 26, ""sample_weight"": 0.12090074249549396}, {""client_id"": 10, ""model_family"": ""transformer"", ""feature_ids"": [3, 4, 7, 9, 10, 21, 24], ""subset_size"": 7, ""micro_f1"": 0.5969, ""macro_f1"": 0.05424705265570002, ""validation_loss"": 1.1815868408203125, ""train_loss"": 1.6249734681871202, ""seconds"": 0.7270140540001648, ""gpu_id"": 1, ""candidate_id"": 26, ""sample_weight"": 0.11011103958316146}]"
27,3,2700,"[3, 4, 7, 9, 10, 21, 24]","[""UDP"", ""fin_count"", ""syn_count"", ""Rate"", ""IAT"", ""ICMP"", ""DNS""]",7,0.6686809277173699,0.04819983231614096,0.6280467510223389,0.72,0.6520634176695032,180,8500,"[{""client_id"": 1, ""model_family"": ""cnn1d"", ""feature_ids"": [3, 4, 7, 9, 10, 21, 24], ""subset_size"": 7, ""micro_f1"": 0.8775380710659898, ""macro_f1"": 0.02749339005625907, ""validation_loss"": 1.3501859558415292, ""train_loss"": 1.9446480675262714, ""seconds"": 0.11316119800017077, ""gpu_id"": 0, ""candidate_id"": 27, ""sample_weight"": 0.0008752009911046531}, {""client_id"": 2, ""model_family"": ""cnn1d"", ""feature_ids"": [3, 4, 7, 9, 10, 21, 24], ""subset_size"": 7, ""micro_f1"": 0.719, ""macro_f1"": 0.13290390048531073, ""validation_loss"": 1.1434600708007812, ""train_loss"": 1.809389670923021, ""seconds"": 0.35400319599989416, ""gpu_id"": 0, ""candidate_id"": 27, ""sample_weight"": 0.061408177662345804}, {""client_id"": 3, ""model_family"": ""cnn1d"", ""feature_ids"": [3, 4, 7, 9, 10, 21, 24], ""subset_size"": 7, ""micro_f1"": 0.8424, ""macro_f1"": 0.053192818558372386, ""validation_loss"": 0.6653224945068359, ""train_loss"": 1.176563501771291, ""seconds"": 0.3392474110000876, ""gpu_id"": 1, ""candidate_id"": 27, ""sample_weight"": 0.10352608384640223}, {""client_id"": 4, ""model_family"": ""cnn1d"", ""feature_ids"": [3, 4, 7, 9, 10, 21, 24], ""subset_size"": 7, ""micro_f1"": 0.8963, ""macro_f1"": 0.04879981675917541, ""validation_loss"": 0.49283731689453125, ""train_loss"": 1.0375752861923642, ""seconds"": 0.3313581059999251, ""gpu_id"": 0, ""candidate_id"": 27, ""sample_weight"": 0.05331880053778213}, {""client_id"": 5, ""model_family"": ""cnn1d"", ""feature_ids"": [3, 4, 7, 9, 10, 21, 24], ""subset_size"": 7, ""micro_f1"": 0.9616, ""macro_f1"": 0.05722205146303354, ""validation_loss"": 0.25254803771972656, ""train_loss"": 0.7777800881544749, ""seconds"": 0.31421245399997133, ""gpu_id"": 0, ""candidate_id"": 27, ""sample_weight"": 0.07030155005722065}, {""client_id"": 6, ""model_family"": ""cnn1d"", ""feature_ids"": [3, 4, 7, 9, 10, 21, 24], ""subset_size"": 7, ""micro_f1"": 0.9968, ""macro_f1"": 0.05861558896984498, ""validation_loss"": 0.09775807495117188, ""train_loss"": 0.5950445156812668, ""seconds"": 0.305463852999992, ""gpu_id"": 0, ""candidate_id"": 27, ""sample_weight"": 0.07459801933327874}, {""client_id"": 7, ""model_family"": ""gru"", ""feature_ids"": [3, 4, 7, 9, 10, 21, 24], ""subset_size"": 7, ""micro_f1"": 0.8645, ""macro_f1"": 0.027274304733961165, ""validation_loss"": 0.8458151000976563, ""train_loss"": 2.0080728987693788, ""seconds"": 0.3594243119998737, ""gpu_id"": 1, ""candidate_id"": 27, ""sample_weight"": 0.05067317481195735}, {""client_id"": 8, ""model_family"": ""gru"", ""feature_ids"": [3, 4, 7, 9, 10, 21, 24], ""subset_size"": 7, ""micro_f1"": 0.411, ""macro_f1"": 0.03694701097884779, ""validation_loss"": 2.97571015625, ""train_loss"": 3.277870550749037, ""seconds"": 0.34909176800010755, ""gpu_id"": 0, ""candidate_id"": 27, ""sample_weight"": 0.354287210681253}, {""client_id"": 9, ""model_family"": ""gru"", ""feature_ids"": [3, 4, 7, 9, 10, 21, 24], ""subset_size"": 7, ""micro_f1"": 0.7581, ""macro_f1"": 0.025364949460814985, ""validation_loss"": 1.2316834594726562, ""train_loss"": 2.1726645939297144, ""seconds"": 0.30923282999992807, ""gpu_id"": 1, ""candidate_id"": 27, ""sample_weight"": 0.12090074249549396}, {""client_id"": 10, ""model_family"": ""transformer"", ""feature_ids"": [3, 4, 7, 9, 10, 21, 24], ""subset_size"": 7, ""micro_f1"": 0.5969, ""macro_f1"": 0.054232671140790265, ""validation_loss"": 1.1804726806640624, ""train_loss"": 1.6237094832314385, ""seconds"": 0.6982005019999633, ""gpu_id"": 1, ""candidate_id"": 27, ""sample_weight"": 0.11011103958316146}]"
28,3,2800,"[3, 4, 7, 9, 10, 21, 24]","[""UDP"", ""fin_count"", ""syn_count"", ""Rate"", ""IAT"", ""ICMP"", ""DNS""]",7,0.6685448958856977,0.04814891058522538,0.6570128202438354,0.72,0.6491532075641863,180,8680,"[{""client_id"": 1, ""model_family"": ""cnn1d"", ""feature_ids"": [3, 4, 7, 9, 10, 21, 24], ""subset_size"": 7, ""micro_f1"": 0.8775380710659898, ""macro_f1"": 0.02749339005625907, ""validation_loss"": 1.3512857504907598, ""train_loss"": 1.9451068332150907, ""seconds"": 0.11261705599986271, ""gpu_id"": 0, ""candidate_id"": 28, ""sample_weight"": 0.0008752009911046531}, {""client_id"": 2, ""model_family"": ""cnn1d"", ""feature_ids"": [3, 4, 7, 9, 10, 21, 24], ""subset_size"": 7, ""micro_f1"": 0.7192, ""macro_f1"": 0.13244955787381568, ""validation_loss"": 1.144777685546875, ""train_loss"": 1.8087151727676392, ""seconds"": 0.3234316199998375, ""gpu_id"": 0, ""candidate_id"": 28, ""sample_weight"": 0.061408177662345804}, {""client_id"": 3, ""model_family"": ""cnn1d"", ""feature_ids"": [3, 4, 7, 9, 10, 21, 24], ""subset_size"": 7, ""micro_f1"": 0.8424, ""macro_f1"": 0.053192818558372386, ""validation_loss"": 0.6685251159667969, ""train_loss"": 1.1774728519439697, ""seconds"": 0.3321448209999289, ""gpu_id"": 1, ""candidate_id"": 28, ""sample_weight"": 0.10352608384640223}, {""client_id"": 4, ""model_family"": ""cnn1d"", ""feature_ids"": [3, 4, 7, 9, 10, 21, 24], ""subset_size"": 7, ""micro_f1"": 0.8958, ""macro_f1"": 0.04876974935343803, ""validation_loss"": 0.4907295959472656, ""train_loss"": 1.0358161409166124, ""seconds"": 0.3603583129997787, ""gpu_id"": 0, ""candidate_id"": 28, ""sample_weight"": 0.05331880053778213}, {""client_id"": 5, ""model_family"": ""cnn1d"", ""feature_ids"": [3, 4, 7, 9, 10, 21, 24], ""subset_size"": 7, ""micro_f1"": 0.961, ""macro_f1"": 0.05716032721866719, ""validation_loss"": 0.24966563720703125, ""train_loss"": 0.7770517548614078, ""seconds"": 0.3311510839998846, ""gpu_id"": 0, ""candidate_id"": 28, ""sample_weight"": 0.07030155005722065}, {""client_id"": 6, ""model_family"": ""cnn1d"", ""feature_ids"": [3, 4, 7, 9, 10, 21, 24], ""subset_size"": 7, ""micro_f1"": 0.9968, ""macro_f1"": 0.05861558896984498, ""validation_loss"": 0.0981956756591797, ""train_loss"": 0.5932455013910929, ""seconds"": 0.31620397999995475, ""gpu_id"": 0, ""candidate_id"": 28, ""sample_weight"": 0.07459801933327874}, {""client_id"": 7, ""model_family"": ""gru"", ""feature_ids"": [3, 4, 7, 9, 10, 21, 24], ""subset_size"": 7, ""micro_f1"": 0.8645, ""macro_f1"": 0.027274304733961165, ""validation_loss"": 0.8453638061523437, ""train_loss"": 2.0068502438757156, ""seconds"": 0.35817810999992616, ""gpu_id"": 1, ""candidate_id"": 28, ""sample_weight"": 0.05067317481195735}, {""client_id"": 8, ""model_family"": ""gru"", ""feature_ids"": [3, 4, 7, 9, 10, 21, 24], ""subset_size"": 7, ""micro_f1"": 0.4109, ""macro_f1"": 0.036960476849276024, ""validation_loss"": 2.9756265625, ""train_loss"": 3.27785824631585, ""seconds"": 0.3207255099998747, ""gpu_id"": 0, ""candidate_id"": 28, ""sample_weight"": 0.354287210681253}, {""client_id"": 9, ""model_family"": ""gru"", ""feature_ids"": [3, 4, 7, 9, 10, 21, 24], ""subset_size"": 7, ""micro_f1"": 0.7581, ""macro_f1"": 0.025364949460814985, ""validation_loss"": 1.2315272705078124, ""train_loss"": 2.1716821152793035, ""seconds"": 0.3589224549998562, ""gpu_id"": 1, ""candidate_id"": 28, ""sample_weight"": 0.12090074249549396}, {""client_id"": 10, ""model_family"": ""transformer"", ""feature_ids"": [3, 4, 7, 9, 10, 21, 24], ""subset_size"": 7, ""micro_f1"": 0.5965, ""macro_f1"": 0.05403423784290132, ""validation_loss"": 1.1813222900390625, ""train_loss"": 1.6255743571811252, ""seconds"": 0.6721623209998597, ""gpu_id"": 1, ""candidate_id"": 28, ""sample_weight"": 0.11011103958316146}]"
29,3,2900,"[3, 4, 7, 9, 10, 21, 24]","[""UDP"", ""fin_count"", ""syn_count"", ""Rate"", ""IAT"", ""ICMP"", ""DNS""]",7,0.6687121757555874,0.048218074682005424,0.6925060153007507,0.72,0.6456206160454837,180,8860,"[{""client_id"": 1, ""model_family"": ""cnn1d"", ""feature_ids"": [3, 4, 7, 9, 10, 21, 24], ""subset_size"": 7, ""micro_f1"": 0.8775380710659898, ""macro_f1"": 0.02749339005625907, ""validation_loss"": 1.3544828153503727, ""train_loss"": 1.945277537824875, ""seconds"": 0.11292630899993128, ""gpu_id"": 0, ""candidate_id"": 29, ""sample_weight"": 0.0008752009911046531}, {""client_id"": 2, ""model_family"": ""cnn1d"", ""feature_ids"": [3, 4, 7, 9, 10, 21, 24], ""subset_size"": 7, ""micro_f1"": 0.7215, ""macro_f1"": 0.13333746637247232, ""validation_loss"": 1.1455654663085937, ""train_loss"": 1.810273044098748, ""seconds"": 0.33140693699988333, ""gpu_id"": 0, ""candidate_id"": 29, ""sample_weight"": 0.061408177662345804}, {""client_id"": 3, ""model_family"": ""cnn1d"", ""feature_ids"": [3, 4, 7, 9, 10, 21, 24], ""subset_size"": 7, ""micro_f1"": 0.8422, ""macro_f1"": 0.05318066813440754, ""validation_loss"": 0.6675155639648438, ""train_loss"": 1.1779205933570862, ""seconds"": 0.3279813650001415, ""gpu_id"": 1, ""candidate_id"": 29, ""sample_weight"": 0.10352608384640223}, {""client_id"": 4, ""model_family"": ""cnn1d"", ""feature_ids"": [3, 4, 7, 9, 10, 21, 24], ""subset_size"": 7, ""micro_f1"": 0.896, ""macro_f1"": 0.048774614691339174, ""validation_loss"": 0.48777811279296873, ""train_loss"": 1.03693197617001, ""seconds"": 0.3553736829999252, ""gpu_id"": 0, ""candidate_id"": 29, ""sample_weight"": 0.05331880053778213}, {""client_id"": 5, ""model_family"": ""cnn1d"", ""feature_ids"": [3, 4, 7, 9, 10, 21, 24], ""subset_size"": 7, ""micro_f1"": 0.9612, ""macro_f1"": 0.0571758468735944, ""validation_loss"": 0.2508738555908203, ""train_loss"": 0.7769567628224691, ""seconds"": 0.3255054300000211, ""gpu_id"": 0, ""candidate_id"": 29, ""sample_weight"": 0.07030155005722065}, {""client_id"": 6, ""model_family"": ""cnn1d"", ""feature_ids"": [3, 4, 7, 9, 10, 21, 24], ""subset_size"": 7, ""micro_f1"": 0.9968, ""macro_f1"": 0.05861558896984498, ""validation_loss"": 0.09789549560546874, ""train_loss"": 0.5933207566632165, ""seconds"": 0.3160615780000171, ""gpu_id"": 0, ""candidate_id"": 29, ""sample_weight"": 0.07459801933327874}, {""client_id"": 7, ""model_family"": ""gru"", ""feature_ids"": [3, 4, 7, 9, 10, 21, 24], ""subset_size"": 7, ""micro_f1"": 0.8645, ""macro_f1"": 0.027274304733961165, ""validation_loss"": 0.8458117309570312, ""train_loss"": 2.0072781021965875, ""seconds"": 0.3717982220000522, ""gpu_id"": 1, ""candidate_id"": 29, ""sample_weight"": 0.05067317481195735}, {""client_id"": 8, ""model_family"": ""gru"", ""feature_ids"": [3, 4, 7, 9, 10, 21, 24], ""subset_size"": 7, ""micro_f1"": 0.4109, ""macro_f1"": 0.036942480718652006, ""validation_loss"": 2.975566796875, ""train_loss"": 3.2777804916381834, ""seconds"": 0.3281249609999577, ""gpu_id"": 0, ""candidate_id"": 29, ""sample_weight"": 0.354287210681253}, {""client_id"": 9, ""model_family"": ""gru"", ""feature_ids"": [3, 4, 7, 9, 10, 21, 24], ""subset_size"": 7, ""micro_f1"": 0.7581, ""macro_f1"": 0.025364949460814985, ""validation_loss"": 1.2316126098632814, ""train_loss"": 2.1721304361343385, ""seconds"": 0.32552497200003927, ""gpu_id"": 1, ""candidate_id"": 29, ""sample_weight"": 0.12090074249549396}, {""client_id"": 10, ""model_family"": ""transformer"", ""feature_ids"": [3, 4, 7, 9, 10, 21, 24], ""subset_size"": 7, ""micro_f1"": 0.5967, ""macro_f1"": 0.05422425029741076, ""validation_loss"": 1.1806441650390624, ""train_loss"": 1.624003231239319, ""seconds"": 0.7006838059999154, ""gpu_id"": 1, ""candidate_id"": 29, ""sample_weight"": 0.11011103958316146}]"
30,3,3000,"[3, 4, 7, 9, 10, 21, 24]","[""UDP"", ""fin_count"", ""syn_count"", ""Rate"", ""IAT"", ""ICMP"", ""DNS""]",7,0.6686742912485516,0.04818831481315787,0.6490886211395264,0.72,0.6499585670109025,180,9040,"[{""client_id"": 1, ""model_family"": ""cnn1d"", ""feature_ids"": [3, 4, 7, 9, 10, 21, 24], ""subset_size"": 7, ""micro_f1"": 0.8775380710659898, ""macro_f1"": 0.02749339005625907, ""validation_loss"": 1.3510758453214229, ""train_loss"": 1.9451888398605084, ""seconds"": 0.09822867799994128, ""gpu_id"": 0, ""candidate_id"": 30, ""sample_weight"": 0.0008752009911046531}, {""client_id"": 2, ""model_family"": ""cnn1d"", ""feature_ids"": [3, 4, 7, 9, 10, 21, 24], ""subset_size"": 7, ""micro_f1"": 0.7203, ""macro_f1"": 0.13282371868931364, ""validation_loss"": 1.141822119140625, ""train_loss"": 1.8100743534935846, ""seconds"": 0.329092189999983, ""gpu_id"": 0, ""candidate_id"": 30, ""sample_weight"": 0.061408177662345804}, {""client_id"": 3, ""model_family"": ""cnn1d"", ""feature_ids"": [3, 4, 7, 9, 10, 21, 24], ""subset_size"": 7, ""micro_f1"": 0.8425, ""macro_f1"": 0.05319976598273952, ""validation_loss"": 0.6659434936523437, ""train_loss"": 1.17714727935791, ""seconds"": 0.3130342940000901, ""gpu_id"": 1, ""candidate_id"": 30, ""sample_weight"": 0.10352608384640223}, {""client_id"": 4, ""model_family"": ""cnn1d"", ""feature_ids"": [3, 4, 7, 9, 10, 21, 24], ""subset_size"": 7, ""micro_f1"": 0.8959, ""macro_f1"": 0.048753569648339594, ""validation_loss"": 0.4916441162109375, ""train_loss"": 1.0373294316132864, ""seconds"": 0.35023774199999025, ""gpu_id"": 0, ""candidate_id"": 30, ""sample_weight"": 0.05331880053778213}, {""client_id"": 5, ""model_family"": ""cnn1d"", ""feature_ids"": [3, 4, 7, 9, 10, 21, 24], ""subset_size"": 7, ""micro_f1"": 0.9615, ""macro_f1"": 0.05720271435474949, ""validation_loss"": 0.2504901184082031, ""train_loss"": 0.7772270571549733, ""seconds"": 0.3044340270000703, ""gpu_id"": 0, ""candidate_id"": 30, ""sample_weight"": 0.07030155005722065}, {""client_id"": 6, ""model_family"": ""cnn1d"", ""feature_ids"": [3, 4, 7, 9, 10, 21, 24], ""subset_size"": 7, ""micro_f1"": 0.9968, ""macro_f1"": 0.05861558896984498, ""validation_loss"": 0.09754052124023438, ""train_loss"": 0.5947989440851741, ""seconds"": 0.37095322999994096, ""gpu_id"": 0, ""candidate_id"": 30, ""sample_weight"": 0.07459801933327874}, {""client_id"": 7, ""model_family"": ""gru"", ""feature_ids"": [3, 4, 7, 9, 10, 21, 24], ""subset_size"": 7, ""micro_f1"": 0.8645, ""macro_f1"": 0.027274304733961165, ""validation_loss"": 0.8461999389648438, ""train_loss"": 2.007887861982981, ""seconds"": 0.3626420200000666, ""gpu_id"": 1, ""candidate_id"": 30, ""sample_weight"": 0.05067317481195735}, {""client_id"": 8, ""model_family"": ""gru"", ""feature_ids"": [3, 4, 7, 9, 10, 21, 24], ""subset_size"": 7, ""micro_f1"": 0.4109, ""macro_f1"": 0.03694607550133024, ""validation_loss"": 2.97544609375, ""train_loss"": 3.2777565753089055, ""seconds"": 0.3577915650000705, ""gpu_id"": 0, ""candidate_id"": 30, ""sample_weight"": 0.354287210681253}, {""client_id"": 9, ""model_family"": ""gru"", ""feature_ids"": [3, 4, 7, 9, 10, 21, 24], ""subset_size"": 7, ""micro_f1"": 0.7581, ""macro_f1"": 0.025364949460814985, ""validation_loss"": 1.2311244873046876, ""train_loss"": 2.1705812680562335, ""seconds"": 0.33025856800009024, ""gpu_id"": 1, ""candidate_id"": 30, ""sample_weight"": 0.12090074249549396}, {""client_id"": 10, ""model_family"": ""transformer"", ""feature_ids"": [3, 4, 7, 9, 10, 21, 24], ""subset_size"": 7, ""micro_f1"": 0.5966, ""macro_f1"": 0.05420400709607446, ""validation_loss"": 1.180280517578125, ""train_loss"": 1.6242469926622178, ""seconds"": 0.7771850799999811, ""gpu_id"": 1, ""candidate_id"": 30, ""sample_weight"": 0.11011103958316146}]"
31,4,3100,"[3, 4, 7, 9, 10, 21, 24]","[""UDP"", ""fin_count"", ""syn_count"", ""Rate"", ""IAT"", ""ICMP"", ""DNS""]",7,0.6686161220488267,0.04818686130649739,0.6789646148681641,0.72,0.6469651507180663,180,9220,"[{""client_id"": 1, ""model_family"": ""cnn1d"", ""feature_ids"": [3, 4, 7, 9, 10, 21, 24], ""subset_size"": 7, ""micro_f1"": 0.8775380710659898, ""macro_f1"": 0.02749339005625907, ""validation_loss"": 1.3515590919455902, ""train_loss"": 1.9462610862043976, ""seconds"": 0.0993417369998042, ""gpu_id"": 0, ""candidate_id"": 31, ""sample_weight"": 0.0008752009911046531}, {""client_id"": 2, ""model_family"": ""cnn1d"", ""feature_ids"": [3, 4, 7, 9, 10, 21, 24], ""subset_size"": 7, ""micro_f1"": 0.7198, ""macro_f1"": 0.13265802444714261, ""validation_loss"": 1.1443610229492187, ""train_loss"": 1.8092025025473701, ""seconds"": 0.3268818609999471, ""gpu_id"": 0, ""candidate_id"": 31, ""sample_weight"": 0.061408177662345804}, {""client_id"": 3, ""model_family"": ""cnn1d"", ""feature_ids"": [3, 4, 7, 9, 10, 21, 24], ""subset_size"": 7, ""micro_f1"": 0.8422, ""macro_f1"": 0.053180088153179976, ""validation_loss"": 0.6692343139648438, ""train_loss"": 1.1789908833503724, ""seconds"": 0.30931851500008634, ""gpu_id"": 1, ""candidate_id"": 31, ""sample_weight"": 0.10352608384640223}, {""client_id"": 4, ""model_family"": ""cnn1d"", ""feature_ids"": [3, 4, 7, 9, 10, 21, 24], ""subset_size"": 7, ""micro_f1"": 0.8965, ""macro_f1"": 0.048833311532063016, ""validation_loss"": 0.4908935363769531, ""train_loss"": 1.038031519370609, ""seconds"": 0.3421500690001267, ""gpu_id"": 0, ""candidate_id"": 31, ""sample_weight"": 0.05331880053778213}, {""client_id"": 5, ""model_family"": ""cnn1d"", ""feature_ids"": [3, 4, 7, 9, 10, 21, 24], ""subset_size"": 7, ""micro_f1"": 0.9616, ""macro_f1"": 0.05721779098686794, ""validation_loss"": 0.25169583435058596, ""train_loss"": 0.7773847694291008, ""seconds"": 0.3121051359999001, ""gpu_id"": 0, ""candidate_id"": 31, ""sample_weight"": 0.07030155005722065}, {""client_id"": 6, ""model_family"": ""cnn1d"", ""feature_ids"": [3, 4, 7, 9, 10, 21, 24], ""subset_size"": 7, ""micro_f1"": 0.9968, ""macro_f1"": 0.05861558896984498, ""validation_loss"": 0.09726246948242187, ""train_loss"": 0.5928315080801646, ""seconds"": 0.34459528800016415, ""gpu_id"": 0, ""candidate_id"": 31, ""sample_weight"": 0.07459801933327874}, {""client_id"": 7, ""model_family"": ""gru"", ""feature_ids"": [3, 4, 7, 9, 10, 21, 24], ""subset_size"": 7, ""micro_f1"": 0.8645, ""macro_f1"": 0.027274304733961165, ""validation_loss"": 0.8457173217773437, ""train_loss"": 2.0079991697735258, ""seconds"": 0.3576690849999977, ""gpu_id"": 1, ""candidate_id"": 31, ""sample_weight"": 0.05067317481195735}, {""client_id"": 8, ""model_family"": ""gru"", ""feature_ids"": [3, 4, 7, 9, 10, 21, 24], ""subset_size"": 7, ""micro_f1"": 0.4108, ""macro_f1"": 0.03695956468045086, ""validation_loss"": 2.9755814453125, ""train_loss"": 3.2778447491963703, ""seconds"": 0.3635596560000067, ""gpu_id"": 0, ""candidate_id"": 31, ""sample_weight"": 0.354287210681253}, {""client_id"": 9, ""model_family"": ""gru"", ""feature_ids"": [3, 4, 7, 9, 10, 21, 24], ""subset_size"": 7, ""micro_f1"": 0.7581, ""macro_f1"": 0.025364949460814985, ""validation_loss"": 1.2310487426757812, ""train_loss"": 2.1703337675094603, ""seconds"": 0.33763851999992767, ""gpu_id"": 1, ""candidate_id"": 31, ""sample_weight"": 0.12090074249549396}, {""client_id"": 10, ""model_family"": ""transformer"", ""feature_ids"": [3, 4, 7, 9, 10, 21, 24], ""subset_size"": 7, ""micro_f1"": 0.5966, ""macro_f1"": 0.05421007322341695, ""validation_loss"": 1.1802571533203126, ""train_loss"": 1.624629551463657, ""seconds"": 0.7517134719998921, ""gpu_id"": 1, ""candidate_id"": 31, ""sample_weight"": 0.11011103958316146}]"
32,4,3200,"[3, 4, 7, 9, 10, 21, 24]","[""UDP"", ""fin_count"", ""syn_count"", ""Rate"", ""IAT"", ""ICMP"", ""DNS""]",7,0.6687139776644807,0.04820495645159149,0.6659958958625793,0.72,0.6482718081801901,180,9400,"[{""client_id"": 1, ""model_family"": ""cnn1d"", ""feature_ids"": [3, 4, 7, 9, 10, 21, 24], ""subset_size"": 7, ""micro_f1"": 0.8775380710659898, ""macro_f1"": 0.02749339005625907, ""validation_loss"": 1.3508652430500476, ""train_loss"": 1.9458129782160325, ""seconds"": 0.10553642799982299, ""gpu_id"": 0, ""candidate_id"": 32, ""sample_weight"": 0.0008752009911046531}, {""client_id"": 2, ""model_family"": ""cnn1d"", ""feature_ids"": [3, 4, 7, 9, 10, 21, 24], ""subset_size"": 7, ""micro_f1"": 0.7194, ""macro_f1"": 0.13288355287810086, ""validation_loss"": 1.1438647338867187, ""train_loss"": 1.8092378141827052, ""seconds"": 0.34079579800004467, ""gpu_id"": 0, ""candidate_id"": 32, ""sample_weight"": 0.061408177662345804}, {""client_id"": 3, ""model_family"": ""cnn1d"", ""feature_ids"": [3, 4, 7, 9, 10, 21, 24], ""subset_size"": 7, ""micro_f1"": 0.8425, ""macro_f1"": 0.0531991839388765, ""validation_loss"": 0.6686761474609375, ""train_loss"": 1.1783787644704182, ""seconds"": 0.3254194029998416, ""gpu_id"": 1, ""candidate_id"": 32, ""sample_weight"": 0.10352608384640223}, {""client_id"": 4, ""model_family"": ""cnn1d"", ""feature_ids"": [3, 4, 7, 9, 10, 21, 24], ""subset_size"": 7, ""micro_f1"": 0.8958, ""macro_f1"": 0.04874150923339142, ""validation_loss"": 0.4914698486328125, ""train_loss"": 1.0362884410063427, ""seconds"": 0.3078188009999394, ""gpu_id"": 0, ""candidate_id"": 32, ""sample_weight"": 0.05331880053778213}, {""client_id"": 5, ""model_family"": ""cnn1d"", ""feature_ids"": [3, 4, 7, 9, 10, 21, 24], ""subset_size"": 7, ""micro_f1"": 0.9623, ""macro_f1"": 0.05727714411099137, ""validation_loss"": 0.2513836639404297, ""train_loss"": 0.7780899879190657, ""seconds"": 0.3469818650000889, ""gpu_id"": 0, ""candidate_id"": 32, ""sample_weight"": 0.07030155005722065}, {""client_id"": 6, ""model_family"": ""cnn1d"", ""feature_ids"": [3, 4, 7, 9, 10, 21, 24], ""subset_size"": 7, ""micro_f1"": 0.9968, ""macro_f1"": 0.05861558896984498, ""validation_loss"": 0.09762912902832031, ""train_loss"": 0.5932963656862577, ""seconds"": 0.39834551900003135, ""gpu_id"": 0, ""candidate_id"": 32, ""sample_weight"": 0.07459801933327874}, {""client_id"": 7, ""model_family"": ""gru"", ""feature_ids"": [3, 4, 7, 9, 10, 21, 24], ""subset_size"": 7, ""micro_f1"": 0.8645, ""macro_f1"": 0.027274304733961165, ""validation_loss"": 0.8459940673828125, ""train_loss"": 2.0082535289446515, ""seconds"": 0.3312081520000447, ""gpu_id"": 1, ""candidate_id"": 32, ""sample_weight"": 0.05067317481195735}, {""client_id"": 8, ""model_family"": ""gru"", ""feature_ids"": [3, 4, 7, 9, 10, 21, 24], ""subset_size"": 7, ""micro_f1"": 0.4109, ""macro_f1"": 0.03695327172969386, ""validation_loss"": 2.9756263671875, ""train_loss"": 3.2778406475914847, ""seconds"": 0.36339202099998147, ""gpu_id"": 0, ""candidate_id"": 32, ""sample_weight"": 0.354287210681253}, {""client_id"": 9, ""model_family"": ""gru"", ""feature_ids"": [3, 4, 7, 9, 10, 21, 24], ""subset_size"": 7, ""micro_f1"": 0.7581, ""macro_f1"": 0.025364949460814985, ""validation_loss"": 1.2317165649414064, ""train_loss"": 2.1709763408872815, ""seconds"": 0.32441368800004966, ""gpu_id"": 1, ""candidate_id"": 32, ""sample_weight"": 0.12090074249549396}, {""client_id"": 10, ""model_family"": ""transformer"", ""feature_ids"": [3, 4, 7, 9, 10, 21, 24], ""subset_size"": 7, ""micro_f1"": 0.597, ""macro_f1"": 0.05425748560860881, ""validation_loss"": 1.180939990234375, ""train_loss"": 1.6243859530131022, ""seconds"": 0.8529113510001025, ""gpu_id"": 1, ""candidate_id"": 32, ""sample_weight"": 0.11011103958316146}]"
33,4,3300,"[3, 4, 7, 9, 10, 21, 24]","[""UDP"", ""fin_count"", ""syn_count"", ""Rate"", ""IAT"", ""ICMP"", ""DNS""]",7,0.6686349327368178,0.04819719933987201,0.6673620343208313,0.72,0.6481272898415986,180,9580,"[{""client_id"": 1, ""model_family"": ""cnn1d"", ""feature_ids"": [3, 4, 7, 9, 10, 21, 24], ""subset_size"": 7, ""micro_f1"": 0.8775380710659898, ""macro_f1"": 0.02749339005625907, ""validation_loss"": 1.3522665730587722, ""train_loss"": 1.9450824171624073, ""seconds"": 0.11375388800001929, ""gpu_id"": 0, ""candidate_id"": 33, ""sample_weight"": 0.0008752009911046531}, {""client_id"": 2, ""model_family"": ""cnn1d"", ""feature_ids"": [3, 4, 7, 9, 10, 21, 24], ""subset_size"": 7, ""micro_f1"": 0.7201, ""macro_f1"": 0.13294222693768548, ""validation_loss"": 1.14451630859375, ""train_loss"": 1.8092667577107748, ""seconds"": 0.33461518500007514, ""gpu_id"": 0, ""candidate_id"": 33, ""sample_weight"": 0.061408177662345804}, {""client_id"": 3, ""model_family"": ""cnn1d"", ""feature_ids"": [3, 4, 7, 9, 10, 21, 24], ""subset_size"": 7, ""micro_f1"": 0.8422, ""macro_f1"": 0.05318066813440754, ""validation_loss"": 0.666552734375, ""train_loss"": 1.177515341589186, ""seconds"": 0.33545555500018054, ""gpu_id"": 1, ""candidate_id"": 33, ""sample_weight"": 0.10352608384640223}, {""client_id"": 4, ""model_family"": ""cnn1d"", ""feature_ids"": [3, 4, 7, 9, 10, 21, 24], ""subset_size"": 7, ""micro_f1"": 0.8959, ""macro_f1"": 0.04871764520267412, ""validation_loss"": 0.4920648742675781, ""train_loss"": 1.0366609690348307, ""seconds"": 0.3267080299999634, ""gpu_id"": 0, ""candidate_id"": 33, ""sample_weight"": 0.05331880053778213}, {""client_id"": 5, ""model_family"": ""cnn1d"", ""feature_ids"": [3, 4, 7, 9, 10, 21, 24], ""subset_size"": 7, ""micro_f1"": 0.9614, ""macro_f1"": 0.05718826586929652, ""validation_loss"": 0.250313525390625, ""train_loss"": 0.7780178742514716, ""seconds"": 0.3237810780001382, ""gpu_id"": 0, ""candidate_id"": 33, ""sample_weight"": 0.07030155005722065}, {""client_id"": 6, ""model_family"": ""cnn1d"", ""feature_ids"": [3, 4, 7, 9, 10, 21, 24], ""subset_size"": 7, ""micro_f1"": 0.9968, ""macro_f1"": 0.05861558896984498, ""validation_loss"": 0.09836190490722656, ""train_loss"": 0.5951246870504485, ""seconds"": 0.34886221800002204, ""gpu_id"": 0, ""candidate_id"": 33, ""sample_weight"": 0.07459801933327874}, {""client_id"": 7, ""model_family"": ""gru"", ""feature_ids"": [3, 4, 7, 9, 10, 21, 24], ""subset_size"": 7, ""micro_f1"": 0.8645, ""macro_f1"": 0.027274304733961165, ""validation_loss"": 0.8452603881835937, ""train_loss"": 2.006985756948259, ""seconds"": 0.3226801069999965, ""gpu_id"": 1, ""candidate_id"": 33, ""sample_weight"": 0.05067317481195735}, {""client_id"": 8, ""model_family"": ""gru"", ""feature_ids"": [3, 4, 7, 9, 10, 21, 24], ""subset_size"": 7, ""micro_f1"": 0.4109, ""macro_f1"": 0.036956873177541455, ""validation_loss"": 2.9756392578125, ""train_loss"": 3.2779608295440674, ""seconds"": 0.3167529249999461, ""gpu_id"": 0, ""candidate_id"": 33, ""sample_weight"": 0.354287210681253}, {""client_id"": 9, ""model_family"": ""gru"", ""feature_ids"": [3, 4, 7, 9, 10, 21, 24], ""subset_size"": 7, ""micro_f1"": 0.7581, ""macro_f1"": 0.025364949460814985, ""validation_loss"": 1.231193408203125, ""train_loss"": 2.1722873972786796, ""seconds"": 0.3486690729998827, ""gpu_id"": 1, ""candidate_id"": 33, ""sample_weight"": 0.12090074249549396}, {""client_id"": 10, ""model_family"": ""transformer"", ""feature_ids"": [3, 4, 7, 9, 10, 21, 24], ""subset_size"": 7, ""micro_f1"": 0.5967, ""macro_f1"": 0.0542284369560688, ""validation_loss"": 1.1812251953125, ""train_loss"": 1.6248962760713366, ""seconds"": 0.7095124979998673, ""gpu_id"": 1, ""candidate_id"": 33, ""sample_weight"": 0.11011103958316146}]"
34,4,3400,"[3, 4, 7, 9, 10, 21, 24]","[""UDP"", ""fin_count"", ""syn_count"", ""Rate"", ""IAT"", ""ICMP"", ""DNS""]",7,0.6686666869619425,0.04820531442429128,0.6707977056503296,0.72,0.6477868981311613,180,9760,"[{""client_id"": 1, ""model_family"": ""cnn1d"", ""feature_ids"": [3, 4, 7, 9, 10, 21, 24], ""subset_size"": 7, ""micro_f1"": 0.8775380710659898, ""macro_f1"": 0.02749339005625907, ""validation_loss"": 1.3504268433236835, ""train_loss"": 1.9447001308891911, ""seconds"": 0.11346942299996954, ""gpu_id"": 0, ""candidate_id"": 34, ""sample_weight"": 0.0008752009911046531}, {""client_id"": 2, ""model_family"": ""cnn1d"", ""feature_ids"": [3, 4, 7, 9, 10, 21, 24], ""subset_size"": 7, ""micro_f1"": 0.7201, ""macro_f1"": 0.13311380570361211, ""validation_loss"": 1.141405029296875, ""train_loss"": 1.8102188762664795, ""seconds"": 0.3578509120000035, ""gpu_id"": 0, ""candidate_id"": 34, ""sample_weight"": 0.061408177662345804}, {""client_id"": 3, ""model_family"": ""cnn1d"", ""feature_ids"": [3, 4, 7, 9, 10, 21, 24], ""subset_size"": 7, ""micro_f1"": 0.8422, ""macro_f1"": 0.05318066813440754, ""validation_loss"": 0.6675373291015625, ""train_loss"": 1.1775872718811036, ""seconds"": 0.3666518120001001, ""gpu_id"": 1, ""candidate_id"": 34, ""sample_weight"": 0.10352608384640223}, {""client_id"": 4, ""model_family"": ""cnn1d"", ""feature_ids"": [3, 4, 7, 9, 10, 21, 24], ""subset_size"": 7, ""micro_f1"": 0.8961, ""macro_f1"": 0.04875843659559657, ""validation_loss"": 0.4898922485351562, ""train_loss"": 1.0365208557817671, ""seconds"": 0.3367238810001254, ""gpu_id"": 0, ""candidate_id"": 34, ""sample_weight"": 0.05331880053778213}, {""client_id"": 5, ""model_family"": ""cnn1d"", ""feature_ids"": [3, 4, 7, 9, 10, 21, 24], ""subset_size"": 7, ""micro_f1"": 0.9617, ""macro_f1"": 0.05721032677631591, ""validation_loss"": 0.249984033203125, ""train_loss"": 0.7775446905506982, ""seconds"": 0.32754762000013216, ""gpu_id"": 0, ""candidate_id"": 34, ""sample_weight"": 0.07030155005722065}, {""client_id"": 6, ""model_family"": ""cnn1d"", ""feature_ids"": [3, 4, 7, 9, 10, 21, 24], ""subset_size"": 7, ""micro_f1"": 0.9968, ""macro_f1"": 0.05861558896984498, ""validation_loss"": 0.0980934814453125, ""train_loss"": 0.5947582671774758, ""seconds"": 0.2972409260000859, ""gpu_id"": 0, ""candidate_id"": 34, ""sample_weight"": 0.07459801933327874}, {""client_id"": 7, ""model_family"": ""gru"", ""feature_ids"": [3, 4, 7, 9, 10, 21, 24], ""subset_size"": 7, ""micro_f1"": 0.8645, ""macro_f1"": 0.027274304733961165, ""validation_loss"": 0.8457550659179688, ""train_loss"": 2.0077353923691645, ""seconds"": 0.328391996000164, ""gpu_id"": 1, ""candidate_id"": 34, ""sample_weight"": 0.05067317481195735}, {""client_id"": 8, ""model_family"": ""gru"", ""feature_ids"": [3, 4, 7, 9, 10, 21, 24], ""subset_size"": 7, ""micro_f1"": 0.4109, ""macro_f1"": 0.036942480718652006, ""validation_loss"": 2.9755318359375, ""train_loss"": 3.277751735687256, ""seconds"": 0.3113173799999913, ""gpu_id"": 0, ""candidate_id"": 34, ""sample_weight"": 0.354287210681253}, {""client_id"": 9, ""model_family"": ""gru"", ""feature_ids"": [3, 4, 7, 9, 10, 21, 24], ""subset_size"": 7, ""micro_f1"": 0.7581, ""macro_f1"": 0.025364949460814985, ""validation_loss"": 1.23167177734375, ""train_loss"": 2.1718648307800295, ""seconds"": 0.3487807569999859, ""gpu_id"": 1, ""candidate_id"": 34, ""sample_weight"": 0.12090074249549396}, {""client_id"": 10, ""model_family"": ""transformer"", ""feature_ids"": [3, 4, 7, 9, 10, 21, 24], ""subset_size"": 7, ""micro_f1"": 0.5967, ""macro_f1"": 0.054218918792285756, ""validation_loss"": 1.1798837646484375, ""train_loss"": 1.6239062138663398, ""seconds"": 0.6490011659998345, ""gpu_id"": 1, ""candidate_id"": 34, ""sample_weight"": 0.11011103958316146}]"
35,4,3500,"[3, 4, 7, 9, 10, 21, 24]","[""UDP"", ""fin_count"", ""syn_count"", ""Rate"", ""IAT"", ""ICMP"", ""DNS""]",7,0.668679553527173,0.048264587480182246,0.6672788262367249,0.72,0.6481400727290448,180,9940,"[{""client_id"": 1, ""model_family"": ""cnn1d"", ""feature_ids"": [3, 4, 7, 9, 10, 21, 24], ""subset_size"": 7, ""micro_f1"": 0.8775380710659898, ""macro_f1"": 0.02749339005625907, ""validation_loss"": 1.3540250516784977, ""train_loss"": 1.9450868712396725, ""seconds"": 0.11760843299998669, ""gpu_id"": 0, ""candidate_id"": 35, ""sample_weight"": 0.0008752009911046531}, {""client_id"": 2, ""model_family"": ""cnn1d"", ""feature_ids"": [3, 4, 7, 9, 10, 21, 24], ""subset_size"": 7, ""micro_f1"": 0.722, ""macro_f1"": 0.13422548929824582, ""validation_loss"": 1.1431556274414063, ""train_loss"": 1.8096999749925402, ""seconds"": 0.3130676159998984, ""gpu_id"": 0, ""candidate_id"": 35, ""sample_weight"": 0.061408177662345804}, {""client_id"": 3, ""model_family"": ""cnn1d"", ""feature_ids"": [3, 4, 7, 9, 10, 21, 24], ""subset_size"": 7, ""micro_f1"": 0.8422, ""macro_f1"": 0.053180088153179976, ""validation_loss"": 0.667753466796875, ""train_loss"": 1.178747412247128, ""seconds"": 0.3259493029997884, ""gpu_id"": 1, ""candidate_id"": 35, ""sample_weight"": 0.10352608384640223}, {""client_id"": 4, ""model_family"": ""cnn1d"", ""feature_ids"": [3, 4, 7, 9, 10, 21, 24], ""subset_size"": 7, ""micro_f1"": 0.8953, ""macro_f1"": 0.048691188252276536, ""validation_loss"": 0.4914360046386719, ""train_loss"": 1.036706470129225, ""seconds"": 0.35054943399995864, ""gpu_id"": 0, ""candidate_id"": 35, ""sample_weight"": 0.05331880053778213}, {""client_id"": 5, ""model_family"": ""cnn1d"", ""feature_ids"": [3, 4, 7, 9, 10, 21, 24], ""subset_size"": 7, ""micro_f1"": 0.9613, ""macro_f1"": 0.05717979449653326, ""validation_loss"": 0.251747705078125, ""train_loss"": 0.7774472822931078, ""seconds"": 0.3124454409999089, ""gpu_id"": 0, ""candidate_id"": 35, ""sample_weight"": 0.07030155005722065}, {""client_id"": 6, ""model_family"": ""cnn1d"", ""feature_ids"": [3, 4, 7, 9, 10, 21, 24], ""subset_size"": 7, ""micro_f1"": 0.9968, ""macro_f1"": 0.05861558896984498, ""validation_loss"": 0.09747999267578125, ""train_loss"": 0.5934901465654373, ""seconds"": 0.30227210099997137, ""gpu_id"": 0, ""candidate_id"": 35, ""sample_weight"": 0.07459801933327874}, {""client_id"": 7, ""model_family"": ""gru"", ""feature_ids"": [3, 4, 7, 9, 10, 21, 24], ""subset_size"": 7, ""micro_f1"": 0.8645, ""macro_f1"": 0.027274304733961165, ""validation_loss"": 0.8464994995117188, ""train_loss"": 2.008246269914839, ""seconds"": 0.3395896880001601, ""gpu_id"": 1, ""candidate_id"": 35, ""sample_weight"": 0.05067317481195735}, {""client_id"": 8, ""model_family"": ""gru"", ""feature_ids"": [3, 4, 7, 9, 10, 21, 24], ""subset_size"": 7, ""micro_f1"": 0.4109, ""macro_f1"": 0.036942480718652006, ""validation_loss"": 2.975515625, ""train_loss"": 3.2778411465115016, ""seconds"": 0.33750734399995963, ""gpu_id"": 0, ""candidate_id"": 35, ""sample_weight"": 0.354287210681253}, {""client_id"": 9, ""model_family"": ""gru"", ""feature_ids"": [3, 4, 7, 9, 10, 21, 24], ""subset_size"": 7, ""micro_f1"": 0.7581, ""macro_f1"": 0.025364949460814985, ""validation_loss"": 1.2315949462890625, ""train_loss"": 2.1717362512588503, ""seconds"": 0.35198011099987525, ""gpu_id"": 1, ""candidate_id"": 35, ""sample_weight"": 0.12090074249549396}, {""client_id"": 10, ""model_family"": ""transformer"", ""feature_ids"": [3, 4, 7, 9, 10, 21, 24], ""subset_size"": 7, ""micro_f1"": 0.5964, ""macro_f1"": 0.054189845440330675, ""validation_loss"": 1.1812603759765625, ""train_loss"": 1.6257679282506308, ""seconds"": 0.6724738509999497, ""gpu_id"": 1, ""candidate_id"": 35, ""sample_weight"": 0.11011103958316146}]"
36,4,3600,"[3, 4, 7, 9, 10, 21, 24]","[""UDP"", ""fin_count"", ""syn_count"", ""Rate"", ""IAT"", ""ICMP"", ""DNS""]",7,0.6685967520442181,0.04817741989244727,0.6690601706504822,0.72,0.6479536581393737,180,10120,"[{""client_id"": 1, ""model_family"": ""cnn1d"", ""feature_ids"": [3, 4, 7, 9, 10, 21, 24], ""subset_size"": 7, ""micro_f1"": 0.8775380710659898, ""macro_f1"": 0.02749339005625907, ""validation_loss"": 1.351910973563412, ""train_loss"": 1.9446996071213596, ""seconds"": 0.11520936300007634, ""gpu_id"": 0, ""candidate_id"": 36, ""sample_weight"": 0.0008752009911046531}, {""client_id"": 2, ""model_family"": ""cnn1d"", ""feature_ids"": [3, 4, 7, 9, 10, 21, 24], ""subset_size"": 7, ""micro_f1"": 0.7187, ""macro_f1"": 0.13274755227886897, ""validation_loss"": 1.1444777587890624, ""train_loss"": 1.8093035631391736, ""seconds"": 0.316630454999995, ""gpu_id"": 0, ""candidate_id"": 36, ""sample_weight"": 0.061408177662345804}, {""client_id"": 3, ""model_family"": ""cnn1d"", ""feature_ids"": [3, 4, 7, 9, 10, 21, 24], ""subset_size"": 7, ""micro_f1"": 0.8422, ""macro_f1"": 0.053180088153179976, ""validation_loss"": 0.6676218933105469, ""train_loss"": 1.177855855984158, ""seconds"": 0.32404266099979395, ""gpu_id"": 1, ""candidate_id"": 36, ""sample_weight"": 0.10352608384640223}, {""client_id"": 4, ""model_family"": ""cnn1d"", ""feature_ids"": [3, 4, 7, 9, 10, 21, 24], ""subset_size"": 7, ""micro_f1"": 0.896, ""macro_f1"": 0.048721030534707485, ""validation_loss"": 0.4903793395996094, ""train_loss"": 1.0373420012421077, ""seconds"": 0.35086961100000735, ""gpu_id"": 0, ""candidate_id"": 36, ""sample_weight"": 0.05331880053778213}, {""client_id"": 5, ""model_family"": ""cnn1d"", ""feature_ids"": [3, 4, 7, 9, 10, 21, 24], ""subset_size"": 7, ""micro_f1"": 0.9615, ""macro_f1"": 0.057203816897805945, ""validation_loss"": 0.2515742004394531, ""train_loss"": 0.7779935285250346, ""seconds"": 0.3174084199999925, ""gpu_id"": 0, ""candidate_id"": 36, ""sample_weight"": 0.07030155005722065}, {""client_id"": 6, ""model_family"": ""cnn1d"", ""feature_ids"": [3, 4, 7, 9, 10, 21, 24], ""subset_size"": 7, ""micro_f1"": 0.9968, ""macro_f1"": 0.05861558896984498, ""validation_loss"": 0.096942626953125, ""train_loss"": 0.5929881211890115, ""seconds"": 0.3803190829999039, ""gpu_id"": 0, ""candidate_id"": 36, ""sample_weight"": 0.07459801933327874}, {""client_id"": 7, ""model_family"": ""gru"", ""feature_ids"": [3, 4, 7, 9, 10, 21, 24], ""subset_size"": 7, ""micro_f1"": 0.8645, ""macro_f1"": 0.027274304733961165, ""validation_loss"": 0.8459841552734375, ""train_loss"": 2.0071562759717305, ""seconds"": 0.3501045370001066, ""gpu_id"": 1, ""candidate_id"": 36, ""sample_weight"": 0.05067317481195735}, {""client_id"": 8, ""model_family"": ""gru"", ""feature_ids"": [3, 4, 7, 9, 10, 21, 24], ""subset_size"": 7, ""micro_f1"": 0.411, ""macro_f1"": 0.036932662441558295, ""validation_loss"": 2.975612109375, ""train_loss"": 3.27786647245619, ""seconds"": 0.3239753830000609, ""gpu_id"": 0, ""candidate_id"": 36, ""sample_weight"": 0.354287210681253}, {""client_id"": 9, ""model_family"": ""gru"", ""feature_ids"": [3, 4, 7, 9, 10, 21, 24], ""subset_size"": 7, ""micro_f1"": 0.7581, ""macro_f1"": 0.025364949460814985, ""validation_loss"": 1.2312394775390625, ""train_loss"": 2.1708241015116374, ""seconds"": 0.3297842420001871, ""gpu_id"": 1, ""candidate_id"": 36, ""sample_weight"": 0.12090074249549396}, {""client_id"": 10, ""model_family"": ""transformer"", ""feature_ids"": [3, 4, 7, 9, 10, 21, 24], ""subset_size"": 7, ""micro_f1"": 0.5967, ""macro_f1"": 0.05422425029741076, ""validation_loss"": 1.1805248291015624, ""train_loss"": 1.6246165431128607, ""seconds"": 0.7679350309999791, ""gpu_id"": 1, ""candidate_id"": 36, ""sample_weight"": 0.11011103958316146}]"
37,4,3700,"[3, 4, 7, 9, 10, 21, 24]","[""UDP"", ""fin_count"", ""syn_count"", ""Rate"", ""IAT"", ""ICMP"", ""DNS""]",7,0.6685914633226058,0.048223256634793675,0.6687718629837036,0.72,0.6479819600338902,180,10300,"[{""client_id"": 1, ""model_family"": ""cnn1d"", ""feature_ids"": [3, 4, 7, 9, 10, 21, 24], ""subset_size"": 7, ""micro_f1"": 0.8775380710659898, ""macro_f1"": 0.02749339005625907, ""validation_loss"": 1.35233434686806, ""train_loss"": 1.9458522402292178, ""seconds"": 0.10249288399995748, ""gpu_id"": 0, ""candidate_id"": 37, ""sample_weight"": 0.0008752009911046531}, {""client_id"": 2, ""model_family"": ""cnn1d"", ""feature_ids"": [3, 4, 7, 9, 10, 21, 24], ""subset_size"": 7, ""micro_f1"": 0.7201, ""macro_f1"": 0.13334439447954405, ""validation_loss"": 1.1443342529296876, ""train_loss"": 1.809857614877489, ""seconds"": 0.3519468249999136, ""gpu_id"": 0, ""candidate_id"": 37, ""sample_weight"": 0.061408177662345804}, {""client_id"": 3, ""model_family"": ""cnn1d"", ""feature_ids"": [3, 4, 7, 9, 10, 21, 24], ""subset_size"": 7, ""micro_f1"": 0.8424, ""macro_f1"": 0.053192818558372386, ""validation_loss"": 0.6681159515380859, ""train_loss"": 1.1792177314652337, ""seconds"": 0.33699406499999895, ""gpu_id"": 1, ""candidate_id"": 37, ""sample_weight"": 0.10352608384640223}, {""client_id"": 4, ""model_family"": ""cnn1d"", ""feature_ids"": [3, 4, 7, 9, 10, 21, 24], ""subset_size"": 7, ""micro_f1"": 0.8961, ""macro_f1"": 0.048741482286517875, ""validation_loss"": 0.4895237365722656, ""train_loss"": 1.0365857632954916, ""seconds"": 0.32229604400004064, ""gpu_id"": 0, ""candidate_id"": 37, ""sample_weight"": 0.05331880053778213}, {""client_id"": 5, ""model_family"": ""cnn1d"", ""feature_ids"": [3, 4, 7, 9, 10, 21, 24], ""subset_size"": 7, ""micro_f1"": 0.9615, ""macro_f1"": 0.05721012942589063, ""validation_loss"": 0.25067114868164064, ""train_loss"": 0.776958635099729, ""seconds"": 0.3209591790000559, ""gpu_id"": 0, ""candidate_id"": 37, ""sample_weight"": 0.07030155005722065}, {""client_id"": 6, ""model_family"": ""cnn1d"", ""feature_ids"": [3, 4, 7, 9, 10, 21, 24], ""subset_size"": 7, ""micro_f1"": 0.9968, ""macro_f1"": 0.05861558896984498, ""validation_loss"": 0.0971859619140625, ""train_loss"": 0.5927599582605891, ""seconds"": 0.3183468519998769, ""gpu_id"": 0, ""candidate_id"": 37, ""sample_weight"": 0.07459801933327874}, {""client_id"": 7, ""model_family"": ""gru"", ""feature_ids"": [3, 4, 7, 9, 10, 21, 24], ""subset_size"": 7, ""micro_f1"": 0.8645, ""macro_f1"": 0.027274304733961165, ""validation_loss"": 0.8457505737304688, ""train_loss"": 2.0076729033258225, ""seconds"": 0.341769050000039, ""gpu_id"": 1, ""candidate_id"": 37, ""sample_weight"": 0.05067317481195735}, {""client_id"": 8, ""model_family"": ""gru"", ""feature_ids"": [3, 4, 7, 9, 10, 21, 24], ""subset_size"": 7, ""micro_f1"": 0.4107, ""macro_f1"": 0.036955046157339536, ""validation_loss"": 2.9753904296875, ""train_loss"": 3.277850584962633, ""seconds"": 0.35971265299986044, ""gpu_id"": 0, ""candidate_id"": 37, ""sample_weight"": 0.354287210681253}, {""client_id"": 9, ""model_family"": ""gru"", ""feature_ids"": [3, 4, 7, 9, 10, 21, 24], ""subset_size"": 7, ""micro_f1"": 0.7581, ""macro_f1"": 0.025364949460814985, ""validation_loss"": 1.2319719116210937, ""train_loss"": 2.172391529591878, ""seconds"": 0.322395207999989, ""gpu_id"": 1, ""candidate_id"": 37, ""sample_weight"": 0.12090074249549396}, {""client_id"": 10, ""model_family"": ""transformer"", ""feature_ids"": [3, 4, 7, 9, 10, 21, 24], ""subset_size"": 7, ""micro_f1"": 0.5966, ""macro_f1"": 0.05420974960643738, ""validation_loss"": 1.180564794921875, ""train_loss"": 1.624217650519477, ""seconds"": 0.7272812749999957, ""gpu_id"": 1, ""candidate_id"": 37, ""sample_weight"": 0.11011103958316146}]"
38,4,3800,"[3, 4, 7, 9, 10, 21, 24]","[""UDP"", ""fin_count"", ""syn_count"", ""Rate"", ""IAT"", ""ICMP"", ""DNS""]",7,0.6686393256361636,0.04822926846474834,0.6682881116867065,0.72,0.6480351213949457,180,10480,"[{""client_id"": 1, ""model_family"": ""cnn1d"", ""feature_ids"": [3, 4, 7, 9, 10, 21, 24], ""subset_size"": 7, ""micro_f1"": 0.8775380710659898, ""macro_f1"": 0.02749339005625907, ""validation_loss"": 1.350595077282281, ""train_loss"": 1.9453259960985156, ""seconds"": 0.12447764699982145, ""gpu_id"": 0, ""candidate_id"": 38, ""sample_weight"": 0.0008752009911046531}, {""client_id"": 2, ""model_family"": ""cnn1d"", ""feature_ids"": [3, 4, 7, 9, 10, 21, 24], ""subset_size"": 7, ""micro_f1"": 0.7205, ""macro_f1"": 0.1334552209446576, ""validation_loss"": 1.1425985961914062, ""train_loss"": 1.8092782732857597, ""seconds"": 0.32221350400004667, ""gpu_id"": 0, ""candidate_id"": 38, ""sample_weight"": 0.061408177662345804}, {""client_id"": 3, ""model_family"": ""cnn1d"", ""feature_ids"": [3, 4, 7, 9, 10, 21, 24], ""subset_size"": 7, ""micro_f1"": 0.8425, ""macro_f1"": 0.05319976598273952, ""validation_loss"": 0.666356005859375, ""train_loss"": 1.176858129395379, ""seconds"": 0.3439756490001855, ""gpu_id"": 1, ""candidate_id"": 38, ""sample_weight"": 0.10352608384640223}, {""client_id"": 4, ""model_family"": ""cnn1d"", ""feature_ids"": [3, 4, 7, 9, 10, 21, 24], ""subset_size"": 7, ""micro_f1"": 0.8964, ""macro_f1"": 0.04873286938523106, ""validation_loss"": 0.4900595886230469, ""train_loss"": 1.037585125843684, ""seconds"": 0.3286580630001481, ""gpu_id"": 0, ""candidate_id"": 38, ""sample_weight"": 0.05331880053778213}, {""client_id"": 5, ""model_family"": ""cnn1d"", ""feature_ids"": [3, 4, 7, 9, 10, 21, 24], ""subset_size"": 7, ""micro_f1"": 0.9613, ""macro_f1"": 0.0571996189029013, ""validation_loss"": 0.25226109619140624, ""train_loss"": 0.7769494632403056, ""seconds"": 0.349147050999818, ""gpu_id"": 0, ""candidate_id"": 38, ""sample_weight"": 0.07030155005722065}, {""client_id"": 6, ""model_family"": ""cnn1d"", ""feature_ids"": [3, 4, 7, 9, 10, 21, 24], ""subset_size"": 7, ""micro_f1"": 0.9968, ""macro_f1"": 0.05861558896984498, ""validation_loss"": 0.09656910095214843, ""train_loss"": 0.5931617611712879, ""seconds"": 0.3760387700001502, ""gpu_id"": 0, ""candidate_id"": 38, ""sample_weight"": 0.07459801933327874}, {""client_id"": 7, ""model_family"": ""gru"", ""feature_ids"": [3, 4, 7, 9, 10, 21, 24], ""subset_size"": 7, ""micro_f1"": 0.8645, ""macro_f1"": 0.027274304733961165, ""validation_loss"": 0.8455855224609375, ""train_loss"": 2.0080158745659724, ""seconds"": 0.33750182099993253, ""gpu_id"": 1, ""candidate_id"": 38, ""sample_weight"": 0.05067317481195735}, {""client_id"": 8, ""model_family"": ""gru"", ""feature_ids"": [3, 4, 7, 9, 10, 21, 24], ""subset_size"": 7, ""micro_f1"": 0.4107, ""macro_f1"": 0.0369514360360777, ""validation_loss"": 2.9756291015625, ""train_loss"": 3.277870984056261, ""seconds"": 0.3663493799999742, ""gpu_id"": 0, ""candidate_id"": 38, ""sample_weight"": 0.354287210681253}, {""client_id"": 9, ""model_family"": ""gru"", ""feature_ids"": [3, 4, 7, 9, 10, 21, 24], ""subset_size"": 7, ""micro_f1"": 0.7581, ""macro_f1"": 0.025364949460814985, ""validation_loss"": 1.2318620361328125, ""train_loss"": 2.1715235800213284, ""seconds"": 0.36270306899996285, ""gpu_id"": 1, ""candidate_id"": 38, ""sample_weight"": 0.12090074249549396}, {""client_id"": 10, ""model_family"": ""transformer"", ""feature_ids"": [3, 4, 7, 9, 10, 21, 24], ""subset_size"": 7, ""micro_f1"": 0.5967, ""macro_f1"": 0.05421850526324792, ""validation_loss"": 1.1801051513671874, ""train_loss"": 1.6245887261920504, ""seconds"": 0.7938158150000163, ""gpu_id"": 1, ""candidate_id"": 38, ""sample_weight"": 0.11011103958316146}]"
39,4,3900,"[3, 4, 7, 9, 10, 21, 24]","[""UDP"", ""fin_count"", ""syn_count"", ""Rate"", ""IAT"", ""ICMP"", ""DNS""]",7,0.6686862898845363,0.04823122991001337,0.6688112616539001,0.72,0.6479875028230636,180,10660,"[{""client_id"": 1, ""model_family"": ""cnn1d"", ""feature_ids"": [3, 4, 7, 9, 10, 21, 24], ""subset_size"": 7, ""micro_f1"": 0.8775380710659898, ""macro_f1"": 0.02749339005625907, ""validation_loss"": 1.350377349078958, ""train_loss"": 1.944936197824688, ""seconds"": 0.11375798499989287, ""gpu_id"": 0, ""candidate_id"": 39, ""sample_weight"": 0.0008752009911046531}, {""client_id"": 2, ""model_family"": ""cnn1d"", ""feature_ids"": [3, 4, 7, 9, 10, 21, 24], ""subset_size"": 7, ""micro_f1"": 0.721, ""macro_f1"": 0.13344436566619436, ""validation_loss"": 1.1430968872070313, ""train_loss"": 1.8103086566289266, ""seconds"": 0.3278185730000587, ""gpu_id"": 0, ""candidate_id"": 39, ""sample_weight"": 0.061408177662345804}, {""client_id"": 3, ""model_family"": ""cnn1d"", ""feature_ids"": [3, 4, 7, 9, 10, 21, 24], ""subset_size"": 7, ""micro_f1"": 0.8425, ""macro_f1"": 0.05319976598273952, ""validation_loss"": 0.6666670959472656, ""train_loss"": 1.177507291264004, ""seconds"": 0.327741154000023, ""gpu_id"": 1, ""candidate_id"": 39, ""sample_weight"": 0.10352608384640223}, {""client_id"": 4, ""model_family"": ""cnn1d"", ""feature_ids"": [3, 4, 7, 9, 10, 21, 24], ""subset_size"": 7, ""micro_f1"": 0.8953, ""macro_f1"": 0.048746147150712085, ""validation_loss"": 0.4903839782714844, ""train_loss"": 1.0375062716431087, ""seconds"": 0.35214904400004343, ""gpu_id"": 0, ""candidate_id"": 39, ""sample_weight"": 0.05331880053778213}, {""client_id"": 5, ""model_family"": ""cnn1d"", ""feature_ids"": [3, 4, 7, 9, 10, 21, 24], ""subset_size"": 7, ""micro_f1"": 0.9611, ""macro_f1"": 0.05717104687705334, ""validation_loss"": 0.2510659942626953, ""train_loss"": 0.776869853427675, ""seconds"": 0.3502451370000017, ""gpu_id"": 0, ""candidate_id"": 39, ""sample_weight"": 0.07030155005722065}, {""client_id"": 6, ""model_family"": ""cnn1d"", ""feature_ids"": [3, 4, 7, 9, 10, 21, 24], ""subset_size"": 7, ""micro_f1"": 0.9966, ""macro_f1"": 0.058592520736681385, ""validation_loss"": 0.09768436279296876, ""train_loss"": 0.5931895670215289, ""seconds"": 0.34128907700005584, ""gpu_id"": 0, ""candidate_id"": 39, ""sample_weight"": 0.07459801933327874}, {""client_id"": 7, ""model_family"": ""gru"", ""feature_ids"": [3, 4, 7, 9, 10, 21, 24], ""subset_size"": 7, ""micro_f1"": 0.8645, ""macro_f1"": 0.027274304733961165, ""validation_loss"": 0.8455217895507813, ""train_loss"": 2.0076692732916936, ""seconds"": 0.3563984749998781, ""gpu_id"": 1, ""candidate_id"": 39, ""sample_weight"": 0.05067317481195735}, {""client_id"": 8, ""model_family"": ""gru"", ""feature_ids"": [3, 4, 7, 9, 10, 21, 24], ""subset_size"": 7, ""micro_f1"": 0.4109, ""macro_f1"": 0.036956873177541455, ""validation_loss"": 2.9755421875, ""train_loss"": 3.277891384930081, ""seconds"": 0.31163989800006675, ""gpu_id"": 0, ""candidate_id"": 39, ""sample_weight"": 0.354287210681253}, {""client_id"": 9, ""model_family"": ""gru"", ""feature_ids"": [3, 4, 7, 9, 10, 21, 24], ""subset_size"": 7, ""micro_f1"": 0.7581, ""macro_f1"": 0.025364949460814985, ""validation_loss"": 1.2315417724609374, ""train_loss"": 2.1720255924012926, ""seconds"": 0.3576601669997217, ""gpu_id"": 1, ""candidate_id"": 39, ""sample_weight"": 0.12090074249549396}, {""client_id"": 10, ""model_family"": ""transformer"", ""feature_ids"": [3, 4, 7, 9, 10, 21, 24], ""subset_size"": 7, ""micro_f1"": 0.597, ""macro_f1"": 0.054252319185484336, ""validation_loss"": 1.180976220703125, ""train_loss"": 1.6243677104738024, ""seconds"": 0.7153860960002021, ""gpu_id"": 1, ""candidate_id"": 39, ""sample_weight"": 0.11011103958316146}]"
40,4,4000,"[3, 4, 7, 9, 10, 21, 24]","[""UDP"", ""fin_count"", ""syn_count"", ""Rate"", ""IAT"", ""ICMP"", ""DNS""]",7,0.6686182849040849,0.048158494177800215,0.6687066555023193,0.72,0.6479911629401766,180,10840,"[{""client_id"": 1, ""model_family"": ""cnn1d"", ""feature_ids"": [3, 4, 7, 9, 10, 21, 24], ""subset_size"": 7, ""micro_f1"": 0.8775380710659898, ""macro_f1"": 0.02749339005625907, ""validation_loss"": 1.352081298828125, ""train_loss"": 1.9451985491310482, ""seconds"": 0.10734960199988564, ""gpu_id"": 0, ""candidate_id"": 40, ""sample_weight"": 0.0008752009911046531}, {""client_id"": 2, ""model_family"": ""cnn1d"", ""feature_ids"": [3, 4, 7, 9, 10, 21, 24], ""subset_size"": 7, ""micro_f1"": 0.7199, ""macro_f1"": 0.13236598974415828, ""validation_loss"": 1.1452300170898437, ""train_loss"": 1.8101846167670357, ""seconds"": 0.3279867020000893, ""gpu_id"": 0, ""candidate_id"": 40, ""sample_weight"": 0.061408177662345804}, {""client_id"": 3, ""model_family"": ""cnn1d"", ""feature_ids"": [3, 4, 7, 9, 10, 21, 24], ""subset_size"": 7, ""micro_f1"": 0.8424, ""macro_f1"": 0.05319339991435223, ""validation_loss"": 0.6673597534179687, ""train_loss"": 1.1772692846192254, ""seconds"": 0.32333627100024387, ""gpu_id"": 1, ""candidate_id"": 40, ""sample_weight"": 0.10352608384640223}, {""client_id"": 4, ""model_family"": ""cnn1d"", ""feature_ids"": [3, 4, 7, 9, 10, 21, 24], ""subset_size"": 7, ""micro_f1"": 0.8959, ""macro_f1"": 0.04871791411783327, ""validation_loss"": 0.49013356323242185, ""train_loss"": 1.037043280389574, ""seconds"": 0.32021667800017894, ""gpu_id"": 0, ""candidate_id"": 40, ""sample_weight"": 0.05331880053778213}, {""client_id"": 5, ""model_family"": ""cnn1d"", ""feature_ids"": [3, 4, 7, 9, 10, 21, 24], ""subset_size"": 7, ""micro_f1"": 0.9612, ""macro_f1"": 0.05718265066011589, ""validation_loss"": 0.24920091552734375, ""train_loss"": 0.7770602691332499, ""seconds"": 0.3262841060000028, ""gpu_id"": 0, ""candidate_id"": 40, ""sample_weight"": 0.07030155005722065}, {""client_id"": 6, ""model_family"": ""cnn1d"", ""feature_ids"": [3, 4, 7, 9, 10, 21, 24], ""subset_size"": 7, ""micro_f1"": 0.9968, ""macro_f1"": 0.05861558896984498, ""validation_loss"": 0.09744197387695312, ""train_loss"": 0.5931893727527724, ""seconds"": 0.37133809300030407, ""gpu_id"": 0, ""candidate_id"": 40, ""sample_weight"": 0.07459801933327874}, {""client_id"": 7, ""model_family"": ""gru"", ""feature_ids"": [3, 4, 7, 9, 10, 21, 24], ""subset_size"": 7, ""micro_f1"": 0.8645, ""macro_f1"": 0.027274304733961165, ""validation_loss"": 0.8452485473632813, ""train_loss"": 2.00836732723448, ""seconds"": 0.32748366400028317, ""gpu_id"": 1, ""candidate_id"": 40, ""sample_weight"": 0.05067317481195735}, {""client_id"": 8, ""model_family"": ""gru"", ""feature_ids"": [3, 4, 7, 9, 10, 21, 24], ""subset_size"": 7, ""micro_f1"": 0.4109, ""macro_f1"": 0.03694967250465065, ""validation_loss"": 2.9755134765625, ""train_loss"": 3.2778486328125, ""seconds"": 0.3417402999998558, ""gpu_id"": 0, ""candidate_id"": 40, ""sample_weight"": 0.354287210681253}, {""client_id"": 9, ""model_family"": ""gru"", ""feature_ids"": [3, 4, 7, 9, 10, 21, 24], ""subset_size"": 7, ""micro_f1"": 0.7581, ""macro_f1"": 0.025364949460814985, ""validation_loss"": 1.2317205932617188, ""train_loss"": 2.172553725920783, ""seconds"": 0.3348627669997768, ""gpu_id"": 1, ""candidate_id"": 40, ""sample_weight"": 0.12090074249549396}, {""client_id"": 10, ""model_family"": ""transformer"", ""feature_ids"": [3, 4, 7, 9, 10, 21, 24], ""subset_size"": 7, ""micro_f1"": 0.5966, ""macro_f1"": 0.05421294321946006, ""validation_loss"": 1.179921484375, ""train_loss"": 1.6237468927383423, ""seconds"": 0.770953019999979, ""gpu_id"": 1, ""candidate_id"": 40, ""sample_weight"": 0.11011103958316146}]"
41,5,4100,"[3, 4, 7, 9, 10, 21, 24]","[""UDP"", ""fin_count"", ""syn_count"", ""Rate"", ""IAT"", ""ICMP"", ""DNS""]",7,0.6685234359839282,0.048177146638322,0.6685407757759094,0.72,0.6479982660208019,180,11020,"[{""client_id"": 1, ""model_family"": ""cnn1d"", ""feature_ids"": [3, 4, 7, 9, 10, 21, 24], ""subset_size"": 7, ""micro_f1"": 0.8775380710659898, ""macro_f1"": 0.02749339005625907, ""validation_loss"": 1.351130141824635, ""train_loss"": 1.9456814247473981, ""seconds"": 0.12343550400009917, ""gpu_id"": 0, ""candidate_id"": 41, ""sample_weight"": 0.0008752009911046531}, {""client_id"": 2, ""model_family"": ""cnn1d"", ""feature_ids"": [3, 4, 7, 9, 10, 21, 24], ""subset_size"": 7, ""micro_f1"": 0.7199, ""macro_f1"": 0.13265688639985934, ""validation_loss"": 1.1421442138671876, ""train_loss"": 1.8097518126593697, ""seconds"": 0.36035675399989486, ""gpu_id"": 0, ""candidate_id"": 41, ""sample_weight"": 0.061408177662345804}, {""client_id"": 3, ""model_family"": ""cnn1d"", ""feature_ids"": [3, 4, 7, 9, 10, 21, 24], ""subset_size"": 7, ""micro_f1"": 0.8422, ""macro_f1"": 0.053180088153179976, ""validation_loss"": 0.6684332580566407, ""train_loss"": 1.1786647893799675, ""seconds"": 0.3684999280003467, ""gpu_id"": 1, ""candidate_id"": 41, ""sample_weight"": 0.10352608384640223}, {""client_id"": 4, ""model_family"": ""cnn1d"", ""feature_ids"": [3, 4, 7, 9, 10, 21, 24], ""subset_size"": 7, ""micro_f1"": 0.8955, ""macro_f1"": 0.04873379010970253, ""validation_loss"": 0.49219348754882813, ""train_loss"": 1.0366234852049085, ""seconds"": 0.32727221699997244, ""gpu_id"": 0, ""candidate_id"": 41, ""sample_weight"": 0.05331880053778213}, {""client_id"": 5, ""model_family"": ""cnn1d"", ""feature_ids"": [3, 4, 7, 9, 10, 21, 24], ""subset_size"": 7, ""micro_f1"": 0.9613, ""macro_f1"": 0.05718177886552839, ""validation_loss"": 0.25100785217285154, ""train_loss"": 0.7778458556440141, ""seconds"": 0.35895878000019366, ""gpu_id"": 0, ""candidate_id"": 41, ""sample_weight"": 0.07030155005722065}, {""client_id"": 6, ""model_family"": ""cnn1d"", ""feature_ids"": [3, 4, 7, 9, 10, 21, 24], ""subset_size"": 7, ""micro_f1"": 0.9968, ""macro_f1"": 0.05861558896984498, ""validation_loss"": 0.09819400024414063, ""train_loss"": 0.5939579216917356, ""seconds"": 0.31201259499994194, ""gpu_id"": 0, ""candidate_id"": 41, ""sample_weight"": 0.07459801933327874}, {""client_id"": 7, ""model_family"": ""gru"", ""feature_ids"": [3, 4, 7, 9, 10, 21, 24], ""subset_size"": 7, ""micro_f1"": 0.8645, ""macro_f1"": 0.027274304733961165, ""validation_loss"": 0.8462092529296875, ""train_loss"": 2.0083358994907803, ""seconds"": 0.3347267290000673, ""gpu_id"": 1, ""candidate_id"": 41, ""sample_weight"": 0.05067317481195735}, {""client_id"": 8, ""model_family"": ""gru"", ""feature_ids"": [3, 4, 7, 9, 10, 21, 24], ""subset_size"": 7, ""micro_f1"": 0.4107, ""macro_f1"": 0.0369514360360777, ""validation_loss"": 2.9756240234375, ""train_loss"": 3.277864844809638, ""seconds"": 0.37503388499999346, ""gpu_id"": 0, ""candidate_id"": 41, ""sample_weight"": 0.354287210681253}, {""client_id"": 9, ""model_family"": ""gru"", ""feature_ids"": [3, 4, 7, 9, 10, 21, 24], ""subset_size"": 7, ""micro_f1"": 0.7581, ""macro_f1"": 0.025364949460814985, ""validation_loss"": 1.2310501342773437, ""train_loss"": 2.1704269959979587, ""seconds"": 0.3763650749997396, ""gpu_id"": 1, ""candidate_id"": 41, ""sample_weight"": 0.12090074249549396}, {""client_id"": 10, ""model_family"": ""transformer"", ""feature_ids"": [3, 4, 7, 9, 10, 21, 24], ""subset_size"": 7, ""micro_f1"": 0.5967, ""macro_f1"": 0.054219819410530674, ""validation_loss"": 1.1808076171875, ""train_loss"": 1.625058808347914, ""seconds"": 0.7385541280000325, ""gpu_id"": 1, ""candidate_id"": 41, ""sample_weight"": 0.11011103958316146}]"
42,5,4200,"[3, 4, 7, 9, 10, 21, 24]","[""UDP"", ""fin_count"", ""syn_count"", ""Rate"", ""IAT"", ""ICMP"", ""DNS""]",7,0.6687078940118271,0.048223221010563116,0.6685159802436829,0.72,0.6480191913768144,180,11200,"[{""client_id"": 1, ""model_family"": ""cnn1d"", ""feature_ids"": [3, 4, 7, 9, 10, 21, 24], ""subset_size"": 7, ""micro_f1"": 0.8775380710659898, ""macro_f1"": 0.02749339005625907, ""validation_loss"": 1.3498620357610247, ""train_loss"": 1.9439924506232085, ""seconds"": 0.12244026700000177, ""gpu_id"": 0, ""candidate_id"": 42, ""sample_weight"": 0.0008752009911046531}, {""client_id"": 2, ""model_family"": ""cnn1d"", ""feature_ids"": [3, 4, 7, 9, 10, 21, 24], ""subset_size"": 7, ""micro_f1"": 0.721, ""macro_f1"": 0.1334083984647791, ""validation_loss"": 1.1425876098632812, ""train_loss"": 1.809160678630405, ""seconds"": 0.3388611549999041, ""gpu_id"": 0, ""candidate_id"": 42, ""sample_weight"": 0.061408177662345804}, {""client_id"": 3, ""model_family"": ""cnn1d"", ""feature_ids"": [3, 4, 7, 9, 10, 21, 24], ""subset_size"": 7, ""micro_f1"": 0.8422, ""macro_f1"": 0.053180088153179976, ""validation_loss"": 0.6682126525878906, ""train_loss"": 1.1790361163775127, ""seconds"": 0.3576373450000574, ""gpu_id"": 1, ""candidate_id"": 42, ""sample_weight"": 0.10352608384640223}, {""client_id"": 4, ""model_family"": ""cnn1d"", ""feature_ids"": [3, 4, 7, 9, 10, 21, 24], ""subset_size"": 7, ""micro_f1"": 0.8961, ""macro_f1"": 0.048824090747257416, ""validation_loss"": 0.49109271240234376, ""train_loss"": 1.0370037101374732, ""seconds"": 0.34349096799996914, ""gpu_id"": 0, ""candidate_id"": 42, ""sample_weight"": 0.05331880053778213}, {""client_id"": 5, ""model_family"": ""cnn1d"", ""feature_ids"": [3, 4, 7, 9, 10, 21, 24], ""subset_size"": 7, ""micro_f1"": 0.9615, ""macro_f1"": 0.05719589072116805, ""validation_loss"": 0.25148909606933595, ""train_loss"": 0.7775156935241487, ""seconds"": 0.331181196000216, ""gpu_id"": 0, ""candidate_id"": 42, ""sample_weight"": 0.07030155005722065}, {""client_id"": 6, ""model_family"": ""cnn1d"", ""feature_ids"": [3, 4, 7, 9, 10, 21, 24], ""subset_size"": 7, ""micro_f1"": 0.9968, ""macro_f1"": 0.05861558896984498, ""validation_loss"": 0.09750190124511719, ""train_loss"": 0.5947357252399127, ""seconds"": 0.3204932150001696, ""gpu_id"": 0, ""candidate_id"": 42, ""sample_weight"": 0.07459801933327874}, {""client_id"": 7, ""model_family"": ""gru"", ""feature_ids"": [3, 4, 7, 9, 10, 21, 24], ""subset_size"": 7, ""micro_f1"": 0.8645, ""macro_f1"": 0.027274304733961165, ""validation_loss"": 0.8458042236328125, ""train_loss"": 2.0088590479956734, ""seconds"": 0.3477990419996786, ""gpu_id"": 1, ""candidate_id"": 42, ""sample_weight"": 0.05067317481195735}, {""client_id"": 8, ""model_family"": ""gru"", ""feature_ids"": [3, 4, 7, 9, 10, 21, 24], ""subset_size"": 7, ""micro_f1"": 0.4109, ""macro_f1"": 0.036942480718652006, ""validation_loss"": 2.975563671875, ""train_loss"": 3.2778504352145723, ""seconds"": 0.32248845899994194, ""gpu_id"": 0, ""candidate_id"": 42, ""sample_weight"": 0.354287210681253}, {""client_id"": 9, ""model_family"": ""gru"", ""feature_ids"": [3, 4, 7, 9, 10, 21, 24], ""subset_size"": 7, ""micro_f1"": 0.7581, ""macro_f1"": 0.025364949460814985, ""validation_loss"": 1.2312796630859375, ""train_loss"": 2.17077318710751, ""seconds"": 0.33869223700003204, ""gpu_id"": 1, ""candidate_id"": 42, ""sample_weight"": 0.12090074249549396}, {""client_id"": 10, ""model_family"": ""transformer"", ""feature_ids"": [3, 4, 7, 9, 10, 21, 24], ""subset_size"": 7, ""micro_f1"": 0.5967, ""macro_f1"": 0.05419521999939542, ""validation_loss"": 1.1821510986328125, ""train_loss"": 1.6257449227862888, ""seconds"": 0.6991654250000465, ""gpu_id"": 1, ""candidate_id"": 42, ""sample_weight"": 0.11011103958316146}]"
43,5,4300,"[3, 4, 7, 9, 10, 21, 24]","[""UDP"", ""fin_count"", ""syn_count"", ""Rate"", ""IAT"", ""ICMP"", ""DNS""]",7,0.6686714380032337,0.048256290701675704,0.6687510013580322,0.72,0.6479920436645201,180,11380,"[{""client_id"": 1, ""model_family"": ""cnn1d"", ""feature_ids"": [3, 4, 7, 9, 10, 21, 24], ""subset_size"": 7, ""micro_f1"": 0.8775380710659898, ""macro_f1"": 0.02749339005625907, ""validation_loss"": 1.3518026903801157, ""train_loss"": 1.945261163625486, ""seconds"": 0.12494808300016302, ""gpu_id"": 0, ""candidate_id"": 43, ""sample_weight"": 0.0008752009911046531}, {""client_id"": 2, ""model_family"": ""cnn1d"", ""feature_ids"": [3, 4, 7, 9, 10, 21, 24], ""subset_size"": 7, ""micro_f1"": 0.722, ""macro_f1"": 0.13393590376286035, ""validation_loss"": 1.1434239624023437, ""train_loss"": 1.8101282985687255, ""seconds"": 0.365717037000195, ""gpu_id"": 0, ""candidate_id"": 43, ""sample_weight"": 0.061408177662345804}, {""client_id"": 3, ""model_family"": ""cnn1d"", ""feature_ids"": [3, 4, 7, 9, 10, 21, 24], ""subset_size"": 7, ""micro_f1"": 0.8422, ""macro_f1"": 0.053180088153179976, ""validation_loss"": 0.6672863159179687, ""train_loss"": 1.1773324919806587, ""seconds"": 0.37442025599966655, ""gpu_id"": 1, ""candidate_id"": 43, ""sample_weight"": 0.10352608384640223}, {""client_id"": 4, ""model_family"": ""cnn1d"", ""feature_ids"": [3, 4, 7, 9, 10, 21, 24], ""subset_size"": 7, ""micro_f1"": 0.8958, ""macro_f1"": 0.048723224687239226, ""validation_loss"": 0.4903821594238281, ""train_loss"": 1.0367171142790053, ""seconds"": 0.3118748410001899, ""gpu_id"": 0, ""candidate_id"": 43, ""sample_weight"": 0.05331880053778213}, {""client_id"": 5, ""model_family"": ""cnn1d"", ""feature_ids"": [3, 4, 7, 9, 10, 21, 24], ""subset_size"": 7, ""micro_f1"": 0.9615, ""macro_f1"": 0.0572001298735282, ""validation_loss"": 0.25218368225097654, ""train_loss"": 0.7778192308213976, ""seconds"": 0.3325263630003974, ""gpu_id"": 0, ""candidate_id"": 43, ""sample_weight"": 0.07030155005722065}, {""client_id"": 6, ""model_family"": ""cnn1d"", ""feature_ids"": [3, 4, 7, 9, 10, 21, 24], ""subset_size"": 7, ""micro_f1"": 0.9968, ""macro_f1"": 0.05861558896984498, ""validation_loss"": 0.09715449523925782, ""train_loss"": 0.5933093801021576, ""seconds"": 0.348437315999945, ""gpu_id"": 0, ""candidate_id"": 43, ""sample_weight"": 0.07459801933327874}, {""client_id"": 7, ""model_family"": ""gru"", ""feature_ids"": [3, 4, 7, 9, 10, 21, 24], ""subset_size"": 7, ""micro_f1"": 0.8645, ""macro_f1"": 0.027274304733961165, ""validation_loss"": 0.8460513061523437, ""train_loss"": 2.0074520767741735, ""seconds"": 0.3361020610000196, ""gpu_id"": 1, ""candidate_id"": 43, ""sample_weight"": 0.05067317481195735}, {""client_id"": 8, ""model_family"": ""gru"", ""feature_ids"": [3, 4, 7, 9, 10, 21, 24], ""subset_size"": 7, ""micro_f1"": 0.4107, ""macro_f1"": 0.0369514360360777, ""validation_loss"": 2.975408203125, ""train_loss"": 3.2777736549801295, ""seconds"": 0.35268664300019736, ""gpu_id"": 0, ""candidate_id"": 43, ""sample_weight"": 0.354287210681253}, {""client_id"": 9, ""model_family"": ""gru"", ""feature_ids"": [3, 4, 7, 9, 10, 21, 24], ""subset_size"": 7, ""micro_f1"": 0.7581, ""macro_f1"": 0.025364949460814985, ""validation_loss"": 1.232041357421875, ""train_loss"": 2.172799151992798, ""seconds"": 0.3432862190002197, ""gpu_id"": 1, ""candidate_id"": 43, ""sample_weight"": 0.12090074249549396}, {""client_id"": 10, ""model_family"": ""transformer"", ""feature_ids"": [3, 4, 7, 9, 10, 21, 24], ""subset_size"": 7, ""micro_f1"": 0.5966, ""macro_f1"": 0.05421868572982298, ""validation_loss"": 1.180589404296875, ""train_loss"": 1.6249238462871975, ""seconds"": 0.7542596590001267, ""gpu_id"": 1, ""candidate_id"": 43, ""sample_weight"": 0.11011103958316146}]"
44,5,4400,"[1, 3, 8, 12, 13, 14, 16, 18, 21, 23, 24]","[""AVG"", ""UDP"", ""Protocol Type"", ""rst_flag_number"", ""Tot sum"", ""HTTPS"", ""fin_flag_number"", ""rst_count"", ""ICMP"", ""ARP"", ""DNS""]",11,0.5992433470409488,0.037611809854311645,0.6949253678321838,0.56,0.4944317979208766,260,11640,"[{""client_id"": 1, ""model_family"": ""cnn1d"", ""feature_ids"": [1, 3, 8, 12, 13, 14, 16, 18, 21, 23, 24], ""subset_size"": 11, ""micro_f1"": 0.8775380710659898, ""macro_f1"": 0.02749339005625907, ""validation_loss"": 1.4553560363459708, ""train_loss"": 2.013252830209533, ""seconds"": 0.12998292300017056, ""gpu_id"": 0, ""candidate_id"": 44, ""sample_weight"": 0.0008752009911046531}, {""client_id"": 2, ""model_family"": ""cnn1d"", ""feature_ids"": [1, 3, 8, 12, 13, 14, 16, 18, 21, 23, 24], ""subset_size"": 11, ""micro_f1"": 0.522, ""macro_f1"": 0.0656819595764796, ""validation_loss"": 1.56132099609375, ""train_loss"": 2.2392790693071154, ""seconds"": 0.3795302640000955, ""gpu_id"": 0, ""candidate_id"": 44, ""sample_weight"": 0.061408177662345804}, {""client_id"": 3, ""model_family"": ""cnn1d"", ""feature_ids"": [1, 3, 8, 12, 13, 14, 16, 18, 21, 23, 24], ""subset_size"": 11, ""micro_f1"": 0.8213, ""macro_f1"": 0.05164675638978046, ""validation_loss"": 0.8232262329101563, ""train_loss"": 1.445029964266883, ""seconds"": 0.3796521910003321, ""gpu_id"": 1, ""candidate_id"": 44, ""sample_weight"": 0.10352608384640223}, {""client_id"": 4, ""model_family"": ""cnn1d"", ""feature_ids"": [1, 3, 8, 12, 13, 14, 16, 18, 21, 23, 24], ""subset_size"": 11, ""micro_f1"": 0.8976, ""macro_f1"": 0.0497428466037177, ""validation_loss"": 0.4497840576171875, ""train_loss"": 1.0441369159910414, ""seconds"": 0.33107427499999176, ""gpu_id"": 0, ""candidate_id"": 44, ""sample_weight"": 0.05331880053778213}, {""client_id"": 5, ""model_family"": ""cnn1d"", ""feature_ids"": [1, 3, 8, 12, 13, 14, 16, 18, 21, 23, 24], ""subset_size"": 11, ""micro_f1"": 0.9708, ""macro_f1"": 0.05801438104363501, ""validation_loss"": 0.256966943359375, ""train_loss"": 0.809375502067142, ""seconds"": 0.3556774159997076, ""gpu_id"": 0, ""candidate_id"": 44, ""sample_weight"": 0.07030155005722065}, {""client_id"": 6, ""model_family"": ""cnn1d"", ""feature_ids"": [1, 3, 8, 12, 13, 14, 16, 18, 21, 23, 24], ""subset_size"": 11, ""micro_f1"": 0.9957, ""macro_f1"": 0.05841675991189869, ""validation_loss"": 0.10057505493164062, ""train_loss"": 0.6233396811564763, ""seconds"": 0.365444215000025, ""gpu_id"": 0, ""candidate_id"": 44, ""sample_weight"": 0.07459801933327874}, {""client_id"": 7, ""model_family"": ""gru"", ""feature_ids"": [1, 3, 8, 12, 13, 14, 16, 18, 21, 23, 24], ""subset_size"": 11, ""micro_f1"": 0.8645, ""macro_f1"": 0.02728015727507676, ""validation_loss"": 0.7287625671386718, ""train_loss"": 1.4886005616082085, ""seconds"": 0.34159811800009265, ""gpu_id"": 1, ""candidate_id"": 44, ""sample_weight"": 0.05067317481195735}, {""client_id"": 8, ""model_family"": ""gru"", ""feature_ids"": [1, 3, 8, 12, 13, 14, 16, 18, 21, 23, 24], ""subset_size"": 11, ""micro_f1"": 0.2127, ""macro_f1"": 0.010727817594313413, ""validation_loss"": 2.5491421875, ""train_loss"": 3.057002192899916, ""seconds"": 0.31599547899986646, ""gpu_id"": 0, ""candidate_id"": 44, ""sample_weight"": 0.354287210681253}, {""client_id"": 9, ""model_family"": ""gru"", ""feature_ids"": [1, 3, 8, 12, 13, 14, 16, 18, 21, 23, 24], ""subset_size"": 11, ""micro_f1"": 0.7578, ""macro_f1"": 0.025370785764505004, ""validation_loss"": 1.19883955078125, ""train_loss"": 1.8895445060094198, ""seconds"": 0.3727740369999992, ""gpu_id"": 1, ""candidate_id"": 44, ""sample_weight"": 0.12090074249549396}, {""client_id"": 10, ""model_family"": ""transformer"", ""feature_ids"": [1, 3, 8, 12, 13, 14, 16, 18, 21, 23, 24], ""subset_size"": 11, ""micro_f1"": 0.7286, ""macro_f1"": 0.08054233043795543, ""validation_loss"": 1.070552001953125, ""train_loss"": 1.5334519001854792, ""seconds"": 0.7986245130000498, ""gpu_id"": 1, ""candidate_id"": 44, ""sample_weight"": 0.11011103958316146}]"
45,5,4500,"[3, 4, 7, 9, 10, 21, 24]","[""UDP"", ""fin_count"", ""syn_count"", ""Rate"", ""IAT"", ""ICMP"", ""DNS""]",7,0.6685484531451857,0.04819104795093918,0.6621285676956177,0.72,0.6486419885449568,180,11820,"[{""client_id"": 1, ""model_family"": ""cnn1d"", ""feature_ids"": [3, 4, 7, 9, 10, 21, 24], ""subset_size"": 7, ""micro_f1"": 0.8775380710659898, ""macro_f1"": 0.02749339005625907, ""validation_loss"": 1.3493685649736278, ""train_loss"": 1.9450569839983154, ""seconds"": 0.12289748100010911, ""gpu_id"": 0, ""candidate_id"": 45, ""sample_weight"": 0.0008752009911046531}, {""client_id"": 2, ""model_family"": ""cnn1d"", ""feature_ids"": [3, 4, 7, 9, 10, 21, 24], ""subset_size"": 7, ""micro_f1"": 0.7191, ""macro_f1"": 0.13284493885263857, ""validation_loss"": 1.1435066040039064, ""train_loss"": 1.8100523752212525, ""seconds"": 0.32082017399989127, ""gpu_id"": 0, ""candidate_id"": 45, ""sample_weight"": 0.061408177662345804}, {""client_id"": 3, ""model_family"": ""cnn1d"", ""feature_ids"": [3, 4, 7, 9, 10, 21, 24], ""subset_size"": 7, ""micro_f1"": 0.8422, ""macro_f1"": 0.053180088153179976, ""validation_loss"": 0.6661092224121093, ""train_loss"": 1.1773711239708795, ""seconds"": 0.3410671590004313, ""gpu_id"": 1, ""candidate_id"": 45, ""sample_weight"": 0.10352608384640223}, {""client_id"": 4, ""model_family"": ""cnn1d"", ""feature_ids"": [3, 4, 7, 9, 10, 21, 24], ""subset_size"": 7, ""micro_f1"": 0.8959, ""macro_f1"": 0.048826916705752635, ""validation_loss"": 0.489673291015625, ""train_loss"": 1.0366635146776835, ""seconds"": 0.3483999749996656, ""gpu_id"": 0, ""candidate_id"": 45, ""sample_weight"": 0.05331880053778213}, {""client_id"": 5, ""model_family"": ""cnn1d"", ""feature_ids"": [3, 4, 7, 9, 10, 21, 24], ""subset_size"": 7, ""micro_f1"": 0.9612, ""macro_f1"": 0.05718690375232983, ""validation_loss"": 0.2511001708984375, ""train_loss"": 0.7778554060618083, ""seconds"": 0.35615092599982745, ""gpu_id"": 0, ""candidate_id"": 45, ""sample_weight"": 0.07030155005722065}, {""client_id"": 6, ""model_family"": ""cnn1d"", ""feature_ids"": [3, 4, 7, 9, 10, 21, 24], ""subset_size"": 7, ""micro_f1"": 0.9968, ""macro_f1"": 0.05861558896984498, ""validation_loss"": 0.09684059448242187, ""train_loss"": 0.5929653076198366, ""seconds"": 0.3749559460002274, ""gpu_id"": 0, ""candidate_id"": 45, ""sample_weight"": 0.07459801933327874}, {""client_id"": 7, ""model_family"": ""gru"", ""feature_ids"": [3, 4, 7, 9, 10, 21, 24], ""subset_size"": 7, ""micro_f1"": 0.8645, ""macro_f1"": 0.027274304733961165, ""validation_loss"": 0.84563486328125, ""train_loss"": 2.0078571302731834, ""seconds"": 0.3604418049999367, ""gpu_id"": 1, ""candidate_id"": 45, ""sample_weight"": 0.05067317481195735}, {""client_id"": 8, ""model_family"": ""gru"", ""feature_ids"": [3, 4, 7, 9, 10, 21, 24], ""subset_size"": 7, ""micro_f1"": 0.4109, ""macro_f1"": 0.03694607550133024, ""validation_loss"": 2.975108984375, ""train_loss"": 3.277499261771308, ""seconds"": 0.34222770099995614, ""gpu_id"": 0, ""candidate_id"": 45, ""sample_weight"": 0.354287210681253}, {""client_id"": 9, ""model_family"": ""gru"", ""feature_ids"": [3, 4, 7, 9, 10, 21, 24], ""subset_size"": 7, ""micro_f1"": 0.7581, ""macro_f1"": 0.025364949460814985, ""validation_loss"": 1.2319296264648438, ""train_loss"": 2.172232189348009, ""seconds"": 0.36545105699997293, ""gpu_id"": 1, ""candidate_id"": 45, ""sample_weight"": 0.12090074249549396}, {""client_id"": 10, ""model_family"": ""transformer"", ""feature_ids"": [3, 4, 7, 9, 10, 21, 24], ""subset_size"": 7, ""micro_f1"": 0.5966, ""macro_f1"": 0.05421007322341695, ""validation_loss"": 1.181095556640625, ""train_loss"": 1.6257482630411784, ""seconds"": 0.7830987829997866, ""gpu_id"": 1, ""candidate_id"": 45, ""sample_weight"": 0.11011103958316146}]"
46,5,4600,"[3, 4, 7, 9, 10, 21, 24]","[""UDP"", ""fin_count"", ""syn_count"", ""Rate"", ""IAT"", ""ICMP"", ""DNS""]",7,0.668627565039546,0.048216100147183145,0.663516640663147,0.72,0.6485110924376399,180,12000,"[{""client_id"": 1, ""model_family"": ""cnn1d"", ""feature_ids"": [3, 4, 7, 9, 10, 21, 24], ""subset_size"": 7, ""micro_f1"": 0.8775380710659898, ""macro_f1"": 0.02749339005625907, ""validation_loss"": 1.3529040341449874, ""train_loss"": 1.9465878435735708, ""seconds"": 0.11249112699988473, ""gpu_id"": 0, ""candidate_id"": 46, ""sample_weight"": 0.0008752009911046531}, {""client_id"": 2, ""model_family"": ""cnn1d"", ""feature_ids"": [3, 4, 7, 9, 10, 21, 24], ""subset_size"": 7, ""micro_f1"": 0.719, ""macro_f1"": 0.13304894568533965, ""validation_loss"": 1.144450390625, ""train_loss"": 1.8104095073276096, ""seconds"": 0.34585815599984926, ""gpu_id"": 0, ""candidate_id"": 46, ""sample_weight"": 0.061408177662345804}, {""client_id"": 3, ""model_family"": ""cnn1d"", ""feature_ids"": [3, 4, 7, 9, 10, 21, 24], ""subset_size"": 7, ""micro_f1"": 0.8422, ""macro_f1"": 0.053180088153179976, ""validation_loss"": 0.6684064453125, ""train_loss"": 1.178091316710578, ""seconds"": 0.33720956100023614, ""gpu_id"": 1, ""candidate_id"": 46, ""sample_weight"": 0.10352608384640223}, {""client_id"": 4, ""model_family"": ""cnn1d"", ""feature_ids"": [3, 4, 7, 9, 10, 21, 24], ""subset_size"": 7, ""micro_f1"": 0.8963, ""macro_f1"": 0.048873284711248834, ""validation_loss"": 0.4911475280761719, ""train_loss"": 1.0369101336373223, ""seconds"": 0.3357727120001073, ""gpu_id"": 0, ""candidate_id"": 46, ""sample_weight"": 0.05331880053778213}, {""client_id"": 5, ""model_family"": ""cnn1d"", ""feature_ids"": [3, 4, 7, 9, 10, 21, 24], ""subset_size"": 7, ""micro_f1"": 0.9623, ""macro_f1"": 0.0572736414227512, ""validation_loss"": 0.2502863555908203, ""train_loss"": 0.7773558195749919, ""seconds"": 0.3239786640001512, ""gpu_id"": 0, ""candidate_id"": 46, ""sample_weight"": 0.07030155005722065}, {""client_id"": 6, ""model_family"": ""cnn1d"", ""feature_ids"": [3, 4, 7, 9, 10, 21, 24], ""subset_size"": 7, ""micro_f1"": 0.9968, ""macro_f1"": 0.05861558896984498, ""validation_loss"": 0.0973207244873047, ""train_loss"": 0.5932453141702546, ""seconds"": 0.37495185700026923, ""gpu_id"": 0, ""candidate_id"": 46, ""sample_weight"": 0.07459801933327874}, {""client_id"": 7, ""model_family"": ""gru"", ""feature_ids"": [3, 4, 7, 9, 10, 21, 24], ""subset_size"": 7, ""micro_f1"": 0.8645, ""macro_f1"": 0.027274304733961165, ""validation_loss"": 0.8449177124023437, ""train_loss"": 2.0068297935061983, ""seconds"": 0.3418843009999364, ""gpu_id"": 1, ""candidate_id"": 46, ""sample_weight"": 0.05067317481195735}, {""client_id"": 8, ""model_family"": ""gru"", ""feature_ids"": [3, 4, 7, 9, 10, 21, 24], ""subset_size"": 7, ""micro_f1"": 0.4108, ""macro_f1"": 0.03695235088929743, ""validation_loss"": 2.975544140625, ""train_loss"": 3.277857357237074, ""seconds"": 0.35030576300005123, ""gpu_id"": 0, ""candidate_id"": 46, ""sample_weight"": 0.354287210681253}, {""client_id"": 9, ""model_family"": ""gru"", ""feature_ids"": [3, 4, 7, 9, 10, 21, 24], ""subset_size"": 7, ""micro_f1"": 0.7581, ""macro_f1"": 0.025364949460814985, ""validation_loss"": 1.2313584350585938, ""train_loss"": 2.172244304317898, ""seconds"": 0.34779093499992086, ""gpu_id"": 1, ""candidate_id"": 46, ""sample_weight"": 0.12090074249549396}, {""client_id"": 10, ""model_family"": ""transformer"", ""feature_ids"": [3, 4, 7, 9, 10, 21, 24], ""subset_size"": 7, ""micro_f1"": 0.5968, ""macro_f1"": 0.054225794985825866, ""validation_loss"": 1.1808326171875, ""train_loss"": 1.6239766724056668, ""seconds"": 0.7778706059998513, ""gpu_id"": 1, ""candidate_id"": 46, ""sample_weight"": 0.11011103958316146}]"
47,5,4700,"[3, 4, 7, 9, 10, 21, 24]","[""UDP"", ""fin_count"", ""syn_count"", ""Rate"", ""IAT"", ""ICMP"", ""DNS""]",7,0.6676649090649264,0.04767572399781504,0.6732897162437439,0.72,0.6474375192821182,180,12180,"[{""client_id"": 1, ""model_family"": ""cnn1d"", ""feature_ids"": [3, 4, 7, 9, 10, 21, 24], ""subset_size"": 7, ""micro_f1"": 0.8775380710659898, ""macro_f1"": 0.02749339005625907, ""validation_loss"": 1.3522190152085978, ""train_loss"": 1.9453042422857785, ""seconds"": 0.11063591499987524, ""gpu_id"": 0, ""candidate_id"": 47, ""sample_weight"": 0.0008752009911046531}, {""client_id"": 2, ""model_family"": ""cnn1d"", ""feature_ids"": [3, 4, 7, 9, 10, 21, 24], ""subset_size"": 7, ""micro_f1"": 0.7183, ""macro_f1"": 0.13218893304090226, ""validation_loss"": 1.1427998168945313, ""train_loss"": 1.808761379729377, ""seconds"": 0.325853258999814, ""gpu_id"": 0, ""candidate_id"": 47, ""sample_weight"": 0.061408177662345804}, {""client_id"": 3, ""model_family"": ""cnn1d"", ""feature_ids"": [3, 4, 7, 9, 10, 21, 24], ""subset_size"": 7, ""micro_f1"": 0.8422, ""macro_f1"": 0.053180088153179976, ""validation_loss"": 0.6667468383789062, ""train_loss"": 1.176820898161994, ""seconds"": 0.3255267689996799, ""gpu_id"": 1, ""candidate_id"": 47, ""sample_weight"": 0.10352608384640223}, {""client_id"": 4, ""model_family"": ""cnn1d"", ""feature_ids"": [3, 4, 7, 9, 10, 21, 24], ""subset_size"": 7, ""micro_f1"": 0.8966, ""macro_f1"": 0.04879191671651781, ""validation_loss"": 0.48995462036132814, ""train_loss"": 1.0381135064813827, ""seconds"": 0.33299994900016827, ""gpu_id"": 0, ""candidate_id"": 47, ""sample_weight"": 0.05331880053778213}, {""client_id"": 5, ""model_family"": ""cnn1d"", ""feature_ids"": [3, 4, 7, 9, 10, 21, 24], ""subset_size"": 7, ""micro_f1"": 0.9618, ""macro_f1"": 0.05722250556087321, ""validation_loss"": 0.2515909057617188, ""train_loss"": 0.7781751200861401, ""seconds"": 0.31829670400020404, ""gpu_id"": 0, ""candidate_id"": 47, ""sample_weight"": 0.07030155005722065}, {""client_id"": 6, ""model_family"": ""cnn1d"", ""feature_ids"": [3, 4, 7, 9, 10, 21, 24], ""subset_size"": 7, ""micro_f1"": 0.9968, ""macro_f1"": 0.05861558896984498, ""validation_loss"": 0.0980669677734375, ""train_loss"": 0.5931563402228885, ""seconds"": 0.3056070269999509, ""gpu_id"": 0, ""candidate_id"": 47, ""sample_weight"": 0.07459801933327874}, {""client_id"": 7, ""model_family"": ""gru"", ""feature_ids"": [3, 4, 7, 9, 10, 21, 24], ""subset_size"": 7, ""micro_f1"": 0.8645, ""macro_f1"": 0.027274304733961165, ""validation_loss"": 0.846434619140625, ""train_loss"": 2.0088116658316717, ""seconds"": 0.33867568599998776, ""gpu_id"": 1, ""candidate_id"": 47, ""sample_weight"": 0.05067317481195735}, {""client_id"": 8, ""model_family"": ""gru"", ""feature_ids"": [3, 4, 7, 9, 10, 21, 24], ""subset_size"": 7, ""micro_f1"": 0.4109, ""macro_f1"": 0.036956873177541455, ""validation_loss"": 2.9753962890625, ""train_loss"": 3.2776985035790336, ""seconds"": 0.3238483019999876, ""gpu_id"": 0, ""candidate_id"": 47, ""sample_weight"": 0.354287210681253}, {""client_id"": 9, ""model_family"": ""gru"", ""feature_ids"": [3, 4, 7, 9, 10, 21, 24], ""subset_size"": 7, ""micro_f1"": 0.7581, ""macro_f1"": 0.025364949460814985, ""validation_loss"": 1.2318465942382812, ""train_loss"": 2.1719575044843884, ""seconds"": 0.3301723370000218, ""gpu_id"": 1, ""candidate_id"": 47, ""sample_weight"": 0.12090074249549396}, {""client_id"": 10, ""model_family"": ""transformer"", ""feature_ids"": [3, 4, 7, 9, 10, 21, 24], ""subset_size"": 7, ""micro_f1"": 0.5883, ""macro_f1"": 0.04985535986341211, ""validation_loss"": 1.1815089599609374, ""train_loss"": 1.6244408468882243, ""seconds"": 0.6828447590000906, ""gpu_id"": 1, ""candidate_id"": 47, ""sample_weight"": 0.11011103958316146}]"
48,5,4800,"[3, 4, 7, 9, 10, 21, 24]","[""UDP"", ""fin_count"", ""syn_count"", ""Rate"", ""IAT"", ""ICMP"", ""DNS""]",7,0.6685386848679761,0.04817859064357974,0.6673100590705872,0.72,0.648122862579739,180,12360,"[{""client_id"": 1, ""model_family"": ""cnn1d"", ""feature_ids"": [3, 4, 7, 9, 10, 21, 24], ""subset_size"": 7, ""micro_f1"": 0.8775380710659898, ""macro_f1"": 0.02749339005625907, ""validation_loss"": 1.350634579731123, ""train_loss"": 1.9455710488796503, ""seconds"": 0.10688705000029586, ""gpu_id"": 0, ""candidate_id"": 48, ""sample_weight"": 0.0008752009911046531}, {""client_id"": 2, ""model_family"": ""cnn1d"", ""feature_ids"": [3, 4, 7, 9, 10, 21, 24], ""subset_size"": 7, ""micro_f1"": 0.72, ""macro_f1"": 0.1327704075906072, ""validation_loss"": 1.1415871826171875, ""train_loss"": 1.8098332971996731, ""seconds"": 0.34411098700002185, ""gpu_id"": 0, ""candidate_id"": 48, ""sample_weight"": 0.061408177662345804}, {""client_id"": 3, ""model_family"": ""cnn1d"", ""feature_ids"": [3, 4, 7, 9, 10, 21, 24], ""subset_size"": 7, ""micro_f1"": 0.8425, ""macro_f1"": 0.0531991839388765, ""validation_loss"": 0.6665081207275391, ""train_loss"": 1.1787432982868618, ""seconds"": 0.342630963999909, ""gpu_id"": 1, ""candidate_id"": 48, ""sample_weight"": 0.10352608384640223}, {""client_id"": 4, ""model_family"": ""cnn1d"", ""feature_ids"": [3, 4, 7, 9, 10, 21, 24], ""subset_size"": 7, ""micro_f1"": 0.8955, ""macro_f1"": 0.04864281638851547, ""validation_loss"": 0.4889664794921875, ""train_loss"": 1.0365498354593912, ""seconds"": 0.34046431900014795, ""gpu_id"": 0, ""candidate_id"": 48, ""sample_weight"": 0.05331880053778213}, {""client_id"": 5, ""model_family"": ""cnn1d"", ""feature_ids"": [3, 4, 7, 9, 10, 21, 24], ""subset_size"": 7, ""micro_f1"": 0.9612, ""macro_f1"": 0.05716851341256393, ""validation_loss"": 0.25155802307128905, ""train_loss"": 0.7774398061434428, ""seconds"": 0.3280747590001738, ""gpu_id"": 0, ""candidate_id"": 48, ""sample_weight"": 0.07030155005722065}, {""client_id"": 6, ""model_family"": ""cnn1d"", ""feature_ids"": [3, 4, 7, 9, 10, 21, 24], ""subset_size"": 7, ""micro_f1"": 0.9966, ""macro_f1"": 0.058592520736681385, ""validation_loss"": 0.09731637268066406, ""train_loss"": 0.5950437228480975, ""seconds"": 0.29844822899985957, ""gpu_id"": 0, ""candidate_id"": 48, ""sample_weight"": 0.07459801933327874}, {""client_id"": 7, ""model_family"": ""gru"", ""feature_ids"": [3, 4, 7, 9, 10, 21, 24], ""subset_size"": 7, ""micro_f1"": 0.8645, ""macro_f1"": 0.027274304733961165, ""validation_loss"": 0.8452985107421875, ""train_loss"": 2.0060838756243387, ""seconds"": 0.3449761699998817, ""gpu_id"": 1, ""candidate_id"": 48, ""sample_weight"": 0.05067317481195735}, {""client_id"": 8, ""model_family"": ""gru"", ""feature_ids"": [3, 4, 7, 9, 10, 21, 24], ""subset_size"": 7, ""micro_f1"": 0.4107, ""macro_f1"": 0.0369514360360777, ""validation_loss"": 2.975359375, ""train_loss"": 3.2777221126556397, ""seconds"": 0.36390138799970373, ""gpu_id"": 0, ""candidate_id"": 48, ""sample_weight"": 0.354287210681253}, {""client_id"": 9, ""model_family"": ""gru"", ""feature_ids"": [3, 4, 7, 9, 10, 21, 24], ""subset_size"": 7, ""micro_f1"": 0.7581, ""macro_f1"": 0.025364949460814985, ""validation_loss"": 1.2312239868164063, ""train_loss"": 2.172027405865987, ""seconds"": 0.35109260599983827, ""gpu_id"": 1, ""candidate_id"": 48, ""sample_weight"": 0.12090074249549396}, {""client_id"": 10, ""model_family"": ""transformer"", ""feature_ids"": [3, 4, 7, 9, 10, 21, 24], ""subset_size"": 7, ""micro_f1"": 0.5967, ""macro_f1"": 0.054219819410530674, ""validation_loss"": 1.18078818359375, ""train_loss"": 1.6248048791673448, ""seconds"": 0.7046095339997009, ""gpu_id"": 1, ""candidate_id"": 48, ""sample_weight"": 0.11011103958316146}]"
49,5,4900,"[3, 4, 7, 9, 10, 21, 24]","[""UDP"", ""fin_count"", ""syn_count"", ""Rate"", ""IAT"", ""ICMP"", ""DNS""]",7,0.6687506787805657,0.048288261044801904,0.6667968034744263,0.72,0.648195387530614,180,12540,"[{""client_id"": 1, ""model_family"": ""cnn1d"", ""feature_ids"": [3, 4, 7, 9, 10, 21, 24], ""subset_size"": 7, ""micro_f1"": 0.8775380710659898, ""macro_f1"": 0.02749339005625907, ""validation_loss"": 1.3520392403384756, ""train_loss"": 1.946114705870263, ""seconds"": 0.1111397009999564, ""gpu_id"": 0, ""candidate_id"": 49, ""sample_weight"": 0.0008752009911046531}, {""client_id"": 2, ""model_family"": ""cnn1d"", ""feature_ids"": [3, 4, 7, 9, 10, 21, 24], ""subset_size"": 7, ""micro_f1"": 0.7221, ""macro_f1"": 0.13418601555609294, ""validation_loss"": 1.1438980712890625, ""train_loss"": 1.8109808473375109, ""seconds"": 0.3186953059998814, ""gpu_id"": 0, ""candidate_id"": 49, ""sample_weight"": 0.061408177662345804}, {""client_id"": 3, ""model_family"": ""cnn1d"", ""feature_ids"": [3, 4, 7, 9, 10, 21, 24], ""subset_size"": 7, ""micro_f1"": 0.8425, ""macro_f1"": 0.05319976598273952, ""validation_loss"": 0.6660793395996094, ""train_loss"": 1.17611557103263, ""seconds"": 0.31649884500029657, ""gpu_id"": 1, ""candidate_id"": 49, ""sample_weight"": 0.10352608384640223}, {""client_id"": 4, ""model_family"": ""cnn1d"", ""feature_ids"": [3, 4, 7, 9, 10, 21, 24], ""subset_size"": 7, ""micro_f1"": 0.8962, ""macro_f1"": 0.04882655772501045, ""validation_loss"": 0.4892909790039062, ""train_loss"": 1.0362106703864205, ""seconds"": 0.3097465450000527, ""gpu_id"": 0, ""candidate_id"": 49, ""sample_weight"": 0.05331880053778213}, {""client_id"": 5, ""model_family"": ""cnn1d"", ""feature_ids"": [3, 4, 7, 9, 10, 21, 24], ""subset_size"": 7, ""micro_f1"": 0.9611, ""macro_f1"": 0.057179264517417616, ""validation_loss"": 0.2508949371337891, ""train_loss"": 0.7780158013052411, ""seconds"": 0.3717501630003426, ""gpu_id"": 0, ""candidate_id"": 49, ""sample_weight"": 0.07030155005722065}, {""client_id"": 6, ""model_family"": ""cnn1d"", ""feature_ids"": [3, 4, 7, 9, 10, 21, 24], ""subset_size"": 7, ""micro_f1"": 0.9968, ""macro_f1"": 0.05861558896984498, ""validation_loss"": 0.09742904052734375, ""train_loss"": 0.5926305297811826, ""seconds"": 0.3939941779999572, ""gpu_id"": 0, ""candidate_id"": 49, ""sample_weight"": 0.07459801933327874}, {""client_id"": 7, ""model_family"": ""gru"", ""feature_ids"": [3, 4, 7, 9, 10, 21, 24], ""subset_size"": 7, ""micro_f1"": 0.8645, ""macro_f1"": 0.027274304733961165, ""validation_loss"": 0.8459659301757813, ""train_loss"": 2.007759232287937, ""seconds"": 0.31754851300001974, ""gpu_id"": 1, ""candidate_id"": 49, ""sample_weight"": 0.05067317481195735}, {""client_id"": 8, ""model_family"": ""gru"", ""feature_ids"": [3, 4, 7, 9, 10, 21, 24], ""subset_size"": 7, ""micro_f1"": 0.4109, ""macro_f1"": 0.036956873177541455, ""validation_loss"": 2.975483984375, ""train_loss"": 3.277715146806505, ""seconds"": 0.36977419100003317, ""gpu_id"": 0, ""candidate_id"": 49, ""sample_weight"": 0.354287210681253}, {""client_id"": 9, ""model_family"": ""gru"", ""feature_ids"": [3, 4, 7, 9, 10, 21, 24], ""subset_size"": 7, ""micro_f1"": 0.7581, ""macro_f1"": 0.025364949460814985, ""validation_loss"": 1.2317744995117188, ""train_loss"": 2.171781350835164, ""seconds"": 0.35023188200011646, ""gpu_id"": 1, ""candidate_id"": 49, ""sample_weight"": 0.12090074249549396}, {""client_id"": 10, ""model_family"": ""transformer"", ""feature_ids"": [3, 4, 7, 9, 10, 21, 24], ""subset_size"": 7, ""micro_f1"": 0.5964, ""macro_f1"": 0.05429683619189761, ""validation_loss"": 1.1810676513671876, ""train_loss"": 1.623720796585083, ""seconds"": 0.8407348619998629, ""gpu_id"": 1, ""candidate_id"": 49, ""sample_weight"": 0.11011103958316146}]"
50,5,5000,"[3, 4, 7, 9, 10, 21, 24]","[""UDP"", ""fin_count"", ""syn_count"", ""Rate"", ""IAT"", ""ICMP"", ""DNS""]",7,0.6686817450035519,0.048238625784262704,0.6698424816131592,0.72,0.6478839263390392,180,12720,"[{""client_id"": 1, ""model_family"": ""cnn1d"", ""feature_ids"": [3, 4, 7, 9, 10, 21, 24], ""subset_size"": 7, ""micro_f1"": 0.8775380710659898, ""macro_f1"": 0.02749339005625907, ""validation_loss"": 1.3507956103019907, ""train_loss"": 1.9440089799358693, ""seconds"": 0.1104514809999273, ""gpu_id"": 0, ""candidate_id"": 50, ""sample_weight"": 0.0008752009911046531}, {""client_id"": 2, ""model_family"": ""cnn1d"", ""feature_ids"": [3, 4, 7, 9, 10, 21, 24], ""subset_size"": 7, ""micro_f1"": 0.7207, ""macro_f1"": 0.13342198810128966, ""validation_loss"": 1.1423566528320312, ""train_loss"": 1.8096107779396904, ""seconds"": 0.34153770300008546, ""gpu_id"": 0, ""candidate_id"": 50, ""sample_weight"": 0.061408177662345804}, {""client_id"": 3, ""model_family"": ""cnn1d"", ""feature_ids"": [3, 4, 7, 9, 10, 21, 24], ""subset_size"": 7, ""micro_f1"": 0.8425, ""macro_f1"": 0.05319976598273952, ""validation_loss"": 0.6658339508056641, ""train_loss"": 1.1774824854956734, ""seconds"": 0.33267094799975894, ""gpu_id"": 1, ""candidate_id"": 50, ""sample_weight"": 0.10352608384640223}, {""client_id"": 4, ""model_family"": ""cnn1d"", ""feature_ids"": [3, 4, 7, 9, 10, 21, 24], ""subset_size"": 7, ""micro_f1"": 0.8959, ""macro_f1"": 0.048853275206181046, ""validation_loss"": 0.4900923522949219, ""train_loss"": 1.03690220946206, ""seconds"": 0.3491820099998222, ""gpu_id"": 0, ""candidate_id"": 50, ""sample_weight"": 0.05331880053778213}, {""client_id"": 5, ""model_family"": ""cnn1d"", ""feature_ids"": [3, 4, 7, 9, 10, 21, 24], ""subset_size"": 7, ""micro_f1"": 0.9611, ""macro_f1"": 0.0571750147258397, ""validation_loss"": 0.2507982696533203, ""train_loss"": 0.7773930519051022, ""seconds"": 0.3267667579998488, ""gpu_id"": 0, ""candidate_id"": 50, ""sample_weight"": 0.07030155005722065}, {""client_id"": 6, ""model_family"": ""cnn1d"", ""feature_ids"": [3, 4, 7, 9, 10, 21, 24], ""subset_size"": 7, ""micro_f1"": 0.9968, ""macro_f1"": 0.05861558896984498, ""validation_loss"": 0.09689124145507813, ""train_loss"": 0.5929350568665398, ""seconds"": 0.2974355989999822, ""gpu_id"": 0, ""candidate_id"": 50, ""sample_weight"": 0.07459801933327874}, {""client_id"": 7, ""model_family"": ""gru"", ""feature_ids"": [3, 4, 7, 9, 10, 21, 24], ""subset_size"": 7, ""micro_f1"": 0.8645, ""macro_f1"": 0.027274304733961165, ""validation_loss"": 0.8454947021484375, ""train_loss"": 2.0070234200371635, ""seconds"": 0.36120072300036554, ""gpu_id"": 1, ""candidate_id"": 50, ""sample_weight"": 0.05067317481195735}, {""client_id"": 8, ""model_family"": ""gru"", ""feature_ids"": [3, 4, 7, 9, 10, 21, 24], ""subset_size"": 7, ""micro_f1"": 0.4109, ""macro_f1"": 0.03696769086874109, ""validation_loss"": 2.9755177734375, ""train_loss"": 3.27794242638482, ""seconds"": 0.33285930200008806, ""gpu_id"": 0, ""candidate_id"": 50, ""sample_weight"": 0.354287210681253}, {""client_id"": 9, ""model_family"": ""gru"", ""feature_ids"": [3, 4, 7, 9, 10, 21, 24], ""subset_size"": 7, ""micro_f1"": 0.7581, ""macro_f1"": 0.025364949460814985, ""validation_loss"": 1.23183701171875, ""train_loss"": 2.171449602233039, ""seconds"": 0.3471614759996555, ""gpu_id"": 1, ""candidate_id"": 50, ""sample_weight"": 0.12090074249549396}, {""client_id"": 10, ""model_family"": ""transformer"", ""feature_ids"": [3, 4, 7, 9, 10, 21, 24], ""subset_size"": 7, ""micro_f1"": 0.5967, ""macro_f1"": 0.05422712407547421, ""validation_loss"": 1.1812630126953125, ""train_loss"": 1.6236745565414428, ""seconds"": 0.6810551079997822, ""gpu_id"": 1, ""candidate_id"": 50, ""sample_weight"": 0.11011103958316146}]"
51,6,5100,"[3, 4, 7, 9, 10, 21, 24]","[""UDP"", ""fin_count"", ""syn_count"", ""Rate"", ""IAT"", ""ICMP"", ""DNS""]",7,0.6687137023439208,0.048228340480329174,0.6690067648887634,0.72,0.6479706937455157,180,12900,"[{""client_id"": 1, ""model_family"": ""cnn1d"", ""feature_ids"": [3, 4, 7, 9, 10, 21, 24], ""subset_size"": 7, ""micro_f1"": 0.8775380710659898, ""macro_f1"": 0.02749339005625907, ""validation_loss"": 1.3508112563699635, ""train_loss"": 1.944641769268522, ""seconds"": 0.12186332300007052, ""gpu_id"": 0, ""candidate_id"": 51, ""sample_weight"": 0.0008752009911046531}, {""client_id"": 2, ""model_family"": ""cnn1d"", ""feature_ids"": [3, 4, 7, 9, 10, 21, 24], ""subset_size"": 7, ""micro_f1"": 0.7207, ""macro_f1"": 0.13330079143184534, ""validation_loss"": 1.144772119140625, ""train_loss"": 1.8098206793043348, ""seconds"": 0.3524445719999676, ""gpu_id"": 0, ""candidate_id"": 51, ""sample_weight"": 0.061408177662345804}, {""client_id"": 3, ""model_family"": ""cnn1d"", ""feature_ids"": [3, 4, 7, 9, 10, 21, 24], ""subset_size"": 7, ""micro_f1"": 0.8423, ""macro_f1"": 0.05318703396505822, ""validation_loss"": 0.6673421752929688, ""train_loss"": 1.1773563875410291, ""seconds"": 0.35581219999994573, ""gpu_id"": 1, ""candidate_id"": 51, ""sample_weight"": 0.10352608384640223}, {""client_id"": 4, ""model_family"": ""cnn1d"", ""feature_ids"": [3, 4, 7, 9, 10, 21, 24], ""subset_size"": 7, ""micro_f1"": 0.8964, ""macro_f1"": 0.04884912241319042, ""validation_loss"": 0.48944113159179686, ""train_loss"": 1.0365837730407714, ""seconds"": 0.3200958079996781, ""gpu_id"": 0, ""candidate_id"": 51, ""sample_weight"": 0.05331880053778213}, {""client_id"": 5, ""model_family"": ""cnn1d"", ""feature_ids"": [3, 4, 7, 9, 10, 21, 24], ""subset_size"": 7, ""micro_f1"": 0.961, ""macro_f1"": 0.057172192228799136, ""validation_loss"": 0.25067664794921873, ""train_loss"": 0.7765045443402396, ""seconds"": 0.3593385529998159, ""gpu_id"": 0, ""candidate_id"": 51, ""sample_weight"": 0.07030155005722065}, {""client_id"": 6, ""model_family"": ""cnn1d"", ""feature_ids"": [3, 4, 7, 9, 10, 21, 24], ""subset_size"": 7, ""micro_f1"": 0.9968, ""macro_f1"": 0.05861558896984498, ""validation_loss"": 0.09714443054199219, ""train_loss"": 0.5929084892842504, ""seconds"": 0.34878704399989147, ""gpu_id"": 0, ""candidate_id"": 51, ""sample_weight"": 0.07459801933327874}, {""client_id"": 7, ""model_family"": ""gru"", ""feature_ids"": [3, 4, 7, 9, 10, 21, 24], ""subset_size"": 7, ""micro_f1"": 0.8645, ""macro_f1"": 0.027274304733961165, ""validation_loss"": 0.8455925415039063, ""train_loss"": 2.008106202697754, ""seconds"": 0.33710927699985405, ""gpu_id"": 1, ""candidate_id"": 51, ""sample_weight"": 0.05067317481195735}, {""client_id"": 8, ""model_family"": ""gru"", ""feature_ids"": [3, 4, 7, 9, 10, 21, 24], ""subset_size"": 7, ""micro_f1"": 0.4109, ""macro_f1"": 0.036956873177541455, ""validation_loss"": 2.9755955078125, ""train_loss"": 3.277801800113254, ""seconds"": 0.380760107000242, ""gpu_id"": 0, ""candidate_id"": 51, ""sample_weight"": 0.354287210681253}, {""client_id"": 9, ""model_family"": ""gru"", ""feature_ids"": [3, 4, 7, 9, 10, 21, 24], ""subset_size"": 7, ""micro_f1"": 0.7581, ""macro_f1"": 0.025364949460814985, ""validation_loss"": 1.2322345336914062, ""train_loss"": 2.1724702120251127, ""seconds"": 0.3767281529999309, ""gpu_id"": 1, ""candidate_id"": 51, ""sample_weight"": 0.12090074249549396}, {""client_id"": 10, ""model_family"": ""transformer"", ""feature_ids"": [3, 4, 7, 9, 10, 21, 24], ""subset_size"": 7, ""micro_f1"": 0.597, ""macro_f1"": 0.05425189612481082, ""validation_loss"": 1.181170458984375, ""train_loss"": 1.6248662521150377, ""seconds"": 0.7990988139999899, ""gpu_id"": 1, ""candidate_id"": 51, ""sample_weight"": 0.11011103958316146}]"
52,6,5200,"[3, 4, 7, 9, 10, 21, 24]","[""UDP"", ""fin_count"", ""syn_count"", ""Rate"", ""IAT"", ""ICMP"", ""DNS""]",7,0.6686712758929824,0.04819858956194455,0.6682094931602478,0.72,0.6480461782732735,180,13080,"[{""client_id"": 1, ""model_family"": ""cnn1d"", ""feature_ids"": [3, 4, 7, 9, 10, 21, 24], ""subset_size"": 7, ""micro_f1"": 0.8775380710659898, ""macro_f1"": 0.02749339005625907, ""validation_loss"": 1.3481260193180917, ""train_loss"": 1.9452703638192428, ""seconds"": 0.10164758500013704, ""gpu_id"": 0, ""candidate_id"": 52, ""sample_weight"": 0.0008752009911046531}, {""client_id"": 2, ""model_family"": ""cnn1d"", ""feature_ids"": [3, 4, 7, 9, 10, 21, 24], ""subset_size"": 7, ""micro_f1"": 0.7206, ""macro_f1"": 0.1332447290259905, ""validation_loss"": 1.1416158813476562, ""train_loss"": 1.8096348115709093, ""seconds"": 0.35167214900002364, ""gpu_id"": 0, ""candidate_id"": 52, ""sample_weight"": 0.061408177662345804}, {""client_id"": 3, ""model_family"": ""cnn1d"", ""feature_ids"": [3, 4, 7, 9, 10, 21, 24], ""subset_size"": 7, ""micro_f1"": 0.8425, ""macro_f1"": 0.05320387548626607, ""validation_loss"": 0.6678394104003906, ""train_loss"": 1.177193111122979, ""seconds"": 0.33622953199983385, ""gpu_id"": 1, ""candidate_id"": 52, ""sample_weight"": 0.10352608384640223}, {""client_id"": 4, ""model_family"": ""cnn1d"", ""feature_ids"": [3, 4, 7, 9, 10, 21, 24], ""subset_size"": 7, ""micro_f1"": 0.8961, ""macro_f1"": 0.048733380098888834, ""validation_loss"": 0.48827081298828123, ""train_loss"": 1.036069557152854, ""seconds"": 0.32461509200038563, ""gpu_id"": 0, ""candidate_id"": 52, ""sample_weight"": 0.05331880053778213}, {""client_id"": 5, ""model_family"": ""cnn1d"", ""feature_ids"": [3, 4, 7, 9, 10, 21, 24], ""subset_size"": 7, ""micro_f1"": 0.9612, ""macro_f1"": 0.05718488211892098, ""validation_loss"": 0.2511220123291016, ""train_loss"": 0.7777149735927582, ""seconds"": 0.3120871190003527, ""gpu_id"": 0, ""candidate_id"": 52, ""sample_weight"": 0.07030155005722065}, {""client_id"": 6, ""model_family"": ""cnn1d"", ""feature_ids"": [3, 4, 7, 9, 10, 21, 24], ""subset_size"": 7, ""micro_f1"": 0.9968, ""macro_f1"": 0.05861558896984498, ""validation_loss"": 0.09779906311035157, ""train_loss"": 0.594456680656804, ""seconds"": 0.3038041150002755, ""gpu_id"": 0, ""candidate_id"": 52, ""sample_weight"": 0.07459801933327874}, {""client_id"": 7, ""model_family"": ""gru"", ""feature_ids"": [3, 4, 7, 9, 10, 21, 24], ""subset_size"": 7, ""micro_f1"": 0.8645, ""macro_f1"": 0.027274304733961165, ""validation_loss"": 0.8454241333007813, ""train_loss"": 2.0082526718033686, ""seconds"": 0.3262795470000128, ""gpu_id"": 1, ""candidate_id"": 52, ""sample_weight"": 0.05067317481195735}, {""client_id"": 8, ""model_family"": ""gru"", ""feature_ids"": [3, 4, 7, 9, 10, 21, 24], ""subset_size"": 7, ""micro_f1"": 0.4109, ""macro_f1"": 0.03694607550133024, ""validation_loss"": 2.9754056640625, ""train_loss"": 3.2776816621144613, ""seconds"": 0.36106407099987337, ""gpu_id"": 0, ""candidate_id"": 52, ""sample_weight"": 0.354287210681253}, {""client_id"": 9, ""model_family"": ""gru"", ""feature_ids"": [3, 4, 7, 9, 10, 21, 24], ""subset_size"": 7, ""micro_f1"": 0.7581, ""macro_f1"": 0.025364949460814985, ""validation_loss"": 1.2319456909179687, ""train_loss"": 2.1715467005411786, ""seconds"": 0.3347111739999491, ""gpu_id"": 1, ""candidate_id"": 52, ""sample_weight"": 0.12090074249549396}, {""client_id"": 10, ""model_family"": ""transformer"", ""feature_ids"": [3, 4, 7, 9, 10, 21, 24], ""subset_size"": 7, ""micro_f1"": 0.5965, ""macro_f1"": 0.05407982287944881, ""validation_loss"": 1.181696728515625, ""train_loss"": 1.6241388878292509, ""seconds"": 0.7027034520001507, ""gpu_id"": 1, ""candidate_id"": 52, ""sample_weight"": 0.11011103958316146}]"
53,6,5300,"[3, 4, 7, 9, 10, 21, 24]","[""UDP"", ""fin_count"", ""syn_count"", ""Rate"", ""IAT"", ""ICMP"", ""DNS""]",7,0.6686640022903066,0.04821867234124857,0.6686971187591553,0.72,0.6479966883531152,180,13260,"[{""client_id"": 1, ""model_family"": ""cnn1d"", ""feature_ids"": [3, 4, 7, 9, 10, 21, 24], ""subset_size"": 7, ""micro_f1"": 0.8775380710659898, ""macro_f1"": 0.02749339005625907, ""validation_loss"": 1.3476839017141895, ""train_loss"": 1.9438440250731832, ""seconds"": 0.10872240800017607, ""gpu_id"": 0, ""candidate_id"": 53, ""sample_weight"": 0.0008752009911046531}, {""client_id"": 2, ""model_family"": ""cnn1d"", ""feature_ids"": [3, 4, 7, 9, 10, 21, 24], ""subset_size"": 7, ""micro_f1"": 0.7211, ""macro_f1"": 0.13334936866662944, ""validation_loss"": 1.141438525390625, ""train_loss"": 1.8100077699025472, ""seconds"": 0.3144857970000885, ""gpu_id"": 0, ""candidate_id"": 53, ""sample_weight"": 0.061408177662345804}, {""client_id"": 3, ""model_family"": ""cnn1d"", ""feature_ids"": [3, 4, 7, 9, 10, 21, 24], ""subset_size"": 7, ""micro_f1"": 0.8422, ""macro_f1"": 0.05317950942794732, ""validation_loss"": 0.6651485534667969, ""train_loss"": 1.1766482861306933, ""seconds"": 0.32303687200010245, ""gpu_id"": 1, ""candidate_id"": 53, ""sample_weight"": 0.10352608384640223}, {""client_id"": 4, ""model_family"": ""cnn1d"", ""feature_ids"": [3, 4, 7, 9, 10, 21, 24], ""subset_size"": 7, ""micro_f1"": 0.8955, ""macro_f1"": 0.04875089573316492, ""validation_loss"": 0.4911583679199219, ""train_loss"": 1.0363264064788817, ""seconds"": 0.33388766600000963, ""gpu_id"": 0, ""candidate_id"": 53, ""sample_weight"": 0.05331880053778213}, {""client_id"": 5, ""model_family"": ""cnn1d"", ""feature_ids"": [3, 4, 7, 9, 10, 21, 24], ""subset_size"": 7, ""micro_f1"": 0.9614, ""macro_f1"": 0.05718911010794082, ""validation_loss"": 0.25291713256835935, ""train_loss"": 0.7778865807639228, ""seconds"": 0.3467307770001753, ""gpu_id"": 0, ""candidate_id"": 53, ""sample_weight"": 0.07030155005722065}, {""client_id"": 6, ""model_family"": ""cnn1d"", ""feature_ids"": [3, 4, 7, 9, 10, 21, 24], ""subset_size"": 7, ""micro_f1"": 0.9968, ""macro_f1"": 0.05861558896984498, ""validation_loss"": 0.0979687744140625, ""train_loss"": 0.5951875576522615, ""seconds"": 0.37636339800019414, ""gpu_id"": 0, ""candidate_id"": 53, ""sample_weight"": 0.07459801933327874}, {""client_id"": 7, ""model_family"": ""gru"", ""feature_ids"": [3, 4, 7, 9, 10, 21, 24], ""subset_size"": 7, ""micro_f1"": 0.8645, ""macro_f1"": 0.027274304733961165, ""validation_loss"": 0.8454400634765625, ""train_loss"": 2.0074430743429397, ""seconds"": 0.32716545600032987, ""gpu_id"": 1, ""candidate_id"": 53, ""sample_weight"": 0.05067317481195735}, {""client_id"": 8, ""model_family"": ""gru"", ""feature_ids"": [3, 4, 7, 9, 10, 21, 24], ""subset_size"": 7, ""micro_f1"": 0.4109, ""macro_f1"": 0.03694967250465065, ""validation_loss"": 2.975462890625, ""train_loss"": 3.2779354608747693, ""seconds"": 0.3931110959997568, ""gpu_id"": 0, ""candidate_id"": 53, ""sample_weight"": 0.354287210681253}, {""client_id"": 9, ""model_family"": ""gru"", ""feature_ids"": [3, 4, 7, 9, 10, 21, 24], ""subset_size"": 7, ""micro_f1"": 0.7581, ""macro_f1"": 0.025364949460814985, ""validation_loss"": 1.2319379150390626, ""train_loss"": 2.1719781159506906, ""seconds"": 0.3788651469999422, ""gpu_id"": 1, ""candidate_id"": 53, ""sample_weight"": 0.12090074249549396}, {""client_id"": 10, ""model_family"": ""transformer"", ""feature_ids"": [3, 4, 7, 9, 10, 21, 24], ""subset_size"": 7, ""micro_f1"": 0.5966, ""macro_f1"": 0.05420400709607446, ""validation_loss"": 1.1807020263671875, ""train_loss"": 1.6244509575313992, ""seconds"": 0.8245183839999299, ""gpu_id"": 1, ""candidate_id"": 53, ""sample_weight"": 0.11011103958316146}]"
54,6,5400,"[3, 4, 7, 9, 10, 21, 24]","[""UDP"", ""fin_count"", ""syn_count"", ""Rate"", ""IAT"", ""ICMP"", ""DNS""]",7,0.6686215025233913,0.04820089250505179,0.668820858001709,0.72,0.6479800644521683,180,13440,"[{""client_id"": 1, ""model_family"": ""cnn1d"", ""feature_ids"": [3, 4, 7, 9, 10, 21, 24], ""subset_size"": 7, ""micro_f1"": 0.8775380710659898, ""macro_f1"": 0.02749339005625907, ""validation_loss"": 1.3505486812688372, ""train_loss"": 1.9449488001560937, ""seconds"": 0.10132161999990785, ""gpu_id"": 0, ""candidate_id"": 54, ""sample_weight"": 0.0008752009911046531}, {""client_id"": 2, ""model_family"": ""cnn1d"", ""feature_ids"": [3, 4, 7, 9, 10, 21, 24], ""subset_size"": 7, ""micro_f1"": 0.7211, ""macro_f1"": 0.13300602325917416, ""validation_loss"": 1.1437973754882813, ""train_loss"": 1.8095238432566325, ""seconds"": 0.3125573520001126, ""gpu_id"": 0, ""candidate_id"": 54, ""sample_weight"": 0.061408177662345804}, {""client_id"": 3, ""model_family"": ""cnn1d"", ""feature_ids"": [3, 4, 7, 9, 10, 21, 24], ""subset_size"": 7, ""micro_f1"": 0.8422, ""macro_f1"": 0.053180088153179976, ""validation_loss"": 0.6672335632324219, ""train_loss"": 1.177092764017317, ""seconds"": 0.3033322979999866, ""gpu_id"": 1, ""candidate_id"": 54, ""sample_weight"": 0.10352608384640223}, {""client_id"": 4, ""model_family"": ""cnn1d"", ""feature_ids"": [3, 4, 7, 9, 10, 21, 24], ""subset_size"": 7, ""micro_f1"": 0.8959, ""macro_f1"": 0.04877159799523887, ""validation_loss"": 0.4899341552734375, ""train_loss"": 1.0368040674103631, ""seconds"": 0.35956316500005414, ""gpu_id"": 0, ""candidate_id"": 54, ""sample_weight"": 0.05331880053778213}, {""client_id"": 5, ""model_family"": ""cnn1d"", ""feature_ids"": [3, 4, 7, 9, 10, 21, 24], ""subset_size"": 7, ""micro_f1"": 0.9615, ""macro_f1"": 0.0572106722216232, ""validation_loss"": 0.250904638671875, ""train_loss"": 0.777397024904357, ""seconds"": 0.3305352809998112, ""gpu_id"": 0, ""candidate_id"": 54, ""sample_weight"": 0.07030155005722065}, {""client_id"": 6, ""model_family"": ""cnn1d"", ""feature_ids"": [3, 4, 7, 9, 10, 21, 24], ""subset_size"": 7, ""micro_f1"": 0.9968, ""macro_f1"": 0.05861558896984498, ""validation_loss"": 0.09726556396484375, ""train_loss"": 0.5926045742379294, ""seconds"": 0.32540002099995036, ""gpu_id"": 0, ""candidate_id"": 54, ""sample_weight"": 0.07459801933327874}, {""client_id"": 7, ""model_family"": ""gru"", ""feature_ids"": [3, 4, 7, 9, 10, 21, 24], ""subset_size"": 7, ""micro_f1"": 0.8645, ""macro_f1"": 0.027274304733961165, ""validation_loss"": 0.8459764404296874, ""train_loss"": 2.0076014700041878, ""seconds"": 0.35054989900027067, ""gpu_id"": 1, ""candidate_id"": 54, ""sample_weight"": 0.05067317481195735}, {""client_id"": 8, ""model_family"": ""gru"", ""feature_ids"": [3, 4, 7, 9, 10, 21, 24], ""subset_size"": 7, ""micro_f1"": 0.4107, ""macro_f1"": 0.0369514360360777, ""validation_loss"": 2.9754130859375, ""train_loss"": 3.277675671895345, ""seconds"": 0.36633536399995137, ""gpu_id"": 0, ""candidate_id"": 54, ""sample_weight"": 0.354287210681253}, {""client_id"": 9, ""model_family"": ""gru"", ""feature_ids"": [3, 4, 7, 9, 10, 21, 24], ""subset_size"": 7, ""micro_f1"": 0.7581, ""macro_f1"": 0.025364949460814985, ""validation_loss"": 1.2315033081054687, ""train_loss"": 2.1717475758658513, ""seconds"": 0.3580725439996968, ""gpu_id"": 1, ""candidate_id"": 54, ""sample_weight"": 0.12090074249549396}, {""client_id"": 10, ""model_family"": ""transformer"", ""feature_ids"": [3, 4, 7, 9, 10, 21, 24], ""subset_size"": 7, ""micro_f1"": 0.5966, ""macro_f1"": 0.05420400709607446, ""validation_loss"": 1.1814248291015625, ""train_loss"": 1.6252982755025227, ""seconds"": 0.7071234099998946, ""gpu_id"": 1, ""candidate_id"": 54, ""sample_weight"": 0.11011103958316146}]"
55,6,5500,"[3, 4, 7, 9, 10, 21, 24]","[""UDP"", ""fin_count"", ""syn_count"", ""Rate"", ""IAT"", ""ICMP"", ""DNS""]",7,0.6687315679456526,0.04826161748358209,0.6685785055160522,0.72,0.6480153062429601,180,13620,"[{""client_id"": 1, ""model_family"": ""cnn1d"", ""feature_ids"": [3, 4, 7, 9, 10, 21, 24], ""subset_size"": 7, ""micro_f1"": 0.8775380710659898, ""macro_f1"": 0.02749339005625907, ""validation_loss"": 1.3516937875505632, ""train_loss"": 1.9451800311479068, ""seconds"": 0.10547807300008571, ""gpu_id"": 0, ""candidate_id"": 55, ""sample_weight"": 0.0008752009911046531}, {""client_id"": 2, ""model_family"": ""cnn1d"", ""feature_ids"": [3, 4, 7, 9, 10, 21, 24], ""subset_size"": 7, ""micro_f1"": 0.7215, ""macro_f1"": 0.13398545843271362, ""validation_loss"": 1.1434104736328126, ""train_loss"": 1.8095379095289443, ""seconds"": 0.3123403999998118, ""gpu_id"": 0, ""candidate_id"": 55, ""sample_weight"": 0.061408177662345804}, {""client_id"": 3, ""model_family"": ""cnn1d"", ""feature_ids"": [3, 4, 7, 9, 10, 21, 24], ""subset_size"": 7, ""micro_f1"": 0.8422, ""macro_f1"": 0.053180088153179976, ""validation_loss"": 0.6672737854003906, ""train_loss"": 1.1775404402520921, ""seconds"": 0.3123869050000394, ""gpu_id"": 1, ""candidate_id"": 55, ""sample_weight"": 0.10352608384640223}, {""client_id"": 4, ""model_family"": ""cnn1d"", ""feature_ids"": [3, 4, 7, 9, 10, 21, 24], ""subset_size"": 7, ""micro_f1"": 0.8961, ""macro_f1"": 0.048750416275398355, ""validation_loss"": 0.4912597412109375, ""train_loss"": 1.0377235010359023, ""seconds"": 0.32169187999988935, ""gpu_id"": 0, ""candidate_id"": 55, ""sample_weight"": 0.05331880053778213}, {""client_id"": 5, ""model_family"": ""cnn1d"", ""feature_ids"": [3, 4, 7, 9, 10, 21, 24], ""subset_size"": 7, ""micro_f1"": 0.9614, ""macro_f1"": 0.057200964898338064, ""validation_loss"": 0.2503102416992187, ""train_loss"": 0.7772231076108085, ""seconds"": 0.31904854900039936, ""gpu_id"": 0, ""candidate_id"": 55, ""sample_weight"": 0.07030155005722065}, {""client_id"": 6, ""model_family"": ""cnn1d"", ""feature_ids"": [3, 4, 7, 9, 10, 21, 24], ""subset_size"": 7, ""micro_f1"": 0.9968, ""macro_f1"": 0.05861558896984498, ""validation_loss"": 0.09796248474121094, ""train_loss"": 0.5931226759539711, ""seconds"": 0.3797667420003563, ""gpu_id"": 0, ""candidate_id"": 55, ""sample_weight"": 0.07459801933327874}, {""client_id"": 7, ""model_family"": ""gru"", ""feature_ids"": [3, 4, 7, 9, 10, 21, 24], ""subset_size"": 7, ""micro_f1"": 0.8645, ""macro_f1"": 0.027274304733961165, ""validation_loss"": 0.8458770141601563, ""train_loss"": 2.00765727297465, ""seconds"": 0.322236268999859, ""gpu_id"": 1, ""candidate_id"": 55, ""sample_weight"": 0.05067317481195735}, {""client_id"": 8, ""model_family"": ""gru"", ""feature_ids"": [3, 4, 7, 9, 10, 21, 24], ""subset_size"": 7, ""micro_f1"": 0.4109, ""macro_f1"": 0.03695327172969386, ""validation_loss"": 2.9753921875, ""train_loss"": 3.2776376941257053, ""seconds"": 0.32629353999982413, ""gpu_id"": 0, ""candidate_id"": 55, ""sample_weight"": 0.354287210681253}, {""client_id"": 9, ""model_family"": ""gru"", ""feature_ids"": [3, 4, 7, 9, 10, 21, 24], ""subset_size"": 7, ""micro_f1"": 0.7581, ""macro_f1"": 0.025364949460814985, ""validation_loss"": 1.231907373046875, ""train_loss"": 2.1725780457602606, ""seconds"": 0.3392284629999267, ""gpu_id"": 1, ""candidate_id"": 55, ""sample_weight"": 0.12090074249549396}, {""client_id"": 10, ""model_family"": ""transformer"", ""feature_ids"": [3, 4, 7, 9, 10, 21, 24], ""subset_size"": 7, ""micro_f1"": 0.5967, ""macro_f1"": 0.054219819410530674, ""validation_loss"": 1.1817556640625, ""train_loss"": 1.6255376927693685, ""seconds"": 0.763820418999785, ""gpu_id"": 1, ""candidate_id"": 55, ""sample_weight"": 0.11011103958316146}]"
56,6,5600,"[3, 4, 7, 9, 10, 21, 24]","[""UDP"", ""fin_count"", ""syn_count"", ""Rate"", ""IAT"", ""ICMP"", ""DNS""]",7,0.6687145807689144,0.048223603838301696,0.6686686873435974,0.72,0.6480045893425317,180,13800,"[{""client_id"": 1, ""model_family"": ""cnn1d"", ""feature_ids"": [3, 4, 7, 9, 10, 21, 24], ""subset_size"": 7, ""micro_f1"": 0.8775380710659898, ""macro_f1"": 0.02749339005625907, ""validation_loss"": 1.3544433129015307, ""train_loss"": 1.946196562680429, ""seconds"": 0.1320543019996876, ""gpu_id"": 0, ""candidate_id"": 56, ""sample_weight"": 0.0008752009911046531}, {""client_id"": 2, ""model_family"": ""cnn1d"", ""feature_ids"": [3, 4, 7, 9, 10, 21, 24], ""subset_size"": 7, ""micro_f1"": 0.7205, ""macro_f1"": 0.1332162503959814, ""validation_loss"": 1.1422595947265626, ""train_loss"": 1.8091774280760022, ""seconds"": 0.3378596729999117, ""gpu_id"": 0, ""candidate_id"": 56, ""sample_weight"": 0.061408177662345804}, {""client_id"": 3, ""model_family"": ""cnn1d"", ""feature_ids"": [3, 4, 7, 9, 10, 21, 24], ""subset_size"": 7, ""micro_f1"": 0.8425, ""macro_f1"": 0.05320093384094288, ""validation_loss"": 0.667946826171875, ""train_loss"": 1.1772322285970052, ""seconds"": 0.35608163500000956, ""gpu_id"": 1, ""candidate_id"": 56, ""sample_weight"": 0.10352608384640223}, {""client_id"": 4, ""model_family"": ""cnn1d"", ""feature_ids"": [3, 4, 7, 9, 10, 21, 24], ""subset_size"": 7, ""micro_f1"": 0.896, ""macro_f1"": 0.048774614691339174, ""validation_loss"": 0.49028916015625, ""train_loss"": 1.0370286153051589, ""seconds"": 0.3228609980001238, ""gpu_id"": 0, ""candidate_id"": 56, ""sample_weight"": 0.05331880053778213}, {""client_id"": 5, ""model_family"": ""cnn1d"", ""feature_ids"": [3, 4, 7, 9, 10, 21, 24], ""subset_size"": 7, ""micro_f1"": 0.9617, ""macro_f1"": 0.05721540409796685, ""validation_loss"": 0.25134189453125, ""train_loss"": 0.7771445363945432, ""seconds"": 0.3323440849999315, ""gpu_id"": 0, ""candidate_id"": 56, ""sample_weight"": 0.07030155005722065}, {""client_id"": 6, ""model_family"": ""cnn1d"", ""feature_ids"": [3, 4, 7, 9, 10, 21, 24], ""subset_size"": 7, ""micro_f1"": 0.9968, ""macro_f1"": 0.05861558896984498, ""validation_loss"": 0.09780474548339843, ""train_loss"": 0.5935173176911143, ""seconds"": 0.37691994899978454, ""gpu_id"": 0, ""candidate_id"": 56, ""sample_weight"": 0.07459801933327874}, {""client_id"": 7, ""model_family"": ""gru"", ""feature_ids"": [3, 4, 7, 9, 10, 21, 24], ""subset_size"": 7, ""micro_f1"": 0.8645, ""macro_f1"": 0.027274304733961165, ""validation_loss"": 0.8449838134765625, ""train_loss"": 2.0073513565911187, ""seconds"": 0.34243914800026687, ""gpu_id"": 1, ""candidate_id"": 56, ""sample_weight"": 0.05067317481195735}, {""client_id"": 8, ""model_family"": ""gru"", ""feature_ids"": [3, 4, 7, 9, 10, 21, 24], ""subset_size"": 7, ""micro_f1"": 0.4108, ""macro_f1"": 0.03695956468045086, ""validation_loss"": 2.9754138671875, ""train_loss"": 3.277900521045261, ""seconds"": 0.3505255190002572, ""gpu_id"": 0, ""candidate_id"": 56, ""sample_weight"": 0.354287210681253}, {""client_id"": 9, ""model_family"": ""gru"", ""feature_ids"": [3, 4, 7, 9, 10, 21, 24], ""subset_size"": 7, ""micro_f1"": 0.7581, ""macro_f1"": 0.025364949460814985, ""validation_loss"": 1.2313109130859374, ""train_loss"": 2.1695806239446003, ""seconds"": 0.32074857099996734, ""gpu_id"": 1, ""candidate_id"": 56, ""sample_weight"": 0.12090074249549396}, {""client_id"": 10, ""model_family"": ""transformer"", ""feature_ids"": [3, 4, 7, 9, 10, 21, 24], ""subset_size"": 7, ""micro_f1"": 0.597, ""macro_f1"": 0.054242788092780325, ""validation_loss"": 1.181115576171875, ""train_loss"": 1.624760730128818, ""seconds"": 0.7903051339999365, ""gpu_id"": 1, ""candidate_id"": 56, ""sample_weight"": 0.11011103958316146}]"
57,6,5700,"[3, 4, 7, 9, 10, 21, 24]","[""UDP"", ""fin_count"", ""syn_count"", ""Rate"", ""IAT"", ""ICMP"", ""DNS""]",7,0.6686093026695419,0.048223280402396256,0.66877681016922,0.72,0.6479832492500323,180,13980,"[{""client_id"": 1, ""model_family"": ""cnn1d"", ""feature_ids"": [3, 4, 7, 9, 10, 21, 24], ""subset_size"": 7, ""micro_f1"": 0.8775380710659898, ""macro_f1"": 0.02749339005625907, ""validation_loss"": 1.3549903830901016, ""train_loss"": 1.9457666469843995, ""seconds"": 0.12144574499961891, ""gpu_id"": 0, ""candidate_id"": 57, ""sample_weight"": 0.0008752009911046531}, {""client_id"": 2, ""model_family"": ""cnn1d"", ""feature_ids"": [3, 4, 7, 9, 10, 21, 24], ""subset_size"": 7, ""micro_f1"": 0.7209, ""macro_f1"": 0.13348893752378468, ""validation_loss"": 1.142471484375, ""train_loss"": 1.8103758163028294, ""seconds"": 0.3385883150003792, ""gpu_id"": 0, ""candidate_id"": 57, ""sample_weight"": 0.061408177662345804}, {""client_id"": 3, ""model_family"": ""cnn1d"", ""feature_ids"": [3, 4, 7, 9, 10, 21, 24], ""subset_size"": 7, ""micro_f1"": 0.8422, ""macro_f1"": 0.053180088153179976, ""validation_loss"": 0.6687395874023437, ""train_loss"": 1.1780492685106065, ""seconds"": 0.35700040500023533, ""gpu_id"": 1, ""candidate_id"": 57, ""sample_weight"": 0.10352608384640223}, {""client_id"": 4, ""model_family"": ""cnn1d"", ""feature_ids"": [3, 4, 7, 9, 10, 21, 24], ""subset_size"": 7, ""micro_f1"": 0.8951, ""macro_f1"": 0.048675907015148435, ""validation_loss"": 0.49071231689453126, ""train_loss"": 1.0366958946545919, ""seconds"": 0.3358705010000449, ""gpu_id"": 0, ""candidate_id"": 57, ""sample_weight"": 0.05331880053778213}, {""client_id"": 5, ""model_family"": ""cnn1d"", ""feature_ids"": [3, 4, 7, 9, 10, 21, 24], ""subset_size"": 7, ""micro_f1"": 0.9611, ""macro_f1"": 0.057179264517417616, ""validation_loss"": 0.25184210815429686, ""train_loss"": 0.777774301844173, ""seconds"": 0.3150427799996578, ""gpu_id"": 0, ""candidate_id"": 57, ""sample_weight"": 0.07030155005722065}, {""client_id"": 6, ""model_family"": ""cnn1d"", ""feature_ids"": [3, 4, 7, 9, 10, 21, 24], ""subset_size"": 7, ""micro_f1"": 0.9968, ""macro_f1"": 0.05861558896984498, ""validation_loss"": 0.09791934509277343, ""train_loss"": 0.5943173936512736, ""seconds"": 0.2970987599996988, ""gpu_id"": 0, ""candidate_id"": 57, ""sample_weight"": 0.07459801933327874}, {""client_id"": 7, ""model_family"": ""gru"", ""feature_ids"": [3, 4, 7, 9, 10, 21, 24], ""subset_size"": 7, ""micro_f1"": 0.8645, ""macro_f1"": 0.027274304733961165, ""validation_loss"": 0.8467714599609375, ""train_loss"": 2.0085328138033547, ""seconds"": 0.3475067790000139, ""gpu_id"": 1, ""candidate_id"": 57, ""sample_weight"": 0.05067317481195735}, {""client_id"": 8, ""model_family"": ""gru"", ""feature_ids"": [3, 4, 7, 9, 10, 21, 24], ""subset_size"": 7, ""micro_f1"": 0.4109, ""macro_f1"": 0.03694967250465065, ""validation_loss"": 2.975471484375, ""train_loss"": 3.2778393669128416, ""seconds"": 0.34998915500000294, ""gpu_id"": 0, ""candidate_id"": 57, ""sample_weight"": 0.354287210681253}, {""client_id"": 9, ""model_family"": ""gru"", ""feature_ids"": [3, 4, 7, 9, 10, 21, 24], ""subset_size"": 7, ""micro_f1"": 0.7581, ""macro_f1"": 0.025364949460814985, ""validation_loss"": 1.2318499389648438, ""train_loss"": 2.1717863881429036, ""seconds"": 0.3087351550002495, ""gpu_id"": 1, ""candidate_id"": 57, ""sample_weight"": 0.12090074249549396}, {""client_id"": 10, ""model_family"": ""transformer"", ""feature_ids"": [3, 4, 7, 9, 10, 21, 24], ""subset_size"": 7, ""micro_f1"": 0.5966, ""macro_f1"": 0.05421007322341695, ""validation_loss"": 1.18171318359375, ""train_loss"": 1.6256699728859796, ""seconds"": 0.7000975259998086, ""gpu_id"": 1, ""candidate_id"": 57, ""sample_weight"": 0.11011103958316146}]"
58,6,5800,"[3, 4, 7, 9, 10, 21, 24]","[""UDP"", ""fin_count"", ""syn_count"", ""Rate"", ""IAT"", ""ICMP"", ""DNS""]",7,0.6687538861355119,0.04828557683409935,0.6686229705810547,0.72,0.6480130915554457,180,14160,"[{""client_id"": 1, ""model_family"": ""cnn1d"", ""feature_ids"": [3, 4, 7, 9, 10, 21, 24], ""subset_size"": 7, ""micro_f1"": 0.8775380710659898, ""macro_f1"": 0.02749339005625907, ""validation_loss"": 1.3523324104735088, ""train_loss"": 1.944265453343464, ""seconds"": 0.10243425699991349, ""gpu_id"": 0, ""candidate_id"": 58, ""sample_weight"": 0.0008752009911046531}, {""client_id"": 2, ""model_family"": ""cnn1d"", ""feature_ids"": [3, 4, 7, 9, 10, 21, 24], ""subset_size"": 7, ""micro_f1"": 0.7234, ""macro_f1"": 0.13441946588723783, ""validation_loss"": 1.1447878662109374, ""train_loss"": 1.8095332447687784, ""seconds"": 0.3041086289999839, ""gpu_id"": 0, ""candidate_id"": 58, ""sample_weight"": 0.061408177662345804}, {""client_id"": 3, ""model_family"": ""cnn1d"", ""feature_ids"": [3, 4, 7, 9, 10, 21, 24], ""subset_size"": 7, ""micro_f1"": 0.8422, ""macro_f1"": 0.053180088153179976, ""validation_loss"": 0.6668836853027343, ""train_loss"": 1.1774440264172024, ""seconds"": 0.30236178899986044, ""gpu_id"": 1, ""candidate_id"": 58, ""sample_weight"": 0.10352608384640223}, {""client_id"": 4, ""model_family"": ""cnn1d"", ""feature_ids"": [3, 4, 7, 9, 10, 21, 24], ""subset_size"": 7, ""micro_f1"": 0.895, ""macro_f1"": 0.048626914638055865, ""validation_loss"": 0.48990315246582034, ""train_loss"": 1.0367852112346225, ""seconds"": 0.3224129609998272, ""gpu_id"": 0, ""candidate_id"": 58, ""sample_weight"": 0.05331880053778213}, {""client_id"": 5, ""model_family"": ""cnn1d"", ""feature_ids"": [3, 4, 7, 9, 10, 21, 24], ""subset_size"": 7, ""micro_f1"": 0.9619, ""macro_f1"": 0.05723813843831599, ""validation_loss"": 0.25079871520996094, ""train_loss"": 0.7774943803124957, ""seconds"": 0.3214392099998804, ""gpu_id"": 0, ""candidate_id"": 58, ""sample_weight"": 0.07030155005722065}, {""client_id"": 6, ""model_family"": ""cnn1d"", ""feature_ids"": [3, 4, 7, 9, 10, 21, 24], ""subset_size"": 7, ""micro_f1"": 0.9968, ""macro_f1"": 0.05861558896984498, ""validation_loss"": 0.09684791259765625, ""train_loss"": 0.5946105105664995, ""seconds"": 0.357424870000159, ""gpu_id"": 0, ""candidate_id"": 58, ""sample_weight"": 0.07459801933327874}, {""client_id"": 7, ""model_family"": ""gru"", ""feature_ids"": [3, 4, 7, 9, 10, 21, 24], ""subset_size"": 7, ""micro_f1"": 0.8645, ""macro_f1"": 0.027274304733961165, ""validation_loss"": 0.84527197265625, ""train_loss"": 2.006055489031474, ""seconds"": 0.3348254749998887, ""gpu_id"": 1, ""candidate_id"": 58, ""sample_weight"": 0.05067317481195735}, {""client_id"": 8, ""model_family"": ""gru"", ""feature_ids"": [3, 4, 7, 9, 10, 21, 24], ""subset_size"": 7, ""micro_f1"": 0.4107, ""macro_f1"": 0.0369514360360777, ""validation_loss"": 2.975433203125, ""train_loss"": 3.2777901256985134, ""seconds"": 0.3632510879997426, ""gpu_id"": 0, ""candidate_id"": 58, ""sample_weight"": 0.354287210681253}, {""client_id"": 9, ""model_family"": ""gru"", ""feature_ids"": [3, 4, 7, 9, 10, 21, 24], ""subset_size"": 7, ""micro_f1"": 0.7581, ""macro_f1"": 0.025364949460814985, ""validation_loss"": 1.2320337280273437, ""train_loss"": 2.171861980205112, ""seconds"": 0.32290579799973784, ""gpu_id"": 1, ""candidate_id"": 58, ""sample_weight"": 0.12090074249549396}, {""client_id"": 10, ""model_family"": ""transformer"", ""feature_ids"": [3, 4, 7, 9, 10, 21, 24], ""subset_size"": 7, ""micro_f1"": 0.5967, ""macro_f1"": 0.05423734452070386, ""validation_loss"": 1.18113310546875, ""train_loss"": 1.6251554006576538, ""seconds"": 0.7773027809998894, ""gpu_id"": 1, ""candidate_id"": 58, ""sample_weight"": 0.11011103958316146}]"
59,6,5900,"[3, 4, 7, 9, 10, 21, 24]","[""UDP"", ""fin_count"", ""syn_count"", ""Rate"", ""IAT"", ""ICMP"", ""DNS""]",7,0.6685823944996852,0.04819238346628799,0.6686868667602539,0.72,0.6479895527739431,180,14340,"[{""client_id"": 1, ""model_family"": ""cnn1d"", ""feature_ids"": [3, 4, 7, 9, 10, 21, 24], ""subset_size"": 7, ""micro_f1"": 0.8775380710659898, ""macro_f1"": 0.02749339005625907, ""validation_loss"": 1.3543453313372462, ""train_loss"": 1.9456541592699623, ""seconds"": 0.1080460220000532, ""gpu_id"": 0, ""candidate_id"": 59, ""sample_weight"": 0.0008752009911046531}, {""client_id"": 2, ""model_family"": ""cnn1d"", ""feature_ids"": [3, 4, 7, 9, 10, 21, 24], ""subset_size"": 7, ""micro_f1"": 0.7201, ""macro_f1"": 0.1328288085499543, ""validation_loss"": 1.14192724609375, ""train_loss"": 1.810138585472107, ""seconds"": 0.3317906900001617, ""gpu_id"": 0, ""candidate_id"": 59, ""sample_weight"": 0.061408177662345804}, {""client_id"": 3, ""model_family"": ""cnn1d"", ""feature_ids"": [3, 4, 7, 9, 10, 21, 24], ""subset_size"": 7, ""micro_f1"": 0.8422, ""macro_f1"": 0.053180088153179976, ""validation_loss"": 0.6673207885742187, ""train_loss"": 1.1779833163049487, ""seconds"": 0.3157713020000301, ""gpu_id"": 1, ""candidate_id"": 59, ""sample_weight"": 0.10352608384640223}, {""client_id"": 4, ""model_family"": ""cnn1d"", ""feature_ids"": [3, 4, 7, 9, 10, 21, 24], ""subset_size"": 7, ""micro_f1"": 0.8959, ""macro_f1"": 0.048827910136158496, ""validation_loss"": 0.4921246154785156, ""train_loss"": 1.0376242359055412, ""seconds"": 0.3131055359999664, ""gpu_id"": 0, ""candidate_id"": 59, ""sample_weight"": 0.05331880053778213}, {""client_id"": 5, ""model_family"": ""cnn1d"", ""feature_ids"": [3, 4, 7, 9, 10, 21, 24], ""subset_size"": 7, ""micro_f1"": 0.961, ""macro_f1"": 0.05716313542383673, ""validation_loss"": 0.25050682373046873, ""train_loss"": 0.7769842799451616, ""seconds"": 0.33904174899998907, ""gpu_id"": 0, ""candidate_id"": 59, ""sample_weight"": 0.07030155005722065}, {""client_id"": 6, ""model_family"": ""cnn1d"", ""feature_ids"": [3, 4, 7, 9, 10, 21, 24], ""subset_size"": 7, ""micro_f1"": 0.9968, ""macro_f1"": 0.05861558896984498, ""validation_loss"": 0.09788966674804687, ""train_loss"": 0.5948464016755421, ""seconds"": 0.31623271800026487, ""gpu_id"": 0, ""candidate_id"": 59, ""sample_weight"": 0.07459801933327874}, {""client_id"": 7, ""model_family"": ""gru"", ""feature_ids"": [3, 4, 7, 9, 10, 21, 24], ""subset_size"": 7, ""micro_f1"": 0.8645, ""macro_f1"": 0.027274304733961165, ""validation_loss"": 0.846621044921875, ""train_loss"": 2.0094714245902168, ""seconds"": 0.32149207700012994, ""gpu_id"": 1, ""candidate_id"": 59, ""sample_weight"": 0.05067317481195735}, {""client_id"": 8, ""model_family"": ""gru"", ""feature_ids"": [3, 4, 7, 9, 10, 21, 24], ""subset_size"": 7, ""micro_f1"": 0.4108, ""macro_f1"": 0.03694874733194566, ""validation_loss"": 2.9755171875, ""train_loss"": 3.2777176209343803, ""seconds"": 0.32719704800001637, ""gpu_id"": 0, ""candidate_id"": 59, ""sample_weight"": 0.354287210681253}, {""client_id"": 9, ""model_family"": ""gru"", ""feature_ids"": [3, 4, 7, 9, 10, 21, 24], ""subset_size"": 7, ""micro_f1"": 0.7581, ""macro_f1"": 0.025364949460814985, ""validation_loss"": 1.231427734375, ""train_loss"": 2.170764499452379, ""seconds"": 0.3436353339998277, ""gpu_id"": 1, ""candidate_id"": 59, ""sample_weight"": 0.12090074249549396}, {""client_id"": 10, ""model_family"": ""transformer"", ""feature_ids"": [3, 4, 7, 9, 10, 21, 24], ""subset_size"": 7, ""micro_f1"": 0.5968, ""macro_f1"": 0.054237295146438186, ""validation_loss"": 1.1815064208984376, ""train_loss"": 1.6249605438232422, ""seconds"": 0.6971387919998051, ""gpu_id"": 1, ""candidate_id"": 59, ""sample_weight"": 0.11011103958316146}]"
60,6,6000,"[3, 4, 7, 9, 10, 21, 24]","[""UDP"", ""fin_count"", ""syn_count"", ""Rate"", ""IAT"", ""ICMP"", ""DNS""]",7,0.6686209197101198,0.04819522128725314,0.6686419248580933,0.72,0.6479978994852027,180,14520,"[{""client_id"": 1, ""model_family"": ""cnn1d"", ""feature_ids"": [3, 4, 7, 9, 10, 21, 24], ""subset_size"": 7, ""micro_f1"": 0.8775380710659898, ""macro_f1"": 0.02749339005625907, ""validation_loss"": 1.352574769615522, ""train_loss"": 1.9457988769606016, ""seconds"": 0.11654645199996594, ""gpu_id"": 0, ""candidate_id"": 60, ""sample_weight"": 0.0008752009911046531}, {""client_id"": 2, ""model_family"": ""cnn1d"", ""feature_ids"": [3, 4, 7, 9, 10, 21, 24], ""subset_size"": 7, ""micro_f1"": 0.7196, ""macro_f1"": 0.13309896849661054, ""validation_loss"": 1.1425970825195313, ""train_loss"": 1.8097110135184393, ""seconds"": 0.3604246919999241, ""gpu_id"": 0, ""candidate_id"": 60, ""sample_weight"": 0.061408177662345804}, {""client_id"": 3, ""model_family"": ""cnn1d"", ""feature_ids"": [3, 4, 7, 9, 10, 21, 24], ""subset_size"": 7, ""micro_f1"": 0.8425, ""macro_f1"": 0.05319976598273952, ""validation_loss"": 0.66537177734375, ""train_loss"": 1.1768978073967828, ""seconds"": 0.36635191499999564, ""gpu_id"": 1, ""candidate_id"": 60, ""sample_weight"": 0.10352608384640223}, {""client_id"": 4, ""model_family"": ""cnn1d"", ""feature_ids"": [3, 4, 7, 9, 10, 21, 24], ""subset_size"": 7, ""micro_f1"": 0.8957, ""macro_f1"": 0.048721335661922084, ""validation_loss"": 0.4911635314941406, ""train_loss"": 1.0367687838342454, ""seconds"": 0.3211541099999522, ""gpu_id"": 0, ""candidate_id"": 60, ""sample_weight"": 0.05331880053778213}, {""client_id"": 5, ""model_family"": ""cnn1d"", ""feature_ids"": [3, 4, 7, 9, 10, 21, 24], ""subset_size"": 7, ""micro_f1"": 0.961, ""macro_f1"": 0.05715946184614159, ""validation_loss"": 0.2516183349609375, ""train_loss"": 0.7780815297338698, ""seconds"": 0.3059766220003439, ""gpu_id"": 0, ""candidate_id"": 60, ""sample_weight"": 0.07030155005722065}, {""client_id"": 6, ""model_family"": ""cnn1d"", ""feature_ids"": [3, 4, 7, 9, 10, 21, 24], ""subset_size"": 7, ""micro_f1"": 0.9968, ""macro_f1"": 0.05861558896984498, ""validation_loss"": 0.09752971801757812, ""train_loss"": 0.5932495948235194, ""seconds"": 0.33137044700015394, ""gpu_id"": 0, ""candidate_id"": 60, ""sample_weight"": 0.07459801933327874}, {""client_id"": 7, ""model_family"": ""gru"", ""feature_ids"": [3, 4, 7, 9, 10, 21, 24], ""subset_size"": 7, ""micro_f1"": 0.8645, ""macro_f1"": 0.027274304733961165, ""validation_loss"": 0.8453913330078126, ""train_loss"": 2.0072620092921785, ""seconds"": 0.3492427689998294, ""gpu_id"": 1, ""candidate_id"": 60, ""sample_weight"": 0.05067317481195735}, {""client_id"": 8, ""model_family"": ""gru"", ""feature_ids"": [3, 4, 7, 9, 10, 21, 24], ""subset_size"": 7, ""micro_f1"": 0.411, ""macro_f1"": 0.03694701097884779, ""validation_loss"": 2.97562578125, ""train_loss"": 3.2779088980780706, ""seconds"": 0.32677596100029405, ""gpu_id"": 0, ""candidate_id"": 60, ""sample_weight"": 0.354287210681253}, {""client_id"": 9, ""model_family"": ""gru"", ""feature_ids"": [3, 4, 7, 9, 10, 21, 24], ""subset_size"": 7, ""micro_f1"": 0.7581, ""macro_f1"": 0.025364949460814985, ""validation_loss"": 1.2314120483398439, ""train_loss"": 2.1713127259996203, ""seconds"": 0.3168217239999649, ""gpu_id"": 1, ""candidate_id"": 60, ""sample_weight"": 0.12090074249549396}, {""client_id"": 10, ""model_family"": ""transformer"", ""feature_ids"": [3, 4, 7, 9, 10, 21, 24], ""subset_size"": 7, ""micro_f1"": 0.5966, ""macro_f1"": 0.05415343862607508, ""validation_loss"": 1.181345654296875, ""train_loss"": 1.6238313125398425, ""seconds"": 0.6974737399996229, ""gpu_id"": 1, ""candidate_id"": 60, ""sample_weight"": 0.11011103958316146}]"
61,7,6100,"[3, 4, 7, 9, 10, 21, 24]","[""UDP"", ""fin_count"", ""syn_count"", ""Rate"", ""IAT"", ""ICMP"", ""DNS""]",7,0.6686686086186194,0.04819325029357155,0.6685810685157776,0.72,0.6480087540102842,180,14700,"[{""client_id"": 1, ""model_family"": ""cnn1d"", ""feature_ids"": [3, 4, 7, 9, 10, 21, 24], ""subset_size"": 7, ""micro_f1"": 0.8775380710659898, ""macro_f1"": 0.02749339005625907, ""validation_loss"": 1.3516822466390388, ""train_loss"": 1.9460318741728475, ""seconds"": 0.12025220400028047, ""gpu_id"": 0, ""candidate_id"": 61, ""sample_weight"": 0.0008752009911046531}, {""client_id"": 2, ""model_family"": ""cnn1d"", ""feature_ids"": [3, 4, 7, 9, 10, 21, 24], ""subset_size"": 7, ""micro_f1"": 0.7208, ""macro_f1"": 0.13299948499144637, ""validation_loss"": 1.1438227783203125, ""train_loss"": 1.8098630037731593, ""seconds"": 0.38017070100022465, ""gpu_id"": 0, ""candidate_id"": 61, ""sample_weight"": 0.061408177662345804}, {""client_id"": 3, ""model_family"": ""cnn1d"", ""feature_ids"": [3, 4, 7, 9, 10, 21, 24], ""subset_size"": 7, ""micro_f1"": 0.8424, ""macro_f1"": 0.05319339991435223, ""validation_loss"": 0.6685687927246093, ""train_loss"": 1.1793072156058417, ""seconds"": 0.3765424170001097, ""gpu_id"": 1, ""candidate_id"": 61, ""sample_weight"": 0.10352608384640223}, {""client_id"": 4, ""model_family"": ""cnn1d"", ""feature_ids"": [3, 4, 7, 9, 10, 21, 24], ""subset_size"": 7, ""micro_f1"": 0.8952, ""macro_f1"": 0.04866022694021212, ""validation_loss"": 0.49030299072265626, ""train_loss"": 1.0382133180830213, ""seconds"": 0.35155447499982984, ""gpu_id"": 0, ""candidate_id"": 61, ""sample_weight"": 0.05331880053778213}, {""client_id"": 5, ""model_family"": ""cnn1d"", ""feature_ids"": [3, 4, 7, 9, 10, 21, 24], ""subset_size"": 7, ""micro_f1"": 0.961, ""macro_f1"": 0.05716313542383673, ""validation_loss"": 0.24990184020996092, ""train_loss"": 0.7775360710779826, ""seconds"": 0.3646844569998393, ""gpu_id"": 0, ""candidate_id"": 61, ""sample_weight"": 0.07030155005722065}, {""client_id"": 6, ""model_family"": ""cnn1d"", ""feature_ids"": [3, 4, 7, 9, 10, 21, 24], ""subset_size"": 7, ""micro_f1"": 0.9968, ""macro_f1"": 0.05861558896984498, ""validation_loss"": 0.09647565612792969, ""train_loss"": 0.5922738945788807, ""seconds"": 0.32487407700000404, ""gpu_id"": 0, ""candidate_id"": 61, ""sample_weight"": 0.07459801933327874}, {""client_id"": 7, ""model_family"": ""gru"", ""feature_ids"": [3, 4, 7, 9, 10, 21, 24], ""subset_size"": 7, ""micro_f1"": 0.8645, ""macro_f1"": 0.027274304733961165, ""validation_loss"": 0.8457778076171875, ""train_loss"": 2.0071352347797817, ""seconds"": 0.3810710279999512, ""gpu_id"": 1, ""candidate_id"": 61, ""sample_weight"": 0.05067317481195735}, {""client_id"": 8, ""model_family"": ""gru"", ""feature_ids"": [3, 4, 7, 9, 10, 21, 24], ""subset_size"": 7, ""micro_f1"": 0.411, ""macro_f1"": 0.03694701097884779, ""validation_loss"": 2.9756353515625, ""train_loss"": 3.27804841694302, ""seconds"": 0.33530452600007266, ""gpu_id"": 0, ""candidate_id"": 61, ""sample_weight"": 0.354287210681253}, {""client_id"": 9, ""model_family"": ""gru"", ""feature_ids"": [3, 4, 7, 9, 10, 21, 24], ""subset_size"": 7, ""micro_f1"": 0.7581, ""macro_f1"": 0.025364949460814985, ""validation_loss"": 1.231381884765625, ""train_loss"": 2.1721286792543197, ""seconds"": 0.3575508870003432, ""gpu_id"": 1, ""candidate_id"": 61, ""sample_weight"": 0.12090074249549396}, {""client_id"": 10, ""model_family"": ""transformer"", ""feature_ids"": [3, 4, 7, 9, 10, 21, 24], ""subset_size"": 7, ""micro_f1"": 0.5967, ""macro_f1"": 0.05422425029741076, ""validation_loss"": 1.1807818115234374, ""train_loss"": 1.6242380641937255, ""seconds"": 0.7180300069999248, ""gpu_id"": 1, ""candidate_id"": 61, ""sample_weight"": 0.11011103958316146}]"
62,7,6200,"[3, 4, 7, 9, 10, 21, 24]","[""UDP"", ""fin_count"", ""syn_count"", ""Rate"", ""IAT"", ""ICMP"", ""DNS""]",7,0.6686138666353872,0.048199050959771186,0.6686549782752991,0.72,0.6479958888360089,180,14880,"[{""client_id"": 1, ""model_family"": ""cnn1d"", ""feature_ids"": [3, 4, 7, 9, 10, 21, 24], ""subset_size"": 7, ""micro_f1"": 0.8775380710659898, ""macro_f1"": 0.02749339005625907, ""validation_loss"": 1.3510677899200905, ""train_loss"": 1.9453896393361767, ""seconds"": 0.11125001499976861, ""gpu_id"": 0, ""candidate_id"": 62, ""sample_weight"": 0.0008752009911046531}, {""client_id"": 2, ""model_family"": ""cnn1d"", ""feature_ids"": [3, 4, 7, 9, 10, 21, 24], ""subset_size"": 7, ""micro_f1"": 0.7207, ""macro_f1"": 0.13291433570556715, ""validation_loss"": 1.144008447265625, ""train_loss"": 1.8099222346411812, ""seconds"": 0.3264630869998655, ""gpu_id"": 0, ""candidate_id"": 62, ""sample_weight"": 0.061408177662345804}, {""client_id"": 3, ""model_family"": ""cnn1d"", ""feature_ids"": [3, 4, 7, 9, 10, 21, 24], ""subset_size"": 7, ""micro_f1"": 0.8422, ""macro_f1"": 0.05318066813440754, ""validation_loss"": 0.6692109130859375, ""train_loss"": 1.178214085261027, ""seconds"": 0.31738022499985163, ""gpu_id"": 1, ""candidate_id"": 62, ""sample_weight"": 0.10352608384640223}, {""client_id"": 4, ""model_family"": ""cnn1d"", ""feature_ids"": [3, 4, 7, 9, 10, 21, 24], ""subset_size"": 7, ""micro_f1"": 0.8962, ""macro_f1"": 0.048807635303762996, ""validation_loss"": 0.4902797607421875, ""train_loss"": 1.0378152104112837, ""seconds"": 0.3219785870001033, ""gpu_id"": 0, ""candidate_id"": 62, ""sample_weight"": 0.05331880053778213}, {""client_id"": 5, ""model_family"": ""cnn1d"", ""feature_ids"": [3, 4, 7, 9, 10, 21, 24], ""subset_size"": 7, ""micro_f1"": 0.9612, ""macro_f1"": 0.05718265066011589, ""validation_loss"": 0.2504791015625, ""train_loss"": 0.7776014411369959, ""seconds"": 0.37047342200003186, ""gpu_id"": 0, ""candidate_id"": 62, ""sample_weight"": 0.07030155005722065}, {""client_id"": 6, ""model_family"": ""cnn1d"", ""feature_ids"": [3, 4, 7, 9, 10, 21, 24], ""subset_size"": 7, ""micro_f1"": 0.9968, ""macro_f1"": 0.05861558896984498, ""validation_loss"": 0.09748930969238281, ""train_loss"": 0.593374643641048, ""seconds"": 0.29420407899988277, ""gpu_id"": 0, ""candidate_id"": 62, ""sample_weight"": 0.07459801933327874}, {""client_id"": 7, ""model_family"": ""gru"", ""feature_ids"": [3, 4, 7, 9, 10, 21, 24], ""subset_size"": 7, ""micro_f1"": 0.8645, ""macro_f1"": 0.027274304733961165, ""validation_loss"": 0.846400927734375, ""train_loss"": 2.0083432817671034, ""seconds"": 0.3325395399997433, ""gpu_id"": 1, ""candidate_id"": 62, ""sample_weight"": 0.05067317481195735}, {""client_id"": 8, ""model_family"": ""gru"", ""feature_ids"": [3, 4, 7, 9, 10, 21, 24], ""subset_size"": 7, ""micro_f1"": 0.4107, ""macro_f1"": 0.036955046157339536, ""validation_loss"": 2.9756349609375, ""train_loss"": 3.277828493033515, ""seconds"": 0.3764593760001844, ""gpu_id"": 0, ""candidate_id"": 62, ""sample_weight"": 0.354287210681253}, {""client_id"": 9, ""model_family"": ""gru"", ""feature_ids"": [3, 4, 7, 9, 10, 21, 24], ""subset_size"": 7, ""micro_f1"": 0.7581, ""macro_f1"": 0.025364949460814985, ""validation_loss"": 1.2316908569335938, ""train_loss"": 2.1709388906478884, ""seconds"": 0.3862556230001246, ""gpu_id"": 1, ""candidate_id"": 62, ""sample_weight"": 0.12090074249549396}, {""client_id"": 10, ""model_family"": ""transformer"", ""feature_ids"": [3, 4, 7, 9, 10, 21, 24], ""subset_size"": 7, ""micro_f1"": 0.5968, ""macro_f1"": 0.05422669556107111, ""validation_loss"": 1.1807352294921876, ""train_loss"": 1.624738407834371, ""seconds"": 0.7307757090002269, ""gpu_id"": 1, ""candidate_id"": 62, ""sample_weight"": 0.11011103958316146}]"
63,7,6300,"[3, 4, 7, 9, 10, 21, 24]","[""UDP"", ""fin_count"", ""syn_count"", ""Rate"", ""IAT"", ""ICMP"", ""DNS""]",7,0.668716182385494,0.04818853973464088,0.6686500310897827,0.72,0.6480066151295711,180,15060,"[{""client_id"": 1, ""model_family"": ""cnn1d"", ""feature_ids"": [3, 4, 7, 9, 10, 21, 24], ""subset_size"": 7, ""micro_f1"": 0.8775380710659898, ""macro_f1"": 0.02749339005625907, ""validation_loss"": 1.3502967176098508, ""train_loss"": 1.9443254895083864, ""seconds"": 0.12296653600014906, ""gpu_id"": 0, ""candidate_id"": 63, ""sample_weight"": 0.0008752009911046531}, {""client_id"": 2, ""model_family"": ""cnn1d"", ""feature_ids"": [3, 4, 7, 9, 10, 21, 24], ""subset_size"": 7, ""micro_f1"": 0.7196, ""macro_f1"": 0.13283917958065203, ""validation_loss"": 1.144391552734375, ""train_loss"": 1.808999063597785, ""seconds"": 0.3407156999996914, ""gpu_id"": 0, ""candidate_id"": 63, ""sample_weight"": 0.061408177662345804}, {""client_id"": 3, ""model_family"": ""cnn1d"", ""feature_ids"": [3, 4, 7, 9, 10, 21, 24], ""subset_size"": 7, ""micro_f1"": 0.8425, ""macro_f1"": 0.05320093384094288, ""validation_loss"": 0.6685209594726562, ""train_loss"": 1.1785938849025301, ""seconds"": 0.3548006279997935, ""gpu_id"": 1, ""candidate_id"": 63, ""sample_weight"": 0.10352608384640223}, {""client_id"": 4, ""model_family"": ""cnn1d"", ""feature_ids"": [3, 4, 7, 9, 10, 21, 24], ""subset_size"": 7, ""micro_f1"": 0.8963, ""macro_f1"": 0.04879195579459978, ""validation_loss"": 0.489744091796875, ""train_loss"": 1.0373401667171054, ""seconds"": 0.32290136900019206, ""gpu_id"": 0, ""candidate_id"": 63, ""sample_weight"": 0.05331880053778213}, {""client_id"": 5, ""model_family"": ""cnn1d"", ""feature_ids"": [3, 4, 7, 9, 10, 21, 24], ""subset_size"": 7, ""micro_f1"": 0.9619, ""macro_f1"": 0.057246386719001396, ""validation_loss"": 0.250233203125, ""train_loss"": 0.7769237658659617, ""seconds"": 0.3273654939998778, ""gpu_id"": 0, ""candidate_id"": 63, ""sample_weight"": 0.07030155005722065}, {""client_id"": 6, ""model_family"": ""cnn1d"", ""feature_ids"": [3, 4, 7, 9, 10, 21, 24], ""subset_size"": 7, ""micro_f1"": 0.9968, ""macro_f1"": 0.05861558896984498, ""validation_loss"": 0.09743970642089844, ""train_loss"": 0.5923862457328373, ""seconds"": 0.3071236009996028, ""gpu_id"": 0, ""candidate_id"": 63, ""sample_weight"": 0.07459801933327874}, {""client_id"": 7, ""model_family"": ""gru"", ""feature_ids"": [3, 4, 7, 9, 10, 21, 24], ""subset_size"": 7, ""micro_f1"": 0.8645, ""macro_f1"": 0.027274304733961165, ""validation_loss"": 0.8464893310546875, ""train_loss"": 2.0075217586199443, ""seconds"": 0.3366578280001704, ""gpu_id"": 1, ""candidate_id"": 63, ""sample_weight"": 0.05067317481195735}, {""client_id"": 8, ""model_family"": ""gru"", ""feature_ids"": [3, 4, 7, 9, 10, 21, 24], ""subset_size"": 7, ""micro_f1"": 0.411, ""macro_f1"": 0.03692746162188472, ""validation_loss"": 2.975408203125, ""train_loss"": 3.277840233484904, ""seconds"": 0.3173105289997693, ""gpu_id"": 0, ""candidate_id"": 63, ""sample_weight"": 0.354287210681253}, {""client_id"": 9, ""model_family"": ""gru"", ""feature_ids"": [3, 4, 7, 9, 10, 21, 24], ""subset_size"": 7, ""micro_f1"": 0.7581, ""macro_f1"": 0.025364949460814985, ""validation_loss"": 1.2318201904296875, ""train_loss"": 2.171675317933824, ""seconds"": 0.3392357650000122, ""gpu_id"": 1, ""candidate_id"": 63, ""sample_weight"": 0.12090074249549396}, {""client_id"": 10, ""model_family"": ""transformer"", ""feature_ids"": [3, 4, 7, 9, 10, 21, 24], ""subset_size"": 7, ""micro_f1"": 0.5966, ""macro_f1"": 0.05420974960643738, ""validation_loss"": 1.1811051025390624, ""train_loss"": 1.6256405667622884, ""seconds"": 0.6833586309999191, ""gpu_id"": 1, ""candidate_id"": 63, ""sample_weight"": 0.11011103958316146}]"
64,7,6400,"[3, 4, 7, 9, 10, 21, 24]","[""UDP"", ""fin_count"", ""syn_count"", ""Rate"", ""IAT"", ""ICMP"", ""DNS""]",7,0.6686600928987843,0.04823782927211183,0.6686914563179016,0.72,0.6479968636580883,180,15240,"[{""client_id"": 1, ""model_family"": ""cnn1d"", ""feature_ids"": [3, 4, 7, 9, 10, 21, 24], ""subset_size"": 7, ""micro_f1"": 0.8775380710659898, ""macro_f1"": 0.02749339005625907, ""validation_loss"": 1.3520554285969226, ""train_loss"": 1.9446841320343362, ""seconds"": 0.11893295199979548, ""gpu_id"": 0, ""candidate_id"": 64, ""sample_weight"": 0.0008752009911046531}, {""client_id"": 2, ""model_family"": ""cnn1d"", ""feature_ids"": [3, 4, 7, 9, 10, 21, 24], ""subset_size"": 7, ""micro_f1"": 0.7215, ""macro_f1"": 0.13365158810169642, ""validation_loss"": 1.1440310668945313, ""train_loss"": 1.810116112920973, ""seconds"": 0.34339601600004244, ""gpu_id"": 0, ""candidate_id"": 64, ""sample_weight"": 0.061408177662345804}, {""client_id"": 3, ""model_family"": ""cnn1d"", ""feature_ids"": [3, 4, 7, 9, 10, 21, 24], ""subset_size"": 7, ""micro_f1"": 0.8423, ""macro_f1"": 0.0531864532966235, ""validation_loss"": 0.6681209106445313, ""train_loss"": 1.1784676248656378, ""seconds"": 0.3557899190000171, ""gpu_id"": 1, ""candidate_id"": 64, ""sample_weight"": 0.10352608384640223}, {""client_id"": 4, ""model_family"": ""cnn1d"", ""feature_ids"": [3, 4, 7, 9, 10, 21, 24], ""subset_size"": 7, ""micro_f1"": 0.8957, ""macro_f1"": 0.048684715873165155, ""validation_loss"": 0.4912043640136719, ""train_loss"": 1.038489370531506, ""seconds"": 0.34217323299981217, ""gpu_id"": 0, ""candidate_id"": 64, ""sample_weight"": 0.05331880053778213}, {""client_id"": 5, ""model_family"": ""cnn1d"", ""feature_ids"": [3, 4, 7, 9, 10, 21, 24], ""subset_size"": 7, ""micro_f1"": 0.9612, ""macro_f1"": 0.05718773423435143, ""validation_loss"": 0.25113477478027346, ""train_loss"": 0.7770011434502072, ""seconds"": 0.3127194120002059, ""gpu_id"": 0, ""candidate_id"": 64, ""sample_weight"": 0.07030155005722065}, {""client_id"": 6, ""model_family"": ""cnn1d"", ""feature_ids"": [3, 4, 7, 9, 10, 21, 24], ""subset_size"": 7, ""micro_f1"": 0.9968, ""macro_f1"": 0.05861558896984498, ""validation_loss"": 0.0977182373046875, ""train_loss"": 0.592772520939509, ""seconds"": 0.3432885110000825, ""gpu_id"": 0, ""candidate_id"": 64, ""sample_weight"": 0.07459801933327874}, {""client_id"": 7, ""model_family"": ""gru"", ""feature_ids"": [3, 4, 7, 9, 10, 21, 24], ""subset_size"": 7, ""micro_f1"": 0.8645, ""macro_f1"": 0.027274304733961165, ""validation_loss"": 0.8464372436523437, ""train_loss"": 2.0089391045994227, ""seconds"": 0.34798997300003975, ""gpu_id"": 1, ""candidate_id"": 64, ""sample_weight"": 0.05067317481195735}, {""client_id"": 8, ""model_family"": ""gru"", ""feature_ids"": [3, 4, 7, 9, 10, 21, 24], ""subset_size"": 7, ""micro_f1"": 0.4108, ""macro_f1"": 0.03695956468045086, ""validation_loss"": 2.9753916015625, ""train_loss"": 3.2776504994710285, ""seconds"": 0.3783307779999632, ""gpu_id"": 0, ""candidate_id"": 64, ""sample_weight"": 0.354287210681253}, {""client_id"": 9, ""model_family"": ""gru"", ""feature_ids"": [3, 4, 7, 9, 10, 21, 24], ""subset_size"": 7, ""micro_f1"": 0.7581, ""macro_f1"": 0.025364949460814985, ""validation_loss"": 1.232302490234375, ""train_loss"": 2.172623409991794, ""seconds"": 0.3211308159998225, ""gpu_id"": 1, ""candidate_id"": 64, ""sample_weight"": 0.12090074249549396}, {""client_id"": 10, ""model_family"": ""transformer"", ""feature_ids"": [3, 4, 7, 9, 10, 21, 24], ""subset_size"": 7, ""micro_f1"": 0.5966, ""macro_f1"": 0.05420400709607446, ""validation_loss"": 1.1810871337890625, ""train_loss"": 1.6246120453940498, ""seconds"": 0.7722867329998735, ""gpu_id"": 1, ""candidate_id"": 64, ""sample_weight"": 0.11011103958316146}]"
65,7,6500,"[3, 4, 7, 9, 10, 21, 24]","[""UDP"", ""fin_count"", ""syn_count"", ""Rate"", ""IAT"", ""ICMP"", ""DNS""]",7,0.6686583488121448,0.04824695389672054,0.6686885952949524,0.72,0.6479969753517193,180,15420,"[{""client_id"": 1, ""model_family"": ""cnn1d"", ""feature_ids"": [3, 4, 7, 9, 10, 21, 24], ""subset_size"": 7, ""micro_f1"": 0.8775380710659898, ""macro_f1"": 0.02749339005625907, ""validation_loss"": 1.3529873765664657, ""train_loss"": 1.945405608674462, ""seconds"": 0.11964519699995435, ""gpu_id"": 0, ""candidate_id"": 65, ""sample_weight"": 0.0008752009911046531}, {""client_id"": 2, ""model_family"": ""cnn1d"", ""feature_ids"": [3, 4, 7, 9, 10, 21, 24], ""subset_size"": 7, ""micro_f1"": 0.7219, ""macro_f1"": 0.13398154792929337, ""validation_loss"": 1.142560107421875, ""train_loss"": 1.8099392014185587, ""seconds"": 0.3651031649997094, ""gpu_id"": 0, ""candidate_id"": 65, ""sample_weight"": 0.061408177662345804}, {""client_id"": 3, ""model_family"": ""cnn1d"", ""feature_ids"": [3, 4, 7, 9, 10, 21, 24], ""subset_size"": 7, ""micro_f1"": 0.8422, ""macro_f1"": 0.053180088153179976, ""validation_loss"": 0.6671313751220703, ""train_loss"": 1.1781246964030796, ""seconds"": 0.36879978999968444, ""gpu_id"": 1, ""candidate_id"": 65, ""sample_weight"": 0.10352608384640223}, {""client_id"": 4, ""model_family"": ""cnn1d"", ""feature_ids"": [3, 4, 7, 9, 10, 21, 24], ""subset_size"": 7, ""micro_f1"": 0.895, ""macro_f1"": 0.048581338152705614, ""validation_loss"": 0.4926278564453125, ""train_loss"": 1.0371713414616055, ""seconds"": 0.36332332099982523, ""gpu_id"": 0, ""candidate_id"": 65, ""sample_weight"": 0.05331880053778213}, {""client_id"": 5, ""model_family"": ""cnn1d"", ""feature_ids"": [3, 4, 7, 9, 10, 21, 24], ""subset_size"": 7, ""micro_f1"": 0.961, ""macro_f1"": 0.05717106895649359, ""validation_loss"": 0.24970055236816407, ""train_loss"": 0.7779212469683753, ""seconds"": 0.33223438799996075, ""gpu_id"": 0, ""candidate_id"": 65, ""sample_weight"": 0.07030155005722065}, {""client_id"": 6, ""model_family"": ""cnn1d"", ""feature_ids"": [3, 4, 7, 9, 10, 21, 24], ""subset_size"": 7, ""micro_f1"": 0.9968, ""macro_f1"": 0.05861558896984498, ""validation_loss"": 0.09716688842773437, ""train_loss"": 0.5929866729974747, ""seconds"": 0.34263736599996264, ""gpu_id"": 0, ""candidate_id"": 65, ""sample_weight"": 0.07459801933327874}, {""client_id"": 7, ""model_family"": ""gru"", ""feature_ids"": [3, 4, 7, 9, 10, 21, 24], ""subset_size"": 7, ""micro_f1"": 0.8645, ""macro_f1"": 0.027274304733961165, ""validation_loss"": 0.8463209716796875, ""train_loss"": 2.0088109562767875, ""seconds"": 0.3873384549997354, ""gpu_id"": 1, ""candidate_id"": 65, ""sample_weight"": 0.05067317481195735}, {""client_id"": 8, ""model_family"": ""gru"", ""feature_ids"": [3, 4, 7, 9, 10, 21, 24], ""subset_size"": 7, ""micro_f1"": 0.4109, ""macro_f1"": 0.03694607550133024, ""validation_loss"": 2.975302734375, ""train_loss"": 3.277738389884101, ""seconds"": 0.3191293609997956, ""gpu_id"": 0, ""candidate_id"": 65, ""sample_weight"": 0.354287210681253}, {""client_id"": 9, ""model_family"": ""gru"", ""feature_ids"": [3, 4, 7, 9, 10, 21, 24], ""subset_size"": 7, ""micro_f1"": 0.7581, ""macro_f1"": 0.025364949460814985, ""validation_loss"": 1.23148798828125, ""train_loss"": 2.1709143728256226, ""seconds"": 0.3471386410001287, ""gpu_id"": 1, ""candidate_id"": 65, ""sample_weight"": 0.12090074249549396}, {""client_id"": 10, ""model_family"": ""transformer"", ""feature_ids"": [3, 4, 7, 9, 10, 21, 24], ""subset_size"": 7, ""micro_f1"": 0.5966, ""macro_f1"": 0.05421294321946006, ""validation_loss"": 1.1796799560546876, ""train_loss"": 1.6230564361784192, ""seconds"": 0.7167092990002857, ""gpu_id"": 1, ""candidate_id"": 65, ""sample_weight"": 0.11011103958316146}]"
66,7,6600,"[3, 4, 7, 9, 10, 21, 24]","[""UDP"", ""fin_count"", ""syn_count"", ""Rate"", ""IAT"", ""ICMP"", ""DNS""]",7,0.6686150631599063,0.048208021983984564,0.6686521172523499,0.72,0.6479962945907557,180,15600,"[{""client_id"": 1, ""model_family"": ""cnn1d"", ""feature_ids"": [3, 4, 7, 9, 10, 21, 24], ""subset_size"": 7, ""micro_f1"": 0.8775380710659898, ""macro_f1"": 0.02749339005625907, ""validation_loss"": 1.3533481655992228, ""train_loss"": 1.9456981344540376, ""seconds"": 0.11282080899991342, ""gpu_id"": 0, ""candidate_id"": 66, ""sample_weight"": 0.0008752009911046531}, {""client_id"": 2, ""model_family"": ""cnn1d"", ""feature_ids"": [3, 4, 7, 9, 10, 21, 24], ""subset_size"": 7, ""micro_f1"": 0.7206, ""macro_f1"": 0.13302606474047832, ""validation_loss"": 1.1444363403320312, ""train_loss"": 1.8096496644126043, ""seconds"": 0.32295251300001837, ""gpu_id"": 0, ""candidate_id"": 66, ""sample_weight"": 0.061408177662345804}, {""client_id"": 3, ""model_family"": ""cnn1d"", ""feature_ids"": [3, 4, 7, 9, 10, 21, 24], ""subset_size"": 7, ""micro_f1"": 0.8425, ""macro_f1"": 0.05319976598273952, ""validation_loss"": 0.6673047119140625, ""train_loss"": 1.1788137621243795, ""seconds"": 0.3220794109997769, ""gpu_id"": 1, ""candidate_id"": 66, ""sample_weight"": 0.10352608384640223}, {""client_id"": 4, ""model_family"": ""cnn1d"", ""feature_ids"": [3, 4, 7, 9, 10, 21, 24], ""subset_size"": 7, ""micro_f1"": 0.8963, ""macro_f1"": 0.04891074371977955, ""validation_loss"": 0.4898658630371094, ""train_loss"": 1.036751992448171, ""seconds"": 0.3292122580000978, ""gpu_id"": 0, ""candidate_id"": 66, ""sample_weight"": 0.05331880053778213}, {""client_id"": 5, ""model_family"": ""cnn1d"", ""feature_ids"": [3, 4, 7, 9, 10, 21, 24], ""subset_size"": 7, ""micro_f1"": 0.9611, ""macro_f1"": 0.05716456419944465, ""validation_loss"": 0.25003792724609375, ""train_loss"": 0.7772912983311547, ""seconds"": 0.3258648999999423, ""gpu_id"": 0, ""candidate_id"": 66, ""sample_weight"": 0.07030155005722065}, {""client_id"": 6, ""model_family"": ""cnn1d"", ""feature_ids"": [3, 4, 7, 9, 10, 21, 24], ""subset_size"": 7, ""micro_f1"": 0.9968, ""macro_f1"": 0.05861558896984498, ""validation_loss"": 0.09763650207519531, ""train_loss"": 0.5928543151802487, ""seconds"": 0.30407133400012754, ""gpu_id"": 0, ""candidate_id"": 66, ""sample_weight"": 0.07459801933327874}, {""client_id"": 7, ""model_family"": ""gru"", ""feature_ids"": [3, 4, 7, 9, 10, 21, 24], ""subset_size"": 7, ""micro_f1"": 0.8645, ""macro_f1"": 0.027274304733961165, ""validation_loss"": 0.8455655517578125, ""train_loss"": 2.0067478353712294, ""seconds"": 0.34022523099974933, ""gpu_id"": 1, ""candidate_id"": 66, ""sample_weight"": 0.05067317481195735}, {""client_id"": 8, ""model_family"": ""gru"", ""feature_ids"": [3, 4, 7, 9, 10, 21, 24], ""subset_size"": 7, ""micro_f1"": 0.4107, ""macro_f1"": 0.0369514360360777, ""validation_loss"": 2.97546328125, ""train_loss"": 3.2777432729509144, ""seconds"": 0.3208578890003082, ""gpu_id"": 0, ""candidate_id"": 66, ""sample_weight"": 0.354287210681253}, {""client_id"": 9, ""model_family"": ""gru"", ""feature_ids"": [3, 4, 7, 9, 10, 21, 24], ""subset_size"": 7, ""micro_f1"": 0.7581, ""macro_f1"": 0.025364949460814985, ""validation_loss"": 1.2314602661132812, ""train_loss"": 2.1721567868550617, ""seconds"": 0.3531398169998283, ""gpu_id"": 1, ""candidate_id"": 66, ""sample_weight"": 0.12090074249549396}, {""client_id"": 10, ""model_family"": ""transformer"", ""feature_ids"": [3, 4, 7, 9, 10, 21, 24], ""subset_size"": 7, ""micro_f1"": 0.5966, ""macro_f1"": 0.05420113710003135, ""validation_loss"": 1.1801263427734374, ""train_loss"": 1.6241853954315186, ""seconds"": 0.6595438059998742, ""gpu_id"": 1, ""candidate_id"": 66, ""sample_weight"": 0.11011103958316146}]"
67,7,6700,"[3, 4, 7, 9, 10, 21, 24]","[""UDP"", ""fin_count"", ""syn_count"", ""Rate"", ""IAT"", ""ICMP"", ""DNS""]",7,0.6686705748128089,0.04823487576808438,0.6686113476753235,0.72,0.6480059227137486,180,15780,"[{""client_id"": 1, ""model_family"": ""cnn1d"", ""feature_ids"": [3, 4, 7, 9, 10, 21, 24], ""subset_size"": 7, ""micro_f1"": 0.8775380710659898, ""macro_f1"": 0.02749339005625907, ""validation_loss"": 1.3529362557503173, ""train_loss"": 1.9450812035540168, ""seconds"": 0.1043143990000317, ""gpu_id"": 0, ""candidate_id"": 67, ""sample_weight"": 0.0008752009911046531}, {""client_id"": 2, ""model_family"": ""cnn1d"", ""feature_ids"": [3, 4, 7, 9, 10, 21, 24], ""subset_size"": 7, ""micro_f1"": 0.7211, ""macro_f1"": 0.1335898243893159, ""validation_loss"": 1.1428330200195314, ""train_loss"": 1.8102225752724541, ""seconds"": 0.3771935649997431, ""gpu_id"": 0, ""candidate_id"": 67, ""sample_weight"": 0.061408177662345804}, {""client_id"": 3, ""model_family"": ""cnn1d"", ""feature_ids"": [3, 4, 7, 9, 10, 21, 24], ""subset_size"": 7, ""micro_f1"": 0.8422, ""macro_f1"": 0.053180088153179976, ""validation_loss"": 0.6683180236816406, ""train_loss"": 1.1784712572839524, ""seconds"": 0.3634190719999424, ""gpu_id"": 1, ""candidate_id"": 67, ""sample_weight"": 0.10352608384640223}, {""client_id"": 4, ""model_family"": ""cnn1d"", ""feature_ids"": [3, 4, 7, 9, 10, 21, 24], ""subset_size"": 7, ""micro_f1"": 0.8963, ""macro_f1"": 0.04881879677720136, ""validation_loss"": 0.4919226745605469, ""train_loss"": 1.0372584233283997, ""seconds"": 0.31908598100017116, ""gpu_id"": 0, ""candidate_id"": 67, ""sample_weight"": 0.05331880053778213}, {""client_id"": 5, ""model_family"": ""cnn1d"", ""feature_ids"": [3, 4, 7, 9, 10, 21, 24], ""subset_size"": 7, ""micro_f1"": 0.9612, ""macro_f1"": 0.05718801038978555, ""validation_loss"": 0.25212601318359373, ""train_loss"": 0.7785040989398956, ""seconds"": 0.3484440480001467, ""gpu_id"": 0, ""candidate_id"": 67, ""sample_weight"": 0.07030155005722065}, {""client_id"": 6, ""model_family"": ""cnn1d"", ""feature_ids"": [3, 4, 7, 9, 10, 21, 24], ""subset_size"": 7, ""micro_f1"": 0.9968, ""macro_f1"": 0.05861558896984498, ""validation_loss"": 0.097674853515625, ""train_loss"": 0.5949948974980248, ""seconds"": 0.2967306089999511, ""gpu_id"": 0, ""candidate_id"": 67, ""sample_weight"": 0.07459801933327874}, {""client_id"": 7, ""model_family"": ""gru"", ""feature_ids"": [3, 4, 7, 9, 10, 21, 24], ""subset_size"": 7, ""micro_f1"": 0.8645, ""macro_f1"": 0.027274304733961165, ""validation_loss"": 0.8456662963867188, ""train_loss"": 2.007074480236901, ""seconds"": 0.3526592289999826, ""gpu_id"": 1, ""candidate_id"": 67, ""sample_weight"": 0.05067317481195735}, {""client_id"": 8, ""model_family"": ""gru"", ""feature_ids"": [3, 4, 7, 9, 10, 21, 24], ""subset_size"": 7, ""micro_f1"": 0.4109, ""macro_f1"": 0.03694607550133024, ""validation_loss"": 2.9755041015625, ""train_loss"": 3.27776970477634, ""seconds"": 0.31266301200003, ""gpu_id"": 0, ""candidate_id"": 67, ""sample_weight"": 0.354287210681253}, {""client_id"": 9, ""model_family"": ""gru"", ""feature_ids"": [3, 4, 7, 9, 10, 21, 24], ""subset_size"": 7, ""micro_f1"": 0.7581, ""macro_f1"": 0.025364949460814985, ""validation_loss"": 1.2313798828125, ""train_loss"": 2.171453318426344, ""seconds"": 0.3390573450001284, ""gpu_id"": 1, ""candidate_id"": 67, ""sample_weight"": 0.12090074249549396}, {""client_id"": 10, ""model_family"": ""transformer"", ""feature_ids"": [3, 4, 7, 9, 10, 21, 24], ""subset_size"": 7, ""micro_f1"": 0.5964, ""macro_f1"": 0.05419591388287509, ""validation_loss"": 1.1816797607421874, ""train_loss"": 1.6247901351081, ""seconds"": 0.6853954630000771, ""gpu_id"": 1, ""candidate_id"": 67, ""sample_weight"": 0.11011103958316146}]"
68,7,6800,"[3, 4, 7, 9, 10, 21, 24]","[""UDP"", ""fin_count"", ""syn_count"", ""Rate"", ""IAT"", ""ICMP"", ""DNS""]",7,0.6686524893464456,0.04823973269374492,0.6686456799507141,0.72,0.6480006809395732,180,15960,"[{""client_id"": 1, ""model_family"": ""cnn1d"", ""feature_ids"": [3, 4, 7, 9, 10, 21, 24], ""subset_size"": 7, ""micro_f1"": 0.8775380710659898, ""macro_f1"": 0.02749339005625907, ""validation_loss"": 1.3496185922380632, ""train_loss"": 1.943970806203316, ""seconds"": 0.1109848090000014, ""gpu_id"": 0, ""candidate_id"": 68, ""sample_weight"": 0.0008752009911046531}, {""client_id"": 2, ""model_family"": ""cnn1d"", ""feature_ids"": [3, 4, 7, 9, 10, 21, 24], ""subset_size"": 7, ""micro_f1"": 0.7213, ""macro_f1"": 0.13369223636823147, ""validation_loss"": 1.1436778564453125, ""train_loss"": 1.8096648560206094, ""seconds"": 0.35682398399967497, ""gpu_id"": 0, ""candidate_id"": 68, ""sample_weight"": 0.061408177662345804}, {""client_id"": 3, ""model_family"": ""cnn1d"", ""feature_ids"": [3, 4, 7, 9, 10, 21, 24], ""subset_size"": 7, ""micro_f1"": 0.8423, ""macro_f1"": 0.05318703396505822, ""validation_loss"": 0.667060205078125, ""train_loss"": 1.17644252304501, ""seconds"": 0.3434375279998676, ""gpu_id"": 1, ""candidate_id"": 68, ""sample_weight"": 0.10352608384640223}, {""client_id"": 4, ""model_family"": ""cnn1d"", ""feature_ids"": [3, 4, 7, 9, 10, 21, 24], ""subset_size"": 7, ""micro_f1"": 0.8958, ""macro_f1"": 0.048787113140860414, ""validation_loss"": 0.49102097778320314, ""train_loss"": 1.0369631726106008, ""seconds"": 0.3706898219998038, ""gpu_id"": 0, ""candidate_id"": 68, ""sample_weight"": 0.05331880053778213}, {""client_id"": 5, ""model_family"": ""cnn1d"", ""feature_ids"": [3, 4, 7, 9, 10, 21, 24], ""subset_size"": 7, ""micro_f1"": 0.961, ""macro_f1"": 0.057159172697500565, ""validation_loss"": 0.24911343688964843, ""train_loss"": 0.777060748328103, ""seconds"": 0.31267886699970404, ""gpu_id"": 0, ""candidate_id"": 68, ""sample_weight"": 0.07030155005722065}, {""client_id"": 6, ""model_family"": ""cnn1d"", ""feature_ids"": [3, 4, 7, 9, 10, 21, 24], ""subset_size"": 7, ""micro_f1"": 0.9968, ""macro_f1"": 0.05861558896984498, ""validation_loss"": 0.0975669677734375, ""train_loss"": 0.5950549967116779, ""seconds"": 0.3031510350001554, ""gpu_id"": 0, ""candidate_id"": 68, ""sample_weight"": 0.07459801933327874}, {""client_id"": 7, ""model_family"": ""gru"", ""feature_ids"": [3, 4, 7, 9, 10, 21, 24], ""subset_size"": 7, ""micro_f1"": 0.8645, ""macro_f1"": 0.027274304733961165, ""validation_loss"": 0.845267041015625, ""train_loss"": 2.0071912420802644, ""seconds"": 0.3947708349996901, ""gpu_id"": 1, ""candidate_id"": 68, ""sample_weight"": 0.05067317481195735}, {""client_id"": 8, ""model_family"": ""gru"", ""feature_ids"": [3, 4, 7, 9, 10, 21, 24], ""subset_size"": 7, ""micro_f1"": 0.4109, ""macro_f1"": 0.03695327172969386, ""validation_loss"": 2.9757216796875, ""train_loss"": 3.2778218972524007, ""seconds"": 0.34393743199962046, ""gpu_id"": 0, ""candidate_id"": 68, ""sample_weight"": 0.354287210681253}, {""client_id"": 9, ""model_family"": ""gru"", ""feature_ids"": [3, 4, 7, 9, 10, 21, 24], ""subset_size"": 7, ""micro_f1"": 0.7581, ""macro_f1"": 0.025364949460814985, ""validation_loss"": 1.23143115234375, ""train_loss"": 2.171363350783454, ""seconds"": 0.33329032199981157, ""gpu_id"": 1, ""candidate_id"": 68, ""sample_weight"": 0.12090074249549396}, {""client_id"": 10, ""model_family"": ""transformer"", ""feature_ids"": [3, 4, 7, 9, 10, 21, 24], ""subset_size"": 7, ""micro_f1"": 0.5964, ""macro_f1"": 0.05418697795998889, ""validation_loss"": 1.18083017578125, ""train_loss"": 1.6250800819185045, ""seconds"": 0.6978743419999773, ""gpu_id"": 1, ""candidate_id"": 68, ""sample_weight"": 0.11011103958316146}]"
69,7,6900,"[3, 4, 7, 9, 10, 21, 24]","[""UDP"", ""fin_count"", ""syn_count"", ""Rate"", ""IAT"", ""ICMP"", ""DNS""]",7,0.668212540839165,0.04797756693237629,0.6686704754829407,0.72,0.6479542065356224,180,16140,"[{""client_id"": 1, ""model_family"": ""cnn1d"", ""feature_ids"": [3, 4, 7, 9, 10, 21, 24], ""subset_size"": 7, ""micro_f1"": 0.8775380710659898, ""macro_f1"": 0.02749339005625907, ""validation_loss"": 1.348307885494329, ""train_loss"": 1.9462807976923888, ""seconds"": 0.11299610900005064, ""gpu_id"": 0, ""candidate_id"": 69, ""sample_weight"": 0.0008752009911046531}, {""client_id"": 2, ""model_family"": ""cnn1d"", ""feature_ids"": [3, 4, 7, 9, 10, 21, 24], ""subset_size"": 7, ""micro_f1"": 0.7199, ""macro_f1"": 0.13305616860950767, ""validation_loss"": 1.1437298217773437, ""train_loss"": 1.8096022096210056, ""seconds"": 0.32003986599966083, ""gpu_id"": 0, ""candidate_id"": 69, ""sample_weight"": 0.061408177662345804}, {""client_id"": 3, ""model_family"": ""cnn1d"", ""feature_ids"": [3, 4, 7, 9, 10, 21, 24], ""subset_size"": 7, ""micro_f1"": 0.8422, ""macro_f1"": 0.053180088153179976, ""validation_loss"": 0.6676003723144531, ""train_loss"": 1.177839468881819, ""seconds"": 0.32413167100003193, ""gpu_id"": 1, ""candidate_id"": 69, ""sample_weight"": 0.10352608384640223}, {""client_id"": 4, ""model_family"": ""cnn1d"", ""feature_ids"": [3, 4, 7, 9, 10, 21, 24], ""subset_size"": 7, ""micro_f1"": 0.8962, ""macro_f1"": 0.04876182465742192, ""validation_loss"": 0.49235828857421876, ""train_loss"": 1.0374440710597568, ""seconds"": 0.32496272299977136, ""gpu_id"": 0, ""candidate_id"": 69, ""sample_weight"": 0.05331880053778213}, {""client_id"": 5, ""model_family"": ""cnn1d"", ""feature_ids"": [3, 4, 7, 9, 10, 21, 24], ""subset_size"": 7, ""micro_f1"": 0.9611, ""macro_f1"": 0.057167368795925974, ""validation_loss"": 0.25066604614257815, ""train_loss"": 0.7769797810342577, ""seconds"": 0.32810257700020884, ""gpu_id"": 0, ""candidate_id"": 69, ""sample_weight"": 0.07030155005722065}, {""client_id"": 6, ""model_family"": ""cnn1d"", ""feature_ids"": [3, 4, 7, 9, 10, 21, 24], ""subset_size"": 7, ""micro_f1"": 0.9968, ""macro_f1"": 0.05861558896984498, ""validation_loss"": 0.09732865905761719, ""train_loss"": 0.5929231492638588, ""seconds"": 0.35843455799977164, ""gpu_id"": 0, ""candidate_id"": 69, ""sample_weight"": 0.07459801933327874}, {""client_id"": 7, ""model_family"": ""gru"", ""feature_ids"": [3, 4, 7, 9, 10, 21, 24], ""subset_size"": 7, ""micro_f1"": 0.8645, ""macro_f1"": 0.027274304733961165, ""validation_loss"": 0.8446409912109375, ""train_loss"": 2.006606735695733, ""seconds"": 0.3359414280002966, ""gpu_id"": 1, ""candidate_id"": 69, ""sample_weight"": 0.05067317481195735}, {""client_id"": 8, ""model_family"": ""gru"", ""feature_ids"": [3, 4, 7, 9, 10, 21, 24], ""subset_size"": 7, ""micro_f1"": 0.411, ""macro_f1"": 0.03694701097884779, ""validation_loss"": 2.975525, ""train_loss"": 3.2777939892662897, ""seconds"": 0.355220116000055, ""gpu_id"": 0, ""candidate_id"": 69, ""sample_weight"": 0.354287210681253}, {""client_id"": 9, ""model_family"": ""gru"", ""feature_ids"": [3, 4, 7, 9, 10, 21, 24], ""subset_size"": 7, ""micro_f1"": 0.7581, ""macro_f1"": 0.025364949460814985, ""validation_loss"": 1.2320815307617188, ""train_loss"": 2.1711051578733658, ""seconds"": 0.32277428999987023, ""gpu_id"": 1, ""candidate_id"": 69, ""sample_weight"": 0.12090074249549396}, {""client_id"": 10, ""model_family"": ""transformer"", ""feature_ids"": [3, 4, 7, 9, 10, 21, 24], ""subset_size"": 7, ""micro_f1"": 0.5927, ""macro_f1"": 0.05219447411633573, ""validation_loss"": 1.1814424560546875, ""train_loss"": 1.624222490480211, ""seconds"": 0.7705397879999509, ""gpu_id"": 1, ""candidate_id"": 69, ""sample_weight"": 0.11011103958316146}]"
70,7,7000,"[3, 4, 7, 9, 10, 21, 24]","[""UDP"", ""fin_count"", ""syn_count"", ""Rate"", ""IAT"", ""ICMP"", ""DNS""]",7,0.6682725224126794,0.04805627724569194,0.6683220267295837,0.72,0.6479950495683096,180,16320,"[{""client_id"": 1, ""model_family"": ""cnn1d"", ""feature_ids"": [3, 4, 7, 9, 10, 21, 24], ""subset_size"": 7, ""micro_f1"": 0.8775380710659898, ""macro_f1"": 0.02749339005625907, ""validation_loss"": 1.3511385070490958, ""train_loss"": 1.9465339262137222, ""seconds"": 0.11604055299994798, ""gpu_id"": 0, ""candidate_id"": 70, ""sample_weight"": 0.0008752009911046531}, {""client_id"": 2, ""model_family"": ""cnn1d"", ""feature_ids"": [3, 4, 7, 9, 10, 21, 24], ""subset_size"": 7, ""micro_f1"": 0.7207, ""macro_f1"": 0.1331912025845422, ""validation_loss"": 1.1428530151367187, ""train_loss"": 1.8095179927190146, ""seconds"": 0.3662317379998967, ""gpu_id"": 0, ""candidate_id"": 70, ""sample_weight"": 0.061408177662345804}, {""client_id"": 3, ""model_family"": ""cnn1d"", ""feature_ids"": [3, 4, 7, 9, 10, 21, 24], ""subset_size"": 7, ""micro_f1"": 0.8422, ""macro_f1"": 0.05318066813440754, ""validation_loss"": 0.6665299133300782, ""train_loss"": 1.177286488893297, ""seconds"": 0.35618652099992687, ""gpu_id"": 1, ""candidate_id"": 70, ""sample_weight"": 0.10352608384640223}, {""client_id"": 4, ""model_family"": ""cnn1d"", ""feature_ids"": [3, 4, 7, 9, 10, 21, 24], ""subset_size"": 7, ""micro_f1"": 0.8962, ""macro_f1"": 0.048860858040422186, ""validation_loss"": 0.492445361328125, ""train_loss"": 1.0370618296252356, ""seconds"": 0.3312000800001442, ""gpu_id"": 0, ""candidate_id"": 70, ""sample_weight"": 0.05331880053778213}, {""client_id"": 5, ""model_family"": ""cnn1d"", ""feature_ids"": [3, 4, 7, 9, 10, 21, 24], ""subset_size"": 7, ""micro_f1"": 0.9612, ""macro_f1"": 0.05718773423435143, ""validation_loss"": 0.2506347717285156, ""train_loss"": 0.7768948190689087, ""seconds"": 0.37890520400014793, ""gpu_id"": 0, ""candidate_id"": 70, ""sample_weight"": 0.07030155005722065}, {""client_id"": 6, ""model_family"": ""cnn1d"", ""feature_ids"": [3, 4, 7, 9, 10, 21, 24], ""subset_size"": 7, ""micro_f1"": 0.9968, ""macro_f1"": 0.05861558896984498, ""validation_loss"": 0.09803916320800782, ""train_loss"": 0.5931000203649203, ""seconds"": 0.3147070520003581, ""gpu_id"": 0, ""candidate_id"": 70, ""sample_weight"": 0.07459801933327874}, {""client_id"": 7, ""model_family"": ""gru"", ""feature_ids"": [3, 4, 7, 9, 10, 21, 24], ""subset_size"": 7, ""micro_f1"": 0.8645, ""macro_f1"": 0.027274304733961165, ""validation_loss"": 0.8448708740234375, ""train_loss"": 2.006016997655233, ""seconds"": 0.3454126169999654, ""gpu_id"": 1, ""candidate_id"": 70, ""sample_weight"": 0.05067317481195735}, {""client_id"": 8, ""model_family"": ""gru"", ""feature_ids"": [3, 4, 7, 9, 10, 21, 24], ""subset_size"": 7, ""micro_f1"": 0.4107, ""macro_f1"": 0.036955046157339536, ""validation_loss"": 2.975613671875, ""train_loss"": 3.278003450732761, ""seconds"": 0.3248799749999307, ""gpu_id"": 0, ""candidate_id"": 70, ""sample_weight"": 0.354287210681253}, {""client_id"": 9, ""model_family"": ""gru"", ""feature_ids"": [3, 4, 7, 9, 10, 21, 24], ""subset_size"": 7, ""micro_f1"": 0.7581, ""macro_f1"": 0.025364949460814985, ""validation_loss"": 1.2315993408203125, ""train_loss"": 2.1711954376856486, ""seconds"": 0.38711918700028036, ""gpu_id"": 1, ""candidate_id"": 70, ""sample_weight"": 0.12090074249549396}, {""client_id"": 10, ""model_family"": ""transformer"", ""feature_ids"": [3, 4, 7, 9, 10, 21, 24], ""subset_size"": 7, ""micro_f1"": 0.5937, ""macro_f1"": 0.05274663724159914, ""validation_loss"": 1.1822162841796875, ""train_loss"": 1.6251036605199178, ""seconds"": 0.6915367159999732, ""gpu_id"": 1, ""candidate_id"": 70, ""sample_weight"": 0.11011103958316146}]"
71,8,7100,"[3, 4, 7, 9, 10, 21, 24]","[""UDP"", ""fin_count"", ""syn_count"", ""Rate"", ""IAT"", ""ICMP"", ""DNS""]",7,0.6686532559679681,0.048221570279299006,0.6681323051452637,0.72,0.6480520950822705,180,16500,"[{""client_id"": 1, ""model_family"": ""cnn1d"", ""feature_ids"": [3, 4, 7, 9, 10, 21, 24], ""subset_size"": 7, ""micro_f1"": 0.8775380710659898, ""macro_f1"": 0.02749339005625907, ""validation_loss"": 1.352361378935993, ""train_loss"": 1.945470277394404, ""seconds"": 0.09844872100029534, ""gpu_id"": 0, ""candidate_id"": 71, ""sample_weight"": 0.0008752009911046531}, {""client_id"": 2, ""model_family"": ""cnn1d"", ""feature_ids"": [3, 4, 7, 9, 10, 21, 24], ""subset_size"": 7, ""micro_f1"": 0.721, ""macro_f1"": 0.133291669147442, ""validation_loss"": 1.1432048461914062, ""train_loss"": 1.808765077633328, ""seconds"": 0.3271462510001584, ""gpu_id"": 0, ""candidate_id"": 71, ""sample_weight"": 0.061408177662345804}, {""client_id"": 3, ""model_family"": ""cnn1d"", ""feature_ids"": [3, 4, 7, 9, 10, 21, 24], ""subset_size"": 7, ""micro_f1"": 0.8425, ""macro_f1"": 0.0531991839388765, ""validation_loss"": 0.6683954528808593, ""train_loss"": 1.178223294289907, ""seconds"": 0.3111453110000184, ""gpu_id"": 1, ""candidate_id"": 71, ""sample_weight"": 0.10352608384640223}, {""client_id"": 4, ""model_family"": ""cnn1d"", ""feature_ids"": [3, 4, 7, 9, 10, 21, 24], ""subset_size"": 7, ""micro_f1"": 0.8956, ""macro_f1"": 0.0486723581604935, ""validation_loss"": 0.4904087707519531, ""train_loss"": 1.0376269924269783, ""seconds"": 0.3284413480000694, ""gpu_id"": 0, ""candidate_id"": 71, ""sample_weight"": 0.05331880053778213}, {""client_id"": 5, ""model_family"": ""cnn1d"", ""feature_ids"": [3, 4, 7, 9, 10, 21, 24], ""subset_size"": 7, ""micro_f1"": 0.9616, ""macro_f1"": 0.05721309116076284, ""validation_loss"": 0.2500023254394531, ""train_loss"": 0.7766591001192729, ""seconds"": 0.3239899099999093, ""gpu_id"": 0, ""candidate_id"": 71, ""sample_weight"": 0.07030155005722065}, {""client_id"": 6, ""model_family"": ""cnn1d"", ""feature_ids"": [3, 4, 7, 9, 10, 21, 24], ""subset_size"": 7, ""micro_f1"": 0.9968, ""macro_f1"": 0.05861558896984498, ""validation_loss"": 0.09756972045898438, ""train_loss"": 0.5927258829818831, ""seconds"": 0.314551204000054, ""gpu_id"": 0, ""candidate_id"": 71, ""sample_weight"": 0.07459801933327874}, {""client_id"": 7, ""model_family"": ""gru"", ""feature_ids"": [3, 4, 7, 9, 10, 21, 24], ""subset_size"": 7, ""micro_f1"": 0.8645, ""macro_f1"": 0.027274304733961165, ""validation_loss"": 0.8460767822265625, ""train_loss"": 2.0076847166909113, ""seconds"": 0.3488734609995845, ""gpu_id"": 1, ""candidate_id"": 71, ""sample_weight"": 0.05067317481195735}, {""client_id"": 8, ""model_family"": ""gru"", ""feature_ids"": [3, 4, 7, 9, 10, 21, 24], ""subset_size"": 7, ""micro_f1"": 0.4109, ""macro_f1"": 0.036942480718652006, ""validation_loss"": 2.9755177734375, ""train_loss"": 3.2778462894015843, ""seconds"": 0.36221216499961884, ""gpu_id"": 0, ""candidate_id"": 71, ""sample_weight"": 0.354287210681253}, {""client_id"": 9, ""model_family"": ""gru"", ""feature_ids"": [3, 4, 7, 9, 10, 21, 24], ""subset_size"": 7, ""micro_f1"": 0.7581, ""macro_f1"": 0.025364949460814985, ""validation_loss"": 1.2318715209960938, ""train_loss"": 2.1725962778727212, ""seconds"": 0.3309957910000776, ""gpu_id"": 1, ""candidate_id"": 71, ""sample_weight"": 0.12090074249549396}, {""client_id"": 10, ""model_family"": ""transformer"", ""feature_ids"": [3, 4, 7, 9, 10, 21, 24], ""subset_size"": 7, ""micro_f1"": 0.5961, ""macro_f1"": 0.05428986512748805, ""validation_loss"": 1.18077333984375, ""train_loss"": 1.6250391436047025, ""seconds"": 0.7225897050002459, ""gpu_id"": 1, ""candidate_id"": 71, ""sample_weight"": 0.11011103958316146}]"
72,8,7200,"[3, 4, 7, 9, 10, 21, 24]","[""UDP"", ""fin_count"", ""syn_count"", ""Rate"", ""IAT"", ""ICMP"", ""DNS""]",7,0.6685915591109601,0.048240809995927385,0.6684885025024414,0.72,0.6480103056608519,180,16680,"[{""client_id"": 1, ""model_family"": ""cnn1d"", ""feature_ids"": [3, 4, 7, 9, 10, 21, 24], ""subset_size"": 7, ""micro_f1"": 0.8775380710659898, ""macro_f1"": 0.02749339005625907, ""validation_loss"": 1.3513069733750396, ""train_loss"": 1.944571863038353, ""seconds"": 0.10646514300015042, ""gpu_id"": 0, ""candidate_id"": 72, ""sample_weight"": 0.0008752009911046531}, {""client_id"": 2, ""model_family"": ""cnn1d"", ""feature_ids"": [3, 4, 7, 9, 10, 21, 24], ""subset_size"": 7, ""micro_f1"": 0.7212, ""macro_f1"": 0.13370320097752827, ""validation_loss"": 1.1435736572265625, ""train_loss"": 1.8097393156263564, ""seconds"": 0.31675670100003117, ""gpu_id"": 0, ""candidate_id"": 72, ""sample_weight"": 0.061408177662345804}, {""client_id"": 3, ""model_family"": ""cnn1d"", ""feature_ids"": [3, 4, 7, 9, 10, 21, 24], ""subset_size"": 7, ""micro_f1"": 0.8425, ""macro_f1"": 0.05319976598273952, ""validation_loss"": 0.6666098266601562, ""train_loss"": 1.1769385298411053, ""seconds"": 0.3126287879999836, ""gpu_id"": 1, ""candidate_id"": 72, ""sample_weight"": 0.10352608384640223}, {""client_id"": 4, ""model_family"": ""cnn1d"", ""feature_ids"": [3, 4, 7, 9, 10, 21, 24], ""subset_size"": 7, ""micro_f1"": 0.8953, ""macro_f1"": 0.04869999455447117, ""validation_loss"": 0.49054073791503905, ""train_loss"": 1.03649821600914, ""seconds"": 0.326766477000092, ""gpu_id"": 0, ""candidate_id"": 72, ""sample_weight"": 0.05331880053778213}, {""client_id"": 5, ""model_family"": ""cnn1d"", ""feature_ids"": [3, 4, 7, 9, 10, 21, 24], ""subset_size"": 7, ""micro_f1"": 0.961, ""macro_f1"": 0.05716313542383673, ""validation_loss"": 0.25039969787597655, ""train_loss"": 0.7777076045751572, ""seconds"": 0.32471679500031314, ""gpu_id"": 0, ""candidate_id"": 72, ""sample_weight"": 0.07030155005722065}, {""client_id"": 6, ""model_family"": ""cnn1d"", ""feature_ids"": [3, 4, 7, 9, 10, 21, 24], ""subset_size"": 7, ""micro_f1"": 0.9968, ""macro_f1"": 0.05861558896984498, ""validation_loss"": 0.09702590637207031, ""train_loss"": 0.5926086503836844, ""seconds"": 0.3340830110000752, ""gpu_id"": 0, ""candidate_id"": 72, ""sample_weight"": 0.07459801933327874}, {""client_id"": 7, ""model_family"": ""gru"", ""feature_ids"": [3, 4, 7, 9, 10, 21, 24], ""subset_size"": 7, ""micro_f1"": 0.8645, ""macro_f1"": 0.027274304733961165, ""validation_loss"": 0.8459872802734375, ""train_loss"": 2.007678835773468, ""seconds"": 0.32412053600000945, ""gpu_id"": 1, ""candidate_id"": 72, ""sample_weight"": 0.05067317481195735}, {""client_id"": 8, ""model_family"": ""gru"", ""feature_ids"": [3, 4, 7, 9, 10, 21, 24], ""subset_size"": 7, ""micro_f1"": 0.4107, ""macro_f1"": 0.036955046157339536, ""validation_loss"": 2.9754294921875, ""train_loss"": 3.277780274412367, ""seconds"": 0.3807594970003265, ""gpu_id"": 0, ""candidate_id"": 72, ""sample_weight"": 0.354287210681253}, {""client_id"": 9, ""model_family"": ""gru"", ""feature_ids"": [3, 4, 7, 9, 10, 21, 24], ""subset_size"": 7, ""micro_f1"": 0.7581, ""macro_f1"": 0.025364949460814985, ""validation_loss"": 1.23153564453125, ""train_loss"": 2.1712035301844277, ""seconds"": 0.3378679360002934, ""gpu_id"": 1, ""candidate_id"": 72, ""sample_weight"": 0.12090074249549396}, {""client_id"": 10, ""model_family"": ""transformer"", ""feature_ids"": [3, 4, 7, 9, 10, 21, 24], ""subset_size"": 7, ""micro_f1"": 0.5966, ""macro_f1"": 0.054212622121493866, ""validation_loss"": 1.1802276611328124, ""train_loss"": 1.6245154820548164, ""seconds"": 0.7766380189996198, ""gpu_id"": 1, ""candidate_id"": 72, ""sample_weight"": 0.11011103958316146}]"
73,8,7300,"[3, 4, 7, 9, 10, 21, 24]","[""UDP"", ""fin_count"", ""syn_count"", ""Rate"", ""IAT"", ""ICMP"", ""DNS""]",7,0.6686382511362835,0.04822115945265437,0.6687289476394653,0.72,0.6479909303496818,180,16860,"[{""client_id"": 1, ""model_family"": ""cnn1d"", ""feature_ids"": [3, 4, 7, 9, 10, 21, 24], ""subset_size"": 7, ""micro_f1"": 0.8775380710659898, ""macro_f1"": 0.02749339005625907, ""validation_loss"": 1.3492451004570511, ""train_loss"": 1.9453724789807707, ""seconds"": 0.11721869199982393, ""gpu_id"": 0, ""candidate_id"": 73, ""sample_weight"": 0.0008752009911046531}, {""client_id"": 2, ""model_family"": ""cnn1d"", ""feature_ids"": [3, 4, 7, 9, 10, 21, 24], ""subset_size"": 7, ""micro_f1"": 0.7204, ""macro_f1"": 0.13337999017505428, ""validation_loss"": 1.1441373413085938, ""train_loss"": 1.809691520330641, ""seconds"": 0.3048685270000533, ""gpu_id"": 0, ""candidate_id"": 73, ""sample_weight"": 0.061408177662345804}, {""client_id"": 3, ""model_family"": ""cnn1d"", ""feature_ids"": [3, 4, 7, 9, 10, 21, 24], ""subset_size"": 7, ""micro_f1"": 0.8425, ""macro_f1"": 0.05319976598273952, ""validation_loss"": 0.6670212585449219, ""train_loss"": 1.1765198341899448, ""seconds"": 0.31487549100029355, ""gpu_id"": 1, ""candidate_id"": 73, ""sample_weight"": 0.10352608384640223}, {""client_id"": 4, ""model_family"": ""cnn1d"", ""feature_ids"": [3, 4, 7, 9, 10, 21, 24], ""subset_size"": 7, ""micro_f1"": 0.8959, ""macro_f1"": 0.048753236692041145, ""validation_loss"": 0.49306087646484376, ""train_loss"": 1.0386614809936947, ""seconds"": 0.3565712130002794, ""gpu_id"": 0, ""candidate_id"": 73, ""sample_weight"": 0.05331880053778213}, {""client_id"": 5, ""model_family"": ""cnn1d"", ""feature_ids"": [3, 4, 7, 9, 10, 21, 24], ""subset_size"": 7, ""micro_f1"": 0.9609, ""macro_f1"": 0.05715213845700573, ""validation_loss"": 0.25127686462402343, ""train_loss"": 0.7783733524163564, ""seconds"": 0.3310889300000781, ""gpu_id"": 0, ""candidate_id"": 73, ""sample_weight"": 0.07030155005722065}, {""client_id"": 6, ""model_family"": ""cnn1d"", ""feature_ids"": [3, 4, 7, 9, 10, 21, 24], ""subset_size"": 7, ""micro_f1"": 0.9968, ""macro_f1"": 0.05861558896984498, ""validation_loss"": 0.09858527526855469, ""train_loss"": 0.5951507232904434, ""seconds"": 0.3528236540000762, ""gpu_id"": 0, ""candidate_id"": 73, ""sample_weight"": 0.07459801933327874}, {""client_id"": 7, ""model_family"": ""gru"", ""feature_ids"": [3, 4, 7, 9, 10, 21, 24], ""subset_size"": 7, ""micro_f1"": 0.8645, ""macro_f1"": 0.027274304733961165, ""validation_loss"": 0.846639892578125, ""train_loss"": 2.009024849711524, ""seconds"": 0.3576944009996623, ""gpu_id"": 1, ""candidate_id"": 73, ""sample_weight"": 0.05067317481195735}, {""client_id"": 8, ""model_family"": ""gru"", ""feature_ids"": [3, 4, 7, 9, 10, 21, 24], ""subset_size"": 7, ""micro_f1"": 0.4109, ""macro_f1"": 0.03694967250465065, ""validation_loss"": 2.9757283203125, ""train_loss"": 3.277951129574246, ""seconds"": 0.3162500509997699, ""gpu_id"": 0, ""candidate_id"": 73, ""sample_weight"": 0.354287210681253}, {""client_id"": 9, ""model_family"": ""gru"", ""feature_ids"": [3, 4, 7, 9, 10, 21, 24], ""subset_size"": 7, ""micro_f1"": 0.7581, ""macro_f1"": 0.025364949460814985, ""validation_loss"": 1.231276171875, ""train_loss"": 2.171320960998535, ""seconds"": 0.361200313000154, ""gpu_id"": 1, ""candidate_id"": 73, ""sample_weight"": 0.12090074249549396}, {""client_id"": 10, ""model_family"": ""transformer"", ""feature_ids"": [3, 4, 7, 9, 10, 21, 24], ""subset_size"": 7, ""micro_f1"": 0.5966, ""macro_f1"": 0.05421294321946006, ""validation_loss"": 1.1804181884765625, ""train_loss"": 1.6239853587680393, ""seconds"": 0.7162509800000407, ""gpu_id"": 1, ""candidate_id"": 73, ""sample_weight"": 0.11011103958316146}]"
74,8,7400,"[3, 4, 7, 9, 10, 21, 24]","[""UDP"", ""fin_count"", ""syn_count"", ""Rate"", ""IAT"", ""ICMP"", ""DNS""]",7,0.6686644805440858,0.04820550762290584,0.6687150001525879,0.72,0.6479949480391498,180,17040,"[{""client_id"": 1, ""model_family"": ""cnn1d"", ""feature_ids"": [3, 4, 7, 9, 10, 21, 24], ""subset_size"": 7, ""micro_f1"": 0.8775380710659898, ""macro_f1"": 0.02749339005625907, ""validation_loss"": 1.350711570778474, ""train_loss"": 1.9458037220819886, ""seconds"": 0.11055440600011934, ""gpu_id"": 0, ""candidate_id"": 74, ""sample_weight"": 0.0008752009911046531}, {""client_id"": 2, ""model_family"": ""cnn1d"", ""feature_ids"": [3, 4, 7, 9, 10, 21, 24], ""subset_size"": 7, ""micro_f1"": 0.7205, ""macro_f1"": 0.1331265041159374, ""validation_loss"": 1.1422071655273438, ""train_loss"": 1.8098005287806194, ""seconds"": 0.35826291800003673, ""gpu_id"": 0, ""candidate_id"": 74, ""sample_weight"": 0.061408177662345804}, {""client_id"": 3, ""model_family"": ""cnn1d"", ""feature_ids"": [3, 4, 7, 9, 10, 21, 24], ""subset_size"": 7, ""micro_f1"": 0.8422, ""macro_f1"": 0.053180088153179976, ""validation_loss"": 0.667318603515625, ""train_loss"": 1.1770273476176791, ""seconds"": 0.35096598800009815, ""gpu_id"": 1, ""candidate_id"": 74, ""sample_weight"": 0.10352608384640223}, {""client_id"": 4, ""model_family"": ""cnn1d"", ""feature_ids"": [3, 4, 7, 9, 10, 21, 24], ""subset_size"": 7, ""micro_f1"": 0.8962, ""macro_f1"": 0.0487710473784571, ""validation_loss"": 0.4906811767578125, ""train_loss"": 1.0371161463101706, ""seconds"": 0.34492513300028804, ""gpu_id"": 0, ""candidate_id"": 74, ""sample_weight"": 0.05331880053778213}, {""client_id"": 5, ""model_family"": ""cnn1d"", ""feature_ids"": [3, 4, 7, 9, 10, 21, 24], ""subset_size"": 7, ""micro_f1"": 0.9614, ""macro_f1"": 0.05718488020285556, ""validation_loss"": 0.25204644165039064, ""train_loss"": 0.7777852615992228, ""seconds"": 0.3460500060000413, ""gpu_id"": 0, ""candidate_id"": 74, ""sample_weight"": 0.07030155005722065}, {""client_id"": 6, ""model_family"": ""cnn1d"", ""feature_ids"": [3, 4, 7, 9, 10, 21, 24], ""subset_size"": 7, ""micro_f1"": 0.9968, ""macro_f1"": 0.05861558896984498, ""validation_loss"": 0.09814249877929687, ""train_loss"": 0.5951189826197094, ""seconds"": 0.29988572899992505, ""gpu_id"": 0, ""candidate_id"": 74, ""sample_weight"": 0.07459801933327874}, {""client_id"": 7, ""model_family"": ""gru"", ""feature_ids"": [3, 4, 7, 9, 10, 21, 24], ""subset_size"": 7, ""micro_f1"": 0.8645, ""macro_f1"": 0.027274304733961165, ""validation_loss"": 0.8463713745117187, ""train_loss"": 2.008461372841729, ""seconds"": 0.36013141900002665, ""gpu_id"": 1, ""candidate_id"": 74, ""sample_weight"": 0.05067317481195735}, {""client_id"": 8, ""model_family"": ""gru"", ""feature_ids"": [3, 4, 7, 9, 10, 21, 24], ""subset_size"": 7, ""micro_f1"": 0.4109, ""macro_f1"": 0.03694967250465065, ""validation_loss"": 2.9754759765625, ""train_loss"": 3.277809071350098, ""seconds"": 0.3225036160001764, ""gpu_id"": 0, ""candidate_id"": 74, ""sample_weight"": 0.354287210681253}, {""client_id"": 9, ""model_family"": ""gru"", ""feature_ids"": [3, 4, 7, 9, 10, 21, 24], ""subset_size"": 7, ""micro_f1"": 0.7581, ""macro_f1"": 0.025364949460814985, ""validation_loss"": 1.2313681274414063, ""train_loss"": 2.1718895791583592, ""seconds"": 0.3373265000000174, ""gpu_id"": 1, ""candidate_id"": 74, ""sample_weight"": 0.12090074249549396}, {""client_id"": 10, ""model_family"": ""transformer"", ""feature_ids"": [3, 4, 7, 9, 10, 21, 24], ""subset_size"": 7, ""micro_f1"": 0.5966, ""macro_f1"": 0.05420113710003135, ""validation_loss"": 1.1809765869140625, ""train_loss"": 1.6253687905629477, ""seconds"": 0.6804143029999068, ""gpu_id"": 1, ""candidate_id"": 74, ""sample_weight"": 0.11011103958316146}]"
75,8,7500,"[3, 4, 7, 9, 10, 21, 24]","[""UDP"", ""fin_count"", ""syn_count"", ""Rate"", ""IAT"", ""ICMP"", ""DNS""]",7,0.6686734671657402,0.04822643298700743,0.6686574816703796,0.72,0.6480015985495361,180,17220,"[{""client_id"": 1, ""model_family"": ""cnn1d"", ""feature_ids"": [3, 4, 7, 9, 10, 21, 24], ""subset_size"": 7, ""micro_f1"": 0.8775380710659898, ""macro_f1"": 0.02749339005625907, ""validation_loss"": 1.3501129150390625, ""train_loss"": 1.9447372439078403, ""seconds"": 0.11591204299975288, ""gpu_id"": 0, ""candidate_id"": 75, ""sample_weight"": 0.0008752009911046531}, {""client_id"": 2, ""model_family"": ""cnn1d"", ""feature_ids"": [3, 4, 7, 9, 10, 21, 24], ""subset_size"": 7, ""micro_f1"": 0.721, ""macro_f1"": 0.1333379395798679, ""validation_loss"": 1.1437601806640625, ""train_loss"": 1.8101220298979017, ""seconds"": 0.3102021700001387, ""gpu_id"": 0, ""candidate_id"": 75, ""sample_weight"": 0.061408177662345804}, {""client_id"": 3, ""model_family"": ""cnn1d"", ""feature_ids"": [3, 4, 7, 9, 10, 21, 24], ""subset_size"": 7, ""micro_f1"": 0.8425, ""macro_f1"": 0.05320093384094288, ""validation_loss"": 0.6675950134277344, ""train_loss"": 1.1762157457563611, ""seconds"": 0.32286518299997624, ""gpu_id"": 1, ""candidate_id"": 75, ""sample_weight"": 0.10352608384640223}, {""client_id"": 4, ""model_family"": ""cnn1d"", ""feature_ids"": [3, 4, 7, 9, 10, 21, 24], ""subset_size"": 7, ""micro_f1"": 0.8958, ""macro_f1"": 0.04876028335437342, ""validation_loss"": 0.49129368286132813, ""train_loss"": 1.0371130753941007, ""seconds"": 0.3417091429996617, ""gpu_id"": 0, ""candidate_id"": 75, ""sample_weight"": 0.05331880053778213}, {""client_id"": 5, ""model_family"": ""cnn1d"", ""feature_ids"": [3, 4, 7, 9, 10, 21, 24], ""subset_size"": 7, ""micro_f1"": 0.9613, ""macro_f1"": 0.05719619645404744, ""validation_loss"": 0.2509610565185547, ""train_loss"": 0.7781407064331902, ""seconds"": 0.31360105599969756, ""gpu_id"": 0, ""candidate_id"": 75, ""sample_weight"": 0.07030155005722065}, {""client_id"": 6, ""model_family"": ""cnn1d"", ""feature_ids"": [3, 4, 7, 9, 10, 21, 24], ""subset_size"": 7, ""micro_f1"": 0.9968, ""macro_f1"": 0.05861558896984498, ""validation_loss"": 0.096784814453125, ""train_loss"": 0.5924994458993276, ""seconds"": 0.39675556699967274, ""gpu_id"": 0, ""candidate_id"": 75, ""sample_weight"": 0.07459801933327874}, {""client_id"": 7, ""model_family"": ""gru"", ""feature_ids"": [3, 4, 7, 9, 10, 21, 24], ""subset_size"": 7, ""micro_f1"": 0.8645, ""macro_f1"": 0.027274304733961165, ""validation_loss"": 0.8456438110351563, ""train_loss"": 2.007328873538971, ""seconds"": 0.32772432599995227, ""gpu_id"": 1, ""candidate_id"": 75, ""sample_weight"": 0.05067317481195735}, {""client_id"": 8, ""model_family"": ""gru"", ""feature_ids"": [3, 4, 7, 9, 10, 21, 24], ""subset_size"": 7, ""micro_f1"": 0.4108, ""macro_f1"": 0.03695956468045086, ""validation_loss"": 2.9758021484375, ""train_loss"": 3.277939062669542, ""seconds"": 0.32953858699966077, ""gpu_id"": 0, ""candidate_id"": 75, ""sample_weight"": 0.354287210681253}, {""client_id"": 9, ""model_family"": ""gru"", ""feature_ids"": [3, 4, 7, 9, 10, 21, 24], ""subset_size"": 7, ""micro_f1"": 0.7581, ""macro_f1"": 0.025364949460814985, ""validation_loss"": 1.231148876953125, ""train_loss"": 2.1710972452375623, ""seconds"": 0.3439432760001182, ""gpu_id"": 1, ""candidate_id"": 75, ""sample_weight"": 0.12090074249549396}, {""client_id"": 10, ""model_family"": ""transformer"", ""feature_ids"": [3, 4, 7, 9, 10, 21, 24], ""subset_size"": 7, ""micro_f1"": 0.5967, ""macro_f1"": 0.054219819410530674, ""validation_loss"": 1.180359033203125, ""train_loss"": 1.6250297499338786, ""seconds"": 0.764604450999741, ""gpu_id"": 1, ""candidate_id"": 75, ""sample_weight"": 0.11011103958316146}]"
76,8,7600,"[3, 4, 7, 9, 10, 21, 24]","[""UDP"", ""fin_count"", ""syn_count"", ""Rate"", ""IAT"", ""ICMP"", ""DNS""]",7,0.668545178548962,0.048235208758778056,0.6686497330665588,0.72,0.6479895445482403,180,17400,"[{""client_id"": 1, ""model_family"": ""cnn1d"", ""feature_ids"": [3, 4, 7, 9, 10, 21, 24], ""subset_size"": 7, ""micro_f1"": 0.8775380710659898, ""macro_f1"": 0.02749339005625907, ""validation_loss"": 1.3510344839338118, ""train_loss"": 1.9455056560960653, ""seconds"": 0.1082091949997448, ""gpu_id"": 0, ""candidate_id"": 76, ""sample_weight"": 0.0008752009911046531}, {""client_id"": 2, ""model_family"": ""cnn1d"", ""feature_ids"": [3, 4, 7, 9, 10, 21, 24], ""subset_size"": 7, ""micro_f1"": 0.7205, ""macro_f1"": 0.13333917223094602, ""validation_loss"": 1.1436124267578125, ""train_loss"": 1.8102101355022855, ""seconds"": 0.3675636670000131, ""gpu_id"": 0, ""candidate_id"": 76, ""sample_weight"": 0.061408177662345804}, {""client_id"": 3, ""model_family"": ""cnn1d"", ""feature_ids"": [3, 4, 7, 9, 10, 21, 24], ""subset_size"": 7, ""micro_f1"": 0.8422, ""macro_f1"": 0.053180088153179976, ""validation_loss"": 0.6670725219726562, ""train_loss"": 1.1767657947858174, ""seconds"": 0.35359909999988304, ""gpu_id"": 1, ""candidate_id"": 76, ""sample_weight"": 0.10352608384640223}, {""client_id"": 4, ""model_family"": ""cnn1d"", ""feature_ids"": [3, 4, 7, 9, 10, 21, 24], ""subset_size"": 7, ""micro_f1"": 0.8961, ""macro_f1"": 0.04878626153252626, ""validation_loss"": 0.4897461730957031, ""train_loss"": 1.0364883034123316, ""seconds"": 0.3449876980002955, ""gpu_id"": 0, ""candidate_id"": 76, ""sample_weight"": 0.05331880053778213}, {""client_id"": 5, ""model_family"": ""cnn1d"", ""feature_ids"": [3, 4, 7, 9, 10, 21, 24], ""subset_size"": 7, ""micro_f1"": 0.9611, ""macro_f1"": 0.05717133134351375, ""validation_loss"": 0.2509324157714844, ""train_loss"": 0.7778928544918696, ""seconds"": 0.3277919109996219, ""gpu_id"": 0, ""candidate_id"": 76, ""sample_weight"": 0.07030155005722065}, {""client_id"": 6, ""model_family"": ""cnn1d"", ""feature_ids"": [3, 4, 7, 9, 10, 21, 24], ""subset_size"": 7, ""micro_f1"": 0.9968, ""macro_f1"": 0.05861558896984498, ""validation_loss"": 0.09771747131347656, ""train_loss"": 0.5935249177840021, ""seconds"": 0.32881823300022006, ""gpu_id"": 0, ""candidate_id"": 76, ""sample_weight"": 0.07459801933327874}, {""client_id"": 7, ""model_family"": ""gru"", ""feature_ids"": [3, 4, 7, 9, 10, 21, 24], ""subset_size"": 7, ""micro_f1"": 0.8645, ""macro_f1"": 0.027274304733961165, ""validation_loss"": 0.8454728759765625, ""train_loss"": 2.00635303440094, ""seconds"": 0.34719983700006196, ""gpu_id"": 1, ""candidate_id"": 76, ""sample_weight"": 0.05067317481195735}, {""client_id"": 8, ""model_family"": ""gru"", ""feature_ids"": [3, 4, 7, 9, 10, 21, 24], ""subset_size"": 7, ""micro_f1"": 0.4107, ""macro_f1"": 0.0369514360360777, ""validation_loss"": 2.9755400390625, ""train_loss"": 3.2779364578670926, ""seconds"": 0.331814280999879, ""gpu_id"": 0, ""candidate_id"": 76, ""sample_weight"": 0.354287210681253}, {""client_id"": 9, ""model_family"": ""gru"", ""feature_ids"": [3, 4, 7, 9, 10, 21, 24], ""subset_size"": 7, ""micro_f1"": 0.7581, ""macro_f1"": 0.025364949460814985, ""validation_loss"": 1.2317084106445313, ""train_loss"": 2.1717738224665326, ""seconds"": 0.3591266710000127, ""gpu_id"": 1, ""candidate_id"": 76, ""sample_weight"": 0.12090074249549396}, {""client_id"": 10, ""model_family"": ""transformer"", ""feature_ids"": [3, 4, 7, 9, 10, 21, 24], ""subset_size"": 7, ""micro_f1"": 0.5964, ""macro_f1"": 0.054347880635290405, ""validation_loss"": 1.1805957275390624, ""train_loss"": 1.6237767189025878, ""seconds"": 0.6915935380002338, ""gpu_id"": 1, ""candidate_id"": 76, ""sample_weight"": 0.11011103958316146}]"
77,8,7700,"[3, 4, 7, 9, 10, 21, 24]","[""UDP"", ""fin_count"", ""syn_count"", ""Rate"", ""IAT"", ""ICMP"", ""DNS""]",7,0.668612887680133,0.04819731493161924,0.6685822010040283,0.72,0.6480030686676105,180,17580,"[{""client_id"": 1, ""model_family"": ""cnn1d"", ""feature_ids"": [3, 4, 7, 9, 10, 21, 24], ""subset_size"": 7, ""micro_f1"": 0.8775380710659898, ""macro_f1"": 0.02749339005625907, ""validation_loss"": 1.3532133925384677, ""train_loss"": 1.9455180323466834, ""seconds"": 0.09968041100000846, ""gpu_id"": 0, ""candidate_id"": 77, ""sample_weight"": 0.0008752009911046531}, {""client_id"": 2, ""model_family"": ""cnn1d"", ""feature_ids"": [3, 4, 7, 9, 10, 21, 24], ""subset_size"": 7, ""micro_f1"": 0.7196, ""macro_f1"": 0.1329921932638727, ""validation_loss"": 1.1441154296875, ""train_loss"": 1.8095509697172376, ""seconds"": 0.32190492900008394, ""gpu_id"": 0, ""candidate_id"": 77, ""sample_weight"": 0.061408177662345804}, {""client_id"": 3, ""model_family"": ""cnn1d"", ""feature_ids"": [3, 4, 7, 9, 10, 21, 24], ""subset_size"": 7, ""micro_f1"": 0.8422, ""macro_f1"": 0.053180088153179976, ""validation_loss"": 0.6681854675292969, ""train_loss"": 1.1777706469959683, ""seconds"": 0.3058527190000859, ""gpu_id"": 1, ""candidate_id"": 77, ""sample_weight"": 0.10352608384640223}, {""client_id"": 4, ""model_family"": ""cnn1d"", ""feature_ids"": [3, 4, 7, 9, 10, 21, 24], ""subset_size"": 7, ""micro_f1"": 0.896, ""macro_f1"": 0.048783248696843064, ""validation_loss"": 0.4917389099121094, ""train_loss"": 1.037261272769504, ""seconds"": 0.31927367099979165, ""gpu_id"": 0, ""candidate_id"": 77, ""sample_weight"": 0.05331880053778213}, {""client_id"": 5, ""model_family"": ""cnn1d"", ""feature_ids"": [3, 4, 7, 9, 10, 21, 24], ""subset_size"": 7, ""micro_f1"": 0.9611, ""macro_f1"": 0.05717133134351375, ""validation_loss"": 0.25106827392578124, ""train_loss"": 0.7770413952880435, ""seconds"": 0.35995855000010124, ""gpu_id"": 0, ""candidate_id"": 77, ""sample_weight"": 0.07030155005722065}, {""client_id"": 6, ""model_family"": ""cnn1d"", ""feature_ids"": [3, 4, 7, 9, 10, 21, 24], ""subset_size"": 7, ""micro_f1"": 0.9968, ""macro_f1"": 0.05861558896984498, ""validation_loss"": 0.09778442077636719, ""train_loss"": 0.5948683688958486, ""seconds"": 0.328639456000019, ""gpu_id"": 0, ""candidate_id"": 77, ""sample_weight"": 0.07459801933327874}, {""client_id"": 7, ""model_family"": ""gru"", ""feature_ids"": [3, 4, 7, 9, 10, 21, 24], ""subset_size"": 7, ""micro_f1"": 0.8645, ""macro_f1"": 0.027274304733961165, ""validation_loss"": 0.8450213623046875, ""train_loss"": 2.0065670152664183, ""seconds"": 0.34008342300012373, ""gpu_id"": 1, ""candidate_id"": 77, ""sample_weight"": 0.05067317481195735}, {""client_id"": 8, ""model_family"": ""gru"", ""feature_ids"": [3, 4, 7, 9, 10, 21, 24], ""subset_size"": 7, ""micro_f1"": 0.411, ""macro_f1"": 0.03694701097884779, ""validation_loss"": 2.9755515625, ""train_loss"": 3.277845551893446, ""seconds"": 0.3615352070000881, ""gpu_id"": 0, ""candidate_id"": 77, ""sample_weight"": 0.354287210681253}, {""client_id"": 9, ""model_family"": ""gru"", ""feature_ids"": [3, 4, 7, 9, 10, 21, 24], ""subset_size"": 7, ""micro_f1"": 0.7581, ""macro_f1"": 0.025364949460814985, ""validation_loss"": 1.231023779296875, ""train_loss"": 2.171005344941881, ""seconds"": 0.36744149600008313, ""gpu_id"": 1, ""candidate_id"": 77, ""sample_weight"": 0.12090074249549396}, {""client_id"": 10, ""model_family"": ""transformer"", ""feature_ids"": [3, 4, 7, 9, 10, 21, 24], ""subset_size"": 7, ""micro_f1"": 0.5966, ""macro_f1"": 0.05421294321946006, ""validation_loss"": 1.1797564208984375, ""train_loss"": 1.6235586659749348, ""seconds"": 0.7465860669999529, ""gpu_id"": 1, ""candidate_id"": 77, ""sample_weight"": 0.11011103958316146}]"
78,8,7800,"[3, 4, 7, 9, 10, 21, 24]","[""UDP"", ""fin_count"", ""syn_count"", ""Rate"", ""IAT"", ""ICMP"", ""DNS""]",7,0.668633233412908,0.04826577591335497,0.6685718297958374,0.72,0.6480061403617071,180,17760,"[{""client_id"": 1, ""model_family"": ""cnn1d"", ""feature_ids"": [3, 4, 7, 9, 10, 21, 24], ""subset_size"": 7, ""micro_f1"": 0.8775380710659898, ""macro_f1"": 0.02749339005625907, ""validation_loss"": 1.3532111463207883, ""train_loss"": 1.9445598168152574, ""seconds"": 0.09883243600006608, ""gpu_id"": 0, ""candidate_id"": 78, ""sample_weight"": 0.0008752009911046531}, {""client_id"": 2, ""model_family"": ""cnn1d"", ""feature_ids"": [3, 4, 7, 9, 10, 21, 24], ""subset_size"": 7, ""micro_f1"": 0.7217, ""macro_f1"": 0.13399911362812045, ""validation_loss"": 1.14402587890625, ""train_loss"": 1.8098548789342244, ""seconds"": 0.3126803589998417, ""gpu_id"": 0, ""candidate_id"": 78, ""sample_weight"": 0.061408177662345804}, {""client_id"": 3, ""model_family"": ""cnn1d"", ""feature_ids"": [3, 4, 7, 9, 10, 21, 24], ""subset_size"": 7, ""micro_f1"": 0.8425, ""macro_f1"": 0.05319976598273952, ""validation_loss"": 0.6670577880859375, ""train_loss"": 1.1772318286154004, ""seconds"": 0.2997338499999387, ""gpu_id"": 1, ""candidate_id"": 78, ""sample_weight"": 0.10352608384640223}, {""client_id"": 4, ""model_family"": ""cnn1d"", ""feature_ids"": [3, 4, 7, 9, 10, 21, 24], ""subset_size"": 7, ""micro_f1"": 0.8957, ""macro_f1"": 0.04876558634994661, ""validation_loss"": 0.4912463806152344, ""train_loss"": 1.0365874007331, ""seconds"": 0.34607484399975874, ""gpu_id"": 0, ""candidate_id"": 78, ""sample_weight"": 0.05331880053778213}, {""client_id"": 5, ""model_family"": ""cnn1d"", ""feature_ids"": [3, 4, 7, 9, 10, 21, 24], ""subset_size"": 7, ""micro_f1"": 0.9612, ""macro_f1"": 0.05716735603246807, ""validation_loss"": 0.2518628448486328, ""train_loss"": 0.7775111782762739, ""seconds"": 0.32538066600000093, ""gpu_id"": 0, ""candidate_id"": 78, ""sample_weight"": 0.07030155005722065}, {""client_id"": 6, ""model_family"": ""cnn1d"", ""feature_ids"": [3, 4, 7, 9, 10, 21, 24], ""subset_size"": 7, ""micro_f1"": 0.9968, ""macro_f1"": 0.05861558896984498, ""validation_loss"": 0.09687403259277344, ""train_loss"": 0.5929552073425717, ""seconds"": 0.3084171390000847, ""gpu_id"": 0, ""candidate_id"": 78, ""sample_weight"": 0.07459801933327874}, {""client_id"": 7, ""model_family"": ""gru"", ""feature_ids"": [3, 4, 7, 9, 10, 21, 24], ""subset_size"": 7, ""micro_f1"": 0.8645, ""macro_f1"": 0.027274304733961165, ""validation_loss"": 0.8458143432617188, ""train_loss"": 2.008381955485874, ""seconds"": 0.3412190039998677, ""gpu_id"": 1, ""candidate_id"": 78, ""sample_weight"": 0.05067317481195735}, {""client_id"": 8, ""model_family"": ""gru"", ""feature_ids"": [3, 4, 7, 9, 10, 21, 24], ""subset_size"": 7, ""micro_f1"": 0.4106, ""macro_f1"": 0.03696137726047162, ""validation_loss"": 2.97550390625, ""train_loss"": 3.277745334710015, ""seconds"": 0.37240748199974405, ""gpu_id"": 0, ""candidate_id"": 78, ""sample_weight"": 0.354287210681253}, {""client_id"": 9, ""model_family"": ""gru"", ""feature_ids"": [3, 4, 7, 9, 10, 21, 24], ""subset_size"": 7, ""micro_f1"": 0.7581, ""macro_f1"": 0.025364949460814985, ""validation_loss"": 1.2311341186523437, ""train_loss"": 2.17248643406762, ""seconds"": 0.33174981399997705, ""gpu_id"": 1, ""candidate_id"": 78, ""sample_weight"": 0.12090074249549396}, {""client_id"": 10, ""model_family"": ""transformer"", ""feature_ids"": [3, 4, 7, 9, 10, 21, 24], ""subset_size"": 7, ""micro_f1"": 0.5967, ""macro_f1"": 0.05421950100259711, ""validation_loss"": 1.1809077880859375, ""train_loss"": 1.6247897287368775, ""seconds"": 0.744978772000195, ""gpu_id"": 1, ""candidate_id"": 78, ""sample_weight"": 0.11011103958316146}]"
79,8,7900,"[3, 4, 7, 9, 10, 21, 24]","[""UDP"", ""fin_count"", ""syn_count"", ""Rate"", ""IAT"", ""ICMP"", ""DNS""]",7,0.6687152272014738,0.04821551444934369,0.6686146259307861,0.72,0.6480100601270687,180,17940,"[{""client_id"": 1, ""model_family"": ""cnn1d"", ""feature_ids"": [3, 4, 7, 9, 10, 21, 24], ""subset_size"": 7, ""micro_f1"": 0.8775380710659898, ""macro_f1"": 0.02749339005625907, ""validation_loss"": 1.3510542351582329, ""train_loss"": 1.9449876540472328, ""seconds"": 0.0987635430001319, ""gpu_id"": 0, ""candidate_id"": 79, ""sample_weight"": 0.0008752009911046531}, {""client_id"": 2, ""model_family"": ""cnn1d"", ""feature_ids"": [3, 4, 7, 9, 10, 21, 24], ""subset_size"": 7, ""micro_f1"": 0.7207, ""macro_f1"": 0.13326821931587612, ""validation_loss"": 1.143389697265625, ""train_loss"": 1.8094631304846869, ""seconds"": 0.3128305919999548, ""gpu_id"": 0, ""candidate_id"": 79, ""sample_weight"": 0.061408177662345804}, {""client_id"": 3, ""model_family"": ""cnn1d"", ""feature_ids"": [3, 4, 7, 9, 10, 21, 24], ""subset_size"": 7, ""micro_f1"": 0.8422, ""macro_f1"": 0.05318066813440754, ""validation_loss"": 0.6660109802246094, ""train_loss"": 1.1760240615844726, ""seconds"": 0.30880653899976096, ""gpu_id"": 1, ""candidate_id"": 79, ""sample_weight"": 0.10352608384640223}, {""client_id"": 4, ""model_family"": ""cnn1d"", ""feature_ids"": [3, 4, 7, 9, 10, 21, 24], ""subset_size"": 7, ""micro_f1"": 0.8958, ""macro_f1"": 0.04869683817731398, ""validation_loss"": 0.4900683532714844, ""train_loss"": 1.0363691294670105, ""seconds"": 0.3303319759997976, ""gpu_id"": 0, ""candidate_id"": 79, ""sample_weight"": 0.05331880053778213}, {""client_id"": 5, ""model_family"": ""cnn1d"", ""feature_ids"": [3, 4, 7, 9, 10, 21, 24], ""subset_size"": 7, ""micro_f1"": 0.9622, ""macro_f1"": 0.05727395981621916, ""validation_loss"": 0.2502521728515625, ""train_loss"": 0.777846881752544, ""seconds"": 0.32170517999975345, ""gpu_id"": 0, ""candidate_id"": 79, ""sample_weight"": 0.07030155005722065}, {""client_id"": 6, ""model_family"": ""cnn1d"", ""feature_ids"": [3, 4, 7, 9, 10, 21, 24], ""subset_size"": 7, ""micro_f1"": 0.9967, ""macro_f1"": 0.05860405800071561, ""validation_loss"": 0.09721332397460937, ""train_loss"": 0.5923413855936792, ""seconds"": 0.3043491090002135, ""gpu_id"": 0, ""candidate_id"": 79, ""sample_weight"": 0.07459801933327874}, {""client_id"": 7, ""model_family"": ""gru"", ""feature_ids"": [3, 4, 7, 9, 10, 21, 24], ""subset_size"": 7, ""micro_f1"": 0.8645, ""macro_f1"": 0.027274304733961165, ""validation_loss"": 0.8458171630859375, ""train_loss"": 2.0069038276884292, ""seconds"": 0.3284462540000277, ""gpu_id"": 1, ""candidate_id"": 79, ""sample_weight"": 0.05067317481195735}, {""client_id"": 8, ""model_family"": ""gru"", ""feature_ids"": [3, 4, 7, 9, 10, 21, 24], ""subset_size"": 7, ""micro_f1"": 0.4109, ""macro_f1"": 0.03694607550133024, ""validation_loss"": 2.9757123046875, ""train_loss"": 3.2778124360402425, ""seconds"": 0.35975031399993895, ""gpu_id"": 0, ""candidate_id"": 79, ""sample_weight"": 0.354287210681253}, {""client_id"": 9, ""model_family"": ""gru"", ""feature_ids"": [3, 4, 7, 9, 10, 21, 24], ""subset_size"": 7, ""micro_f1"": 0.7581, ""macro_f1"": 0.025364949460814985, ""validation_loss"": 1.2317516479492188, ""train_loss"": 2.1718876461664838, ""seconds"": 0.32800561800013384, ""gpu_id"": 1, ""candidate_id"": 79, ""sample_weight"": 0.12090074249549396}, {""client_id"": 10, ""model_family"": ""transformer"", ""feature_ids"": [3, 4, 7, 9, 10, 21, 24], ""subset_size"": 7, ""micro_f1"": 0.5967, ""macro_f1"": 0.05421088345705899, ""validation_loss"": 1.1797865234375, ""train_loss"": 1.6240467552185058, ""seconds"": 0.71589766399984, ""gpu_id"": 1, ""candidate_id"": 79, ""sample_weight"": 0.11011103958316146}]"
80,8,8000,"[3, 4, 7, 9, 10, 21, 24]","[""UDP"", ""fin_count"", ""syn_count"", ""Rate"", ""IAT"", ""ICMP"", ""DNS""]",7,0.6687117066555074,0.04823644477635699,0.6686955094337463,0.72,0.6480016197221761,180,18120,"[{""client_id"": 1, ""model_family"": ""cnn1d"", ""feature_ids"": [3, 4, 7, 9, 10, 21, 24], ""subset_size"": 7, ""micro_f1"": 0.8775380710659898, ""macro_f1"": 0.02749339005625907, ""validation_loss"": 1.3526634564859612, ""train_loss"": 1.9437482521753155, ""seconds"": 0.10607067699993422, ""gpu_id"": 0, ""candidate_id"": 80, ""sample_weight"": 0.0008752009911046531}, {""client_id"": 2, ""model_family"": ""cnn1d"", ""feature_ids"": [3, 4, 7, 9, 10, 21, 24], ""subset_size"": 7, ""micro_f1"": 0.7208, ""macro_f1"": 0.1334342565028218, ""validation_loss"": 1.1443037475585938, ""train_loss"": 1.809977482011583, ""seconds"": 0.3110644969997338, ""gpu_id"": 0, ""candidate_id"": 80, ""sample_weight"": 0.061408177662345804}, {""client_id"": 3, ""model_family"": ""cnn1d"", ""feature_ids"": [3, 4, 7, 9, 10, 21, 24], ""subset_size"": 7, ""micro_f1"": 0.8425, ""macro_f1"": 0.0532003492833901, ""validation_loss"": 0.6669930419921875, ""train_loss"": 1.1779922085232204, ""seconds"": 0.30204399000012927, ""gpu_id"": 1, ""candidate_id"": 80, ""sample_weight"": 0.10352608384640223}, {""client_id"": 4, ""model_family"": ""cnn1d"", ""feature_ids"": [3, 4, 7, 9, 10, 21, 24], ""subset_size"": 7, ""micro_f1"": 0.8963, ""macro_f1"": 0.048810620587417086, ""validation_loss"": 0.48997855834960935, ""train_loss"": 1.036548655043708, ""seconds"": 0.30802878200029227, ""gpu_id"": 0, ""candidate_id"": 80, ""sample_weight"": 0.05331880053778213}, {""client_id"": 5, ""model_family"": ""cnn1d"", ""feature_ids"": [3, 4, 7, 9, 10, 21, 24], ""subset_size"": 7, ""micro_f1"": 0.9623, ""macro_f1"": 0.057273896163842014, ""validation_loss"": 0.2516945343017578, ""train_loss"": 0.7775757964955435, ""seconds"": 0.341392855000322, ""gpu_id"": 0, ""candidate_id"": 80, ""sample_weight"": 0.07030155005722065}, {""client_id"": 6, ""model_family"": ""cnn1d"", ""feature_ids"": [3, 4, 7, 9, 10, 21, 24], ""subset_size"": 7, ""micro_f1"": 0.9968, ""macro_f1"": 0.05861558896984498, ""validation_loss"": 0.0980580078125, ""train_loss"": 0.593412133108245, ""seconds"": 0.32075331300029575, ""gpu_id"": 0, ""candidate_id"": 80, ""sample_weight"": 0.07459801933327874}, {""client_id"": 7, ""model_family"": ""gru"", ""feature_ids"": [3, 4, 7, 9, 10, 21, 24], ""subset_size"": 7, ""micro_f1"": 0.8645, ""macro_f1"": 0.027274304733961165, ""validation_loss"": 0.8454564331054687, ""train_loss"": 2.0073917031182185, ""seconds"": 0.33067400500021904, ""gpu_id"": 1, ""candidate_id"": 80, ""sample_weight"": 0.05067317481195735}, {""client_id"": 8, ""model_family"": ""gru"", ""feature_ids"": [3, 4, 7, 9, 10, 21, 24], ""subset_size"": 7, ""micro_f1"": 0.4107, ""macro_f1"": 0.0369514360360777, ""validation_loss"": 2.9754341796875, ""train_loss"": 3.277732855606079, ""seconds"": 0.39880059100005383, ""gpu_id"": 0, ""candidate_id"": 80, ""sample_weight"": 0.354287210681253}, {""client_id"": 9, ""model_family"": ""gru"", ""feature_ids"": [3, 4, 7, 9, 10, 21, 24], ""subset_size"": 7, ""micro_f1"": 0.7581, ""macro_f1"": 0.025364949460814985, ""validation_loss"": 1.2315810180664062, ""train_loss"": 2.171768171840244, ""seconds"": 0.34274043499999607, ""gpu_id"": 1, ""candidate_id"": 80, ""sample_weight"": 0.12090074249549396}, {""client_id"": 10, ""model_family"": ""transformer"", ""feature_ids"": [3, 4, 7, 9, 10, 21, 24], ""subset_size"": 7, ""micro_f1"": 0.5966, ""macro_f1"": 0.05420974960643738, ""validation_loss"": 1.180979931640625, ""train_loss"": 1.6249743095397948, ""seconds"": 0.7543883769999411, ""gpu_id"": 1, ""candidate_id"": 80, ""sample_weight"": 0.11011103958316146}]"
81,9,8100,"[3, 4, 7, 9, 10, 21, 24]","[""UDP"", ""fin_count"", ""syn_count"", ""Rate"", ""IAT"", ""ICMP"", ""DNS""]",7,0.6685070929999162,0.04820393202570688,0.6687362790107727,0.72,0.6479770813989144,180,18300,"[{""client_id"": 1, ""model_family"": ""cnn1d"", ""feature_ids"": [3, 4, 7, 9, 10, 21, 24], ""subset_size"": 7, ""micro_f1"": 0.8775380710659898, ""macro_f1"": 0.02749339005625907, ""validation_loss"": 1.3515868985713435, ""train_loss"": 1.9457479193932716, ""seconds"": 0.12360340699979133, ""gpu_id"": 0, ""candidate_id"": 81, ""sample_weight"": 0.0008752009911046531}, {""client_id"": 2, ""model_family"": ""cnn1d"", ""feature_ids"": [3, 4, 7, 9, 10, 21, 24], ""subset_size"": 7, ""micro_f1"": 0.7199, ""macro_f1"": 0.13310275174239214, ""validation_loss"": 1.1431536743164064, ""train_loss"": 1.809830582110087, ""seconds"": 0.3615562259997205, ""gpu_id"": 0, ""candidate_id"": 81, ""sample_weight"": 0.061408177662345804}, {""client_id"": 3, ""model_family"": ""cnn1d"", ""feature_ids"": [3, 4, 7, 9, 10, 21, 24], ""subset_size"": 7, ""micro_f1"": 0.8422, ""macro_f1"": 0.05318066813440754, ""validation_loss"": 0.6671112854003907, ""train_loss"": 1.1781697017139858, ""seconds"": 0.36235713099995337, ""gpu_id"": 1, ""candidate_id"": 81, ""sample_weight"": 0.10352608384640223}, {""client_id"": 4, ""model_family"": ""cnn1d"", ""feature_ids"": [3, 4, 7, 9, 10, 21, 24], ""subset_size"": 7, ""micro_f1"": 0.8954, ""macro_f1"": 0.048758292239208724, ""validation_loss"": 0.4913798278808594, ""train_loss"": 1.0379278275595771, ""seconds"": 0.3331142199999704, ""gpu_id"": 0, ""candidate_id"": 81, ""sample_weight"": 0.05331880053778213}, {""client_id"": 5, ""model_family"": ""cnn1d"", ""feature_ids"": [3, 4, 7, 9, 10, 21, 24], ""subset_size"": 7, ""micro_f1"": 0.9613, ""macro_f1"": 0.05717865307753667, ""validation_loss"": 0.2508889862060547, ""train_loss"": 0.7790610778649648, ""seconds"": 0.3356873299999279, ""gpu_id"": 0, ""candidate_id"": 81, ""sample_weight"": 0.07030155005722065}, {""client_id"": 6, ""model_family"": ""cnn1d"", ""feature_ids"": [3, 4, 7, 9, 10, 21, 24], ""subset_size"": 7, ""micro_f1"": 0.9968, ""macro_f1"": 0.05861558896984498, ""validation_loss"": 0.097906201171875, ""train_loss"": 0.5925048515968853, ""seconds"": 0.323719328000152, ""gpu_id"": 0, ""candidate_id"": 81, ""sample_weight"": 0.07459801933327874}, {""client_id"": 7, ""model_family"": ""gru"", ""feature_ids"": [3, 4, 7, 9, 10, 21, 24], ""subset_size"": 7, ""micro_f1"": 0.8645, ""macro_f1"": 0.027274304733961165, ""validation_loss"": 0.8460013427734375, ""train_loss"": 2.008487239382002, ""seconds"": 0.35242550099974324, ""gpu_id"": 1, ""candidate_id"": 81, ""sample_weight"": 0.05067317481195735}, {""client_id"": 8, ""model_family"": ""gru"", ""feature_ids"": [3, 4, 7, 9, 10, 21, 24], ""subset_size"": 7, ""micro_f1"": 0.4107, ""macro_f1"": 0.0369514360360777, ""validation_loss"": 2.97550078125, ""train_loss"": 3.277886979505751, ""seconds"": 0.3419361440001012, ""gpu_id"": 0, ""candidate_id"": 81, ""sample_weight"": 0.354287210681253}, {""client_id"": 9, ""model_family"": ""gru"", ""feature_ids"": [3, 4, 7, 9, 10, 21, 24], ""subset_size"": 7, ""micro_f1"": 0.7581, ""macro_f1"": 0.025364949460814985, ""validation_loss"": 1.2320814697265625, ""train_loss"": 2.1723317698372733, ""seconds"": 0.341175156999725, ""gpu_id"": 1, ""candidate_id"": 81, ""sample_weight"": 0.12090074249549396}, {""client_id"": 10, ""model_family"": ""transformer"", ""feature_ids"": [3, 4, 7, 9, 10, 21, 24], ""subset_size"": 7, ""micro_f1"": 0.5966, ""macro_f1"": 0.05420400709607446, ""validation_loss"": 1.1799662841796874, ""train_loss"": 1.624487063132392, ""seconds"": 0.7179770189995907, ""gpu_id"": 1, ""candidate_id"": 81, ""sample_weight"": 0.11011103958316146}]"
82,9,8200,"[3, 4, 7, 9, 10, 21, 24]","[""UDP"", ""fin_count"", ""syn_count"", ""Rate"", ""IAT"", ""ICMP"", ""DNS""]",7,0.668661168537092,0.04820485547587542,0.6686087846755981,0.72,0.6480052383861494,180,18480,"[{""client_id"": 1, ""model_family"": ""cnn1d"", ""feature_ids"": [3, 4, 7, 9, 10, 21, 24], ""subset_size"": 7, ""micro_f1"": 0.8775380710659898, ""macro_f1"": 0.02749339005625907, ""validation_loss"": 1.3501019163180124, ""train_loss"": 1.9452296474930666, ""seconds"": 0.11604014400018059, ""gpu_id"": 0, ""candidate_id"": 82, ""sample_weight"": 0.0008752009911046531}, {""client_id"": 2, ""model_family"": ""cnn1d"", ""feature_ids"": [3, 4, 7, 9, 10, 21, 24], ""subset_size"": 7, ""micro_f1"": 0.7197, ""macro_f1"": 0.1330591050342373, ""validation_loss"": 1.1447555419921875, ""train_loss"": 1.8098408003701103, ""seconds"": 0.33978148799997143, ""gpu_id"": 0, ""candidate_id"": 82, ""sample_weight"": 0.061408177662345804}, {""client_id"": 3, ""model_family"": ""cnn1d"", ""feature_ids"": [3, 4, 7, 9, 10, 21, 24], ""subset_size"": 7, ""micro_f1"": 0.8422, ""macro_f1"": 0.053180088153179976, ""validation_loss"": 0.6677557006835938, ""train_loss"": 1.1782452112515767, ""seconds"": 0.3516778170001089, ""gpu_id"": 1, ""candidate_id"": 82, ""sample_weight"": 0.10352608384640223}, {""client_id"": 4, ""model_family"": ""cnn1d"", ""feature_ids"": [3, 4, 7, 9, 10, 21, 24], ""subset_size"": 7, ""micro_f1"": 0.8964, ""macro_f1"": 0.0488140065040355, ""validation_loss"": 0.4901637145996094, ""train_loss"": 1.0364093717257181, ""seconds"": 0.31559655999990355, ""gpu_id"": 0, ""candidate_id"": 82, ""sample_weight"": 0.05331880053778213}, {""client_id"": 5, ""model_family"": ""cnn1d"", ""feature_ids"": [3, 4, 7, 9, 10, 21, 24], ""subset_size"": 7, ""micro_f1"": 0.9619, ""macro_f1"": 0.05723813843831599, ""validation_loss"": 0.25185125732421876, ""train_loss"": 0.7769239457792706, ""seconds"": 0.30618170200023087, ""gpu_id"": 0, ""candidate_id"": 82, ""sample_weight"": 0.07030155005722065}, {""client_id"": 6, ""model_family"": ""cnn1d"", ""feature_ids"": [3, 4, 7, 9, 10, 21, 24], ""subset_size"": 7, ""micro_f1"": 0.9968, ""macro_f1"": 0.05861558896984498, ""validation_loss"": 0.09738230895996093, ""train_loss"": 0.5932276699741681, ""seconds"": 0.36995066100007534, ""gpu_id"": 0, ""candidate_id"": 82, ""sample_weight"": 0.07459801933327874}, {""client_id"": 7, ""model_family"": ""gru"", ""feature_ids"": [3, 4, 7, 9, 10, 21, 24], ""subset_size"": 7, ""micro_f1"": 0.8645, ""macro_f1"": 0.027274304733961165, ""validation_loss"": 0.8456717651367187, ""train_loss"": 2.0076757040129767, ""seconds"": 0.32102960599968355, ""gpu_id"": 1, ""candidate_id"": 82, ""sample_weight"": 0.05067317481195735}, {""client_id"": 8, ""model_family"": ""gru"", ""feature_ids"": [3, 4, 7, 9, 10, 21, 24], ""subset_size"": 7, ""micro_f1"": 0.4109, ""macro_f1"": 0.036942480718652006, ""validation_loss"": 2.97548046875, ""train_loss"": 3.277880510965983, ""seconds"": 0.37750904500035176, ""gpu_id"": 0, ""candidate_id"": 82, ""sample_weight"": 0.354287210681253}, {""client_id"": 9, ""model_family"": ""gru"", ""feature_ids"": [3, 4, 7, 9, 10, 21, 24], ""subset_size"": 7, ""micro_f1"": 0.7581, ""macro_f1"": 0.025364949460814985, ""validation_loss"": 1.2315729736328125, ""train_loss"": 2.1718175073835586, ""seconds"": 0.31564411999988806, ""gpu_id"": 1, ""candidate_id"": 82, ""sample_weight"": 0.12090074249549396}, {""client_id"": 10, ""model_family"": ""transformer"", ""feature_ids"": [3, 4, 7, 9, 10, 21, 24], ""subset_size"": 7, ""micro_f1"": 0.5966, ""macro_f1"": 0.05420113710003135, ""validation_loss"": 1.1811845703125, ""train_loss"": 1.6246066034105089, ""seconds"": 0.8038480239997625, ""gpu_id"": 1, ""candidate_id"": 82, ""sample_weight"": 0.11011103958316146}]"
83,9,8300,"[3, 4, 7, 9, 10, 21, 24]","[""UDP"", ""fin_count"", ""syn_count"", ""Rate"", ""IAT"", ""ICMP"", ""DNS""]",7,0.6688005337097076,0.04821325356370465,0.668583333492279,0.72,0.6480217200217429,180,18660,"[{""client_id"": 1, ""model_family"": ""cnn1d"", ""feature_ids"": [3, 4, 7, 9, 10, 21, 24], ""subset_size"": 7, ""micro_f1"": 0.8775380710659898, ""macro_f1"": 0.02749339005625907, ""validation_loss"": 1.3497983671081852, ""train_loss"": 1.9457734967447982, ""seconds"": 0.11726111400002992, ""gpu_id"": 0, ""candidate_id"": 83, ""sample_weight"": 0.0008752009911046531}, {""client_id"": 2, ""model_family"": ""cnn1d"", ""feature_ids"": [3, 4, 7, 9, 10, 21, 24], ""subset_size"": 7, ""micro_f1"": 0.7207, ""macro_f1"": 0.13312173308870381, ""validation_loss"": 1.1449478759765626, ""train_loss"": 1.8104828439924452, ""seconds"": 0.3308879379997052, ""gpu_id"": 0, ""candidate_id"": 83, ""sample_weight"": 0.061408177662345804}, {""client_id"": 3, ""model_family"": ""cnn1d"", ""feature_ids"": [3, 4, 7, 9, 10, 21, 24], ""subset_size"": 7, ""micro_f1"": 0.8422, ""macro_f1"": 0.053180088153179976, ""validation_loss"": 0.6667323425292969, ""train_loss"": 1.178039140425788, ""seconds"": 0.336859708999782, ""gpu_id"": 1, ""candidate_id"": 83, ""sample_weight"": 0.10352608384640223}, {""client_id"": 4, ""model_family"": ""cnn1d"", ""feature_ids"": [3, 4, 7, 9, 10, 21, 24], ""subset_size"": 7, ""micro_f1"": 0.8962, ""macro_f1"": 0.04876212641863032, ""validation_loss"": 0.48926288452148436, ""train_loss"": 1.037104449081421, ""seconds"": 0.3184101259998897, ""gpu_id"": 0, ""candidate_id"": 83, ""sample_weight"": 0.05331880053778213}, {""client_id"": 5, ""model_family"": ""cnn1d"", ""feature_ids"": [3, 4, 7, 9, 10, 21, 24], ""subset_size"": 7, ""micro_f1"": 0.9625, ""macro_f1"": 0.057286037277317535, ""validation_loss"": 0.25073143615722654, ""train_loss"": 0.7782289700269699, ""seconds"": 0.33412003900002674, ""gpu_id"": 0, ""candidate_id"": 83, ""sample_weight"": 0.07030155005722065}, {""client_id"": 6, ""model_family"": ""cnn1d"", ""feature_ids"": [3, 4, 7, 9, 10, 21, 24], ""subset_size"": 7, ""micro_f1"": 0.9968, ""macro_f1"": 0.05861558896984498, ""validation_loss"": 0.09700265808105468, ""train_loss"": 0.592637739721934, ""seconds"": 0.35443454300002486, ""gpu_id"": 0, ""candidate_id"": 83, ""sample_weight"": 0.07459801933327874}, {""client_id"": 7, ""model_family"": ""gru"", ""feature_ids"": [3, 4, 7, 9, 10, 21, 24], ""subset_size"": 7, ""micro_f1"": 0.8645, ""macro_f1"": 0.027274304733961165, ""validation_loss"": 0.84605458984375, ""train_loss"": 2.007206919786665, ""seconds"": 0.3309946879999188, ""gpu_id"": 1, ""candidate_id"": 83, ""sample_weight"": 0.05067317481195735}, {""client_id"": 8, ""model_family"": ""gru"", ""feature_ids"": [3, 4, 7, 9, 10, 21, 24], ""subset_size"": 7, ""micro_f1"": 0.411, ""macro_f1"": 0.03695060365631537, ""validation_loss"": 2.9752515625, ""train_loss"": 3.2775751513587106, ""seconds"": 0.38481292999995276, ""gpu_id"": 0, ""candidate_id"": 83, ""sample_weight"": 0.354287210681253}, {""client_id"": 9, ""model_family"": ""gru"", ""feature_ids"": [3, 4, 7, 9, 10, 21, 24], ""subset_size"": 7, ""micro_f1"": 0.7581, ""macro_f1"": 0.025364949460814985, ""validation_loss"": 1.2315480834960937, ""train_loss"": 2.171725686264038, ""seconds"": 0.33747694500016223, ""gpu_id"": 1, ""candidate_id"": 83, ""sample_weight"": 0.12090074249549396}, {""client_id"": 10, ""model_family"": ""transformer"", ""feature_ids"": [3, 4, 7, 9, 10, 21, 24], ""subset_size"": 7, ""micro_f1"": 0.5967, ""macro_f1"": 0.05421088345705899, ""validation_loss"": 1.180819384765625, ""train_loss"": 1.6250016638649833, ""seconds"": 0.8029051050002636, ""gpu_id"": 1, ""candidate_id"": 83, ""sample_weight"": 0.11011103958316146}]"
84,9,8400,"[3, 4, 7, 9, 10, 21, 24]","[""UDP"", ""fin_count"", ""syn_count"", ""Rate"", ""IAT"", ""ICMP"", ""DNS""]",7,0.6685134632494256,0.04810985146445698,0.6687089800834656,0.72,0.6479804483165961,180,18840,"[{""client_id"": 1, ""model_family"": ""cnn1d"", ""feature_ids"": [3, 4, 7, 9, 10, 21, 24], ""subset_size"": 7, ""micro_f1"": 0.8775380710659898, ""macro_f1"": 0.02749339005625907, ""validation_loss"": 1.3517861922985406, ""train_loss"": 1.9451424222307157, ""seconds"": 0.1113845379995837, ""gpu_id"": 0, ""candidate_id"": 84, ""sample_weight"": 0.0008752009911046531}, {""client_id"": 2, ""model_family"": ""cnn1d"", ""feature_ids"": [3, 4, 7, 9, 10, 21, 24], ""subset_size"": 7, ""micro_f1"": 0.7201, ""macro_f1"": 0.13251411664132237, ""validation_loss"": 1.14136259765625, ""train_loss"": 1.8094025535795424, ""seconds"": 0.3225075929999548, ""gpu_id"": 0, ""candidate_id"": 84, ""sample_weight"": 0.061408177662345804}, {""client_id"": 3, ""model_family"": ""cnn1d"", ""feature_ids"": [3, 4, 7, 9, 10, 21, 24], ""subset_size"": 7, ""micro_f1"": 0.8422, ""macro_f1"": 0.053180088153179976, ""validation_loss"": 0.6683722473144531, ""train_loss"": 1.1785576223903231, ""seconds"": 0.32657982299997457, ""gpu_id"": 1, ""candidate_id"": 84, ""sample_weight"": 0.10352608384640223}, {""client_id"": 4, ""model_family"": ""cnn1d"", ""feature_ids"": [3, 4, 7, 9, 10, 21, 24], ""subset_size"": 7, ""micro_f1"": 0.8961, ""macro_f1"": 0.048876645552054725, ""validation_loss"": 0.49027351684570314, ""train_loss"": 1.0366482096989948, ""seconds"": 0.3209105430000818, ""gpu_id"": 0, ""candidate_id"": 84, ""sample_weight"": 0.05331880053778213}, {""client_id"": 5, ""model_family"": ""cnn1d"", ""feature_ids"": [3, 4, 7, 9, 10, 21, 24], ""subset_size"": 7, ""micro_f1"": 0.9614, ""macro_f1"": 0.05718854761997531, ""validation_loss"": 0.2517991455078125, ""train_loss"": 0.7778134975300894, ""seconds"": 0.33781067500012796, ""gpu_id"": 0, ""candidate_id"": 84, ""sample_weight"": 0.07030155005722065}, {""client_id"": 6, ""model_family"": ""cnn1d"", ""feature_ids"": [3, 4, 7, 9, 10, 21, 24], ""subset_size"": 7, ""micro_f1"": 0.9968, ""macro_f1"": 0.05861558896984498, ""validation_loss"": 0.09834850158691406, ""train_loss"": 0.593080787841479, ""seconds"": 0.31143100300005244, ""gpu_id"": 0, ""candidate_id"": 84, ""sample_weight"": 0.07459801933327874}, {""client_id"": 7, ""model_family"": ""gru"", ""feature_ids"": [3, 4, 7, 9, 10, 21, 24], ""subset_size"": 7, ""micro_f1"": 0.8645, ""macro_f1"": 0.027274304733961165, ""validation_loss"": 0.8453282470703125, ""train_loss"": 2.0066818903923034, ""seconds"": 0.32615853299967057, ""gpu_id"": 1, ""candidate_id"": 84, ""sample_weight"": 0.05067317481195735}, {""client_id"": 8, ""model_family"": ""gru"", ""feature_ids"": [3, 4, 7, 9, 10, 21, 24], ""subset_size"": 7, ""micro_f1"": 0.4109, ""macro_f1"": 0.03696769086874109, ""validation_loss"": 2.9751740234375, ""train_loss"": 3.2774624996609156, ""seconds"": 0.32143935000021884, ""gpu_id"": 0, ""candidate_id"": 84, ""sample_weight"": 0.354287210681253}, {""client_id"": 9, ""model_family"": ""gru"", ""feature_ids"": [3, 4, 7, 9, 10, 21, 24], ""subset_size"": 7, ""micro_f1"": 0.7581, ""macro_f1"": 0.025364949460814985, ""validation_loss"": 1.232020751953125, ""train_loss"": 2.1722492642932467, ""seconds"": 0.3422398580000845, ""gpu_id"": 1, ""candidate_id"": 84, ""sample_weight"": 0.12090074249549396}, {""client_id"": 10, ""model_family"": ""transformer"", ""feature_ids"": [3, 4, 7, 9, 10, 21, 24], ""subset_size"": 7, ""micro_f1"": 0.5955, ""macro_f1"": 0.05356248698017244, ""validation_loss"": 1.1811337646484374, ""train_loss"": 1.6240652364942763, ""seconds"": 0.6781131190000451, ""gpu_id"": 1, ""candidate_id"": 84, ""sample_weight"": 0.11011103958316146}]"
85,9,8500,"[3, 4, 7, 9, 10, 21, 24]","[""UDP"", ""fin_count"", ""syn_count"", ""Rate"", ""IAT"", ""ICMP"", ""DNS""]",7,0.668666848495267,0.048174205571579976,0.6686497926712036,0.72,0.6480017055824063,180,19020,"[{""client_id"": 1, ""model_family"": ""cnn1d"", ""feature_ids"": [3, 4, 7, 9, 10, 21, 24], ""subset_size"": 7, ""micro_f1"": 0.8775380710659898, ""macro_f1"": 0.02749339005625907, ""validation_loss"": 1.3520820733859453, ""train_loss"": 1.945244444841997, ""seconds"": 0.12980122600038158, ""gpu_id"": 0, ""candidate_id"": 85, ""sample_weight"": 0.0008752009911046531}, {""client_id"": 2, ""model_family"": ""cnn1d"", ""feature_ids"": [3, 4, 7, 9, 10, 21, 24], ""subset_size"": 7, ""micro_f1"": 0.7197, ""macro_f1"": 0.13258944040858478, ""validation_loss"": 1.14279912109375, ""train_loss"": 1.8097031301286486, ""seconds"": 0.3299505500003761, ""gpu_id"": 0, ""candidate_id"": 85, ""sample_weight"": 0.061408177662345804}, {""client_id"": 3, ""model_family"": ""cnn1d"", ""feature_ids"": [3, 4, 7, 9, 10, 21, 24], ""subset_size"": 7, ""micro_f1"": 0.8425, ""macro_f1"": 0.05319976598273952, ""validation_loss"": 0.6665125854492188, ""train_loss"": 1.177053851922353, ""seconds"": 0.33708158499985075, ""gpu_id"": 1, ""candidate_id"": 85, ""sample_weight"": 0.10352608384640223}, {""client_id"": 4, ""model_family"": ""cnn1d"", ""feature_ids"": [3, 4, 7, 9, 10, 21, 24], ""subset_size"": 7, ""micro_f1"": 0.8962, ""macro_f1"": 0.04878032147591272, ""validation_loss"": 0.49035802612304685, ""train_loss"": 1.0370328080548181, ""seconds"": 0.3157233250003628, ""gpu_id"": 0, ""candidate_id"": 85, ""sample_weight"": 0.05331880053778213}, {""client_id"": 5, ""model_family"": ""cnn1d"", ""feature_ids"": [3, 4, 7, 9, 10, 21, 24], ""subset_size"": 7, ""micro_f1"": 0.9615, ""macro_f1"": 0.05720832807885733, ""validation_loss"": 0.2509174713134766, ""train_loss"": 0.7770797970136006, ""seconds"": 0.3370760010002414, ""gpu_id"": 0, ""candidate_id"": 85, ""sample_weight"": 0.07030155005722065}, {""client_id"": 6, ""model_family"": ""cnn1d"", ""feature_ids"": [3, 4, 7, 9, 10, 21, 24], ""subset_size"": 7, ""micro_f1"": 0.9968, ""macro_f1"": 0.05861558896984498, ""validation_loss"": 0.09869880676269531, ""train_loss"": 0.5955853434509701, ""seconds"": 0.3054144970001289, ""gpu_id"": 0, ""candidate_id"": 85, ""sample_weight"": 0.07459801933327874}, {""client_id"": 7, ""model_family"": ""gru"", ""feature_ids"": [3, 4, 7, 9, 10, 21, 24], ""subset_size"": 7, ""micro_f1"": 0.8645, ""macro_f1"": 0.027274304733961165, ""validation_loss"": 0.8447765625, ""train_loss"": 2.005870336935255, ""seconds"": 0.34005993599976136, ""gpu_id"": 1, ""candidate_id"": 85, ""sample_weight"": 0.05067317481195735}, {""client_id"": 8, ""model_family"": ""gru"", ""feature_ids"": [3, 4, 7, 9, 10, 21, 24], ""subset_size"": 7, ""micro_f1"": 0.411, ""macro_f1"": 0.03694701097884779, ""validation_loss"": 2.9754970703125, ""train_loss"": 3.2776774741278754, ""seconds"": 0.3205259289998139, ""gpu_id"": 0, ""candidate_id"": 85, ""sample_weight"": 0.354287210681253}, {""client_id"": 9, ""model_family"": ""gru"", ""feature_ids"": [3, 4, 7, 9, 10, 21, 24], ""subset_size"": 7, ""micro_f1"": 0.7581, ""macro_f1"": 0.025364949460814985, ""validation_loss"": 1.231676416015625, ""train_loss"": 2.1718103839874265, ""seconds"": 0.3349681119998422, ""gpu_id"": 1, ""candidate_id"": 85, ""sample_weight"": 0.12090074249549396}, {""client_id"": 10, ""model_family"": ""transformer"", ""feature_ids"": [3, 4, 7, 9, 10, 21, 24], ""subset_size"": 7, ""micro_f1"": 0.5964, ""macro_f1"": 0.05418697795998889, ""validation_loss"": 1.1815085693359375, ""train_loss"": 1.6243928374608358, ""seconds"": 0.6764909879998413, ""gpu_id"": 1, ""candidate_id"": 85, ""sample_weight"": 0.11011103958316146}]"
86,9,8600,"[3, 4, 7, 9, 10, 21, 24]","[""UDP"", ""fin_count"", ""syn_count"", ""Rate"", ""IAT"", ""ICMP"", ""DNS""]",7,0.668676955027417,0.048231986584417234,0.6686274409294128,0.72,0.6480049514098004,180,19200,"[{""client_id"": 1, ""model_family"": ""cnn1d"", ""feature_ids"": [3, 4, 7, 9, 10, 21, 24], ""subset_size"": 7, ""micro_f1"": 0.8775380710659898, ""macro_f1"": 0.02749339005625907, ""validation_loss"": 1.3513491867762533, ""train_loss"": 1.944601485033998, ""seconds"": 0.11871873299969593, ""gpu_id"": 0, ""candidate_id"": 86, ""sample_weight"": 0.0008752009911046531}, {""client_id"": 2, ""model_family"": ""cnn1d"", ""feature_ids"": [3, 4, 7, 9, 10, 21, 24], ""subset_size"": 7, ""micro_f1"": 0.7209, ""macro_f1"": 0.133408849448832, ""validation_loss"": 1.1429133056640626, ""train_loss"": 1.8101431276745266, ""seconds"": 0.347981998999785, ""gpu_id"": 0, ""candidate_id"": 86, ""sample_weight"": 0.061408177662345804}, {""client_id"": 3, ""model_family"": ""cnn1d"", ""feature_ids"": [3, 4, 7, 9, 10, 21, 24], ""subset_size"": 7, ""micro_f1"": 0.8423, ""macro_f1"": 0.05318703396505822, ""validation_loss"": 0.6666747985839844, ""train_loss"": 1.1766684583240086, ""seconds"": 0.3392217780001374, ""gpu_id"": 1, ""candidate_id"": 86, ""sample_weight"": 0.10352608384640223}, {""client_id"": 4, ""model_family"": ""cnn1d"", ""feature_ids"": [3, 4, 7, 9, 10, 21, 24], ""subset_size"": 7, ""micro_f1"": 0.8961, ""macro_f1"": 0.04887775032023139, ""validation_loss"": 0.49221002807617187, ""train_loss"": 1.0365166388087803, ""seconds"": 0.35113760899957924, ""gpu_id"": 0, ""candidate_id"": 86, ""sample_weight"": 0.05331880053778213}, {""client_id"": 5, ""model_family"": ""cnn1d"", ""feature_ids"": [3, 4, 7, 9, 10, 21, 24], ""subset_size"": 7, ""micro_f1"": 0.961, ""macro_f1"": 0.057172192228799136, ""validation_loss"": 0.25107405700683594, ""train_loss"": 0.7773236855612861, ""seconds"": 0.30773017699993943, ""gpu_id"": 0, ""candidate_id"": 86, ""sample_weight"": 0.07030155005722065}, {""client_id"": 6, ""model_family"": ""cnn1d"", ""feature_ids"": [3, 4, 7, 9, 10, 21, 24], ""subset_size"": 7, ""micro_f1"": 0.9968, ""macro_f1"": 0.05861558896984498, ""validation_loss"": 0.09725928649902343, ""train_loss"": 0.5924402584234874, ""seconds"": 0.29948422699999355, ""gpu_id"": 0, ""candidate_id"": 86, ""sample_weight"": 0.07459801933327874}, {""client_id"": 7, ""model_family"": ""gru"", ""feature_ids"": [3, 4, 7, 9, 10, 21, 24], ""subset_size"": 7, ""micro_f1"": 0.8645, ""macro_f1"": 0.027274304733961165, ""validation_loss"": 0.8453842163085937, ""train_loss"": 2.007425799147288, ""seconds"": 0.3838991289999285, ""gpu_id"": 1, ""candidate_id"": 86, ""sample_weight"": 0.05067317481195735}, {""client_id"": 8, ""model_family"": ""gru"", ""feature_ids"": [3, 4, 7, 9, 10, 21, 24], ""subset_size"": 7, ""micro_f1"": 0.4109, ""macro_f1"": 0.036956873177541455, ""validation_loss"": 2.9754298828125, ""train_loss"": 3.277706901084052, ""seconds"": 0.3500758849995691, ""gpu_id"": 0, ""candidate_id"": 86, ""sample_weight"": 0.354287210681253}, {""client_id"": 9, ""model_family"": ""gru"", ""feature_ids"": [3, 4, 7, 9, 10, 21, 24], ""subset_size"": 7, ""micro_f1"": 0.7581, ""macro_f1"": 0.025364949460814985, ""validation_loss"": 1.231864990234375, ""train_loss"": 2.1717952142715453, ""seconds"": 0.32422850300008577, ""gpu_id"": 1, ""candidate_id"": 86, ""sample_weight"": 0.12090074249549396}, {""client_id"": 10, ""model_family"": ""transformer"", ""feature_ids"": [3, 4, 7, 9, 10, 21, 24], ""subset_size"": 7, ""micro_f1"": 0.5967, ""macro_f1"": 0.05421088345705899, ""validation_loss"": 1.18021923828125, ""train_loss"": 1.6251148302078247, ""seconds"": 0.6835186959997372, ""gpu_id"": 1, ""candidate_id"": 86, ""sample_weight"": 0.11011103958316146}]"
87,9,8700,"[3, 4, 7, 9, 10, 21, 24]","[""UDP"", ""fin_count"", ""syn_count"", ""Rate"", ""IAT"", ""ICMP"", ""DNS""]",7,0.668679828378787,0.048272488126279954,0.6686497926712036,0.72,0.6480030035707584,180,19380,"[{""client_id"": 1, ""model_family"": ""cnn1d"", ""feature_ids"": [3, 4, 7, 9, 10, 21, 24], ""subset_size"": 7, ""micro_f1"": 0.8775380710659898, ""macro_f1"": 0.02749339005625907, ""validation_loss"": 1.3546392760301, ""train_loss"": 1.945487175899512, ""seconds"": 0.11088422600005288, ""gpu_id"": 0, ""candidate_id"": 87, ""sample_weight"": 0.0008752009911046531}, {""client_id"": 2, ""model_family"": ""cnn1d"", ""feature_ids"": [3, 4, 7, 9, 10, 21, 24], ""subset_size"": 7, ""micro_f1"": 0.7218, ""macro_f1"": 0.13413230926124478, ""validation_loss"": 1.1427078735351563, ""train_loss"": 1.8096732633802626, ""seconds"": 0.3292445290003343, ""gpu_id"": 0, ""candidate_id"": 87, ""sample_weight"": 0.061408177662345804}, {""client_id"": 3, ""model_family"": ""cnn1d"", ""feature_ids"": [3, 4, 7, 9, 10, 21, 24], ""subset_size"": 7, ""micro_f1"": 0.8425, ""macro_f1"": 0.05319976598273952, ""validation_loss"": 0.6660417114257813, ""train_loss"": 1.1772555361005994, ""seconds"": 0.318037817000004, ""gpu_id"": 1, ""candidate_id"": 87, ""sample_weight"": 0.10352608384640223}, {""client_id"": 4, ""model_family"": ""cnn1d"", ""feature_ids"": [3, 4, 7, 9, 10, 21, 24], ""subset_size"": 7, ""micro_f1"": 0.8956, ""macro_f1"": 0.048753894598036314, ""validation_loss"": 0.4908136962890625, ""train_loss"": 1.0367775659720102, ""seconds"": 0.324615951999931, ""gpu_id"": 0, ""candidate_id"": 87, ""sample_weight"": 0.05331880053778213}, {""client_id"": 5, ""model_family"": ""cnn1d"", ""feature_ids"": [3, 4, 7, 9, 10, 21, 24], ""subset_size"": 7, ""micro_f1"": 0.961, ""macro_f1"": 0.05717476070915192, ""validation_loss"": 0.24995621337890625, ""train_loss"": 0.7769074591530694, ""seconds"": 0.32528609100018, ""gpu_id"": 0, ""candidate_id"": 87, ""sample_weight"": 0.07030155005722065}, {""client_id"": 6, ""model_family"": ""cnn1d"", ""feature_ids"": [3, 4, 7, 9, 10, 21, 24], ""subset_size"": 7, ""micro_f1"": 0.9968, ""macro_f1"": 0.05861558896984498, ""validation_loss"": 0.09746963500976563, ""train_loss"": 0.5931583234654533, ""seconds"": 0.309625622999647, ""gpu_id"": 0, ""candidate_id"": 87, ""sample_weight"": 0.07459801933327874}, {""client_id"": 7, ""model_family"": ""gru"", ""feature_ids"": [3, 4, 7, 9, 10, 21, 24], ""subset_size"": 7, ""micro_f1"": 0.8645, ""macro_f1"": 0.027274304733961165, ""validation_loss"": 0.8455618774414062, ""train_loss"": 2.0078864771842957, ""seconds"": 0.34128496999983327, ""gpu_id"": 1, ""candidate_id"": 87, ""sample_weight"": 0.05067317481195735}, {""client_id"": 8, ""model_family"": ""gru"", ""feature_ids"": [3, 4, 7, 9, 10, 21, 24], ""subset_size"": 7, ""micro_f1"": 0.4108, ""macro_f1"": 0.03695956468045086, ""validation_loss"": 2.975387109375, ""train_loss"": 3.2778417750888402, ""seconds"": 0.3647319410001728, ""gpu_id"": 0, ""candidate_id"": 87, ""sample_weight"": 0.354287210681253}, {""client_id"": 9, ""model_family"": ""gru"", ""feature_ids"": [3, 4, 7, 9, 10, 21, 24], ""subset_size"": 7, ""micro_f1"": 0.7581, ""macro_f1"": 0.025364949460814985, ""validation_loss"": 1.2310967651367188, ""train_loss"": 2.1714539754867554, ""seconds"": 0.3253662900001473, ""gpu_id"": 1, ""candidate_id"": 87, ""sample_weight"": 0.12090074249549396}, {""client_id"": 10, ""model_family"": ""transformer"", ""feature_ids"": [3, 4, 7, 9, 10, 21, 24], ""subset_size"": 7, ""micro_f1"": 0.5966, ""macro_f1"": 0.05421294321946006, ""validation_loss"": 1.1809303955078125, ""train_loss"": 1.6257051321241591, ""seconds"": 0.7232510529997853, ""gpu_id"": 1, ""candidate_id"": 87, ""sample_weight"": 0.11011103958316146}]"
88,9,8800,"[3, 4, 7, 9, 10, 21, 24]","[""UDP"", ""fin_count"", ""syn_count"", ""Rate"", ""IAT"", ""ICMP"", ""DNS""]",7,0.6686987103804798,0.048222566528950454,0.6686751842498779,0.72,0.6480023526130602,180,19560,"[{""client_id"": 1, ""model_family"": ""cnn1d"", ""feature_ids"": [3, 4, 7, 9, 10, 21, 24], ""subset_size"": 7, ""micro_f1"": 0.8775380710659898, ""macro_f1"": 0.02749339005625907, ""validation_loss"": 1.3486443534115244, ""train_loss"": 1.945458891024646, ""seconds"": 0.10268723899980614, ""gpu_id"": 0, ""candidate_id"": 88, ""sample_weight"": 0.0008752009911046531}, {""client_id"": 2, ""model_family"": ""cnn1d"", ""feature_ids"": [3, 4, 7, 9, 10, 21, 24], ""subset_size"": 7, ""micro_f1"": 0.7204, ""macro_f1"": 0.13329558379486695, ""validation_loss"": 1.1429745727539062, ""train_loss"": 1.8100797537909614, ""seconds"": 0.34267226800011485, ""gpu_id"": 0, ""candidate_id"": 88, ""sample_weight"": 0.061408177662345804}, {""client_id"": 3, ""model_family"": ""cnn1d"", ""feature_ids"": [3, 4, 7, 9, 10, 21, 24], ""subset_size"": 7, ""micro_f1"": 0.8425, ""macro_f1"": 0.05319976598273952, ""validation_loss"": 0.6671995056152343, ""train_loss"": 1.1775385036680432, ""seconds"": 0.33000928799992835, ""gpu_id"": 1, ""candidate_id"": 88, ""sample_weight"": 0.10352608384640223}, {""client_id"": 4, ""model_family"": ""cnn1d"", ""feature_ids"": [3, 4, 7, 9, 10, 21, 24], ""subset_size"": 7, ""micro_f1"": 0.8963, ""macro_f1"": 0.048774434659892764, ""validation_loss"": 0.4896921875, ""train_loss"": 1.036598984861374, ""seconds"": 0.35728028899984565, ""gpu_id"": 0, ""candidate_id"": 88, ""sample_weight"": 0.05331880053778213}, {""client_id"": 5, ""model_family"": ""cnn1d"", ""feature_ids"": [3, 4, 7, 9, 10, 21, 24], ""subset_size"": 7, ""micro_f1"": 0.9613, ""macro_f1"": 0.057196742940548176, ""validation_loss"": 0.24946537780761718, ""train_loss"": 0.7770591484414207, ""seconds"": 0.30817712199996095, ""gpu_id"": 0, ""candidate_id"": 88, ""sample_weight"": 0.07030155005722065}, {""client_id"": 6, ""model_family"": ""cnn1d"", ""feature_ids"": [3, 4, 7, 9, 10, 21, 24], ""subset_size"": 7, ""micro_f1"": 0.9968, ""macro_f1"": 0.05861558896984498, ""validation_loss"": 0.09740448913574219, ""train_loss"": 0.5930183407598072, ""seconds"": 0.3054167210002561, ""gpu_id"": 0, ""candidate_id"": 88, ""sample_weight"": 0.07459801933327874}, {""client_id"": 7, ""model_family"": ""gru"", ""feature_ids"": [3, 4, 7, 9, 10, 21, 24], ""subset_size"": 7, ""micro_f1"": 0.8645, ""macro_f1"": 0.027274304733961165, ""validation_loss"": 0.8451430541992188, ""train_loss"": 2.0055480322096084, ""seconds"": 0.35651556499988146, ""gpu_id"": 1, ""candidate_id"": 88, ""sample_weight"": 0.05067317481195735}, {""client_id"": 8, ""model_family"": ""gru"", ""feature_ids"": [3, 4, 7, 9, 10, 21, 24], ""subset_size"": 7, ""micro_f1"": 0.4109, ""macro_f1"": 0.036956873177541455, ""validation_loss"": 2.97550703125, ""train_loss"": 3.277747093158298, ""seconds"": 0.3786758109999937, ""gpu_id"": 0, ""candidate_id"": 88, ""sample_weight"": 0.354287210681253}, {""client_id"": 9, ""model_family"": ""gru"", ""feature_ids"": [3, 4, 7, 9, 10, 21, 24], ""subset_size"": 7, ""micro_f1"": 0.7581, ""macro_f1"": 0.025364949460814985, ""validation_loss"": 1.231399267578125, ""train_loss"": 2.171465543429057, ""seconds"": 0.3354717359998176, ""gpu_id"": 1, ""candidate_id"": 88, ""sample_weight"": 0.12090074249549396}, {""client_id"": 10, ""model_family"": ""transformer"", ""feature_ids"": [3, 4, 7, 9, 10, 21, 24], ""subset_size"": 7, ""micro_f1"": 0.5967, ""macro_f1"": 0.05421088345705899, ""validation_loss"": 1.1799521728515625, ""train_loss"": 1.624457983440823, ""seconds"": 0.7204819530002169, ""gpu_id"": 1, ""candidate_id"": 88, ""sample_weight"": 0.11011103958316146}]"
89,9,8900,"[3, 4, 7, 9, 10, 21, 24]","[""UDP"", ""fin_count"", ""syn_count"", ""Rate"", ""IAT"", ""ICMP"", ""DNS""]",7,0.6687822937472924,0.04824634716139096,0.6686966419219971,0.72,0.6480085651825296,180,19740,"[{""client_id"": 1, ""model_family"": ""cnn1d"", ""feature_ids"": [3, 4, 7, 9, 10, 21, 24], ""subset_size"": 7, ""micro_f1"": 0.8775380710659898, ""macro_f1"": 0.02749339005625907, ""validation_loss"": 1.3523480565414816, ""train_loss"": 1.9449957964854663, ""seconds"": 0.11079277699991508, ""gpu_id"": 0, ""candidate_id"": 89, ""sample_weight"": 0.0008752009911046531}, {""client_id"": 2, ""model_family"": ""cnn1d"", ""feature_ids"": [3, 4, 7, 9, 10, 21, 24], ""subset_size"": 7, ""micro_f1"": 0.7211, ""macro_f1"": 0.13369542018580044, ""validation_loss"": 1.1437508911132812, ""train_loss"": 1.8102618723551431, ""seconds"": 0.3331564549998802, ""gpu_id"": 0, ""candidate_id"": 89, ""sample_weight"": 0.061408177662345804}, {""client_id"": 3, ""model_family"": ""cnn1d"", ""feature_ids"": [3, 4, 7, 9, 10, 21, 24], ""subset_size"": 7, ""micro_f1"": 0.8424, ""macro_f1"": 0.05319339991435223, ""validation_loss"": 0.6652643005371094, ""train_loss"": 1.176420069524977, ""seconds"": 0.3118207879997499, ""gpu_id"": 1, ""candidate_id"": 89, ""sample_weight"": 0.10352608384640223}, {""client_id"": 4, ""model_family"": ""cnn1d"", ""feature_ids"": [3, 4, 7, 9, 10, 21, 24], ""subset_size"": 7, ""micro_f1"": 0.8958, ""macro_f1"": 0.04876935627493123, ""validation_loss"": 0.4900208068847656, ""train_loss"": 1.0381087857458327, ""seconds"": 0.31580537399986497, ""gpu_id"": 0, ""candidate_id"": 89, ""sample_weight"": 0.05331880053778213}, {""client_id"": 5, ""model_family"": ""cnn1d"", ""feature_ids"": [3, 4, 7, 9, 10, 21, 24], ""subset_size"": 7, ""micro_f1"": 0.9619, ""macro_f1"": 0.05723468434543051, ""validation_loss"": 0.2508956085205078, ""train_loss"": 0.7777457763618894, ""seconds"": 0.33874476900018635, ""gpu_id"": 0, ""candidate_id"": 89, ""sample_weight"": 0.07030155005722065}, {""client_id"": 6, ""model_family"": ""cnn1d"", ""feature_ids"": [3, 4, 7, 9, 10, 21, 24], ""subset_size"": 7, ""micro_f1"": 0.9968, ""macro_f1"": 0.05861558896984498, ""validation_loss"": 0.09771563110351562, ""train_loss"": 0.5933272976703114, ""seconds"": 0.3796384620000026, ""gpu_id"": 0, ""candidate_id"": 89, ""sample_weight"": 0.07459801933327874}, {""client_id"": 7, ""model_family"": ""gru"", ""feature_ids"": [3, 4, 7, 9, 10, 21, 24], ""subset_size"": 7, ""micro_f1"": 0.8645, ""macro_f1"": 0.027274304733961165, ""validation_loss"": 0.8458610595703125, ""train_loss"": 2.0079462415271334, ""seconds"": 0.33269050200033234, ""gpu_id"": 1, ""candidate_id"": 89, ""sample_weight"": 0.05067317481195735}, {""client_id"": 8, ""model_family"": ""gru"", ""feature_ids"": [3, 4, 7, 9, 10, 21, 24], ""subset_size"": 7, ""micro_f1"": 0.411, ""macro_f1"": 0.03694701097884779, ""validation_loss"": 2.975416015625, ""train_loss"": 3.277700000084771, ""seconds"": 0.33106148699971527, ""gpu_id"": 0, ""candidate_id"": 89, ""sample_weight"": 0.354287210681253}, {""client_id"": 9, ""model_family"": ""gru"", ""feature_ids"": [3, 4, 7, 9, 10, 21, 24], ""subset_size"": 7, ""micro_f1"": 0.7581, ""macro_f1"": 0.025364949460814985, ""validation_loss"": 1.2314149536132812, ""train_loss"": 2.171687064086066, ""seconds"": 0.33524241000031907, ""gpu_id"": 1, ""candidate_id"": 89, ""sample_weight"": 0.12090074249549396}, {""client_id"": 10, ""model_family"": ""transformer"", ""feature_ids"": [3, 4, 7, 9, 10, 21, 24], ""subset_size"": 7, ""micro_f1"": 0.5967, ""macro_f1"": 0.054219819410530674, ""validation_loss"": 1.1803568115234375, ""train_loss"": 1.6238870672014025, ""seconds"": 0.7803994020000573, ""gpu_id"": 1, ""candidate_id"": 89, ""sample_weight"": 0.11011103958316146}]"
90,9,9000,"[3, 4, 7, 9, 10, 21, 24]","[""UDP"", ""fin_count"", ""syn_count"", ""Rate"", ""IAT"", ""ICMP"", ""DNS""]",7,0.6686552723455307,0.04818637388263804,0.6687483787536621,0.72,0.6479906893591869,180,19920,"[{""client_id"": 1, ""model_family"": ""cnn1d"", ""feature_ids"": [3, 4, 7, 9, 10, 21, 24], ""subset_size"": 7, ""micro_f1"": 0.8775380710659898, ""macro_f1"": 0.02749339005625907, ""validation_loss"": 1.350704522302308, ""train_loss"": 1.9446047042563213, ""seconds"": 0.10112297799969383, ""gpu_id"": 0, ""candidate_id"": 90, ""sample_weight"": 0.0008752009911046531}, {""client_id"": 2, ""model_family"": ""cnn1d"", ""feature_ids"": [3, 4, 7, 9, 10, 21, 24], ""subset_size"": 7, ""micro_f1"": 0.721, ""macro_f1"": 0.13329635743152546, ""validation_loss"": 1.1451577270507813, ""train_loss"": 1.8104735268063015, ""seconds"": 0.33249726900021415, ""gpu_id"": 0, ""candidate_id"": 90, ""sample_weight"": 0.061408177662345804}, {""client_id"": 3, ""model_family"": ""cnn1d"", ""feature_ids"": [3, 4, 7, 9, 10, 21, 24], ""subset_size"": 7, ""micro_f1"": 0.8422, ""macro_f1"": 0.053180088153179976, ""validation_loss"": 0.6666772033691406, ""train_loss"": 1.1777302498605515, ""seconds"": 0.3063639950000834, ""gpu_id"": 1, ""candidate_id"": 90, ""sample_weight"": 0.10352608384640223}, {""client_id"": 4, ""model_family"": ""cnn1d"", ""feature_ids"": [3, 4, 7, 9, 10, 21, 24], ""subset_size"": 7, ""micro_f1"": 0.8952, ""macro_f1"": 0.0486783982234717, ""validation_loss"": 0.48940083923339844, ""train_loss"": 1.0379033228238423, ""seconds"": 0.33567743300000075, ""gpu_id"": 0, ""candidate_id"": 90, ""sample_weight"": 0.05331880053778213}, {""client_id"": 5, ""model_family"": ""cnn1d"", ""feature_ids"": [3, 4, 7, 9, 10, 21, 24], ""subset_size"": 7, ""micro_f1"": 0.9614, ""macro_f1"": 0.05718713547982408, ""validation_loss"": 0.2506777282714844, ""train_loss"": 0.7777930971251593, ""seconds"": 0.3597649520002051, ""gpu_id"": 0, ""candidate_id"": 90, ""sample_weight"": 0.07030155005722065}, {""client_id"": 6, ""model_family"": ""cnn1d"", ""feature_ids"": [3, 4, 7, 9, 10, 21, 24], ""subset_size"": 7, ""micro_f1"": 0.9968, ""macro_f1"": 0.05861558896984498, ""validation_loss"": 0.09716139831542969, ""train_loss"": 0.5931015818622377, ""seconds"": 0.3395076930000869, ""gpu_id"": 0, ""candidate_id"": 90, ""sample_weight"": 0.07459801933327874}, {""client_id"": 7, ""model_family"": ""gru"", ""feature_ids"": [3, 4, 7, 9, 10, 21, 24], ""subset_size"": 7, ""micro_f1"": 0.8645, ""macro_f1"": 0.027274304733961165, ""validation_loss"": 0.8456484008789062, ""train_loss"": 2.007486916849348, ""seconds"": 0.3517920160002177, ""gpu_id"": 1, ""candidate_id"": 90, ""sample_weight"": 0.05067317481195735}, {""client_id"": 8, ""model_family"": ""gru"", ""feature_ids"": [3, 4, 7, 9, 10, 21, 24], ""subset_size"": 7, ""micro_f1"": 0.411, ""macro_f1"": 0.036934624120497174, ""validation_loss"": 2.9754685546875, ""train_loss"": 3.2778452680375842, ""seconds"": 0.3425456209997719, ""gpu_id"": 0, ""candidate_id"": 90, ""sample_weight"": 0.354287210681253}, {""client_id"": 9, ""model_family"": ""gru"", ""feature_ids"": [3, 4, 7, 9, 10, 21, 24], ""subset_size"": 7, ""micro_f1"": 0.7581, ""macro_f1"": 0.025364949460814985, ""validation_loss"": 1.23200458984375, ""train_loss"": 2.170811862288581, ""seconds"": 0.37969338899983995, ""gpu_id"": 1, ""candidate_id"": 90, ""sample_weight"": 0.12090074249549396}, {""client_id"": 10, ""model_family"": ""transformer"", ""feature_ids"": [3, 4, 7, 9, 10, 21, 24], ""subset_size"": 7, ""micro_f1"": 0.5964, ""macro_f1"": 0.05402448559872279, ""validation_loss"": 1.180091796875, ""train_loss"": 1.623774547958374, ""seconds"": 0.7448622819997581, ""gpu_id"": 1, ""candidate_id"": 90, ""sample_weight"": 0.11011103958316146}]"
91,10,9100,"[3, 4, 7, 9, 10, 21, 24]","[""UDP"", ""fin_count"", ""syn_count"", ""Rate"", ""IAT"", ""ICMP"", ""DNS""]",7,0.6686765739225522,0.048197451193994024,0.6687195301055908,0.72,0.6479957043816962,180,20100,"[{""client_id"": 1, ""model_family"": ""cnn1d"", ""feature_ids"": [3, 4, 7, 9, 10, 21, 24], ""subset_size"": 7, ""micro_f1"": 0.8775380710659898, ""macro_f1"": 0.02749339005625907, ""validation_loss"": 1.352486934758685, ""train_loss"": 1.9459093138113306, ""seconds"": 0.09907104200010508, ""gpu_id"": 0, ""candidate_id"": 91, ""sample_weight"": 0.0008752009911046531}, {""client_id"": 2, ""model_family"": ""cnn1d"", ""feature_ids"": [3, 4, 7, 9, 10, 21, 24], ""subset_size"": 7, ""micro_f1"": 0.7203, ""macro_f1"": 0.13287812474728253, ""validation_loss"": 1.1444652465820313, ""train_loss"": 1.810283995522393, ""seconds"": 0.36792278799975975, ""gpu_id"": 0, ""candidate_id"": 91, ""sample_weight"": 0.061408177662345804}, {""client_id"": 3, ""model_family"": ""cnn1d"", ""feature_ids"": [3, 4, 7, 9, 10, 21, 24], ""subset_size"": 7, ""micro_f1"": 0.8425, ""macro_f1"": 0.05319976598273952, ""validation_loss"": 0.6668042419433594, ""train_loss"": 1.1771204417864483, ""seconds"": 0.3344268959999681, ""gpu_id"": 1, ""candidate_id"": 91, ""sample_weight"": 0.10352608384640223}, {""client_id"": 4, ""model_family"": ""cnn1d"", ""feature_ids"": [3, 4, 7, 9, 10, 21, 24], ""subset_size"": 7, ""micro_f1"": 0.896, ""macro_f1"": 0.04880168675708633, ""validation_loss"": 0.48842322387695314, ""train_loss"": 1.0372562536875407, ""seconds"": 0.33603145699999004, ""gpu_id"": 0, ""candidate_id"": 91, ""sample_weight"": 0.05331880053778213}, {""client_id"": 5, ""model_family"": ""cnn1d"", ""feature_ids"": [3, 4, 7, 9, 10, 21, 24], ""subset_size"": 7, ""micro_f1"": 0.9613, ""macro_f1"": 0.05718347175763183, ""validation_loss"": 0.25136082458496095, ""train_loss"": 0.778023533879386, ""seconds"": 0.322891527000138, ""gpu_id"": 0, ""candidate_id"": 91, ""sample_weight"": 0.07030155005722065}, {""client_id"": 6, ""model_family"": ""cnn1d"", ""feature_ids"": [3, 4, 7, 9, 10, 21, 24], ""subset_size"": 7, ""micro_f1"": 0.9968, ""macro_f1"": 0.05861558896984498, ""validation_loss"": 0.09793031921386719, ""train_loss"": 0.5931943396766981, ""seconds"": 0.3102129129997593, ""gpu_id"": 0, ""candidate_id"": 91, ""sample_weight"": 0.07459801933327874}, {""client_id"": 7, ""model_family"": ""gru"", ""feature_ids"": [3, 4, 7, 9, 10, 21, 24], ""subset_size"": 7, ""micro_f1"": 0.8645, ""macro_f1"": 0.027274304733961165, ""validation_loss"": 0.845825, ""train_loss"": 2.0078904893769156, ""seconds"": 0.3577819400002227, ""gpu_id"": 1, ""candidate_id"": 91, ""sample_weight"": 0.05067317481195735}, {""client_id"": 8, ""model_family"": ""gru"", ""feature_ids"": [3, 4, 7, 9, 10, 21, 24], ""subset_size"": 7, ""micro_f1"": 0.4109, ""macro_f1"": 0.036956873177541455, ""validation_loss"": 2.9754337890625, ""train_loss"": 3.277710784954495, ""seconds"": 0.37950711100029366, ""gpu_id"": 0, ""candidate_id"": 91, ""sample_weight"": 0.354287210681253}, {""client_id"": 9, ""model_family"": ""gru"", ""feature_ids"": [3, 4, 7, 9, 10, 21, 24], ""subset_size"": 7, ""micro_f1"": 0.7581, ""macro_f1"": 0.025364949460814985, ""validation_loss"": 1.2317612426757814, ""train_loss"": 2.1727018327077228, ""seconds"": 0.33630017299992687, ""gpu_id"": 1, ""candidate_id"": 91, ""sample_weight"": 0.12090074249549396}, {""client_id"": 10, ""model_family"": ""transformer"", ""feature_ids"": [3, 4, 7, 9, 10, 21, 24], ""subset_size"": 7, ""micro_f1"": 0.5967, ""macro_f1"": 0.05421088345705899, ""validation_loss"": 1.1806513671875, ""train_loss"": 1.6249109651353624, ""seconds"": 0.7392876379999507, ""gpu_id"": 1, ""candidate_id"": 91, ""sample_weight"": 0.11011103958316146}]"
92,10,9200,"[3, 4, 7, 9, 10, 21, 24]","[""UDP"", ""fin_count"", ""syn_count"", ""Rate"", ""IAT"", ""ICMP"", ""DNS""]",7,0.6683765533167025,0.04814508890346358,0.6686872839927673,0.72,0.6479689269323935,180,20280,"[{""client_id"": 1, ""model_family"": ""cnn1d"", ""feature_ids"": [3, 4, 7, 9, 10, 21, 24], ""subset_size"": 7, ""micro_f1"": 0.8775380710659898, ""macro_f1"": 0.02749339005625907, ""validation_loss"": 1.3489625417641578, ""train_loss"": 1.9450491805299823, ""seconds"": 0.12334341599989784, ""gpu_id"": 0, ""candidate_id"": 92, ""sample_weight"": 0.0008752009911046531}, {""client_id"": 2, ""model_family"": ""cnn1d"", ""feature_ids"": [3, 4, 7, 9, 10, 21, 24], ""subset_size"": 7, ""micro_f1"": 0.718, ""macro_f1"": 0.13205589079521515, ""validation_loss"": 1.1428087890625, ""train_loss"": 1.809007979498969, ""seconds"": 0.352114504000383, ""gpu_id"": 0, ""candidate_id"": 92, ""sample_weight"": 0.061408177662345804}, {""client_id"": 3, ""model_family"": ""cnn1d"", ""feature_ids"": [3, 4, 7, 9, 10, 21, 24], ""subset_size"": 7, ""micro_f1"": 0.8422, ""macro_f1"": 0.05318066813440754, ""validation_loss"": 0.6661910400390625, ""train_loss"": 1.1768153921339246, ""seconds"": 0.35460407299979124, ""gpu_id"": 1, ""candidate_id"": 92, ""sample_weight"": 0.10352608384640223}, {""client_id"": 4, ""model_family"": ""cnn1d"", ""feature_ids"": [3, 4, 7, 9, 10, 21, 24], ""subset_size"": 7, ""micro_f1"": 0.8962, ""macro_f1"": 0.048744317072441624, ""validation_loss"": 0.4918439636230469, ""train_loss"": 1.0379932740529378, ""seconds"": 0.32514701399986734, ""gpu_id"": 0, ""candidate_id"": 92, ""sample_weight"": 0.05331880053778213}, {""client_id"": 5, ""model_family"": ""cnn1d"", ""feature_ids"": [3, 4, 7, 9, 10, 21, 24], ""subset_size"": 7, ""micro_f1"": 0.961, ""macro_f1"": 0.05717106895649359, ""validation_loss"": 0.25032972717285157, ""train_loss"": 0.7776371304379569, ""seconds"": 0.3307964269997683, ""gpu_id"": 0, ""candidate_id"": 92, ""sample_weight"": 0.07030155005722065}, {""client_id"": 6, ""model_family"": ""cnn1d"", ""feature_ids"": [3, 4, 7, 9, 10, 21, 24], ""subset_size"": 7, ""micro_f1"": 0.9968, ""macro_f1"": 0.05861558896984498, ""validation_loss"": 0.09828334350585938, ""train_loss"": 0.5933661255160968, ""seconds"": 0.3048922240000138, ""gpu_id"": 0, ""candidate_id"": 92, ""sample_weight"": 0.07459801933327874}, {""client_id"": 7, ""model_family"": ""gru"", ""feature_ids"": [3, 4, 7, 9, 10, 21, 24], ""subset_size"": 7, ""micro_f1"": 0.8645, ""macro_f1"": 0.027274304733961165, ""validation_loss"": 0.8453329711914063, ""train_loss"": 2.0071987820095485, ""seconds"": 0.3556765580001411, ""gpu_id"": 1, ""candidate_id"": 92, ""sample_weight"": 0.05067317481195735}, {""client_id"": 8, ""model_family"": ""gru"", ""feature_ids"": [3, 4, 7, 9, 10, 21, 24], ""subset_size"": 7, ""micro_f1"": 0.4106, ""macro_f1"": 0.03696862181477295, ""validation_loss"": 2.9756017578125, ""train_loss"": 3.2778723083072236, ""seconds"": 0.33132140699990487, ""gpu_id"": 0, ""candidate_id"": 92, ""sample_weight"": 0.354287210681253}, {""client_id"": 9, ""model_family"": ""gru"", ""feature_ids"": [3, 4, 7, 9, 10, 21, 24], ""subset_size"": 7, ""micro_f1"": 0.7581, ""macro_f1"": 0.025364949460814985, ""validation_loss"": 1.2315538940429687, ""train_loss"": 2.1716124505784777, ""seconds"": 0.3301487580001776, ""gpu_id"": 1, ""candidate_id"": 92, ""sample_weight"": 0.12090074249549396}, {""client_id"": 10, ""model_family"": ""transformer"", ""feature_ids"": [3, 4, 7, 9, 10, 21, 24], ""subset_size"": 7, ""micro_f1"": 0.5966, ""macro_f1"": 0.05420974960643738, ""validation_loss"": 1.1818353759765625, ""train_loss"": 1.6253650075276693, ""seconds"": 0.6893947560001834, ""gpu_id"": 1, ""candidate_id"": 92, ""sample_weight"": 0.11011103958316146}]"
93,10,9300,"[3, 4, 7, 9, 10, 21, 24]","[""UDP"", ""fin_count"", ""syn_count"", ""Rate"", ""IAT"", ""ICMP"", ""DNS""]",7,0.6686643197450317,0.048228662521728694,0.6685234308242798,0.72,0.6480140888920752,180,20460,"[{""client_id"": 1, ""model_family"": ""cnn1d"", ""feature_ids"": [3, 4, 7, 9, 10, 21, 24], ""subset_size"": 7, ""micro_f1"": 0.8775380710659898, ""macro_f1"": 0.02749339005625907, ""validation_loss"": 1.34941186275579, ""train_loss"": 1.9449785388732992, ""seconds"": 0.09881354800018016, ""gpu_id"": 0, ""candidate_id"": 93, ""sample_weight"": 0.0008752009911046531}, {""client_id"": 2, ""model_family"": ""cnn1d"", ""feature_ids"": [3, 4, 7, 9, 10, 21, 24], ""subset_size"": 7, ""micro_f1"": 0.7209, ""macro_f1"": 0.13338545689337933, ""validation_loss"": 1.1427599243164062, ""train_loss"": 1.8097413681666057, ""seconds"": 0.3639307760004158, ""gpu_id"": 0, ""candidate_id"": 93, ""sample_weight"": 0.061408177662345804}, {""client_id"": 3, ""model_family"": ""cnn1d"", ""feature_ids"": [3, 4, 7, 9, 10, 21, 24], ""subset_size"": 7, ""micro_f1"": 0.8422, ""macro_f1"": 0.053180088153179976, ""validation_loss"": 0.6684572723388672, ""train_loss"": 1.1788473611937629, ""seconds"": 0.3339133849999598, ""gpu_id"": 1, ""candidate_id"": 93, ""sample_weight"": 0.10352608384640223}, {""client_id"": 4, ""model_family"": ""cnn1d"", ""feature_ids"": [3, 4, 7, 9, 10, 21, 24], ""subset_size"": 7, ""micro_f1"": 0.896, ""macro_f1"": 0.048783627660302684, ""validation_loss"": 0.49186111450195313, ""train_loss"": 1.0386645815266504, ""seconds"": 0.3065859069997714, ""gpu_id"": 0, ""candidate_id"": 93, ""sample_weight"": 0.05331880053778213}, {""client_id"": 5, ""model_family"": ""cnn1d"", ""feature_ids"": [3, 4, 7, 9, 10, 21, 24], ""subset_size"": 7, ""micro_f1"": 0.9612, ""macro_f1"": 0.0571832105514561, ""validation_loss"": 0.2516909362792969, ""train_loss"": 0.7773310835520426, ""seconds"": 0.33075833800012333, ""gpu_id"": 0, ""candidate_id"": 93, ""sample_weight"": 0.07030155005722065}, {""client_id"": 6, ""model_family"": ""cnn1d"", ""feature_ids"": [3, 4, 7, 9, 10, 21, 24], ""subset_size"": 7, ""micro_f1"": 0.9968, ""macro_f1"": 0.05861558896984498, ""validation_loss"": 0.0975671142578125, ""train_loss"": 0.5926014475252893, ""seconds"": 0.3061341990000983, ""gpu_id"": 0, ""candidate_id"": 93, ""sample_weight"": 0.07459801933327874}, {""client_id"": 7, ""model_family"": ""gru"", ""feature_ids"": [3, 4, 7, 9, 10, 21, 24], ""subset_size"": 7, ""micro_f1"": 0.8645, ""macro_f1"": 0.027274304733961165, ""validation_loss"": 0.8462743530273438, ""train_loss"": 2.0085421727074517, ""seconds"": 0.34129901899996185, ""gpu_id"": 1, ""candidate_id"": 93, ""sample_weight"": 0.05067317481195735}, {""client_id"": 8, ""model_family"": ""gru"", ""feature_ids"": [3, 4, 7, 9, 10, 21, 24], ""subset_size"": 7, ""micro_f1"": 0.4109, ""macro_f1"": 0.03696769086874109, ""validation_loss"": 2.9754041015625, ""train_loss"": 3.277674739074707, ""seconds"": 0.3183710460002658, ""gpu_id"": 0, ""candidate_id"": 93, ""sample_weight"": 0.354287210681253}, {""client_id"": 9, ""model_family"": ""gru"", ""feature_ids"": [3, 4, 7, 9, 10, 21, 24], ""subset_size"": 7, ""micro_f1"": 0.7581, ""macro_f1"": 0.025364949460814985, ""validation_loss"": 1.2318188110351562, ""train_loss"": 2.1718609468248156, ""seconds"": 0.3432672349999848, ""gpu_id"": 1, ""candidate_id"": 93, ""sample_weight"": 0.12090074249549396}, {""client_id"": 10, ""model_family"": ""transformer"", ""feature_ids"": [3, 4, 7, 9, 10, 21, 24], ""subset_size"": 7, ""micro_f1"": 0.5966, ""macro_f1"": 0.05420400709607446, ""validation_loss"": 1.1812944091796875, ""train_loss"": 1.6253809533860948, ""seconds"": 0.6721280689998821, ""gpu_id"": 1, ""candidate_id"": 93, ""sample_weight"": 0.11011103958316146}]"
94,10,9400,"[3, 4, 7, 9, 10, 21, 24]","[""UDP"", ""fin_count"", ""syn_count"", ""Rate"", ""IAT"", ""ICMP"", ""DNS""]",7,0.6687162052342622,0.04823907521042012,0.6685369610786438,0.72,0.6480179244155618,180,20640,"[{""client_id"": 1, ""model_family"": ""cnn1d"", ""feature_ids"": [3, 4, 7, 9, 10, 21, 24], ""subset_size"": 7, ""micro_f1"": 0.8775380710659898, ""macro_f1"": 0.02749339005625907, ""validation_loss"": 1.351505105265506, ""train_loss"": 1.9453758957086145, ""seconds"": 0.12158789599970987, ""gpu_id"": 0, ""candidate_id"": 94, ""sample_weight"": 0.0008752009911046531}, {""client_id"": 2, ""model_family"": ""cnn1d"", ""feature_ids"": [3, 4, 7, 9, 10, 21, 24], ""subset_size"": 7, ""micro_f1"": 0.7201, ""macro_f1"": 0.13346970987565077, ""validation_loss"": 1.1448279052734376, ""train_loss"": 1.809959000354343, ""seconds"": 0.3314634069997737, ""gpu_id"": 0, ""candidate_id"": 94, ""sample_weight"": 0.061408177662345804}, {""client_id"": 3, ""model_family"": ""cnn1d"", ""feature_ids"": [3, 4, 7, 9, 10, 21, 24], ""subset_size"": 7, ""micro_f1"": 0.8425, ""macro_f1"": 0.05319976598273952, ""validation_loss"": 0.6671903930664063, ""train_loss"": 1.178051433743371, ""seconds"": 0.3319254789998922, ""gpu_id"": 1, ""candidate_id"": 94, ""sample_weight"": 0.10352608384640223}, {""client_id"": 4, ""model_family"": ""cnn1d"", ""feature_ids"": [3, 4, 7, 9, 10, 21, 24], ""subset_size"": 7, ""micro_f1"": 0.8962, ""macro_f1"": 0.048898823202662346, ""validation_loss"": 0.49222991333007815, ""train_loss"": 1.0366855380588107, ""seconds"": 0.32761984800026767, ""gpu_id"": 0, ""candidate_id"": 94, ""sample_weight"": 0.05331880053778213}, {""client_id"": 5, ""model_family"": ""cnn1d"", ""feature_ids"": [3, 4, 7, 9, 10, 21, 24], ""subset_size"": 7, ""micro_f1"": 0.9622, ""macro_f1"": 0.05726970014774874, ""validation_loss"": 0.2511677001953125, ""train_loss"": 0.7773438083251317, ""seconds"": 0.3294671090002339, ""gpu_id"": 0, ""candidate_id"": 94, ""sample_weight"": 0.07030155005722065}, {""client_id"": 6, ""model_family"": ""cnn1d"", ""feature_ids"": [3, 4, 7, 9, 10, 21, 24], ""subset_size"": 7, ""micro_f1"": 0.9968, ""macro_f1"": 0.05861558896984498, ""validation_loss"": 0.0973320068359375, ""train_loss"": 0.5929139472034243, ""seconds"": 0.3763405380000222, ""gpu_id"": 0, ""candidate_id"": 94, ""sample_weight"": 0.07459801933327874}, {""client_id"": 7, ""model_family"": ""gru"", ""feature_ids"": [3, 4, 7, 9, 10, 21, 24], ""subset_size"": 7, ""micro_f1"": 0.8645, ""macro_f1"": 0.027274304733961165, ""validation_loss"": 0.845188232421875, ""train_loss"": 2.0083109862857396, ""seconds"": 0.3538428289998592, ""gpu_id"": 1, ""candidate_id"": 94, ""sample_weight"": 0.05067317481195735}, {""client_id"": 8, ""model_family"": ""gru"", ""feature_ids"": [3, 4, 7, 9, 10, 21, 24], ""subset_size"": 7, ""micro_f1"": 0.4109, ""macro_f1"": 0.036942480718652006, ""validation_loss"": 2.9754525390625, ""train_loss"": 3.277712433878581, ""seconds"": 0.3596841899998253, ""gpu_id"": 0, ""candidate_id"": 94, ""sample_weight"": 0.354287210681253}, {""client_id"": 9, ""model_family"": ""gru"", ""feature_ids"": [3, 4, 7, 9, 10, 21, 24], ""subset_size"": 7, ""micro_f1"": 0.7581, ""macro_f1"": 0.025364949460814985, ""validation_loss"": 1.2317799072265625, ""train_loss"": 2.172058053885566, ""seconds"": 0.3308498299998064, ""gpu_id"": 1, ""candidate_id"": 94, ""sample_weight"": 0.12090074249549396}, {""client_id"": 10, ""model_family"": ""transformer"", ""feature_ids"": [3, 4, 7, 9, 10, 21, 24], ""subset_size"": 7, ""micro_f1"": 0.5965, ""macro_f1"": 0.05420319783009253, ""validation_loss"": 1.1810139892578124, ""train_loss"": 1.6251292577531602, ""seconds"": 0.8056694580000112, ""gpu_id"": 1, ""candidate_id"": 94, ""sample_weight"": 0.11011103958316146}]"
95,10,9500,"[3, 4, 7, 9, 10, 21, 24]","[""UDP"", ""fin_count"", ""syn_count"", ""Rate"", ""IAT"", ""ICMP"", ""DNS""]",7,0.6687639321366289,0.04823021380064939,0.668624222278595,0.72,0.6480139709858034,180,20820,"[{""client_id"": 1, ""model_family"": ""cnn1d"", ""feature_ids"": [3, 4, 7, 9, 10, 21, 24], ""subset_size"": 7, ""micro_f1"": 0.8775380710659898, ""macro_f1"": 0.02749339005625907, ""validation_loss"": 1.3529994596684645, ""train_loss"": 1.9449749945652934, ""seconds"": 0.1064527979997365, ""gpu_id"": 0, ""candidate_id"": 95, ""sample_weight"": 0.0008752009911046531}, {""client_id"": 2, ""model_family"": ""cnn1d"", ""feature_ids"": [3, 4, 7, 9, 10, 21, 24], ""subset_size"": 7, ""micro_f1"": 0.721, ""macro_f1"": 0.133411275258635, ""validation_loss"": 1.1423944213867188, ""train_loss"": 1.8094459322611491, ""seconds"": 0.3422916240001541, ""gpu_id"": 0, ""candidate_id"": 95, ""sample_weight"": 0.061408177662345804}, {""client_id"": 3, ""model_family"": ""cnn1d"", ""feature_ids"": [3, 4, 7, 9, 10, 21, 24], ""subset_size"": 7, ""micro_f1"": 0.8424, ""macro_f1"": 0.05319339991435223, ""validation_loss"": 0.668544189453125, ""train_loss"": 1.1790123017523024, ""seconds"": 0.32259626299992306, ""gpu_id"": 1, ""candidate_id"": 95, ""sample_weight"": 0.10352608384640223}, {""client_id"": 4, ""model_family"": ""cnn1d"", ""feature_ids"": [3, 4, 7, 9, 10, 21, 24], ""subset_size"": 7, ""micro_f1"": 0.8958, ""macro_f1"": 0.04874183711448341, ""validation_loss"": 0.4914062255859375, ""train_loss"": 1.0376772305700515, ""seconds"": 0.32433034899986524, ""gpu_id"": 0, ""candidate_id"": 95, ""sample_weight"": 0.05331880053778213}, {""client_id"": 5, ""model_family"": ""cnn1d"", ""feature_ids"": [3, 4, 7, 9, 10, 21, 24], ""subset_size"": 7, ""micro_f1"": 0.9627, ""macro_f1"": 0.05728966337671121, ""validation_loss"": 0.2505694244384766, ""train_loss"": 0.7771070301903619, ""seconds"": 0.3533832880002592, ""gpu_id"": 0, ""candidate_id"": 95, ""sample_weight"": 0.07030155005722065}, {""client_id"": 6, ""model_family"": ""cnn1d"", ""feature_ids"": [3, 4, 7, 9, 10, 21, 24], ""subset_size"": 7, ""micro_f1"": 0.9968, ""macro_f1"": 0.05861558896984498, ""validation_loss"": 0.09761029968261718, ""train_loss"": 0.5921453464335865, ""seconds"": 0.3460146940001323, ""gpu_id"": 0, ""candidate_id"": 95, ""sample_weight"": 0.07459801933327874}, {""client_id"": 7, ""model_family"": ""gru"", ""feature_ids"": [3, 4, 7, 9, 10, 21, 24], ""subset_size"": 7, ""micro_f1"": 0.8645, ""macro_f1"": 0.027274304733961165, ""validation_loss"": 0.8460213256835938, ""train_loss"": 2.0078131607585483, ""seconds"": 0.3310977180003647, ""gpu_id"": 1, ""candidate_id"": 95, ""sample_weight"": 0.05067317481195735}, {""client_id"": 8, ""model_family"": ""gru"", ""feature_ids"": [3, 4, 7, 9, 10, 21, 24], ""subset_size"": 7, ""micro_f1"": 0.4109, ""macro_f1"": 0.03695327172969386, ""validation_loss"": 2.9756384765625, ""train_loss"": 3.2778451605478924, ""seconds"": 0.31847270599973854, ""gpu_id"": 0, ""candidate_id"": 95, ""sample_weight"": 0.354287210681253}, {""client_id"": 9, ""model_family"": ""gru"", ""feature_ids"": [3, 4, 7, 9, 10, 21, 24], ""subset_size"": 7, ""micro_f1"": 0.7581, ""macro_f1"": 0.025364949460814985, ""validation_loss"": 1.2310955444335938, ""train_loss"": 2.1716173391977946, ""seconds"": 0.36307885199994416, ""gpu_id"": 1, ""candidate_id"": 95, ""sample_weight"": 0.12090074249549396}, {""client_id"": 10, ""model_family"": ""transformer"", ""feature_ids"": [3, 4, 7, 9, 10, 21, 24], ""subset_size"": 7, ""micro_f1"": 0.5964, ""macro_f1"": 0.054189845440330675, ""validation_loss"": 1.18135068359375, ""train_loss"": 1.6252830724716187, ""seconds"": 0.7368644200000745, ""gpu_id"": 1, ""candidate_id"": 95, ""sample_weight"": 0.11011103958316146}]"
96,10,9600,"[3, 4, 7, 9, 10, 21, 24]","[""UDP"", ""fin_count"", ""syn_count"", ""Rate"", ""IAT"", ""ICMP"", ""DNS""]",7,0.6684587039522197,0.04814595464930399,0.6687166690826416,0.72,0.6479742034869578,180,21000,"[{""client_id"": 1, ""model_family"": ""cnn1d"", ""feature_ids"": [3, 4, 7, 9, 10, 21, 24], ""subset_size"": 7, ""micro_f1"": 0.8775380710659898, ""macro_f1"": 0.02749339005625907, ""validation_loss"": 1.352215839521534, ""train_loss"": 1.9452101274593632, ""seconds"": 0.12089596200030428, ""gpu_id"": 0, ""candidate_id"": 96, ""sample_weight"": 0.0008752009911046531}, {""client_id"": 2, ""model_family"": ""cnn1d"", ""feature_ids"": [3, 4, 7, 9, 10, 21, 24], ""subset_size"": 7, ""micro_f1"": 0.7174, ""macro_f1"": 0.13213331359728453, ""validation_loss"": 1.142409423828125, ""train_loss"": 1.8087444448471068, ""seconds"": 0.31679093299999295, ""gpu_id"": 0, ""candidate_id"": 96, ""sample_weight"": 0.061408177662345804}, {""client_id"": 3, ""model_family"": ""cnn1d"", ""feature_ids"": [3, 4, 7, 9, 10, 21, 24], ""subset_size"": 7, ""micro_f1"": 0.8422, ""macro_f1"": 0.053180088153179976, ""validation_loss"": 0.6680679443359375, ""train_loss"": 1.178081595961253, ""seconds"": 0.3260734189998402, ""gpu_id"": 1, ""candidate_id"": 96, ""sample_weight"": 0.10352608384640223}, {""client_id"": 4, ""model_family"": ""cnn1d"", ""feature_ids"": [3, 4, 7, 9, 10, 21, 24], ""subset_size"": 7, ""micro_f1"": 0.8961, ""macro_f1"": 0.04873255919512076, ""validation_loss"": 0.49200325317382815, ""train_loss"": 1.036813421588474, ""seconds"": 0.3349622119999367, ""gpu_id"": 0, ""candidate_id"": 96, ""sample_weight"": 0.05331880053778213}, {""client_id"": 5, ""model_family"": ""cnn1d"", ""feature_ids"": [3, 4, 7, 9, 10, 21, 24], ""subset_size"": 7, ""micro_f1"": 0.9611, ""macro_f1"": 0.05718295851226197, ""validation_loss"": 0.25099097900390627, ""train_loss"": 0.7766800995190938, ""seconds"": 0.35256984700026806, ""gpu_id"": 0, ""candidate_id"": 96, ""sample_weight"": 0.07030155005722065}, {""client_id"": 6, ""model_family"": ""cnn1d"", ""feature_ids"": [3, 4, 7, 9, 10, 21, 24], ""subset_size"": 7, ""micro_f1"": 0.9968, ""macro_f1"": 0.05861558896984498, ""validation_loss"": 0.09678897399902343, ""train_loss"": 0.5933306531747182, ""seconds"": 0.3061972049999895, ""gpu_id"": 0, ""candidate_id"": 96, ""sample_weight"": 0.07459801933327874}, {""client_id"": 7, ""model_family"": ""gru"", ""feature_ids"": [3, 4, 7, 9, 10, 21, 24], ""subset_size"": 7, ""micro_f1"": 0.8645, ""macro_f1"": 0.027274304733961165, ""validation_loss"": 0.8463897583007812, ""train_loss"": 2.007984646044837, ""seconds"": 0.33473929199999475, ""gpu_id"": 1, ""candidate_id"": 96, ""sample_weight"": 0.05067317481195735}, {""client_id"": 8, ""model_family"": ""gru"", ""feature_ids"": [3, 4, 7, 9, 10, 21, 24], ""subset_size"": 7, ""micro_f1"": 0.4109, ""macro_f1"": 0.036956873177541455, ""validation_loss"": 2.975304296875, ""train_loss"": 3.2776065327538384, ""seconds"": 0.38453910699990956, ""gpu_id"": 0, ""candidate_id"": 96, ""sample_weight"": 0.354287210681253}, {""client_id"": 9, ""model_family"": ""gru"", ""feature_ids"": [3, 4, 7, 9, 10, 21, 24], ""subset_size"": 7, ""micro_f1"": 0.7581, ""macro_f1"": 0.025364949460814985, ""validation_loss"": 1.2314299560546875, ""train_loss"": 2.17266702993181, ""seconds"": 0.380569528000251, ""gpu_id"": 1, ""candidate_id"": 96, ""sample_weight"": 0.12090074249549396}, {""client_id"": 10, ""model_family"": ""transformer"", ""feature_ids"": [3, 4, 7, 9, 10, 21, 24], ""subset_size"": 7, ""micro_f1"": 0.5967, ""macro_f1"": 0.05421088345705899, ""validation_loss"": 1.1806801025390625, ""train_loss"": 1.6249178733825684, ""seconds"": 0.7239515219998793, ""gpu_id"": 1, ""candidate_id"": 96, ""sample_weight"": 0.11011103958316146}]"
97,10,9700,"[3, 4, 7, 9, 10, 21, 24]","[""UDP"", ""fin_count"", ""syn_count"", ""Rate"", ""IAT"", ""ICMP"", ""DNS""]",7,0.6686359060338704,0.04825082067092944,0.6686275601387024,0.72,0.6480008345895168,180,21180,"[{""client_id"": 1, ""model_family"": ""cnn1d"", ""feature_ids"": [3, 4, 7, 9, 10, 21, 24], ""subset_size"": 7, ""micro_f1"": 0.8775380710659898, ""macro_f1"": 0.02749339005625907, ""validation_loss"": 1.3514913181363024, ""train_loss"": 1.9454478534076152, ""seconds"": 0.10279963599987241, ""gpu_id"": 0, ""candidate_id"": 97, ""sample_weight"": 0.0008752009911046531}, {""client_id"": 2, ""model_family"": ""cnn1d"", ""feature_ids"": [3, 4, 7, 9, 10, 21, 24], ""subset_size"": 7, ""micro_f1"": 0.7217, ""macro_f1"": 0.1338542568020508, ""validation_loss"": 1.1424846801757813, ""train_loss"": 1.8094964290830824, ""seconds"": 0.3505517839998902, ""gpu_id"": 0, ""candidate_id"": 97, ""sample_weight"": 0.061408177662345804}, {""client_id"": 3, ""model_family"": ""cnn1d"", ""feature_ids"": [3, 4, 7, 9, 10, 21, 24], ""subset_size"": 7, ""micro_f1"": 0.8422, ""macro_f1"": 0.05318066813440754, ""validation_loss"": 0.6659232055664063, ""train_loss"": 1.176379113652971, ""seconds"": 0.32902962399975877, ""gpu_id"": 1, ""candidate_id"": 97, ""sample_weight"": 0.10352608384640223}, {""client_id"": 4, ""model_family"": ""cnn1d"", ""feature_ids"": [3, 4, 7, 9, 10, 21, 24], ""subset_size"": 7, ""micro_f1"": 0.8958, ""macro_f1"": 0.04868787145725525, ""validation_loss"": 0.49030511474609373, ""train_loss"": 1.0367139972050985, ""seconds"": 0.32674525899983564, ""gpu_id"": 0, ""candidate_id"": 97, ""sample_weight"": 0.05331880053778213}, {""client_id"": 5, ""model_family"": ""cnn1d"", ""feature_ids"": [3, 4, 7, 9, 10, 21, 24], ""subset_size"": 7, ""micro_f1"": 0.9611, ""macro_f1"": 0.05717898527042217, ""validation_loss"": 0.2516879058837891, ""train_loss"": 0.7785246344063017, ""seconds"": 0.3167491920003158, ""gpu_id"": 0, ""candidate_id"": 97, ""sample_weight"": 0.07030155005722065}, {""client_id"": 6, ""model_family"": ""cnn1d"", ""feature_ids"": [3, 4, 7, 9, 10, 21, 24], ""subset_size"": 7, ""micro_f1"": 0.9968, ""macro_f1"": 0.05861558896984498, ""validation_loss"": 0.09761188354492188, ""train_loss"": 0.595291925421026, ""seconds"": 0.31392214400011653, ""gpu_id"": 0, ""candidate_id"": 97, ""sample_weight"": 0.07459801933327874}, {""client_id"": 7, ""model_family"": ""gru"", ""feature_ids"": [3, 4, 7, 9, 10, 21, 24], ""subset_size"": 7, ""micro_f1"": 0.8645, ""macro_f1"": 0.027274304733961165, ""validation_loss"": 0.845489013671875, ""train_loss"": 2.0075782902611627, ""seconds"": 0.34759318799979155, ""gpu_id"": 1, ""candidate_id"": 97, ""sample_weight"": 0.05067317481195735}, {""client_id"": 8, ""model_family"": ""gru"", ""feature_ids"": [3, 4, 7, 9, 10, 21, 24], ""subset_size"": 7, ""micro_f1"": 0.4107, ""macro_f1"": 0.036958658507132924, ""validation_loss"": 2.9754671875, ""train_loss"": 3.2776940322028265, ""seconds"": 0.32947112700003345, ""gpu_id"": 0, ""candidate_id"": 97, ""sample_weight"": 0.354287210681253}, {""client_id"": 9, ""model_family"": ""gru"", ""feature_ids"": [3, 4, 7, 9, 10, 21, 24], ""subset_size"": 7, ""micro_f1"": 0.7581, ""macro_f1"": 0.025364949460814985, ""validation_loss"": 1.2317787353515626, ""train_loss"": 2.1713241142696806, ""seconds"": 0.3385869620001358, ""gpu_id"": 1, ""candidate_id"": 97, ""sample_weight"": 0.12090074249549396}, {""client_id"": 10, ""model_family"": ""transformer"", ""feature_ids"": [3, 4, 7, 9, 10, 21, 24], ""subset_size"": 7, ""micro_f1"": 0.5967, ""macro_f1"": 0.05422137736012496, ""validation_loss"": 1.179908642578125, ""train_loss"": 1.6242884990268283, ""seconds"": 0.6873074469999665, ""gpu_id"": 1, ""candidate_id"": 97, ""sample_weight"": 0.11011103958316146}]"
98,10,9800,"[3, 4, 7, 9, 10, 21, 24]","[""UDP"", ""fin_count"", ""syn_count"", ""Rate"", ""IAT"", ""ICMP"", ""DNS""]",7,0.6685251382202384,0.04817430962259344,0.6686093211174011,0.72,0.6479915817102837,180,21360,"[{""client_id"": 1, ""model_family"": ""cnn1d"", ""feature_ids"": [3, 4, 7, 9, 10, 21, 24], ""subset_size"": 7, ""micro_f1"": 0.8775380710659898, ""macro_f1"": 0.02749339005625907, ""validation_loss"": 1.3505906623027046, ""train_loss"": 1.9456726350961804, ""seconds"": 0.11117232500009777, ""gpu_id"": 0, ""candidate_id"": 98, ""sample_weight"": 0.0008752009911046531}, {""client_id"": 2, ""model_family"": ""cnn1d"", ""feature_ids"": [3, 4, 7, 9, 10, 21, 24], ""subset_size"": 7, ""micro_f1"": 0.72, ""macro_f1"": 0.13259340623133298, ""validation_loss"": 1.1445952758789062, ""train_loss"": 1.8095320809470283, ""seconds"": 0.35787218399991616, ""gpu_id"": 0, ""candidate_id"": 98, ""sample_weight"": 0.061408177662345804}, {""client_id"": 3, ""model_family"": ""cnn1d"", ""feature_ids"": [3, 4, 7, 9, 10, 21, 24], ""subset_size"": 7, ""micro_f1"": 0.8422, ""macro_f1"": 0.053180088153179976, ""validation_loss"": 0.6666210144042969, ""train_loss"": 1.1774650742530823, ""seconds"": 0.35371389600004477, ""gpu_id"": 1, ""candidate_id"": 98, ""sample_weight"": 0.10352608384640223}, {""client_id"": 4, ""model_family"": ""cnn1d"", ""feature_ids"": [3, 4, 7, 9, 10, 21, 24], ""subset_size"": 7, ""micro_f1"": 0.8963, ""macro_f1"": 0.048845736106736454, ""validation_loss"": 0.49055966186523436, ""train_loss"": 1.0375125693162282, ""seconds"": 0.3137655509999604, ""gpu_id"": 0, ""candidate_id"": 98, ""sample_weight"": 0.05331880053778213}, {""client_id"": 5, ""model_family"": ""cnn1d"", ""feature_ids"": [3, 4, 7, 9, 10, 21, 24], ""subset_size"": 7, ""micro_f1"": 0.9611, ""macro_f1"": 0.057163408939304834, ""validation_loss"": 0.25130481262207033, ""train_loss"": 0.7775270660056008, ""seconds"": 0.3312301450000632, ""gpu_id"": 0, ""candidate_id"": 98, ""sample_weight"": 0.07030155005722065}, {""client_id"": 6, ""model_family"": ""cnn1d"", ""feature_ids"": [3, 4, 7, 9, 10, 21, 24], ""subset_size"": 7, ""micro_f1"": 0.9968, ""macro_f1"": 0.05861558896984498, ""validation_loss"": 0.0975670166015625, ""train_loss"": 0.5927614488442738, ""seconds"": 0.38065955599995505, ""gpu_id"": 0, ""candidate_id"": 98, ""sample_weight"": 0.07459801933327874}, {""client_id"": 7, ""model_family"": ""gru"", ""feature_ids"": [3, 4, 7, 9, 10, 21, 24], ""subset_size"": 7, ""micro_f1"": 0.8645, ""macro_f1"": 0.027274304733961165, ""validation_loss"": 0.8458686157226563, ""train_loss"": 2.0077447226842247, ""seconds"": 0.3275929820001693, ""gpu_id"": 1, ""candidate_id"": 98, ""sample_weight"": 0.05067317481195735}, {""client_id"": 8, ""model_family"": ""gru"", ""feature_ids"": [3, 4, 7, 9, 10, 21, 24], ""subset_size"": 7, ""micro_f1"": 0.4107, ""macro_f1"": 0.0369514360360777, ""validation_loss"": 2.975360546875, ""train_loss"": 3.27781317392985, ""seconds"": 0.3314535290001004, ""gpu_id"": 0, ""candidate_id"": 98, ""sample_weight"": 0.354287210681253}, {""client_id"": 9, ""model_family"": ""gru"", ""feature_ids"": [3, 4, 7, 9, 10, 21, 24], ""subset_size"": 7, ""micro_f1"": 0.7581, ""macro_f1"": 0.025364949460814985, ""validation_loss"": 1.231094775390625, ""train_loss"": 2.1714451727549235, ""seconds"": 0.3613533479997386, ""gpu_id"": 1, ""candidate_id"": 98, ""sample_weight"": 0.12090074249549396}, {""client_id"": 10, ""model_family"": ""transformer"", ""feature_ids"": [3, 4, 7, 9, 10, 21, 24], ""subset_size"": 7, ""micro_f1"": 0.5964, ""macro_f1"": 0.05418697795998889, ""validation_loss"": 1.1797643798828126, ""train_loss"": 1.6238339001337687, ""seconds"": 0.7599766559997079, ""gpu_id"": 1, ""candidate_id"": 98, ""sample_weight"": 0.11011103958316146}]"
99,10,9900,"[3, 4, 7, 9, 10, 21, 24]","[""UDP"", ""fin_count"", ""syn_count"", ""Rate"", ""IAT"", ""ICMP"", ""DNS""]",7,0.6686855545528068,0.04820449581542088,0.668563961982727,0.72,0.648012159257008,180,21540,"[{""client_id"": 1, ""model_family"": ""cnn1d"", ""feature_ids"": [3, 4, 7, 9, 10, 21, 24], ""subset_size"": 7, ""micro_f1"": 0.8775380710659898, ""macro_f1"": 0.02749339005625907, ""validation_loss"": 1.3506360513909819, ""train_loss"": 1.9446549159419517, ""seconds"": 0.09943645700013803, ""gpu_id"": 0, ""candidate_id"": 99, ""sample_weight"": 0.0008752009911046531}, {""client_id"": 2, ""model_family"": ""cnn1d"", ""feature_ids"": [3, 4, 7, 9, 10, 21, 24], ""subset_size"": 7, ""micro_f1"": 0.7195, ""macro_f1"": 0.133011730660896, ""validation_loss"": 1.1429045532226563, ""train_loss"": 1.810533575354682, ""seconds"": 0.3245212100000572, ""gpu_id"": 0, ""candidate_id"": 99, ""sample_weight"": 0.061408177662345804}, {""client_id"": 3, ""model_family"": ""cnn1d"", ""feature_ids"": [3, 4, 7, 9, 10, 21, 24], ""subset_size"": 7, ""micro_f1"": 0.8425, ""macro_f1"": 0.05319976598273952, ""validation_loss"": 0.6665816528320313, ""train_loss"": 1.1774308185047573, ""seconds"": 0.32688594799992643, ""gpu_id"": 1, ""candidate_id"": 99, ""sample_weight"": 0.10352608384640223}, {""client_id"": 4, ""model_family"": ""cnn1d"", ""feature_ids"": [3, 4, 7, 9, 10, 21, 24], ""subset_size"": 7, ""micro_f1"": 0.8965, ""macro_f1"": 0.04884308562332611, ""validation_loss"": 0.49171981201171877, ""train_loss"": 1.0372280881457858, ""seconds"": 0.34261496599992824, ""gpu_id"": 0, ""candidate_id"": 99, ""sample_weight"": 0.05331880053778213}, {""client_id"": 5, ""model_family"": ""cnn1d"", ""feature_ids"": [3, 4, 7, 9, 10, 21, 24], ""subset_size"": 7, ""micro_f1"": 0.9614, ""macro_f1"": 0.057200144076986294, ""validation_loss"": 0.2512839477539062, ""train_loss"": 0.7777624304268095, ""seconds"": 0.3611903359997086, ""gpu_id"": 0, ""candidate_id"": 99, ""sample_weight"": 0.07030155005722065}, {""client_id"": 6, ""model_family"": ""cnn1d"", ""feature_ids"": [3, 4, 7, 9, 10, 21, 24], ""subset_size"": 7, ""micro_f1"": 0.9968, ""macro_f1"": 0.05861558896984498, ""validation_loss"": 0.09765942687988281, ""train_loss"": 0.5929346496356858, ""seconds"": 0.3514887970000018, ""gpu_id"": 0, ""candidate_id"": 99, ""sample_weight"": 0.07459801933327874}, {""client_id"": 7, ""model_family"": ""gru"", ""feature_ids"": [3, 4, 7, 9, 10, 21, 24], ""subset_size"": 7, ""micro_f1"": 0.8645, ""macro_f1"": 0.027274304733961165, ""validation_loss"": 0.8451869506835937, ""train_loss"": 2.0071985430293613, ""seconds"": 0.34014843800014205, ""gpu_id"": 1, ""candidate_id"": 99, ""sample_weight"": 0.05067317481195735}, {""client_id"": 8, ""model_family"": ""gru"", ""feature_ids"": [3, 4, 7, 9, 10, 21, 24], ""subset_size"": 7, ""micro_f1"": 0.411, ""macro_f1"": 0.03694342051971514, ""validation_loss"": 2.9757353515625, ""train_loss"": 3.2778350477430553, ""seconds"": 0.3178463079998437, ""gpu_id"": 0, ""candidate_id"": 99, ""sample_weight"": 0.354287210681253}, {""client_id"": 9, ""model_family"": ""gru"", ""feature_ids"": [3, 4, 7, 9, 10, 21, 24], ""subset_size"": 7, ""micro_f1"": 0.7581, ""macro_f1"": 0.025364949460814985, ""validation_loss"": 1.2316588623046876, ""train_loss"": 2.171558669429355, ""seconds"": 0.3683264739997867, ""gpu_id"": 1, ""candidate_id"": 99, ""sample_weight"": 0.12090074249549396}, {""client_id"": 10, ""model_family"": ""transformer"", ""feature_ids"": [3, 4, 7, 9, 10, 21, 24], ""subset_size"": 7, ""micro_f1"": 0.5966, ""macro_f1"": 0.05421294321946006, ""validation_loss"": 1.1797581787109375, ""train_loss"": 1.6242335404078165, ""seconds"": 0.7188387159999365, ""gpu_id"": 1, ""candidate_id"": 99, ""sample_weight"": 0.11011103958316146}]"
100,10,10000,"[3, 4, 7, 9, 10, 21, 24]","[""UDP"", ""fin_count"", ""syn_count"", ""Rate"", ""IAT"", ""ICMP"", ""DNS""]",7,0.6686927303617677,0.04821588195095471,0.668604850769043,0.72,0.6480087879592725,180,21720,"[{""client_id"": 1, ""model_family"": ""cnn1d"", ""feature_ids"": [3, 4, 7, 9, 10, 21, 24], ""subset_size"": 7, ""micro_f1"": 0.8775380710659898, ""macro_f1"": 0.02749339005625907, ""validation_loss"": 1.3519221271960262, ""train_loss"": 1.9449219844869752, ""seconds"": 0.11225491499999407, ""gpu_id"": 0, ""candidate_id"": 100, ""sample_weight"": 0.0008752009911046531}, {""client_id"": 2, ""model_family"": ""cnn1d"", ""feature_ids"": [3, 4, 7, 9, 10, 21, 24], ""subset_size"": 7, ""micro_f1"": 0.7199, ""macro_f1"": 0.13312625292206473, ""validation_loss"": 1.1418953369140625, ""train_loss"": 1.8098143325805665, ""seconds"": 0.36157057200034615, ""gpu_id"": 0, ""candidate_id"": 100, ""sample_weight"": 0.061408177662345804}, {""client_id"": 3, ""model_family"": ""cnn1d"", ""feature_ids"": [3, 4, 7, 9, 10, 21, 24], ""subset_size"": 7, ""micro_f1"": 0.8425, ""macro_f1"": 0.05319976598273952, ""validation_loss"": 0.6668090576171875, ""train_loss"": 1.177954439438714, ""seconds"": 0.35814599000013914, ""gpu_id"": 1, ""candidate_id"": 100, ""sample_weight"": 0.10352608384640223}, {""client_id"": 4, ""model_family"": ""cnn1d"", ""feature_ids"": [3, 4, 7, 9, 10, 21, 24], ""subset_size"": 7, ""micro_f1"": 0.8965, ""macro_f1"": 0.04884182460668013, ""validation_loss"": 0.49065186157226565, ""train_loss"": 1.0375149354192945, ""seconds"": 0.3245655429996077, ""gpu_id"": 0, ""candidate_id"": 100, ""sample_weight"": 0.05331880053778213}, {""client_id"": 5, ""model_family"": ""cnn1d"", ""feature_ids"": [3, 4, 7, 9, 10, 21, 24], ""subset_size"": 7, ""micro_f1"": 0.9615, ""macro_f1"": 0.05718911414833081, ""validation_loss"": 0.2510016387939453, ""train_loss"": 0.77736456170347, ""seconds"": 0.3222327729999961, ""gpu_id"": 0, ""candidate_id"": 100, ""sample_weight"": 0.07030155005722065}, {""client_id"": 6, ""model_family"": ""cnn1d"", ""feature_ids"": [3, 4, 7, 9, 10, 21, 24], ""subset_size"": 7, ""micro_f1"": 0.9968, ""macro_f1"": 0.05861558896984498, ""validation_loss"": 0.09725841674804687, ""train_loss"": 0.5938650173279975, ""seconds"": 0.33225516299989977, ""gpu_id"": 0, ""candidate_id"": 100, ""sample_weight"": 0.07459801933327874}, {""client_id"": 7, ""model_family"": ""gru"", ""feature_ids"": [3, 4, 7, 9, 10, 21, 24], ""subset_size"": 7, ""micro_f1"": 0.8645, ""macro_f1"": 0.027274304733961165, ""validation_loss"": 0.8451736206054687, ""train_loss"": 2.0078056683540346, ""seconds"": 0.3359886530001859, ""gpu_id"": 1, ""candidate_id"": 100, ""sample_weight"": 0.05067317481195735}, {""client_id"": 8, ""model_family"": ""gru"", ""feature_ids"": [3, 4, 7, 9, 10, 21, 24], ""subset_size"": 7, ""micro_f1"": 0.4109, ""macro_f1"": 0.03695327172969386, ""validation_loss"": 2.9753134765625, ""train_loss"": 3.2775338328891332, ""seconds"": 0.35374513999977353, ""gpu_id"": 0, ""candidate_id"": 100, ""sample_weight"": 0.354287210681253}, {""client_id"": 9, ""model_family"": ""gru"", ""feature_ids"": [3, 4, 7, 9, 10, 21, 24], ""subset_size"": 7, ""micro_f1"": 0.7581, ""macro_f1"": 0.025364949460814985, ""validation_loss"": 1.2322165283203126, ""train_loss"": 2.1716972064971922, ""seconds"": 0.32110333800028457, ""gpu_id"": 1, ""candidate_id"": 100, ""sample_weight"": 0.12090074249549396}, {""client_id"": 10, ""model_family"": ""transformer"", ""feature_ids"": [3, 4, 7, 9, 10, 21, 24], ""subset_size"": 7, ""micro_f1"": 0.5967, ""macro_f1"": 0.0542284369560688, ""validation_loss"": 1.180068115234375, ""train_loss"": 1.623558831278483, ""seconds"": 0.7393312250001145, ""gpu_id"": 1, ""candidate_id"": 100, ""sample_weight"": 0.11011103958316146}]"
