gpu_id,utilization_percent,memory_used_mib,memory_total_mib,temperature_c,power_w,timestamp,task_id,task_kind
0,0.0,107.0,15360.0,46.0,26.55,1786254384.8346536,benchmark_g0,benchmark
0,46.0,1277.0,15360.0,47.0,46.03,1786254389.180319,benchmark_g0,benchmark
1,3.0,107.0,15360.0,47.0,26.92,1786254384.8241394,benchmark_g1,benchmark
1,66.0,1277.0,15360.0,49.0,46.33,1786254389.1788962,benchmark_g1,benchmark
0,46.0,1489.0,15360.0,47.0,26.64,1786254389.252856,cache_g0,initialize_cache
0,2.0,2131.0,15360.0,48.0,26.64,1786254394.3066587,cache_g0,initialize_cache
0,1.0,2759.0,15360.0,48.0,26.64,1786254397.631646,cache_g0,initialize_cache
1,66.0,1297.0,15360.0,49.0,28.01,1786254389.2538486,cache_g1,initialize_cache
1,3.0,2709.0,15360.0,49.0,27.22,1786254394.3053002,cache_g1,initialize_cache
1,5.0,3777.0,15360.0,50.0,27.02,1786254399.3481236,cache_g1,initialize_cache
1,5.0,3845.0,15360.0,50.0,27.22,1786254400.7739244,cache_g1,initialize_cache
0,0.0,2779.0,15360.0,48.0,26.64,1786254400.8301704,collect_g0,collect_records
0,33.0,4325.0,15360.0,50.0,30.99,1786254405.8860025,collect_g0,collect_records
0,35.0,5999.0,15360.0,51.0,36.76,1786254410.9406269,collect_g0,collect_records
0,34.0,6245.0,15360.0,52.0,37.85,1786254416.0007265,collect_g0,collect_records
0,36.0,6709.0,15360.0,53.0,37.73,1786254421.0571058,collect_g0,collect_records
0,40.0,7003.0,15360.0,54.0,37.63,1786254426.1152885,collect_g0,collect_records
0,31.0,7341.0,15360.0,55.0,39.7,1786254431.1697812,collect_g0,collect_records
0,40.0,7911.0,15360.0,56.0,40.64,1786254436.2216566,collect_g0,collect_records
0,28.0,8079.0,15360.0,56.0,41.58,1786254441.276366,collect_g0,collect_records
0,38.0,8087.0,15360.0,57.0,37.16,1786254446.331163,collect_g0,collect_records
0,39.0,8089.0,15360.0,58.0,41.45,1786254451.3859937,collect_g0,collect_records
0,37.0,8143.0,15360.0,59.0,40.96,1786254456.4382102,collect_g0,collect_records
0,35.0,8149.0,15360.0,59.0,34.65,1786254461.4896674,collect_g0,collect_records
0,39.0,8307.0,15360.0,60.0,40.35,1786254466.5339515,collect_g0,collect_records
0,34.0,8359.0,15360.0,61.0,39.88,1786254471.5818589,collect_g0,collect_records
0,39.0,8715.0,15360.0,63.0,51.62,1786254476.6255286,collect_g0,collect_records
0,24.0,9035.0,15360.0,64.0,40.94,1786254481.6690772,collect_g0,collect_records
0,37.0,9041.0,15360.0,64.0,37.65,1786254486.7147236,collect_g0,collect_records
0,40.0,9203.0,15360.0,65.0,39.53,1786254491.7624063,collect_g0,collect_records
0,38.0,9205.0,15360.0,66.0,50.89,1786254496.806878,collect_g0,collect_records
0,36.0,9261.0,15360.0,67.0,52.49,1786254501.8516455,collect_g0,collect_records
0,38.0,9315.0,15360.0,67.0,42.71,1786254506.8966622,collect_g0,collect_records
0,29.0,9379.0,15360.0,69.0,51.12,1786254511.9411292,collect_g0,collect_records
0,41.0,9439.0,15360.0,69.0,54.63,1786254516.985446,collect_g0,collect_records
0,31.0,9671.0,15360.0,71.0,55.05,1786254522.027996,collect_g0,collect_records
0,41.0,9671.0,15360.0,71.0,45.34,1786254527.0732057,collect_g0,collect_records
0,36.0,9671.0,15360.0,71.0,41.62,1786254532.1156785,collect_g0,collect_records
0,30.0,9971.0,15360.0,73.0,57.76,1786254537.15807,collect_g0,collect_records
0,35.0,9971.0,15360.0,72.0,48.14,1786254542.2049768,collect_g0,collect_records
0,32.0,10027.0,15360.0,72.0,44.43,1786254547.2502105,collect_g0,collect_records
0,35.0,10155.0,15360.0,73.0,46.59,1786254552.296376,collect_g0,collect_records
0,35.0,10155.0,15360.0,73.0,42.98,1786254557.341341,collect_g0,collect_records
0,33.0,10287.0,15360.0,73.0,48.33,1786254562.3838716,collect_g0,collect_records
0,31.0,10485.0,15360.0,74.0,41.92,1786254567.4324026,collect_g0,collect_records
0,36.0,10485.0,15360.0,74.0,42.83,1786254572.4771569,collect_g0,collect_records
0,35.0,11145.0,15360.0,77.0,62.87,1786254577.5207267,collect_g0,collect_records
0,37.0,11145.0,15360.0,77.0,55.67,1786254582.5632818,collect_g0,collect_records
0,43.0,11145.0,15360.0,77.0,51.41,1786254587.60742,collect_g0,collect_records
0,26.0,11207.0,15360.0,78.0,44.04,1786254592.6510518,collect_g0,collect_records
0,29.0,11207.0,15360.0,80.0,61.19,1786254597.698187,collect_g0,collect_records
0,30.0,11209.0,15360.0,79.0,40.49,1786254602.7411726,collect_g0,collect_records
0,33.0,11209.0,15360.0,79.0,42.54,1786254607.7844427,collect_g0,collect_records
0,37.0,11209.0,15360.0,79.0,52.6,1786254612.8299623,collect_g0,collect_records
0,39.0,11209.0,15360.0,77.0,45.2,1786254617.8740792,collect_g0,collect_records
0,38.0,11209.0,15360.0,76.0,40.37,1786254622.9193761,collect_g0,collect_records
0,33.0,11209.0,15360.0,76.0,52.2,1786254627.9653537,collect_g0,collect_records
0,33.0,11209.0,15360.0,77.0,52.4,1786254633.0116665,collect_g0,collect_records
0,36.0,11209.0,15360.0,76.0,46.03,1786254638.056293,collect_g0,collect_records
0,37.0,11209.0,15360.0,76.0,49.54,1786254643.0988612,collect_g0,collect_records
0,36.0,11271.0,15360.0,77.0,58.02,1786254648.1414242,collect_g0,collect_records
0,31.0,11271.0,15360.0,78.0,58.77,1786254653.1850443,collect_g0,collect_records
0,29.0,11273.0,15360.0,76.0,39.11,1786254658.2280989,collect_g0,collect_records
0,34.0,11593.0,15360.0,78.0,64.77,1786254663.2715304,collect_g0,collect_records
0,41.0,11913.0,15360.0,78.0,65.12,1786254668.31037,collect_g0,collect_records
0,47.0,12045.0,15360.0,80.0,62.45,1786254673.3541691,collect_g0,collect_records
0,32.0,12243.0,15360.0,80.0,56.33,1786254678.3966632,collect_g0,collect_records
0,37.0,12243.0,15360.0,80.0,56.82,1786254683.439928,collect_g0,collect_records
0,39.0,12367.0,15360.0,79.0,59.7,1786254688.482405,collect_g0,collect_records
0,32.0,12367.0,15360.0,77.0,58.68,1786254693.5248911,collect_g0,collect_records
0,29.0,12431.0,15360.0,77.0,61.33,1786254698.568298,collect_g0,collect_records
0,33.0,12431.0,15360.0,75.0,43.79,1786254703.610566,collect_g0,collect_records
0,34.0,12431.0,15360.0,74.0,50.2,1786254708.653173,collect_g0,collect_records
0,34.0,12431.0,15360.0,73.0,41.55,1786254713.6961486,collect_g0,collect_records
0,37.0,12431.0,15360.0,74.0,65.98,1786254718.7428303,collect_g0,collect_records
0,39.0,12431.0,15360.0,75.0,54.95,1786254723.7873204,collect_g0,collect_records
0,38.0,12495.0,15360.0,75.0,53.58,1786254728.8287513,collect_g0,collect_records
0,26.0,12495.0,15360.0,77.0,61.75,1786254733.872119,collect_g0,collect_records
0,29.0,12767.0,15360.0,77.0,50.99,1786254738.9232233,collect_g0,collect_records
0,42.0,12767.0,15360.0,79.0,67.75,1786254743.9663002,collect_g0,collect_records
0,33.0,12767.0,15360.0,80.0,57.41,1786254749.0113487,collect_g0,collect_records
0,33.0,12767.0,15360.0,81.0,68.36,1786254754.0557184,collect_g0,collect_records
0,39.0,12767.0,15360.0,79.0,55.12,1786254759.104295,collect_g0,collect_records
0,38.0,13097.0,15360.0,79.0,64.95,1786254764.1493042,collect_g0,collect_records
0,47.0,13355.0,15360.0,78.0,66.38,1786254769.1918576,collect_g0,collect_records
0,39.0,13695.0,15360.0,78.0,65.12,1786254774.2344725,collect_g0,collect_records
0,41.0,13695.0,15360.0,77.0,60.28,1786254779.2767928,collect_g0,collect_records
0,32.0,13695.0,15360.0,76.0,65.49,1786254784.327098,collect_g0,collect_records
0,42.0,13695.0,15360.0,76.0,68.38,1786254789.376676,collect_g0,collect_records
0,44.0,14045.0,15360.0,76.0,67.98,1786254794.423423,collect_g0,collect_records
0,50.0,14045.0,15360.0,75.0,58.82,1786254799.4716542,collect_g0,collect_records
0,48.0,14393.0,15360.0,76.0,66.43,1786254804.5141926,collect_g0,collect_records
0,37.0,14393.0,15360.0,75.0,57.04,1786254809.5615265,collect_g0,collect_records
0,36.0,14393.0,15360.0,76.0,70.28,1786254814.6103306,collect_g0,collect_records
0,39.0,14393.0,15360.0,76.0,63.99,1786254819.6555867,collect_g0,collect_records
0,32.0,14393.0,15360.0,76.0,63.12,1786254824.6982489,collect_g0,collect_records
0,40.0,14657.0,15360.0,77.0,66.81,1786254829.7460358,collect_g0,collect_records
0,43.0,14657.0,15360.0,77.0,56.55,1786254834.7902412,collect_g0,collect_records
0,39.0,14657.0,15360.0,78.0,68.71,1786254839.8343005,collect_g0,collect_records
0,43.0,14657.0,15360.0,78.0,69.3,1786254844.8778021,collect_g0,collect_records
0,45.0,14657.0,15360.0,78.0,61.87,1786254849.921239,collect_g0,collect_records
0,47.0,14657.0,15360.0,78.0,64.4,1786254854.96401,collect_g0,collect_records
0,45.0,14657.0,15360.0,78.0,66.36,1786254860.0070026,collect_g0,collect_records
0,39.0,14657.0,15360.0,77.0,63.91,1786254865.0542324,collect_g0,collect_records
0,45.0,14657.0,15360.0,77.0,63.08,1786254870.1030374,collect_g0,collect_records
0,40.0,14657.0,15360.0,76.0,70.88,1786254875.1457353,collect_g0,collect_records
0,42.0,14657.0,15360.0,76.0,59.49,1786254880.1873543,collect_g0,collect_records
0,37.0,14657.0,15360.0,76.0,65.83,1786254885.2333934,collect_g0,collect_records
0,38.0,14657.0,15360.0,76.0,65.3,1786254890.2812057,collect_g0,collect_records
0,24.0,14657.0,15360.0,76.0,55.74,1786254895.324133,collect_g0,collect_records
0,36.0,14657.0,15360.0,73.0,38.79,1786254900.3719246,collect_g0,collect_records
0,38.0,14657.0,15360.0,72.0,38.54,1786254905.4210982,collect_g0,collect_records
0,42.0,14659.0,15360.0,72.0,39.11,1786254910.4689047,collect_g0,collect_records
0,39.0,14659.0,15360.0,72.0,42.64,1786254915.5167892,collect_g0,collect_records
0,28.0,14659.0,15360.0,72.0,36.94,1786254920.5611098,collect_g0,collect_records
0,35.0,14661.0,15360.0,73.0,49.32,1786254925.6102755,collect_g0,collect_records
0,35.0,14661.0,15360.0,73.0,37.53,1786254930.6552124,collect_g0,collect_records
0,33.0,14663.0,15360.0,73.0,40.22,1786254935.6979752,collect_g0,collect_records
0,36.0,14663.0,15360.0,73.0,36.45,1786254940.742555,collect_g0,collect_records
0,37.0,14663.0,15360.0,74.0,45.79,1786254945.7903295,collect_g0,collect_records
0,40.0,14663.0,15360.0,74.0,39.55,1786254950.8413968,collect_g0,collect_records
0,39.0,14663.0,15360.0,75.0,38.99,1786254955.8850539,collect_g0,collect_records
0,39.0,14663.0,15360.0,75.0,41.97,1786254960.932123,collect_g0,collect_records
0,34.0,14663.0,15360.0,76.0,52.3,1786254965.9753478,collect_g0,collect_records
0,29.0,14663.0,15360.0,76.0,42.83,1786254971.025113,collect_g0,collect_records
0,43.0,14663.0,15360.0,76.0,45.89,1786254976.0705202,collect_g0,collect_records
0,44.0,14663.0,15360.0,76.0,39.63,1786254981.1196344,collect_g0,collect_records
0,29.0,14663.0,15360.0,76.0,44.71,1786254986.1657512,collect_g0,collect_records
0,41.0,14663.0,15360.0,79.0,58.98,1786254991.2084436,collect_g0,collect_records
0,23.0,14665.0,15360.0,80.0,50.27,1786254996.251251,collect_g0,collect_records
0,41.0,14665.0,15360.0,79.0,44.38,1786255001.2980866,collect_g0,collect_records
0,31.0,14665.0,15360.0,79.0,43.5,1786255006.34482,collect_g0,collect_records
0,36.0,14665.0,15360.0,78.0,45.93,1786255011.3944402,collect_g0,collect_records
0,33.0,14665.0,15360.0,77.0,41.35,1786255016.4406147,collect_g0,collect_records
0,27.0,14665.0,15360.0,76.0,43.1,1786255021.4875064,collect_g0,collect_records
0,29.0,14665.0,15360.0,76.0,43.1,1786255026.531557,collect_g0,collect_records
0,43.0,14665.0,15360.0,78.0,59.62,1786255031.5732486,collect_g0,collect_records
0,39.0,14667.0,15360.0,76.0,42.98,1786255036.618946,collect_g0,collect_records
0,32.0,14667.0,15360.0,76.0,40.49,1786255041.6652303,collect_g0,collect_records
0,40.0,14667.0,15360.0,77.0,62.08,1786255046.7116907,collect_g0,collect_records
0,39.0,14667.0,15360.0,76.0,45.74,1786255051.7554739,collect_g0,collect_records
0,30.0,14667.0,15360.0,76.0,41.28,1786255056.8019922,collect_g0,collect_records
0,36.0,14667.0,15360.0,76.0,41.48,1786255061.8468263,collect_g0,collect_records
0,35.0,14667.0,15360.0,77.0,57.87,1786255066.8925688,collect_g0,collect_records
0,32.0,14667.0,15360.0,77.0,41.87,1786255071.940208,collect_g0,collect_records
0,36.0,14667.0,15360.0,79.0,59.04,1786255076.9836814,collect_g0,collect_records
0,25.0,14667.0,15360.0,79.0,58.78,1786255082.0298378,collect_g0,collect_records
0,45.0,14667.0,15360.0,78.0,45.76,1786255087.0802336,collect_g0,collect_records
0,36.0,14667.0,15360.0,78.0,50.53,1786255092.1330123,collect_g0,collect_records
0,35.0,14667.0,15360.0,77.0,40.88,1786255097.1830883,collect_g0,collect_records
0,44.0,14667.0,15360.0,77.0,45.93,1786255102.2344854,collect_g0,collect_records
0,31.0,14667.0,15360.0,76.0,40.49,1786255107.2849889,collect_g0,collect_records
0,37.0,14667.0,15360.0,76.0,43.06,1786255112.337087,collect_g0,collect_records
0,25.0,14667.0,15360.0,77.0,60.07,1786255117.3818684,collect_g0,collect_records
0,30.0,14667.0,15360.0,77.0,44.31,1786255122.426876,collect_g0,collect_records
0,41.0,14667.0,15360.0,77.0,53.61,1786255127.4747303,collect_g0,collect_records
0,32.0,14667.0,15360.0,77.0,40.94,1786255132.517589,collect_g0,collect_records
0,25.0,14669.0,15360.0,77.0,50.23,1786255137.5607305,collect_g0,collect_records
0,35.0,14669.0,15360.0,77.0,45.54,1786255142.6076946,collect_g0,collect_records
0,41.0,14669.0,15360.0,78.0,61.73,1786255147.6531906,collect_g0,collect_records
0,39.0,14669.0,15360.0,77.0,47.87,1786255152.701492,collect_g0,collect_records
0,43.0,14669.0,15360.0,78.0,54.2,1786255157.7465794,collect_g0,collect_records
0,38.0,14669.0,15360.0,78.0,50.76,1786255162.792601,collect_g0,collect_records
0,28.0,14669.0,15360.0,78.0,54.23,1786255167.838592,collect_g0,collect_records
0,33.0,14669.0,15360.0,78.0,60.93,1786255172.8851554,collect_g0,collect_records
0,43.0,14669.0,15360.0,78.0,59.65,1786255177.9303954,collect_g0,collect_records
0,35.0,14669.0,15360.0,78.0,59.49,1786255182.9719296,collect_g0,collect_records
0,39.0,14669.0,15360.0,77.0,49.67,1786255188.0187032,collect_g0,collect_records
0,36.0,14669.0,15360.0,78.0,61.12,1786255193.0626457,collect_g0,collect_records
0,33.0,14669.0,15360.0,77.0,60.67,1786255198.1153467,collect_g0,collect_records
0,41.0,14669.0,15360.0,77.0,63.79,1786255203.1640677,collect_g0,collect_records
0,40.0,14669.0,15360.0,76.0,49.54,1786255208.2097685,collect_g0,collect_records
0,38.0,14669.0,15360.0,77.0,61.83,1786255213.2546513,collect_g0,collect_records
0,42.0,14669.0,15360.0,77.0,57.11,1786255218.2997415,collect_g0,collect_records
0,38.0,14669.0,15360.0,77.0,60.28,1786255223.34643,collect_g0,collect_records
0,35.0,14669.0,15360.0,76.0,54.4,1786255228.3953264,collect_g0,collect_records
0,39.0,14669.0,15360.0,77.0,65.77,1786255233.4416406,collect_g0,collect_records
0,34.0,14671.0,15360.0,75.0,39.9,1786255238.4935048,collect_g0,collect_records
0,41.0,14671.0,15360.0,74.0,46.72,1786255243.5381815,collect_g0,collect_records
0,28.0,14671.0,15360.0,75.0,39.78,1786255248.58396,collect_g0,collect_records
0,35.0,14673.0,15360.0,74.0,39.13,1786255253.6308596,collect_g0,collect_records
0,31.0,14673.0,15360.0,75.0,43.99,1786255258.6774583,collect_g0,collect_records
0,35.0,14673.0,15360.0,76.0,59.53,1786255263.727573,collect_g0,collect_records
0,32.0,14675.0,15360.0,76.0,38.34,1786255268.7876863,collect_g0,collect_records
0,40.0,14675.0,15360.0,77.0,48.29,1786255273.8395956,collect_g0,collect_records
0,34.0,14675.0,15360.0,79.0,52.66,1786255278.889384,collect_g0,collect_records
0,35.0,14675.0,15360.0,80.0,53.61,1786255283.9327834,collect_g0,collect_records
0,29.0,14675.0,15360.0,81.0,64.73,1786255288.9791837,collect_g0,collect_records
0,40.0,14675.0,15360.0,82.0,69.07,1786255294.0245683,collect_g0,collect_records
0,35.0,14675.0,15360.0,81.0,68.03,1786255299.069364,collect_g0,collect_records
0,40.0,14675.0,15360.0,80.0,61.0,1786255304.1142156,collect_g0,collect_records
0,40.0,14675.0,15360.0,79.0,65.45,1786255309.156791,collect_g0,collect_records
0,35.0,14675.0,15360.0,77.0,58.81,1786255314.2042317,collect_g0,collect_records
0,34.0,14675.0,15360.0,75.0,45.93,1786255319.2493975,collect_g0,collect_records
0,39.0,14675.0,15360.0,73.0,46.75,1786255324.2978504,collect_g0,collect_records
0,35.0,14675.0,15360.0,74.0,63.42,1786255329.3446147,collect_g0,collect_records
0,35.0,14675.0,15360.0,73.0,45.86,1786255334.388487,collect_g0,collect_records
0,36.0,14675.0,15360.0,73.0,37.14,1786255339.4354296,collect_g0,collect_records
0,38.0,14675.0,15360.0,75.0,60.08,1786255344.4835052,collect_g0,collect_records
0,36.0,14675.0,15360.0,74.0,42.37,1786255349.5308876,collect_g0,collect_records
0,38.0,14675.0,15360.0,77.0,64.77,1786255354.5774465,collect_g0,collect_records
0,36.0,14675.0,15360.0,78.0,54.13,1786255359.623053,collect_g0,collect_records
0,33.0,14675.0,15360.0,79.0,57.05,1786255364.671571,collect_g0,collect_records
0,34.0,14675.0,15360.0,80.0,51.35,1786255369.7213848,collect_g0,collect_records
0,41.0,14675.0,15360.0,80.0,60.24,1786255374.7643173,collect_g0,collect_records
0,37.0,14675.0,15360.0,80.0,62.53,1786255379.8125381,collect_g0,collect_records
0,34.0,14675.0,15360.0,79.0,61.73,1786255384.856236,collect_g0,collect_records
0,29.0,14675.0,15360.0,78.0,56.23,1786255389.9022348,collect_g0,collect_records
0,35.0,14675.0,15360.0,75.0,40.57,1786255394.9503386,collect_g0,collect_records
0,35.0,14675.0,15360.0,74.0,40.64,1786255399.999233,collect_g0,collect_records
0,30.0,14675.0,15360.0,74.0,47.34,1786255405.0496924,collect_g0,collect_records
0,31.0,14675.0,15360.0,73.0,44.09,1786255410.092789,collect_g0,collect_records
0,36.0,14675.0,15360.0,73.0,40.19,1786255415.1404393,collect_g0,collect_records
0,32.0,14675.0,15360.0,73.0,37.95,1786255420.186161,collect_g0,collect_records
0,32.0,14675.0,15360.0,76.0,53.25,1786255425.234598,collect_g0,collect_records
0,28.0,14675.0,15360.0,75.0,44.61,1786255430.2797205,collect_g0,collect_records
0,33.0,14675.0,15360.0,75.0,48.06,1786255435.3255749,collect_g0,collect_records
0,36.0,14675.0,15360.0,75.0,42.24,1786255440.371827,collect_g0,collect_records
0,30.0,14675.0,15360.0,75.0,39.56,1786255445.418475,collect_g0,collect_records
0,40.0,14675.0,15360.0,76.0,47.58,1786255450.463726,collect_g0,collect_records
0,41.0,14675.0,15360.0,76.0,36.67,1786255455.5080476,collect_g0,collect_records
0,34.0,14675.0,15360.0,76.0,43.52,1786255460.5525308,collect_g0,collect_records
0,38.0,14675.0,15360.0,76.0,42.34,1786255465.596933,collect_g0,collect_records
0,41.0,14677.0,15360.0,76.0,41.77,1786255470.6469126,collect_g0,collect_records
0,46.0,14677.0,15360.0,78.0,57.18,1786255475.6881208,collect_g0,collect_records
0,40.0,14677.0,15360.0,77.0,42.39,1786255480.734968,collect_g0,collect_records
0,36.0,14677.0,15360.0,77.0,51.05,1786255485.7925158,collect_g0,collect_records
0,37.0,14677.0,15360.0,78.0,54.1,1786255490.8435118,collect_g0,collect_records
0,38.0,14677.0,15360.0,78.0,40.17,1786255495.8920734,collect_g0,collect_records
0,29.0,14679.0,15360.0,78.0,38.79,1786255500.9376101,collect_g0,collect_records
0,42.0,14679.0,15360.0,78.0,48.49,1786255505.9869423,collect_g0,collect_records
0,33.0,14679.0,15360.0,78.0,43.0,1786255511.0312119,collect_g0,collect_records
0,29.0,14679.0,15360.0,78.0,48.03,1786255516.0777762,collect_g0,collect_records
0,37.0,14679.0,15360.0,77.0,44.21,1786255521.1242504,collect_g0,collect_records
0,47.0,14679.0,15360.0,78.0,58.98,1786255526.1789348,collect_g0,collect_records
0,30.0,14679.0,15360.0,79.0,53.94,1786255531.2346735,collect_g0,collect_records
0,38.0,14679.0,15360.0,78.0,46.72,1786255536.2856872,collect_g0,collect_records
0,35.0,14679.0,15360.0,77.0,41.35,1786255541.330987,collect_g0,collect_records
0,38.0,14679.0,15360.0,77.0,59.01,1786255546.381852,collect_g0,collect_records
0,36.0,14679.0,15360.0,76.0,54.33,1786255551.4333706,collect_g0,collect_records
0,29.0,14679.0,15360.0,77.0,62.73,1786255556.4908476,collect_g0,collect_records
0,27.0,14679.0,15360.0,76.0,41.53,1786255561.5391068,collect_g0,collect_records
0,32.0,14679.0,15360.0,75.0,48.15,1786255566.5901616,collect_g0,collect_records
0,37.0,14679.0,15360.0,75.0,57.11,1786255571.6452043,collect_g0,collect_records
0,36.0,14679.0,15360.0,75.0,41.8,1786255576.6989176,collect_g0,collect_records
0,36.0,14681.0,15360.0,75.0,39.82,1786255581.7522259,collect_g0,collect_records
0,39.0,14681.0,15360.0,75.0,47.93,1786255586.802541,collect_g0,collect_records
0,35.0,14681.0,15360.0,76.0,44.8,1786255591.8479621,collect_g0,collect_records
0,42.0,14681.0,15360.0,77.0,41.92,1786255596.8962603,collect_g0,collect_records
0,41.0,14681.0,15360.0,80.0,58.1,1786255601.944604,collect_g0,collect_records
0,34.0,14681.0,15360.0,80.0,48.98,1786255606.989232,collect_g0,collect_records
0,30.0,14681.0,15360.0,81.0,48.46,1786255612.0336218,collect_g0,collect_records
0,26.0,14681.0,15360.0,81.0,55.84,1786255617.079398,collect_g0,collect_records
0,35.0,14681.0,15360.0,78.0,50.46,1786255622.1269088,collect_g0,collect_records
0,31.0,14681.0,15360.0,76.0,40.81,1786255627.1727824,collect_g0,collect_records
0,38.0,14681.0,15360.0,75.0,41.82,1786255632.2180104,collect_g0,collect_records
0,43.0,14681.0,15360.0,74.0,48.1,1786255637.2661402,collect_g0,collect_records
0,36.0,14681.0,15360.0,75.0,51.44,1786255642.3100836,collect_g0,collect_records
0,29.0,14681.0,15360.0,75.0,36.55,1786255647.3532672,collect_g0,collect_records
0,40.0,14681.0,15360.0,76.0,53.42,1786255652.3978033,collect_g0,collect_records
0,39.0,14681.0,15360.0,77.0,54.2,1786255657.4426763,collect_g0,collect_records
0,37.0,14681.0,15360.0,76.0,48.7,1786255662.4884055,collect_g0,collect_records
0,38.0,14681.0,15360.0,78.0,51.67,1786255667.5321963,collect_g0,collect_records
0,41.0,14681.0,15360.0,79.0,62.71,1786255672.5795114,collect_g0,collect_records
0,38.0,14681.0,15360.0,80.0,64.16,1786255677.6246626,collect_g0,collect_records
0,46.0,14681.0,15360.0,80.0,63.44,1786255682.6724362,collect_g0,collect_records
0,39.0,14681.0,15360.0,78.0,49.94,1786255687.7232141,collect_g0,collect_records
0,34.0,14681.0,15360.0,78.0,62.06,1786255692.7680762,collect_g0,collect_records
0,34.0,14681.0,15360.0,76.0,44.33,1786255697.8155632,collect_g0,collect_records
0,33.0,14681.0,15360.0,75.0,57.08,1786255702.8623238,collect_g0,collect_records
0,41.0,14751.0,15360.0,76.0,58.85,1786255707.9085662,collect_g0,collect_records
0,42.0,14751.0,15360.0,75.0,49.35,1786255712.9511454,collect_g0,collect_records
0,31.0,14751.0,15360.0,76.0,56.0,1786255717.996928,collect_g0,collect_records
0,36.0,14751.0,15360.0,77.0,61.4,1786255723.0420096,collect_g0,collect_records
0,39.0,14751.0,15360.0,78.0,69.75,1786255728.092848,collect_g0,collect_records
0,22.0,14751.0,15360.0,77.0,51.81,1786255733.1395156,collect_g0,collect_records
0,32.0,14753.0,15360.0,76.0,53.44,1786255738.191193,collect_g0,collect_records
0,38.0,14753.0,15360.0,76.0,49.57,1786255743.2380846,collect_g0,collect_records
0,40.0,14753.0,15360.0,78.0,66.43,1786255748.28562,collect_g0,collect_records
0,35.0,14753.0,15360.0,78.0,68.17,1786255753.3329048,collect_g0,collect_records
0,37.0,14753.0,15360.0,79.0,57.73,1786255758.3904335,collect_g0,collect_records
0,37.0,14753.0,15360.0,79.0,63.05,1786255763.4355047,collect_g0,collect_records
0,28.0,14753.0,15360.0,78.0,60.61,1786255768.4788544,collect_g0,collect_records
0,36.0,14753.0,15360.0,77.0,59.76,1786255773.5232317,collect_g0,collect_records
0,35.0,14893.0,15360.0,77.0,53.58,1786255778.566997,collect_g0,collect_records
0,40.0,14893.0,15360.0,76.0,53.61,1786255783.6109626,collect_g0,collect_records
0,39.0,14893.0,15360.0,76.0,65.16,1786255788.6622488,collect_g0,collect_records
0,41.0,14893.0,15360.0,76.0,69.2,1786255793.709385,collect_g0,collect_records
0,34.0,14893.0,15360.0,76.0,60.43,1786255798.7606812,collect_g0,collect_records
0,39.0,14893.0,15360.0,76.0,60.67,1786255803.803723,collect_g0,collect_records
0,30.0,14893.0,15360.0,77.0,51.68,1786255808.8488934,collect_g0,collect_records
0,44.0,14893.0,15360.0,77.0,56.76,1786255813.8946285,collect_g0,collect_records
0,25.0,14893.0,15360.0,77.0,54.79,1786255818.9380643,collect_g0,collect_records
0,44.0,14893.0,15360.0,77.0,60.51,1786255823.9826312,collect_g0,collect_records
0,30.0,14893.0,15360.0,76.0,47.58,1786255829.034836,collect_g0,collect_records
0,43.0,14893.0,15360.0,76.0,58.33,1786255834.0818512,collect_g0,collect_records
0,40.0,14893.0,15360.0,77.0,64.0,1786255839.127876,collect_g0,collect_records
0,43.0,14893.0,15360.0,76.0,52.39,1786255844.1739824,collect_g0,collect_records
0,46.0,14893.0,15360.0,77.0,64.34,1786255849.222417,collect_g0,collect_records
0,37.0,14893.0,15360.0,76.0,48.42,1786255854.2678795,collect_g0,collect_records
0,32.0,14893.0,15360.0,76.0,53.84,1786255859.3171268,collect_g0,collect_records
0,35.0,14893.0,15360.0,76.0,50.85,1786255864.3615985,collect_g0,collect_records
0,32.0,3491.0,15360.0,78.0,65.4,1786255869.4030905,collect_g0,collect_records
0,37.0,5047.0,15360.0,78.0,58.68,1786255874.4489949,collect_g0,collect_records
0,37.0,6289.0,15360.0,78.0,60.61,1786255879.4906802,collect_g0,collect_records
0,34.0,6297.0,15360.0,78.0,66.92,1786255884.5336103,collect_g0,collect_records
0,29.0,6493.0,15360.0,76.0,37.46,1786255889.5834045,collect_g0,collect_records
0,50.0,6501.0,15360.0,75.0,42.19,1786255894.6253238,collect_g0,collect_records
0,35.0,6505.0,15360.0,74.0,38.12,1786255899.6754107,collect_g0,collect_records
0,36.0,6513.0,15360.0,73.0,42.19,1786255904.7253444,collect_g0,collect_records
0,32.0,6517.0,15360.0,73.0,41.53,1786255909.768613,collect_g0,collect_records
0,40.0,6519.0,15360.0,74.0,48.32,1786255914.8181756,collect_g0,collect_records
0,27.0,6523.0,15360.0,74.0,45.03,1786255919.8615174,collect_g0,collect_records
0,35.0,6523.0,15360.0,74.0,38.42,1786255924.9072375,collect_g0,collect_records
0,33.0,6523.0,15360.0,74.0,44.85,1786255929.9575322,collect_g0,collect_records
0,41.0,6525.0,15360.0,74.0,40.15,1786255935.0077639,collect_g0,collect_records
0,37.0,6525.0,15360.0,75.0,42.17,1786255940.0511878,collect_g0,collect_records
0,34.0,6525.0,15360.0,75.0,45.56,1786255945.0957463,collect_g0,collect_records
0,43.0,6525.0,15360.0,75.0,39.28,1786255950.1449492,collect_g0,collect_records
0,35.0,6525.0,15360.0,76.0,49.15,1786255955.1878464,collect_g0,collect_records
0,24.0,6527.0,15360.0,76.0,34.38,1786255960.2326608,collect_g0,collect_records
0,32.0,6589.0,15360.0,77.0,42.22,1786255965.276469,collect_g0,collect_records
0,39.0,6591.0,15360.0,77.0,41.8,1786255970.3204145,collect_g0,collect_records
0,33.0,6591.0,15360.0,78.0,53.28,1786255975.3656168,collect_g0,collect_records
0,35.0,6591.0,15360.0,78.0,45.49,1786255980.4119768,collect_g0,collect_records
0,39.0,6591.0,15360.0,79.0,45.62,1786255985.4549387,collect_g0,collect_records
0,37.0,6717.0,15360.0,79.0,47.38,1786255990.5001209,collect_g0,collect_records
0,28.0,6965.0,15360.0,81.0,55.74,1786255995.5439806,collect_g0,collect_records
0,40.0,6965.0,15360.0,81.0,57.25,1786256000.5873563,collect_g0,collect_records
0,31.0,6965.0,15360.0,81.0,55.05,1786256005.6342075,collect_g0,collect_records
0,40.0,6965.0,15360.0,78.0,52.07,1786256010.6817327,collect_g0,collect_records
0,35.0,6965.0,15360.0,75.0,37.75,1786256015.7289526,collect_g0,collect_records
0,45.0,6965.0,15360.0,74.0,42.54,1786256020.7727747,collect_g0,collect_records
0,36.0,6965.0,15360.0,73.0,42.56,1786256025.8144712,collect_g0,collect_records
0,34.0,6965.0,15360.0,73.0,41.18,1786256030.860311,collect_g0,collect_records
0,33.0,6965.0,15360.0,73.0,43.15,1786256035.908126,collect_g0,collect_records
0,36.0,6965.0,15360.0,73.0,41.26,1786256040.9529548,collect_g0,collect_records
0,38.0,6965.0,15360.0,74.0,44.13,1786256045.9999347,collect_g0,collect_records
0,28.0,6965.0,15360.0,74.0,43.67,1786256051.0411582,collect_g0,collect_records
0,42.0,6967.0,15360.0,74.0,36.86,1786256056.0875382,collect_g0,collect_records
0,38.0,6967.0,15360.0,74.0,39.16,1786256061.1306467,collect_g0,collect_records
0,38.0,6967.0,15360.0,75.0,40.54,1786256066.174191,collect_g0,collect_records
0,33.0,6967.0,15360.0,74.0,38.34,1786256071.22176,collect_g0,collect_records
0,36.0,6967.0,15360.0,76.0,60.41,1786256076.2669191,collect_g0,collect_records
0,38.0,6967.0,15360.0,76.0,42.91,1786256081.3106697,collect_g0,collect_records
0,39.0,6967.0,15360.0,77.0,49.88,1786256086.3527226,collect_g0,collect_records
0,41.0,6967.0,15360.0,79.0,54.92,1786256091.4043345,collect_g0,collect_records
0,27.0,6967.0,15360.0,81.0,54.99,1786256096.4506547,collect_g0,collect_records
0,38.0,6967.0,15360.0,82.0,59.17,1786256101.504506,collect_g0,collect_records
0,36.0,6967.0,15360.0,81.0,49.97,1786256106.5624545,collect_g0,collect_records
0,38.0,6967.0,15360.0,79.0,46.08,1786256111.6118994,collect_g0,collect_records
0,33.0,6967.0,15360.0,79.0,59.48,1786256116.6625109,collect_g0,collect_records
0,31.0,6967.0,15360.0,76.0,44.31,1786256121.7102087,collect_g0,collect_records
0,26.0,6967.0,15360.0,75.0,43.96,1786256126.752717,collect_g0,collect_records
0,36.0,6967.0,15360.0,75.0,49.35,1786256131.7962341,collect_g0,collect_records
0,45.0,7223.0,15360.0,76.0,53.38,1786256136.8399837,collect_g0,collect_records
0,38.0,7287.0,15360.0,76.0,62.81,1786256141.885814,collect_g0,collect_records
0,44.0,7287.0,15360.0,76.0,66.43,1786256146.9355083,collect_g0,collect_records
0,35.0,7287.0,15360.0,77.0,58.03,1786256151.983697,collect_g0,collect_records
0,33.0,7287.0,15360.0,76.0,47.01,1786256157.032266,collect_g0,collect_records
0,45.0,7287.0,15360.0,76.0,49.74,1786256162.0793655,collect_g0,collect_records
0,35.0,7287.0,15360.0,76.0,45.47,1786256167.1425076,collect_g0,collect_records
0,36.0,7287.0,15360.0,76.0,47.8,1786256172.1999717,collect_g0,collect_records
0,38.0,7287.0,15360.0,76.0,47.08,1786256177.2532089,collect_g0,collect_records
0,37.0,7287.0,15360.0,75.0,41.08,1786256182.3050518,collect_g0,collect_records
0,41.0,7287.0,15360.0,75.0,42.24,1786256187.3566809,collect_g0,collect_records
0,36.0,7287.0,15360.0,76.0,46.78,1786256192.4046116,collect_g0,collect_records
0,36.0,7287.0,15360.0,77.0,39.41,1786256197.4536583,collect_g0,collect_records
0,34.0,7287.0,15360.0,77.0,41.08,1786256202.5116022,collect_g0,collect_records
0,41.0,7287.0,15360.0,77.0,40.88,1786256207.5704942,collect_g0,collect_records
0,40.0,7287.0,15360.0,77.0,45.4,1786256212.623175,collect_g0,collect_records
0,44.0,7287.0,15360.0,79.0,62.28,1786256217.6736512,collect_g0,collect_records
0,32.0,7287.0,15360.0,79.0,44.31,1786256222.7284806,collect_g0,collect_records
0,33.0,7287.0,15360.0,80.0,43.3,1786256227.7751043,collect_g0,collect_records
0,35.0,7287.0,15360.0,81.0,53.87,1786256232.8226955,collect_g0,collect_records
0,36.0,7287.0,15360.0,80.0,54.04,1786256237.8685925,collect_g0,collect_records
0,38.0,7287.0,15360.0,78.0,47.48,1786256242.913594,collect_g0,collect_records
0,38.0,7287.0,15360.0,78.0,55.02,1786256247.962463,collect_g0,collect_records
0,33.0,7287.0,15360.0,78.0,66.63,1786256253.0066495,collect_g0,collect_records
0,29.0,7287.0,15360.0,75.0,40.71,1786256258.0498435,collect_g0,collect_records
0,42.0,7415.0,15360.0,74.0,53.91,1786256263.0929425,collect_g0,collect_records
0,42.0,7543.0,15360.0,76.0,61.88,1786256268.1369405,collect_g0,collect_records
0,36.0,7543.0,15360.0,75.0,50.56,1786256273.1869452,collect_g0,collect_records
0,33.0,7543.0,15360.0,75.0,48.72,1786256278.2347357,collect_g0,collect_records
0,38.0,7543.0,15360.0,74.0,41.26,1786256283.280575,collect_g0,collect_records
0,31.0,7883.0,15360.0,76.0,58.43,1786256288.324105,collect_g0,collect_records
0,37.0,7883.0,15360.0,77.0,52.89,1786256293.368236,collect_g0,collect_records
0,38.0,7883.0,15360.0,78.0,62.63,1786256298.4147205,collect_g0,collect_records
0,31.0,7883.0,15360.0,78.0,53.51,1786256303.458578,collect_g0,collect_records
0,37.0,7883.0,15360.0,79.0,53.81,1786256308.4992852,collect_g0,collect_records
0,44.0,8015.0,15360.0,80.0,71.32,1786256313.5462685,collect_g0,collect_records
0,39.0,8213.0,15360.0,78.0,51.25,1786256318.589731,collect_g0,collect_records
0,36.0,8213.0,15360.0,77.0,45.03,1786256323.6371784,collect_g0,collect_records
0,35.0,8213.0,15360.0,76.0,50.17,1786256328.6909251,collect_g0,collect_records
0,38.0,8735.0,15360.0,77.0,69.4,1786256333.7444096,collect_g0,collect_records
0,37.0,8735.0,15360.0,77.0,52.33,1786256338.8173125,collect_g0,collect_records
0,32.0,8735.0,15360.0,76.0,50.59,1786256343.8647199,collect_g0,collect_records
0,28.0,8735.0,15360.0,77.0,58.35,1786256348.9100242,collect_g0,collect_records
0,23.0,8735.0,15360.0,77.0,43.72,1786256353.9567838,collect_g0,collect_records
0,36.0,8735.0,15360.0,77.0,59.79,1786256359.003512,collect_g0,collect_records
0,37.0,8799.0,15360.0,76.0,50.23,1786256364.0508053,collect_g0,collect_records
0,32.0,8799.0,15360.0,76.0,59.76,1786256369.0970938,collect_g0,collect_records
0,28.0,8799.0,15360.0,76.0,47.76,1786256374.1515396,collect_g0,collect_records
0,26.0,8801.0,15360.0,75.0,37.04,1786256379.199423,collect_g0,collect_records
0,40.0,8801.0,15360.0,75.0,49.25,1786256384.2442253,collect_g0,collect_records
0,39.0,8801.0,15360.0,75.0,38.2,1786256389.2936258,collect_g0,collect_records
0,31.0,8801.0,15360.0,74.0,36.39,1786256394.3398144,collect_g0,collect_records
0,33.0,8803.0,15360.0,74.0,38.34,1786256399.3879275,collect_g0,collect_records
0,36.0,8803.0,15360.0,74.0,37.43,1786256404.4335024,collect_g0,collect_records
0,42.0,8805.0,15360.0,75.0,42.66,1786256409.4831767,collect_g0,collect_records
0,27.0,8805.0,15360.0,77.0,57.8,1786256414.5300584,collect_g0,collect_records
0,38.0,8807.0,15360.0,76.0,43.94,1786256419.5761526,collect_g0,collect_records
0,26.0,8809.0,15360.0,76.0,40.32,1786256424.6212652,collect_g0,collect_records
0,42.0,8811.0,15360.0,76.0,40.42,1786256429.667718,collect_g0,collect_records
0,36.0,8811.0,15360.0,76.0,45.3,1786256434.7124279,collect_g0,collect_records
0,35.0,8811.0,15360.0,76.0,40.17,1786256439.7600772,collect_g0,collect_records
0,39.0,8811.0,15360.0,76.0,44.11,1786256444.8046775,collect_g0,collect_records
0,33.0,8811.0,15360.0,77.0,41.62,1786256449.8506799,collect_g0,collect_records
0,34.0,8811.0,15360.0,77.0,42.91,1786256454.8939147,collect_g0,collect_records
0,39.0,8811.0,15360.0,78.0,46.99,1786256459.9400039,collect_g0,collect_records
0,34.0,8811.0,15360.0,78.0,43.99,1786256464.991625,collect_g0,collect_records
0,28.0,8811.0,15360.0,78.0,35.4,1786256470.0424466,collect_g0,collect_records
0,26.0,8811.0,15360.0,79.0,49.41,1786256475.0905101,collect_g0,collect_records
0,48.0,8811.0,15360.0,78.0,45.2,1786256480.1434858,collect_g0,collect_records
0,33.0,8811.0,15360.0,78.0,43.65,1786256485.1889467,collect_g0,collect_records
0,36.0,8811.0,15360.0,78.0,41.72,1786256490.237157,collect_g0,collect_records
0,40.0,8811.0,15360.0,77.0,44.55,1786256495.2863533,collect_g0,collect_records
0,38.0,8811.0,15360.0,78.0,64.61,1786256500.3302937,collect_g0,collect_records
0,36.0,8811.0,15360.0,77.0,42.51,1786256505.382442,collect_g0,collect_records
0,30.0,8811.0,15360.0,77.0,41.62,1786256510.428742,collect_g0,collect_records
0,33.0,8811.0,15360.0,76.0,37.93,1786256515.4739428,collect_g0,collect_records
0,32.0,8811.0,15360.0,76.0,40.39,1786256520.5218997,collect_g0,collect_records
0,37.0,8811.0,15360.0,75.0,42.41,1786256525.5673025,collect_g0,collect_records
0,30.0,8811.0,15360.0,76.0,46.92,1786256530.613249,collect_g0,collect_records
0,36.0,8811.0,15360.0,76.0,43.99,1786256535.6564028,collect_g0,collect_records
0,36.0,8811.0,15360.0,76.0,51.38,1786256540.699799,collect_g0,collect_records
0,31.0,8811.0,15360.0,76.0,43.45,1786256545.7428844,collect_g0,collect_records
0,41.0,8811.0,15360.0,76.0,38.79,1786256550.7867236,collect_g0,collect_records
0,38.0,8811.0,15360.0,77.0,64.44,1786256555.832346,collect_g0,collect_records
0,39.0,8811.0,15360.0,78.0,64.89,1786256560.8702803,collect_g0,collect_records
0,37.0,8811.0,15360.0,79.0,55.67,1786256565.9101632,collect_g0,collect_records
0,37.0,8811.0,15360.0,79.0,52.82,1786256570.950762,collect_g0,collect_records
0,37.0,8811.0,15360.0,81.0,62.08,1786256575.9937959,collect_g0,collect_records
0,43.0,8811.0,15360.0,80.0,52.53,1786256581.034991,collect_g0,collect_records
0,37.0,8811.0,15360.0,79.0,52.5,1786256586.0763857,collect_g0,collect_records
0,45.0,8811.0,15360.0,78.0,53.38,1786256591.1159015,collect_g0,collect_records
0,39.0,8811.0,15360.0,78.0,60.11,1786256596.1555486,collect_g0,collect_records
0,38.0,8811.0,15360.0,78.0,58.97,1786256601.1961753,collect_g0,collect_records
0,34.0,8811.0,15360.0,77.0,56.72,1786256606.234647,collect_g0,collect_records
0,38.0,8811.0,15360.0,75.0,48.75,1786256611.2738168,collect_g0,collect_records
0,35.0,8811.0,15360.0,74.0,40.98,1786256616.3130708,collect_g0,collect_records
0,39.0,8811.0,15360.0,74.0,51.97,1786256621.3530478,collect_g0,collect_records
0,45.0,8811.0,15360.0,74.0,56.66,1786256626.3929014,collect_g0,collect_records
0,45.0,8811.0,15360.0,76.0,70.59,1786256631.4356434,collect_g0,collect_records
0,44.0,8811.0,15360.0,77.0,67.94,1786256636.4745445,collect_g0,collect_records
0,43.0,8811.0,15360.0,77.0,61.12,1786256641.5164232,collect_g0,collect_records
0,44.0,8811.0,15360.0,79.0,62.93,1786256646.5594747,collect_g0,collect_records
0,42.0,8811.0,15360.0,80.0,62.79,1786256651.5997093,collect_g0,collect_records
0,36.0,9075.0,15360.0,80.0,58.83,1786256656.6390634,collect_g0,collect_records
0,42.0,9075.0,15360.0,79.0,72.2,1786256661.6847532,collect_g0,collect_records
0,39.0,9075.0,15360.0,79.0,63.87,1786256666.7233748,collect_g0,collect_records
0,46.0,9075.0,15360.0,78.0,70.97,1786256671.7667067,collect_g0,collect_records
0,52.0,9479.0,15360.0,78.0,62.79,1786256676.808811,collect_g0,collect_records
0,42.0,9479.0,15360.0,76.0,64.52,1786256681.850112,collect_g0,collect_records
0,34.0,9479.0,15360.0,76.0,61.41,1786256686.8889406,collect_g0,collect_records
0,40.0,9479.0,15360.0,76.0,66.32,1786256691.9273825,collect_g0,collect_records
0,40.0,9545.0,15360.0,76.0,66.92,1786256696.9701786,collect_g0,collect_records
0,42.0,9545.0,15360.0,76.0,65.56,1786256702.009411,collect_g0,collect_records
0,50.0,9545.0,15360.0,76.0,68.01,1786256707.0482588,collect_g0,collect_records
0,41.0,9677.0,15360.0,76.0,63.95,1786256712.0898335,collect_g0,collect_records
0,39.0,9677.0,15360.0,76.0,64.4,1786256717.1286266,collect_g0,collect_records
0,37.0,9677.0,15360.0,76.0,56.29,1786256722.1673973,collect_g0,collect_records
0,39.0,9677.0,15360.0,77.0,62.67,1786256727.2091613,collect_g0,collect_records
0,43.0,9677.0,15360.0,77.0,63.95,1786256732.2491071,collect_g0,collect_records
0,49.0,9941.0,15360.0,78.0,68.14,1786256737.291311,collect_g0,collect_records
0,38.0,9941.0,15360.0,78.0,64.61,1786256742.330974,collect_g0,collect_records
0,42.0,9941.0,15360.0,77.0,52.53,1786256747.3700416,collect_g0,collect_records
0,45.0,10139.0,15360.0,78.0,69.36,1786256752.409449,collect_g0,collect_records
0,41.0,10139.0,15360.0,78.0,65.1,1786256757.4487073,collect_g0,collect_records
0,43.0,10139.0,15360.0,77.0,60.81,1786256762.4911382,collect_g0,collect_records
0,43.0,10139.0,15360.0,77.0,61.4,1786256767.5290802,collect_g0,collect_records
0,43.0,10139.0,15360.0,77.0,69.54,1786256772.5711632,collect_g0,collect_records
0,44.0,10275.0,15360.0,77.0,68.92,1786256777.6106431,collect_g0,collect_records
0,40.0,10275.0,15360.0,77.0,62.77,1786256782.650553,collect_g0,collect_records
0,50.0,10411.0,15360.0,77.0,66.68,1786256787.6911244,collect_g0,collect_records
0,44.0,10615.0,15360.0,77.0,66.01,1786256792.7353225,collect_g0,collect_records
0,45.0,10615.0,15360.0,77.0,68.57,1786256797.7799847,collect_g0,collect_records
0,40.0,10615.0,15360.0,77.0,66.61,1786256802.8194346,collect_g0,collect_records
0,50.0,10615.0,15360.0,77.0,70.19,1786256807.8639443,collect_g0,collect_records
0,39.0,10615.0,15360.0,77.0,62.73,1786256812.9025545,collect_g0,collect_records
0,38.0,10615.0,15360.0,77.0,67.0,1786256817.9415858,collect_g0,collect_records
0,37.0,10615.0,15360.0,76.0,59.15,1786256822.9801843,collect_g0,collect_records
0,39.0,10615.0,15360.0,76.0,55.94,1786256828.0201957,collect_g0,collect_records
0,34.0,10615.0,15360.0,76.0,62.44,1786256833.0614526,collect_g0,collect_records
0,29.0,10615.0,15360.0,75.0,51.41,1786256835.1233323,collect_g0,collect_records
1,5.0,3865.0,15360.0,50.0,27.32,1786254400.8291528,collect_g1,collect_records
1,25.0,7381.0,15360.0,52.0,33.61,1786254405.8867004,collect_g1,collect_records
1,33.0,8243.0,15360.0,53.0,43.94,1786254410.941183,collect_g1,collect_records
1,38.0,9035.0,15360.0,54.0,37.63,1786254416.0009916,collect_g1,collect_records
1,38.0,9137.0,15360.0,55.0,38.25,1786254421.0567725,collect_g1,collect_records
1,37.0,9195.0,15360.0,56.0,35.95,1786254426.1160023,collect_g1,collect_records
1,35.0,9305.0,15360.0,57.0,39.6,1786254431.1706069,collect_g1,collect_records
1,41.0,9883.0,15360.0,58.0,50.2,1786254436.2214797,collect_g1,collect_records
1,32.0,10317.0,15360.0,59.0,35.76,1786254441.276215,collect_g1,collect_records
1,41.0,10317.0,15360.0,60.0,45.07,1786254446.331729,collect_g1,collect_records
1,41.0,10511.0,15360.0,61.0,43.89,1786254451.386688,collect_g1,collect_records
1,34.0,10767.0,15360.0,62.0,49.75,1786254456.439824,collect_g1,collect_records
1,33.0,10893.0,15360.0,63.0,45.02,1786254461.4907262,collect_g1,collect_records
1,37.0,10893.0,15360.0,65.0,52.96,1786254466.5389462,collect_g1,collect_records
1,33.0,10895.0,15360.0,65.0,43.2,1786254471.594432,collect_g1,collect_records
1,38.0,10895.0,15360.0,66.0,48.07,1786254476.6389487,collect_g1,collect_records
1,33.0,10895.0,15360.0,67.0,43.6,1786254481.6843753,collect_g1,collect_records
1,41.0,11081.0,15360.0,68.0,42.98,1786254486.7359908,collect_g1,collect_records
1,35.0,11081.0,15360.0,69.0,44.36,1786254491.7801123,collect_g1,collect_records
1,37.0,11621.0,15360.0,71.0,55.57,1786254496.8246667,collect_g1,collect_records
1,31.0,11821.0,15360.0,73.0,63.03,1786254501.8671885,collect_g1,collect_records
1,35.0,12365.0,15360.0,75.0,56.59,1786254506.91457,collect_g1,collect_records
1,36.0,12433.0,15360.0,75.0,58.22,1786254511.9567752,collect_g1,collect_records
1,41.0,12851.0,15360.0,78.0,70.89,1786254516.999797,collect_g1,collect_records
1,38.0,13683.0,15360.0,79.0,63.87,1786254522.0422006,collect_g1,collect_records
1,45.0,5127.0,15360.0,80.0,66.96,1786254527.0906916,collect_g1,collect_records
1,37.0,8483.0,15360.0,81.0,62.81,1786254532.140605,collect_g1,collect_records
1,36.0,8493.0,15360.0,80.0,56.78,1786254537.1887422,collect_g1,collect_records
1,47.0,9011.0,15360.0,80.0,73.78,1786254542.2318406,collect_g1,collect_records
1,30.0,9461.0,15360.0,79.0,58.45,1786254547.2779512,collect_g1,collect_records
1,38.0,9461.0,15360.0,78.0,57.4,1786254552.3248768,collect_g1,collect_records
1,35.0,9461.0,15360.0,77.0,66.2,1786254557.3683922,collect_g1,collect_records
1,37.0,9461.0,15360.0,75.0,54.46,1786254562.4116707,collect_g1,collect_records
1,25.0,9463.0,15360.0,74.0,52.17,1786254567.4558344,collect_g1,collect_records
1,34.0,9473.0,15360.0,72.0,36.23,1786254572.5023952,collect_g1,collect_records
1,24.0,9491.0,15360.0,71.0,39.85,1786254577.5448656,collect_g1,collect_records
1,37.0,9495.0,15360.0,71.0,37.98,1786254582.591048,collect_g1,collect_records
1,40.0,9501.0,15360.0,71.0,38.3,1786254587.6361585,collect_g1,collect_records
1,32.0,9503.0,15360.0,72.0,41.31,1786254592.6818557,collect_g1,collect_records
1,34.0,9509.0,15360.0,73.0,39.85,1786254597.7289057,collect_g1,collect_records
1,34.0,9509.0,15360.0,74.0,39.75,1786254602.7731736,collect_g1,collect_records
1,34.0,9515.0,15360.0,74.0,37.39,1786254607.816353,collect_g1,collect_records
1,35.0,9515.0,15360.0,76.0,58.83,1786254612.8583279,collect_g1,collect_records
1,41.0,9523.0,15360.0,76.0,41.5,1786254617.9041157,collect_g1,collect_records
1,36.0,9523.0,15360.0,76.0,39.19,1786254622.952638,collect_g1,collect_records
1,26.0,9523.0,15360.0,77.0,46.49,1786254627.995683,collect_g1,collect_records
1,40.0,9523.0,15360.0,77.0,48.49,1786254633.0399034,collect_g1,collect_records
1,35.0,9523.0,15360.0,78.0,51.39,1786254638.0853066,collect_g1,collect_records
1,34.0,9523.0,15360.0,78.0,43.64,1786254643.131134,collect_g1,collect_records
1,31.0,9523.0,15360.0,79.0,43.12,1786254648.1723075,collect_g1,collect_records
1,38.0,9525.0,15360.0,78.0,42.24,1786254653.221093,collect_g1,collect_records
1,31.0,9525.0,15360.0,79.0,44.33,1786254658.2668178,collect_g1,collect_records
1,39.0,9525.0,15360.0,78.0,42.53,1786254663.3095248,collect_g1,collect_records
1,35.0,9525.0,15360.0,77.0,43.57,1786254668.349197,collect_g1,collect_records
1,38.0,9525.0,15360.0,76.0,41.03,1786254673.3950775,collect_g1,collect_records
1,34.0,9525.0,15360.0,75.0,38.94,1786254678.4384491,collect_g1,collect_records
1,34.0,9527.0,15360.0,75.0,39.8,1786254683.4814487,collect_g1,collect_records
1,39.0,9527.0,15360.0,76.0,48.95,1786254688.526693,collect_g1,collect_records
1,30.0,9529.0,15360.0,75.0,38.08,1786254693.5691257,collect_g1,collect_records
1,28.0,9529.0,15360.0,76.0,39.31,1786254698.613599,collect_g1,collect_records
1,27.0,9529.0,15360.0,77.0,45.64,1786254703.6540601,collect_g1,collect_records
1,27.0,9529.0,15360.0,77.0,39.97,1786254708.6981304,collect_g1,collect_records
1,38.0,9529.0,15360.0,77.0,44.46,1786254713.7389636,collect_g1,collect_records
1,34.0,9529.0,15360.0,78.0,48.63,1786254718.788971,collect_g1,collect_records
1,36.0,9529.0,15360.0,78.0,40.25,1786254723.831316,collect_g1,collect_records
1,26.0,9529.0,15360.0,79.0,36.4,1786254728.8724744,collect_g1,collect_records
1,25.0,9529.0,15360.0,80.0,52.5,1786254733.9124944,collect_g1,collect_records
1,29.0,9531.0,15360.0,79.0,41.31,1786254738.9584062,collect_g1,collect_records
1,38.0,9531.0,15360.0,78.0,43.54,1786254744.0013747,collect_g1,collect_records
1,36.0,9531.0,15360.0,77.0,45.15,1786254749.0452116,collect_g1,collect_records
1,45.0,9531.0,15360.0,77.0,49.02,1786254754.089586,collect_g1,collect_records
1,35.0,9531.0,15360.0,76.0,41.6,1786254759.1329045,collect_g1,collect_records
1,30.0,9531.0,15360.0,76.0,42.76,1786254764.176804,collect_g1,collect_records
1,37.0,9531.0,15360.0,78.0,60.06,1786254769.2189655,collect_g1,collect_records
1,34.0,9531.0,15360.0,77.0,45.05,1786254774.2631114,collect_g1,collect_records
1,38.0,9531.0,15360.0,78.0,61.2,1786254779.305655,collect_g1,collect_records
1,33.0,9531.0,15360.0,77.0,45.61,1786254784.3515685,collect_g1,collect_records
1,42.0,9531.0,15360.0,77.0,46.94,1786254789.397405,collect_g1,collect_records
1,35.0,9531.0,15360.0,78.0,62.07,1786254794.446283,collect_g1,collect_records
1,37.0,9531.0,15360.0,77.0,53.12,1786254799.4931366,collect_g1,collect_records
1,39.0,9531.0,15360.0,77.0,64.79,1786254804.539192,collect_g1,collect_records
1,30.0,9531.0,15360.0,77.0,53.71,1786254809.5844138,collect_g1,collect_records
1,36.0,9533.0,15360.0,75.0,36.5,1786254814.6299384,collect_g1,collect_records
1,39.0,9533.0,15360.0,74.0,38.79,1786254819.6789088,collect_g1,collect_records
1,36.0,9533.0,15360.0,74.0,40.25,1786254824.7269807,collect_g1,collect_records
1,37.0,9533.0,15360.0,75.0,49.12,1786254829.773181,collect_g1,collect_records
1,34.0,9533.0,15360.0,75.0,40.81,1786254834.817743,collect_g1,collect_records
1,28.0,9533.0,15360.0,76.0,47.17,1786254839.8639858,collect_g1,collect_records
1,27.0,9533.0,15360.0,78.0,59.91,1786254844.9054608,collect_g1,collect_records
1,31.0,9533.0,15360.0,79.0,49.39,1786254849.950545,collect_g1,collect_records
1,46.0,9533.0,15360.0,80.0,59.24,1786254854.9959166,collect_g1,collect_records
1,38.0,9533.0,15360.0,80.0,52.96,1786254860.0472226,collect_g1,collect_records
1,29.0,9533.0,15360.0,78.0,39.44,1786254865.0891302,collect_g1,collect_records
1,36.0,9533.0,15360.0,77.0,43.08,1786254870.1321306,collect_g1,collect_records
1,28.0,9533.0,15360.0,76.0,41.7,1786254875.1774173,collect_g1,collect_records
1,37.0,9533.0,15360.0,76.0,51.22,1786254880.2182207,collect_g1,collect_records
1,34.0,9533.0,15360.0,76.0,45.29,1786254885.2672076,collect_g1,collect_records
1,29.0,9533.0,15360.0,78.0,56.98,1786254890.3093648,collect_g1,collect_records
1,35.0,9533.0,15360.0,79.0,53.51,1786254895.352952,collect_g1,collect_records
1,37.0,9533.0,15360.0,77.0,41.85,1786254900.4002838,collect_g1,collect_records
1,37.0,9533.0,15360.0,76.0,49.94,1786254905.4461355,collect_g1,collect_records
1,38.0,9533.0,15360.0,76.0,50.93,1786254910.491731,collect_g1,collect_records
1,42.0,9533.0,15360.0,76.0,56.16,1786254915.536713,collect_g1,collect_records
1,38.0,9533.0,15360.0,76.0,44.11,1786254920.5840404,collect_g1,collect_records
1,24.0,9533.0,15360.0,77.0,49.31,1786254925.6342745,collect_g1,collect_records
1,38.0,9533.0,15360.0,77.0,51.25,1786254930.6835139,collect_g1,collect_records
1,30.0,9533.0,15360.0,78.0,61.62,1786254935.727011,collect_g1,collect_records
1,44.0,9533.0,15360.0,78.0,53.38,1786254940.7728136,collect_g1,collect_records
1,33.0,9533.0,15360.0,78.0,50.82,1786254945.8170595,collect_g1,collect_records
1,35.0,9533.0,15360.0,77.0,48.79,1786254950.8623247,collect_g1,collect_records
1,31.0,9533.0,15360.0,77.0,45.64,1786254955.906905,collect_g1,collect_records
1,32.0,9533.0,15360.0,77.0,48.9,1786254960.9510024,collect_g1,collect_records
1,35.0,9533.0,15360.0,77.0,51.12,1786254965.995353,collect_g1,collect_records
1,31.0,9533.0,15360.0,76.0,46.86,1786254971.0422933,collect_g1,collect_records
1,29.0,9533.0,15360.0,76.0,53.54,1786254976.085995,collect_g1,collect_records
1,43.0,9533.0,15360.0,75.0,41.43,1786254981.1381733,collect_g1,collect_records
1,29.0,9533.0,15360.0,76.0,45.76,1786254986.181838,collect_g1,collect_records
1,41.0,9533.0,15360.0,76.0,45.39,1786254991.229239,collect_g1,collect_records
1,40.0,9533.0,15360.0,77.0,55.15,1786254996.2728753,collect_g1,collect_records
1,29.0,9533.0,15360.0,78.0,46.96,1786255001.3176003,collect_g1,collect_records
1,34.0,9533.0,15360.0,78.0,50.79,1786255006.3692427,collect_g1,collect_records
1,33.0,9533.0,15360.0,78.0,52.43,1786255011.413568,collect_g1,collect_records
1,35.0,9533.0,15360.0,77.0,42.76,1786255016.460348,collect_g1,collect_records
1,48.0,9533.0,15360.0,77.0,57.37,1786255021.5031211,collect_g1,collect_records
1,39.0,9533.0,15360.0,79.0,64.5,1786255026.548748,collect_g1,collect_records
1,44.0,9533.0,15360.0,80.0,63.34,1786255031.593951,collect_g1,collect_records
1,41.0,9533.0,15360.0,78.0,50.3,1786255036.6402118,collect_g1,collect_records
1,39.0,9533.0,15360.0,78.0,68.74,1786255041.687201,collect_g1,collect_records
1,36.0,9533.0,15360.0,78.0,59.3,1786255046.72905,collect_g1,collect_records
1,43.0,9533.0,15360.0,76.0,43.2,1786255051.7725642,collect_g1,collect_records
1,37.0,9533.0,15360.0,76.0,58.65,1786255056.8194025,collect_g1,collect_records
1,34.0,9533.0,15360.0,75.0,56.33,1786255061.866121,collect_g1,collect_records
1,27.0,9533.0,15360.0,75.0,46.1,1786255066.9136417,collect_g1,collect_records
1,36.0,9533.0,15360.0,74.0,47.77,1786255071.960367,collect_g1,collect_records
1,28.0,9533.0,15360.0,74.0,44.13,1786255077.001842,collect_g1,collect_records
1,41.0,9533.0,15360.0,73.0,43.5,1786255082.047128,collect_g1,collect_records
1,32.0,9533.0,15360.0,74.0,44.28,1786255087.0911937,collect_g1,collect_records
1,36.0,9533.0,15360.0,74.0,36.76,1786255092.1454098,collect_g1,collect_records
1,37.0,9535.0,15360.0,74.0,41.75,1786255097.1952655,collect_g1,collect_records
1,42.0,9535.0,15360.0,75.0,51.09,1786255102.243795,collect_g1,collect_records
1,31.0,9537.0,15360.0,75.0,39.58,1786255107.2963467,collect_g1,collect_records
1,46.0,9537.0,15360.0,76.0,47.51,1786255112.3465977,collect_g1,collect_records
1,38.0,9537.0,15360.0,77.0,39.93,1786255117.3985746,collect_g1,collect_records
1,31.0,9537.0,15360.0,77.0,42.51,1786255122.44196,collect_g1,collect_records
1,40.0,9539.0,15360.0,77.0,39.83,1786255127.4912758,collect_g1,collect_records
1,39.0,9539.0,15360.0,78.0,40.39,1786255132.537719,collect_g1,collect_records
1,39.0,9541.0,15360.0,79.0,51.65,1786255137.5856018,collect_g1,collect_records
1,35.0,9541.0,15360.0,79.0,40.25,1786255142.63665,collect_g1,collect_records
1,40.0,9545.0,15360.0,79.0,46.27,1786255147.68308,collect_g1,collect_records
1,39.0,9545.0,15360.0,78.0,40.27,1786255152.7297876,collect_g1,collect_records
1,38.0,9545.0,15360.0,78.0,39.85,1786255157.775522,collect_g1,collect_records
1,39.0,9545.0,15360.0,79.0,56.82,1786255162.8189511,collect_g1,collect_records
1,32.0,9545.0,15360.0,78.0,45.71,1786255167.862553,collect_g1,collect_records
1,35.0,9545.0,15360.0,77.0,39.31,1786255172.9071658,collect_g1,collect_records
1,33.0,9545.0,15360.0,76.0,42.29,1786255177.9542208,collect_g1,collect_records
1,33.0,9545.0,15360.0,76.0,40.27,1786255182.9991508,collect_g1,collect_records
1,36.0,9545.0,15360.0,76.0,47.25,1786255188.0468407,collect_g1,collect_records
1,37.0,9545.0,15360.0,76.0,42.36,1786255193.0933828,collect_g1,collect_records
1,37.0,9545.0,15360.0,76.0,38.38,1786255198.14054,collect_g1,collect_records
1,35.0,9545.0,15360.0,78.0,56.43,1786255203.183858,collect_g1,collect_records
1,37.0,9545.0,15360.0,78.0,56.59,1786255208.229305,collect_g1,collect_records
1,35.0,9545.0,15360.0,77.0,40.64,1786255213.2761905,collect_g1,collect_records
1,38.0,9545.0,15360.0,77.0,42.85,1786255218.327342,collect_g1,collect_records
1,38.0,9545.0,15360.0,77.0,41.6,1786255223.3738997,collect_g1,collect_records
1,31.0,9545.0,15360.0,76.0,40.52,1786255228.4230652,collect_g1,collect_records
1,38.0,9545.0,15360.0,76.0,41.5,1786255233.468273,collect_g1,collect_records
1,39.0,9545.0,15360.0,76.0,51.25,1786255238.5186188,collect_g1,collect_records
1,42.0,9545.0,15360.0,78.0,51.97,1786255243.560627,collect_g1,collect_records
1,24.0,9545.0,15360.0,80.0,55.44,1786255248.6044085,collect_g1,collect_records
1,43.0,9545.0,15360.0,78.0,45.44,1786255253.651447,collect_g1,collect_records
1,33.0,9545.0,15360.0,78.0,43.81,1786255258.6941369,collect_g1,collect_records
1,40.0,9545.0,15360.0,78.0,59.63,1786255263.7397275,collect_g1,collect_records
1,37.0,9545.0,15360.0,77.0,43.79,1786255268.7974608,collect_g1,collect_records
1,40.0,9545.0,15360.0,77.0,55.67,1786255273.8518977,collect_g1,collect_records
1,35.0,9545.0,15360.0,76.0,45.51,1786255278.9033294,collect_g1,collect_records
1,37.0,9545.0,15360.0,77.0,55.28,1786255283.950246,collect_g1,collect_records
1,27.0,9545.0,15360.0,77.0,47.9,1786255288.9949212,collect_g1,collect_records
1,41.0,9545.0,15360.0,76.0,56.76,1786255294.0408325,collect_g1,collect_records
1,30.0,9545.0,15360.0,75.0,42.07,1786255299.0871952,collect_g1,collect_records
1,35.0,9545.0,15360.0,76.0,44.55,1786255304.1311355,collect_g1,collect_records
1,38.0,9545.0,15360.0,76.0,49.58,1786255309.1743925,collect_g1,collect_records
1,32.0,9545.0,15360.0,76.0,46.49,1786255314.2210329,collect_g1,collect_records
1,39.0,9545.0,15360.0,75.0,43.27,1786255319.2687178,collect_g1,collect_records
1,35.0,9545.0,15360.0,75.0,37.81,1786255324.314974,collect_g1,collect_records
1,38.0,9545.0,15360.0,76.0,43.35,1786255329.3581688,collect_g1,collect_records
1,38.0,9545.0,15360.0,76.0,45.64,1786255334.4093223,collect_g1,collect_records
1,25.0,9545.0,15360.0,77.0,40.57,1786255339.4569652,collect_g1,collect_records
1,38.0,9545.0,15360.0,77.0,38.79,1786255344.5052931,collect_g1,collect_records
1,36.0,9545.0,15360.0,78.0,41.4,1786255349.5551949,collect_g1,collect_records
1,40.0,9545.0,15360.0,80.0,55.74,1786255354.5978763,collect_g1,collect_records
1,33.0,9545.0,15360.0,81.0,52.14,1786255359.6409647,collect_g1,collect_records
1,37.0,9545.0,15360.0,82.0,58.23,1786255364.6843295,collect_g1,collect_records
1,32.0,9545.0,15360.0,82.0,64.75,1786255369.7335184,collect_g1,collect_records
1,31.0,9545.0,15360.0,80.0,56.2,1786255374.779522,collect_g1,collect_records
1,40.0,9545.0,15360.0,77.0,49.49,1786255379.8263893,collect_g1,collect_records
1,31.0,9545.0,15360.0,76.0,52.76,1786255384.8703785,collect_g1,collect_records
1,40.0,9545.0,15360.0,74.0,51.25,1786255389.9152584,collect_g1,collect_records
1,40.0,9545.0,15360.0,75.0,65.14,1786255394.9624882,collect_g1,collect_records
1,42.0,9545.0,15360.0,76.0,64.24,1786255400.012671,collect_g1,collect_records
1,33.0,9545.0,15360.0,76.0,64.12,1786255405.0614855,collect_g1,collect_records
1,38.0,9545.0,15360.0,76.0,59.1,1786255410.1083233,collect_g1,collect_records
1,44.0,9545.0,15360.0,77.0,56.91,1786255415.155338,collect_g1,collect_records
1,32.0,9545.0,15360.0,77.0,62.63,1786255420.2017865,collect_g1,collect_records
1,38.0,9545.0,15360.0,78.0,66.55,1786255425.2505448,collect_g1,collect_records
1,36.0,9545.0,15360.0,78.0,68.31,1786255430.2973914,collect_g1,collect_records
1,43.0,9545.0,15360.0,78.0,69.72,1786255435.3450856,collect_g1,collect_records
1,35.0,9545.0,15360.0,78.0,65.93,1786255440.3887506,collect_g1,collect_records
1,33.0,9545.0,15360.0,78.0,56.46,1786255445.4335682,collect_g1,collect_records
1,39.0,9545.0,15360.0,78.0,57.96,1786255450.479913,collect_g1,collect_records
1,42.0,9545.0,15360.0,78.0,61.34,1786255455.5224295,collect_g1,collect_records
1,43.0,9545.0,15360.0,77.0,66.28,1786255460.5701437,collect_g1,collect_records
1,42.0,9685.0,15360.0,77.0,68.67,1786255465.6136725,collect_g1,collect_records
1,47.0,9685.0,15360.0,77.0,66.24,1786255470.6620922,collect_g1,collect_records
1,50.0,9685.0,15360.0,76.0,65.1,1786255475.7063015,collect_g1,collect_records
1,49.0,9685.0,15360.0,76.0,66.86,1786255480.7537203,collect_g1,collect_records
1,38.0,9685.0,15360.0,76.0,61.85,1786255485.80087,collect_g1,collect_records
1,40.0,9685.0,15360.0,76.0,65.16,1786255490.8508568,collect_g1,collect_records
1,35.0,9685.0,15360.0,76.0,66.18,1786255495.9006078,collect_g1,collect_records
1,38.0,9685.0,15360.0,76.0,59.99,1786255500.951936,collect_g1,collect_records
1,36.0,9685.0,15360.0,74.0,44.48,1786255505.998891,collect_g1,collect_records
1,31.0,9685.0,15360.0,74.0,44.61,1786255511.047238,collect_g1,collect_records
1,41.0,9685.0,15360.0,75.0,64.55,1786255516.0894752,collect_g1,collect_records
1,42.0,9685.0,15360.0,75.0,61.38,1786255521.1381478,collect_g1,collect_records
1,48.0,9685.0,15360.0,77.0,59.08,1786255526.1846445,collect_g1,collect_records
1,41.0,9685.0,15360.0,79.0,68.53,1786255531.2369447,collect_g1,collect_records
1,43.0,9685.0,15360.0,80.0,66.92,1786255536.2879515,collect_g1,collect_records
1,37.0,9685.0,15360.0,81.0,68.08,1786255541.3360937,collect_g1,collect_records
1,43.0,9685.0,15360.0,80.0,66.84,1786255546.3842483,collect_g1,collect_records
1,39.0,9685.0,15360.0,79.0,67.31,1786255551.433143,collect_g1,collect_records
1,42.0,9685.0,15360.0,78.0,68.15,1786255556.489515,collect_g1,collect_records
1,40.0,9685.0,15360.0,78.0,67.19,1786255561.5377672,collect_g1,collect_records
1,36.0,9685.0,15360.0,77.0,55.9,1786255566.5872896,collect_g1,collect_records
1,32.0,9685.0,15360.0,74.0,40.84,1786255571.6382554,collect_g1,collect_records
1,36.0,9685.0,15360.0,72.0,43.42,1786255576.6864848,collect_g1,collect_records
1,40.0,9685.0,15360.0,71.0,48.33,1786255581.7411876,collect_g1,collect_records
1,36.0,9685.0,15360.0,71.0,48.66,1786255586.787214,collect_g1,collect_records
1,28.0,9685.0,15360.0,71.0,38.94,1786255591.8323295,collect_g1,collect_records
1,41.0,9685.0,15360.0,73.0,53.68,1786255596.876173,collect_g1,collect_records
1,35.0,9685.0,15360.0,73.0,37.43,1786255601.9258702,collect_g1,collect_records
1,38.0,9685.0,15360.0,74.0,39.06,1786255606.9726694,collect_g1,collect_records
1,32.0,9685.0,15360.0,75.0,42.64,1786255612.0166297,collect_g1,collect_records
1,42.0,9685.0,15360.0,75.0,49.25,1786255617.0642629,collect_g1,collect_records
1,36.0,9685.0,15360.0,76.0,54.0,1786255622.1086318,collect_g1,collect_records
1,32.0,9685.0,15360.0,76.0,40.22,1786255627.1564565,collect_g1,collect_records
1,32.0,9685.0,15360.0,77.0,48.9,1786255632.2005653,collect_g1,collect_records
1,31.0,9685.0,15360.0,77.0,43.81,1786255637.2460887,collect_g1,collect_records
1,34.0,9685.0,15360.0,77.0,42.71,1786255642.2912176,collect_g1,collect_records
1,42.0,9685.0,15360.0,78.0,42.93,1786255647.3353117,collect_g1,collect_records
1,40.0,9685.0,15360.0,78.0,44.16,1786255652.3842335,collect_g1,collect_records
1,31.0,9685.0,15360.0,79.0,53.54,1786255657.4275818,collect_g1,collect_records
1,39.0,9685.0,15360.0,79.0,45.74,1786255662.4731336,collect_g1,collect_records
1,46.0,9685.0,15360.0,79.0,42.95,1786255667.5173833,collect_g1,collect_records
1,35.0,9685.0,15360.0,78.0,45.49,1786255672.5648243,collect_g1,collect_records
1,26.0,9685.0,15360.0,77.0,38.62,1786255677.6095028,collect_g1,collect_records
1,42.0,9685.0,15360.0,77.0,56.75,1786255682.6562438,collect_g1,collect_records
1,42.0,9685.0,15360.0,78.0,62.2,1786255687.7003522,collect_g1,collect_records
1,34.0,9685.0,15360.0,77.0,49.25,1786255692.755069,collect_g1,collect_records
1,42.0,9685.0,15360.0,76.0,46.1,1786255697.8004367,collect_g1,collect_records
1,38.0,9685.0,15360.0,76.0,45.31,1786255702.844181,collect_g1,collect_records
1,32.0,9685.0,15360.0,76.0,55.71,1786255707.887736,collect_g1,collect_records
1,40.0,9685.0,15360.0,75.0,51.02,1786255712.9359136,collect_g1,collect_records
1,37.0,9687.0,15360.0,76.0,58.26,1786255717.9803221,collect_g1,collect_records
1,38.0,9687.0,15360.0,76.0,50.13,1786255723.0337386,collect_g1,collect_records
1,40.0,9687.0,15360.0,77.0,46.42,1786255728.090139,collect_g1,collect_records
1,37.0,9687.0,15360.0,78.0,57.67,1786255733.1337395,collect_g1,collect_records
1,41.0,9687.0,15360.0,78.0,48.33,1786255738.178972,collect_g1,collect_records
1,24.0,9687.0,15360.0,78.0,49.32,1786255743.2251313,collect_g1,collect_records
1,41.0,9687.0,15360.0,77.0,53.25,1786255748.2717524,collect_g1,collect_records
1,42.0,9687.0,15360.0,78.0,66.32,1786255753.3236916,collect_g1,collect_records
1,33.0,9687.0,15360.0,80.0,60.34,1786255758.3784401,collect_g1,collect_records
1,36.0,9687.0,15360.0,79.0,45.07,1786255763.421621,collect_g1,collect_records
1,33.0,9687.0,15360.0,78.0,46.99,1786255768.4652255,collect_g1,collect_records
1,38.0,9687.0,15360.0,77.0,52.53,1786255773.5091047,collect_g1,collect_records
1,53.0,9909.0,15360.0,78.0,65.63,1786255778.5528824,collect_g1,collect_records
1,34.0,9909.0,15360.0,76.0,43.91,1786255783.6036615,collect_g1,collect_records
1,41.0,9909.0,15360.0,75.0,44.04,1786255788.649237,collect_g1,collect_records
1,41.0,9909.0,15360.0,74.0,45.31,1786255793.6941383,collect_g1,collect_records
1,31.0,9909.0,15360.0,75.0,57.69,1786255798.742347,collect_g1,collect_records
1,35.0,9909.0,15360.0,76.0,53.51,1786255803.7874234,collect_g1,collect_records
1,34.0,9909.0,15360.0,77.0,55.51,1786255808.832212,collect_g1,collect_records
1,35.0,9909.0,15360.0,77.0,45.61,1786255813.8779302,collect_g1,collect_records
1,37.0,9909.0,15360.0,77.0,50.96,1786255818.9224775,collect_g1,collect_records
1,40.0,9909.0,15360.0,78.0,60.24,1786255823.9715085,collect_g1,collect_records
1,36.0,9909.0,15360.0,77.0,40.12,1786255829.022162,collect_g1,collect_records
1,34.0,9909.0,15360.0,76.0,43.69,1786255834.0705345,collect_g1,collect_records
1,34.0,9909.0,15360.0,78.0,63.56,1786255839.113443,collect_g1,collect_records
1,39.0,9909.0,15360.0,77.0,47.65,1786255844.1586237,collect_g1,collect_records
1,37.0,9909.0,15360.0,76.0,39.48,1786255849.205185,collect_g1,collect_records
1,37.0,9909.0,15360.0,77.0,49.84,1786255854.2496123,collect_g1,collect_records
1,29.0,9909.0,15360.0,77.0,43.57,1786255859.2965727,collect_g1,collect_records
1,39.0,9911.0,15360.0,77.0,43.37,1786255864.3416202,collect_g1,collect_records
1,29.0,9911.0,15360.0,77.0,46.37,1786255869.385664,collect_g1,collect_records
1,40.0,9911.0,15360.0,76.0,43.64,1786255874.430457,collect_g1,collect_records
1,35.0,9911.0,15360.0,77.0,54.46,1786255879.477082,collect_g1,collect_records
1,32.0,9911.0,15360.0,78.0,47.98,1786255884.5195394,collect_g1,collect_records
1,36.0,9911.0,15360.0,79.0,62.93,1786255889.5672204,collect_g1,collect_records
1,43.0,9911.0,15360.0,80.0,62.67,1786255894.6091766,collect_g1,collect_records
1,48.0,9911.0,15360.0,80.0,66.24,1786255899.6617775,collect_g1,collect_records
1,38.0,9911.0,15360.0,79.0,65.69,1786255904.707257,collect_g1,collect_records
1,38.0,9911.0,15360.0,79.0,68.72,1786255909.7511847,collect_g1,collect_records
1,44.0,9911.0,15360.0,79.0,64.55,1786255914.796766,collect_g1,collect_records
1,35.0,9911.0,15360.0,78.0,63.87,1786255919.8439145,collect_g1,collect_records
1,41.0,9911.0,15360.0,77.0,64.95,1786255924.8884616,collect_g1,collect_records
1,34.0,9911.0,15360.0,76.0,50.35,1786255929.9347901,collect_g1,collect_records
1,44.0,9911.0,15360.0,75.0,68.74,1786255934.978933,collect_g1,collect_records
1,43.0,9911.0,15360.0,75.0,69.61,1786255940.0252268,collect_g1,collect_records
1,36.0,9911.0,15360.0,75.0,48.9,1786255945.0682852,collect_g1,collect_records
1,44.0,9911.0,15360.0,75.0,62.81,1786255950.1112816,collect_g1,collect_records
1,34.0,9911.0,15360.0,75.0,66.4,1786255955.1556969,collect_g1,collect_records
1,42.0,9911.0,15360.0,76.0,62.52,1786255960.198926,collect_g1,collect_records
1,41.0,9911.0,15360.0,75.0,51.05,1786255965.2439904,collect_g1,collect_records
1,36.0,9911.0,15360.0,76.0,53.09,1786255970.2882197,collect_g1,collect_records
1,38.0,9911.0,15360.0,77.0,60.18,1786255975.3341103,collect_g1,collect_records
1,36.0,9911.0,15360.0,76.0,48.39,1786255980.380396,collect_g1,collect_records
1,27.0,9911.0,15360.0,77.0,51.22,1786255985.423176,collect_g1,collect_records
1,33.0,9911.0,15360.0,78.0,61.0,1786255990.4685109,collect_g1,collect_records
1,35.0,9911.0,15360.0,77.0,40.57,1786255995.5151713,collect_g1,collect_records
1,39.0,9911.0,15360.0,77.0,52.56,1786256000.559195,collect_g1,collect_records
1,38.0,9911.0,15360.0,76.0,44.46,1786256005.605099,collect_g1,collect_records
1,38.0,9911.0,15360.0,77.0,68.38,1786256010.6521184,collect_g1,collect_records
1,39.0,9911.0,15360.0,77.0,49.02,1786256015.6980834,collect_g1,collect_records
1,40.0,9911.0,15360.0,78.0,53.38,1786256020.7420712,collect_g1,collect_records
1,36.0,9911.0,15360.0,79.0,59.01,1786256025.7885375,collect_g1,collect_records
1,28.0,9911.0,15360.0,78.0,44.65,1786256030.836756,collect_g1,collect_records
1,41.0,9911.0,15360.0,79.0,62.67,1786256035.8862236,collect_g1,collect_records
1,35.0,9911.0,15360.0,79.0,62.4,1786256040.9351614,collect_g1,collect_records
1,38.0,9911.0,15360.0,78.0,60.93,1786256045.9777467,collect_g1,collect_records
1,36.0,9911.0,15360.0,78.0,67.21,1786256051.0202456,collect_g1,collect_records
1,36.0,9911.0,15360.0,78.0,65.55,1786256056.0638514,collect_g1,collect_records
1,37.0,9911.0,15360.0,78.0,61.93,1786256061.1068656,collect_g1,collect_records
1,35.0,9911.0,15360.0,77.0,62.69,1786256066.1519191,collect_g1,collect_records
1,37.0,9911.0,15360.0,74.0,40.76,1786256071.195198,collect_g1,collect_records
1,31.0,9911.0,15360.0,73.0,40.25,1786256076.2407925,collect_g1,collect_records
1,55.0,9911.0,15360.0,72.0,47.9,1786256081.2886646,collect_g1,collect_records
1,39.0,9911.0,15360.0,72.0,43.0,1786256086.337447,collect_g1,collect_records
1,37.0,9911.0,15360.0,72.0,37.04,1786256091.3897614,collect_g1,collect_records
1,33.0,9911.0,15360.0,73.0,43.37,1786256096.4352474,collect_g1,collect_records
1,35.0,9911.0,15360.0,73.0,36.55,1786256101.4956098,collect_g1,collect_records
1,34.0,9911.0,15360.0,74.0,40.84,1786256106.5480812,collect_g1,collect_records
1,38.0,9911.0,15360.0,75.0,39.66,1786256111.5945456,collect_g1,collect_records
1,38.0,9911.0,15360.0,76.0,50.04,1786256116.641413,collect_g1,collect_records
1,22.0,9911.0,15360.0,77.0,52.83,1786256121.685074,collect_g1,collect_records
1,37.0,9911.0,15360.0,77.0,47.08,1786256126.7327552,collect_g1,collect_records
1,37.0,9911.0,15360.0,76.0,39.88,1786256131.7796128,collect_g1,collect_records
1,36.0,9911.0,15360.0,77.0,40.76,1786256136.8259218,collect_g1,collect_records
1,38.0,9911.0,15360.0,78.0,46.89,1786256141.8751924,collect_g1,collect_records
1,37.0,9911.0,15360.0,78.0,45.71,1786256146.9283597,collect_g1,collect_records
1,31.0,9913.0,15360.0,78.0,42.49,1786256151.9754605,collect_g1,collect_records
1,40.0,9913.0,15360.0,79.0,46.07,1786256157.0252812,collect_g1,collect_records
1,33.0,9913.0,15360.0,80.0,53.48,1786256162.0794494,collect_g1,collect_records
1,39.0,9913.0,15360.0,79.0,42.14,1786256167.1379366,collect_g1,collect_records
1,34.0,9913.0,15360.0,78.0,46.4,1786256172.1889474,collect_g1,collect_records
1,40.0,9913.0,15360.0,78.0,52.76,1786256177.2446306,collect_g1,collect_records
1,46.0,9913.0,15360.0,77.0,44.95,1786256182.2995987,collect_g1,collect_records
1,27.0,9913.0,15360.0,77.0,52.08,1786256187.3541207,collect_g1,collect_records
1,36.0,9913.0,15360.0,77.0,54.69,1786256192.403713,collect_g1,collect_records
1,38.0,9913.0,15360.0,77.0,56.29,1786256197.4539425,collect_g1,collect_records
1,20.0,9913.0,15360.0,76.0,37.73,1786256202.510809,collect_g1,collect_records
1,32.0,9913.0,15360.0,75.0,38.52,1786256207.5651665,collect_g1,collect_records
1,39.0,9913.0,15360.0,76.0,45.44,1786256212.6138344,collect_g1,collect_records
1,36.0,9913.0,15360.0,78.0,60.16,1786256217.6607852,collect_g1,collect_records
1,35.0,9913.0,15360.0,77.0,45.05,1786256222.7132487,collect_g1,collect_records
1,30.0,9913.0,15360.0,77.0,46.37,1786256227.7574499,collect_g1,collect_records
1,35.0,9913.0,15360.0,76.0,39.97,1786256232.8028798,collect_g1,collect_records
1,39.0,9913.0,15360.0,77.0,49.02,1786256237.8472152,collect_g1,collect_records
1,39.0,9913.0,15360.0,78.0,61.85,1786256242.890369,collect_g1,collect_records
1,39.0,9913.0,15360.0,77.0,50.2,1786256247.936266,collect_g1,collect_records
1,33.0,9913.0,15360.0,77.0,51.35,1786256252.9837961,collect_g1,collect_records
1,27.0,9913.0,15360.0,77.0,44.31,1786256258.0272691,collect_g1,collect_records
1,39.0,9913.0,15360.0,76.0,45.31,1786256263.0721624,collect_g1,collect_records
1,42.0,9913.0,15360.0,76.0,50.17,1786256268.1194816,collect_g1,collect_records
1,36.0,9913.0,15360.0,77.0,53.84,1786256273.1623056,collect_g1,collect_records
1,37.0,9913.0,15360.0,78.0,55.47,1786256278.208748,collect_g1,collect_records
1,35.0,9913.0,15360.0,78.0,48.13,1786256283.2582896,collect_g1,collect_records
1,32.0,9913.0,15360.0,77.0,46.79,1786256288.3023055,collect_g1,collect_records
1,44.0,9913.0,15360.0,76.0,50.93,1786256293.347236,collect_g1,collect_records
1,38.0,9913.0,15360.0,76.0,41.33,1786256298.3914747,collect_g1,collect_records
1,34.0,9913.0,15360.0,76.0,43.67,1786256303.4381788,collect_g1,collect_records
1,37.0,9913.0,15360.0,78.0,55.97,1786256308.486326,collect_g1,collect_records
1,39.0,9913.0,15360.0,77.0,46.2,1786256313.531095,collect_g1,collect_records
1,39.0,9913.0,15360.0,77.0,46.3,1786256318.5744238,collect_g1,collect_records
1,31.0,9913.0,15360.0,77.0,44.85,1786256323.6283298,collect_g1,collect_records
1,34.0,9913.0,15360.0,77.0,46.05,1786256328.6789372,collect_g1,collect_records
1,41.0,9913.0,15360.0,76.0,39.78,1786256333.7363884,collect_g1,collect_records
1,33.0,9913.0,15360.0,76.0,41.62,1786256338.804607,collect_g1,collect_records
1,39.0,9913.0,15360.0,78.0,69.17,1786256343.8477318,collect_g1,collect_records
1,25.0,9913.0,15360.0,78.0,41.4,1786256348.8941975,collect_g1,collect_records
1,32.0,9913.0,15360.0,79.0,52.27,1786256353.9442098,collect_g1,collect_records
1,29.0,9913.0,15360.0,79.0,66.31,1786256358.9886131,collect_g1,collect_records
1,34.0,9913.0,15360.0,79.0,56.06,1786256364.0369859,collect_g1,collect_records
1,21.0,9913.0,15360.0,77.0,44.78,1786256369.0892005,collect_g1,collect_records
1,33.0,9913.0,15360.0,77.0,50.63,1786256374.1380982,collect_g1,collect_records
1,34.0,9913.0,15360.0,78.0,59.07,1786256379.1809263,collect_g1,collect_records
1,44.0,9913.0,15360.0,78.0,66.82,1786256384.2316997,collect_g1,collect_records
1,40.0,9913.0,15360.0,77.0,54.4,1786256389.2781105,collect_g1,collect_records
1,34.0,9913.0,15360.0,77.0,68.36,1786256394.324063,collect_g1,collect_records
1,34.0,9913.0,15360.0,77.0,65.59,1786256399.3741684,collect_g1,collect_records
1,37.0,9913.0,15360.0,78.0,64.67,1786256404.417645,collect_g1,collect_records
1,43.0,9913.0,15360.0,78.0,59.2,1786256409.4651084,collect_g1,collect_records
1,37.0,9913.0,15360.0,78.0,68.0,1786256414.5101857,collect_g1,collect_records
1,44.0,9913.0,15360.0,77.0,65.89,1786256419.556561,collect_g1,collect_records
1,44.0,9913.0,15360.0,77.0,64.03,1786256424.6029103,collect_g1,collect_records
1,42.0,9913.0,15360.0,77.0,62.83,1786256429.652194,collect_g1,collect_records
1,40.0,9913.0,15360.0,77.0,64.24,1786256434.6944537,collect_g1,collect_records
1,39.0,9913.0,15360.0,76.0,67.35,1786256439.7403061,collect_g1,collect_records
1,39.0,9913.0,15360.0,76.0,61.91,1786256444.786513,collect_g1,collect_records
1,47.0,9913.0,15360.0,77.0,60.41,1786256449.8302855,collect_g1,collect_records
1,35.0,9913.0,15360.0,76.0,57.76,1786256454.8790805,collect_g1,collect_records
1,42.0,9913.0,15360.0,75.0,47.42,1786256459.9321282,collect_g1,collect_records
1,37.0,9913.0,15360.0,75.0,62.97,1786256464.9779208,collect_g1,collect_records
1,39.0,9913.0,15360.0,74.0,52.07,1786256470.0254083,collect_g1,collect_records
1,34.0,9913.0,15360.0,74.0,45.24,1786256475.0768342,collect_g1,collect_records
1,41.0,9915.0,15360.0,73.0,44.09,1786256480.1257365,collect_g1,collect_records
1,32.0,9915.0,15360.0,74.0,48.17,1786256485.1688628,collect_g1,collect_records
1,42.0,9915.0,15360.0,75.0,48.99,1786256490.2166355,collect_g1,collect_records
1,38.0,9915.0,15360.0,76.0,43.57,1786256495.2648957,collect_g1,collect_records
1,36.0,9915.0,15360.0,77.0,55.64,1786256500.3082037,collect_g1,collect_records
1,38.0,9915.0,15360.0,78.0,56.76,1786256505.3592596,collect_g1,collect_records
1,36.0,9915.0,15360.0,81.0,68.0,1786256510.407256,collect_g1,collect_records
1,43.0,9915.0,15360.0,82.0,64.3,1786256515.4560404,collect_g1,collect_records
1,45.0,9915.0,15360.0,83.0,68.1,1786256520.5002027,collect_g1,collect_records
1,38.0,9915.0,15360.0,82.0,66.98,1786256525.5428848,collect_g1,collect_records
1,39.0,9915.0,15360.0,80.0,68.88,1786256530.590724,collect_g1,collect_records
1,37.0,9915.0,15360.0,79.0,70.99,1786256535.632934,collect_g1,collect_records
1,42.0,9915.0,15360.0,77.0,58.59,1786256540.6794672,collect_g1,collect_records
1,34.0,9915.0,15360.0,76.0,71.02,1786256545.728138,collect_g1,collect_records
1,34.0,9915.0,15360.0,75.0,64.32,1786256550.770615,collect_g1,collect_records
1,32.0,9915.0,15360.0,74.0,64.55,1786256555.8144088,collect_g1,collect_records
1,38.0,9915.0,15360.0,74.0,47.08,1786256559.9434342,collect_g1,collect_records
0,0.0,10615.0,15360.0,71.0,30.1,1786256845.8188634,train_autoencoder_g0,train_autoencoder
0,38.0,10687.0,15360.0,71.0,32.66,1786256850.8643005,train_autoencoder_g0,train_autoencoder
0,38.0,10687.0,15360.0,71.0,32.16,1786256855.910513,train_autoencoder_g0,train_autoencoder
0,36.0,10687.0,15360.0,71.0,33.13,1786256860.9534628,train_autoencoder_g0,train_autoencoder
0,36.0,10687.0,15360.0,72.0,33.63,1786256865.9965975,train_autoencoder_g0,train_autoencoder
0,37.0,10687.0,15360.0,72.0,32.56,1786256871.0410883,train_autoencoder_g0,train_autoencoder
0,41.0,10687.0,15360.0,72.0,33.72,1786256876.0845785,train_autoencoder_g0,train_autoencoder
0,40.0,10687.0,15360.0,72.0,34.12,1786256881.1251342,train_autoencoder_g0,train_autoencoder
0,39.0,10689.0,15360.0,72.0,34.93,1786256886.1662464,train_autoencoder_g0,train_autoencoder
0,38.0,10689.0,15360.0,73.0,32.76,1786256891.210287,train_autoencoder_g0,train_autoencoder
0,39.0,10689.0,15360.0,73.0,34.12,1786256896.2517993,train_autoencoder_g0,train_autoencoder
0,38.0,10689.0,15360.0,73.0,33.94,1786256901.2952263,train_autoencoder_g0,train_autoencoder
0,31.0,10689.0,15360.0,73.0,33.05,1786256906.3359928,train_autoencoder_g0,train_autoencoder
0,38.0,10689.0,15360.0,74.0,34.91,1786256911.3795688,train_autoencoder_g0,train_autoencoder
0,39.0,10689.0,15360.0,74.0,33.82,1786256916.420228,train_autoencoder_g0,train_autoencoder
0,39.0,10689.0,15360.0,74.0,35.01,1786256921.4645555,train_autoencoder_g0,train_autoencoder
0,40.0,10689.0,15360.0,74.0,34.42,1786256926.5053496,train_autoencoder_g0,train_autoencoder
0,39.0,10689.0,15360.0,74.0,34.42,1786256931.5473065,train_autoencoder_g0,train_autoencoder
0,40.0,10689.0,15360.0,75.0,33.43,1786256936.5900807,train_autoencoder_g0,train_autoencoder
0,38.0,10689.0,15360.0,75.0,34.02,1786256941.6307452,train_autoencoder_g0,train_autoencoder
0,39.0,10689.0,15360.0,75.0,33.82,1786256946.6716366,train_autoencoder_g0,train_autoencoder
0,38.0,10689.0,15360.0,75.0,34.22,1786256951.7122166,train_autoencoder_g0,train_autoencoder
0,39.0,10689.0,15360.0,75.0,33.92,1786256956.7531474,train_autoencoder_g0,train_autoencoder
0,35.0,10689.0,15360.0,76.0,35.01,1786256961.7933931,train_autoencoder_g0,train_autoencoder
0,38.0,10689.0,15360.0,76.0,33.82,1786256966.8349035,train_autoencoder_g0,train_autoencoder
0,40.0,10689.0,15360.0,76.0,34.53,1786256971.8758645,train_autoencoder_g0,train_autoencoder
0,39.0,10689.0,15360.0,76.0,35.21,1786256976.9205356,train_autoencoder_g0,train_autoencoder
0,39.0,10689.0,15360.0,76.0,35.38,1786256981.962348,train_autoencoder_g0,train_autoencoder
0,39.0,10689.0,15360.0,76.0,35.11,1786256987.0033488,train_autoencoder_g0,train_autoencoder
0,31.0,10689.0,15360.0,77.0,33.92,1786256992.0437646,train_autoencoder_g0,train_autoencoder
0,40.0,10689.0,15360.0,77.0,35.6,1786256997.0843034,train_autoencoder_g0,train_autoencoder
0,38.0,10689.0,15360.0,77.0,35.01,1786257002.126004,train_autoencoder_g0,train_autoencoder
0,38.0,10689.0,15360.0,77.0,34.22,1786257007.1675756,train_autoencoder_g0,train_autoencoder
0,39.0,10689.0,15360.0,77.0,34.22,1786257012.208792,train_autoencoder_g0,train_autoencoder
0,38.0,10689.0,15360.0,77.0,34.32,1786257017.2501044,train_autoencoder_g0,train_autoencoder
0,39.0,10689.0,15360.0,77.0,34.81,1786257022.2909849,train_autoencoder_g0,train_autoencoder
0,39.0,10689.0,15360.0,78.0,34.81,1786257027.331429,train_autoencoder_g0,train_autoencoder
0,39.0,10689.0,15360.0,78.0,33.63,1786257032.3755689,train_autoencoder_g0,train_autoencoder
0,39.0,10689.0,15360.0,78.0,35.3,1786257037.4188092,train_autoencoder_g0,train_autoencoder
0,38.0,10689.0,15360.0,77.0,34.51,1786257042.4629295,train_autoencoder_g0,train_autoencoder
0,39.0,10689.0,15360.0,77.0,34.42,1786257047.5039477,train_autoencoder_g0,train_autoencoder
0,35.0,10689.0,15360.0,77.0,34.89,1786257052.547212,train_autoencoder_g0,train_autoencoder
0,39.0,10689.0,15360.0,77.0,35.19,1786257057.588666,train_autoencoder_g0,train_autoencoder
0,39.0,10689.0,15360.0,77.0,35.21,1786257062.629996,train_autoencoder_g0,train_autoencoder
0,39.0,10689.0,15360.0,77.0,34.02,1786257067.6709714,train_autoencoder_g0,train_autoencoder
0,37.0,10689.0,15360.0,76.0,33.92,1786257072.714574,train_autoencoder_g0,train_autoencoder
0,31.0,10689.0,15360.0,76.0,33.92,1786257077.755414,train_autoencoder_g0,train_autoencoder
0,39.0,10689.0,15360.0,76.0,34.71,1786257082.7972832,train_autoencoder_g0,train_autoencoder
0,37.0,10689.0,15360.0,76.0,34.22,1786257087.8391533,train_autoencoder_g0,train_autoencoder
0,39.0,10689.0,15360.0,77.0,34.32,1786257092.883636,train_autoencoder_g0,train_autoencoder
0,39.0,10689.0,15360.0,77.0,35.7,1786257097.9279068,train_autoencoder_g0,train_autoencoder
0,40.0,10689.0,15360.0,77.0,34.4,1786257102.972119,train_autoencoder_g0,train_autoencoder
0,39.0,10689.0,15360.0,77.0,35.09,1786257108.0169652,train_autoencoder_g0,train_autoencoder
0,39.0,10689.0,15360.0,77.0,34.89,1786257113.0602088,train_autoencoder_g0,train_autoencoder
0,39.0,10689.0,15360.0,78.0,33.53,1786257118.1055434,train_autoencoder_g0,train_autoencoder
0,38.0,10689.0,15360.0,78.0,35.48,1786257123.1468604,train_autoencoder_g0,train_autoencoder
0,39.0,10689.0,15360.0,78.0,35.5,1786257128.1882625,train_autoencoder_g0,train_autoencoder
0,40.0,10689.0,15360.0,78.0,34.71,1786257133.232047,train_autoencoder_g0,train_autoencoder
0,40.0,10689.0,15360.0,77.0,34.12,1786257138.2745523,train_autoencoder_g0,train_autoencoder
0,38.0,10689.0,15360.0,77.0,35.3,1786257143.3167577,train_autoencoder_g0,train_autoencoder
0,38.0,10689.0,15360.0,77.0,34.61,1786257148.3598437,train_autoencoder_g0,train_autoencoder
0,38.0,10689.0,15360.0,77.0,33.72,1786257153.4052155,train_autoencoder_g0,train_autoencoder
0,38.0,10689.0,15360.0,77.0,35.58,1786257158.45305,train_autoencoder_g0,train_autoencoder
0,31.0,10689.0,15360.0,77.0,33.23,1786257163.493663,train_autoencoder_g0,train_autoencoder
0,38.0,10689.0,15360.0,76.0,34.69,1786257168.534861,train_autoencoder_g0,train_autoencoder
0,39.0,10689.0,15360.0,76.0,34.69,1786257173.5778074,train_autoencoder_g0,train_autoencoder
0,37.0,10689.0,15360.0,76.0,34.22,1786257178.6221313,train_autoencoder_g0,train_autoencoder
0,39.0,10689.0,15360.0,77.0,34.42,1786257183.6638188,train_autoencoder_g0,train_autoencoder
0,39.0,10689.0,15360.0,77.0,34.42,1786257188.7065847,train_autoencoder_g0,train_autoencoder
0,39.0,10689.0,15360.0,77.0,34.69,1786257193.7497609,train_autoencoder_g0,train_autoencoder
0,38.0,10689.0,15360.0,77.0,33.82,1786257198.7952273,train_autoencoder_g0,train_autoencoder
0,39.0,10689.0,15360.0,78.0,35.28,1786257203.836162,train_autoencoder_g0,train_autoencoder
0,32.0,10689.0,15360.0,78.0,34.79,1786257208.877509,train_autoencoder_g0,train_autoencoder
0,39.0,10689.0,15360.0,78.0,34.22,1786257213.918226,train_autoencoder_g0,train_autoencoder
0,32.0,10689.0,15360.0,78.0,34.69,1786257218.9613404,train_autoencoder_g0,train_autoencoder
0,40.0,10689.0,15360.0,77.0,34.59,1786257224.0062897,train_autoencoder_g0,train_autoencoder
0,36.0,10689.0,15360.0,77.0,35.3,1786257229.050198,train_autoencoder_g0,train_autoencoder
0,39.0,10689.0,15360.0,77.0,34.61,1786257234.0910695,train_autoencoder_g0,train_autoencoder
0,38.0,10689.0,15360.0,77.0,35.88,1786257239.134736,train_autoencoder_g0,train_autoencoder
0,37.0,10689.0,15360.0,77.0,32.84,1786257244.1787534,train_autoencoder_g0,train_autoencoder
0,30.0,10689.0,15360.0,77.0,33.92,1786257249.2220106,train_autoencoder_g0,train_autoencoder
0,40.0,10689.0,15360.0,77.0,35.68,1786257254.2629845,train_autoencoder_g0,train_autoencoder
0,38.0,10689.0,15360.0,77.0,35.78,1786257259.3058362,train_autoencoder_g0,train_autoencoder
0,39.0,10689.0,15360.0,77.0,35.48,1786257264.3470001,train_autoencoder_g0,train_autoencoder
0,40.0,10689.0,15360.0,77.0,35.28,1786257269.3917081,train_autoencoder_g0,train_autoencoder
0,39.0,10689.0,15360.0,77.0,34.42,1786257274.433562,train_autoencoder_g0,train_autoencoder
0,40.0,10689.0,15360.0,77.0,35.11,1786257279.474745,train_autoencoder_g0,train_autoencoder
0,40.0,10689.0,15360.0,77.0,34.12,1786257284.5166109,train_autoencoder_g0,train_autoencoder
0,40.0,10689.0,15360.0,77.0,35.38,1786257289.5616467,train_autoencoder_g0,train_autoencoder
0,39.0,10689.0,15360.0,77.0,35.48,1786257294.6056163,train_autoencoder_g0,train_autoencoder
0,40.0,10689.0,15360.0,77.0,34.22,1786257299.6471257,train_autoencoder_g0,train_autoencoder
0,39.0,10689.0,15360.0,77.0,34.99,1786257304.6920757,train_autoencoder_g0,train_autoencoder
0,40.0,10689.0,15360.0,77.0,34.79,1786257309.7358315,train_autoencoder_g0,train_autoencoder
0,39.0,10689.0,15360.0,76.0,34.89,1786257314.7769525,train_autoencoder_g0,train_autoencoder
0,39.0,10689.0,15360.0,76.0,34.79,1786257319.818384,train_autoencoder_g0,train_autoencoder
0,39.0,10689.0,15360.0,77.0,35.28,1786257324.8610077,train_autoencoder_g0,train_autoencoder
0,36.0,10689.0,15360.0,77.0,35.48,1786257329.9053128,train_autoencoder_g0,train_autoencoder
0,31.0,10689.0,15360.0,77.0,33.72,1786257334.946416,train_autoencoder_g0,train_autoencoder
0,40.0,10689.0,15360.0,77.0,34.99,1786257339.9881635,train_autoencoder_g0,train_autoencoder
0,39.0,10689.0,15360.0,77.0,34.79,1786257345.0311353,train_autoencoder_g0,train_autoencoder
0,40.0,10689.0,15360.0,77.0,33.23,1786257350.0760512,train_autoencoder_g0,train_autoencoder
0,40.0,10689.0,15360.0,77.0,35.58,1786257355.1206937,train_autoencoder_g0,train_autoencoder
0,40.0,10689.0,15360.0,78.0,34.4,1786257360.1652906,train_autoencoder_g0,train_autoencoder
0,40.0,10689.0,15360.0,77.0,35.68,1786257365.2094846,train_autoencoder_g0,train_autoencoder
0,39.0,10689.0,15360.0,78.0,35.28,1786257370.2519321,train_autoencoder_g0,train_autoencoder
0,39.0,10689.0,15360.0,77.0,35.97,1786257375.295792,train_autoencoder_g0,train_autoencoder
0,38.0,10689.0,15360.0,77.0,34.0,1786257380.3376105,train_autoencoder_g0,train_autoencoder
0,40.0,10689.0,15360.0,77.0,34.99,1786257385.3814056,train_autoencoder_g0,train_autoencoder
0,39.0,10689.0,15360.0,77.0,34.49,1786257390.4246893,train_autoencoder_g0,train_autoencoder
0,39.0,10689.0,15360.0,77.0,35.11,1786257395.468435,train_autoencoder_g0,train_autoencoder
0,40.0,10689.0,15360.0,77.0,34.4,1786257400.5096934,train_autoencoder_g0,train_autoencoder
0,40.0,10689.0,15360.0,76.0,34.0,1786257405.5508885,train_autoencoder_g0,train_autoencoder
0,39.0,10689.0,15360.0,76.0,35.09,1786257410.5925999,train_autoencoder_g0,train_autoencoder
0,40.0,10689.0,15360.0,76.0,34.59,1786257415.6367314,train_autoencoder_g0,train_autoencoder
0,33.0,10689.0,15360.0,76.0,33.13,1786257420.6775203,train_autoencoder_g0,train_autoencoder
0,39.0,10689.0,15360.0,77.0,35.28,1786257425.722008,train_autoencoder_g0,train_autoencoder
0,38.0,10689.0,15360.0,77.0,35.58,1786257430.7660704,train_autoencoder_g0,train_autoencoder
0,39.0,10689.0,15360.0,77.0,34.1,1786257435.811284,train_autoencoder_g0,train_autoencoder
0,40.0,10689.0,15360.0,77.0,36.07,1786257440.852944,train_autoencoder_g0,train_autoencoder
0,37.0,10689.0,15360.0,77.0,34.49,1786257445.8977447,train_autoencoder_g0,train_autoencoder
0,39.0,10689.0,15360.0,78.0,34.3,1786257450.9396582,train_autoencoder_g0,train_autoencoder
0,38.0,10689.0,15360.0,78.0,35.09,1786257455.9823608,train_autoencoder_g0,train_autoencoder
0,39.0,10689.0,15360.0,78.0,35.38,1786257461.0266056,train_autoencoder_g0,train_autoencoder
0,38.0,10689.0,15360.0,78.0,35.78,1786257466.071635,train_autoencoder_g0,train_autoencoder
0,39.0,10689.0,15360.0,77.0,35.88,1786257471.115233,train_autoencoder_g0,train_autoencoder
0,40.0,10689.0,15360.0,77.0,33.92,1786257476.1565347,train_autoencoder_g0,train_autoencoder
0,39.0,10689.0,15360.0,77.0,34.22,1786257481.1983564,train_autoencoder_g0,train_autoencoder
0,40.0,10689.0,15360.0,77.0,34.38,1786257486.2400932,train_autoencoder_g0,train_autoencoder
0,39.0,10689.0,15360.0,77.0,35.28,1786257491.2834983,train_autoencoder_g0,train_autoencoder
0,39.0,10689.0,15360.0,76.0,34.59,1786257496.3272548,train_autoencoder_g0,train_autoencoder
0,38.0,10689.0,15360.0,76.0,34.4,1786257501.3695652,train_autoencoder_g0,train_autoencoder
0,32.0,10689.0,15360.0,76.0,33.53,1786257506.4107342,train_autoencoder_g0,train_autoencoder
0,14.0,10689.0,15360.0,76.0,30.98,1786257507.119785,train_autoencoder_g0,train_autoencoder
0,30.0,8633.0,15360.0,77.0,32.84,1786258328.198993,final_cache_g0,initialize_cache
0,16.0,3387.0,15360.0,78.0,43.3,1786258329.659646,final_cache_g0,initialize_cache
1,0.0,6679.0,15360.0,77.0,31.83,1786258328.2004657,final_cache_g1,initialize_cache
1,15.0,3189.0,15360.0,78.0,44.26,1786258329.5951428,final_cache_g1,initialize_cache
0,4.0,3445.0,15360.0,78.0,42.93,1786258329.8000805,round_001_train_g0,train_final
0,34.0,3557.0,15360.0,78.0,35.58,1786258334.8481953,round_001_train_g0,train_final
0,34.0,3687.0,15360.0,77.0,36.17,1786258339.8922565,round_001_train_g0,train_final
0,32.0,3687.0,15360.0,77.0,36.98,1786258344.9385042,round_001_train_g0,train_final
0,30.0,3811.0,15360.0,77.0,35.19,1786258349.9845207,round_001_train_g0,train_final
0,35.0,3923.0,15360.0,77.0,35.58,1786258355.0316126,round_001_train_g0,train_final
0,33.0,3923.0,15360.0,77.0,38.34,1786258360.081215,round_001_train_g0,train_final
0,30.0,4131.0,15360.0,77.0,34.99,1786258365.1259258,round_001_train_g0,train_final
0,32.0,4131.0,15360.0,77.0,34.99,1786258370.1715288,round_001_train_g0,train_final
0,28.0,4131.0,15360.0,77.0,36.29,1786258375.2215996,round_001_train_g0,train_final
0,33.0,4325.0,15360.0,77.0,35.68,1786258380.2657917,round_001_train_g0,train_final
0,35.0,4325.0,15360.0,77.0,37.36,1786258385.3153856,round_001_train_g0,train_final
0,29.0,4325.0,15360.0,76.0,36.47,1786258390.3616776,round_001_train_g0,train_final
0,29.0,4325.0,15360.0,76.0,34.99,1786258394.1292956,round_001_train_g0,train_final
1,8.0,3373.0,15360.0,78.0,59.85,1786258329.7566822,round_001_train_g1,train_final
1,38.0,3373.0,15360.0,78.0,37.63,1786258334.8129086,round_001_train_g1,train_final
1,37.0,3373.0,15360.0,78.0,37.51,1786258339.8610094,round_001_train_g1,train_final
1,35.0,3481.0,15360.0,78.0,37.31,1786258344.9070318,round_001_train_g1,train_final
1,41.0,4077.0,15360.0,77.0,34.67,1786258349.9534986,round_001_train_g1,train_final
1,36.0,4077.0,15360.0,77.0,36.13,1786258355.001917,round_001_train_g1,train_final
1,36.0,4077.0,15360.0,76.0,37.33,1786258360.051418,round_001_train_g1,train_final
1,29.0,4077.0,15360.0,76.0,36.05,1786258365.1001906,round_001_train_g1,train_final
1,33.0,4077.0,15360.0,76.0,36.55,1786258370.1473427,round_001_train_g1,train_final
1,30.0,4077.0,15360.0,76.0,35.86,1786258375.192905,round_001_train_g1,train_final
1,33.0,4077.0,15360.0,77.0,37.14,1786258380.2424579,round_001_train_g1,train_final
1,34.0,4077.0,15360.0,77.0,37.59,1786258385.2946115,round_001_train_g1,train_final
1,31.0,4077.0,15360.0,77.0,36.55,1786258390.34086,round_001_train_g1,train_final
1,35.0,4077.0,15360.0,77.0,38.2,1786258395.3868263,round_001_train_g1,train_final
1,38.0,4077.0,15360.0,77.0,36.53,1786258396.129635,round_001_train_g1,train_final
0,0.0,5185.0,15360.0,76.0,31.08,1786258396.2621114,round_001_test_g0,test_final
0,39.0,5357.0,15360.0,76.0,34.12,1786258401.312163,round_001_test_g0,test_final
0,38.0,5357.0,15360.0,77.0,35.38,1786258406.3651621,round_001_test_g0,test_final
0,38.0,5389.0,15360.0,77.0,35.11,1786258411.4150105,round_001_test_g0,test_final
0,38.0,5389.0,15360.0,77.0,33.9,1786258416.4658287,round_001_test_g0,test_final
0,39.0,5389.0,15360.0,77.0,35.09,1786258421.5213923,round_001_test_g0,test_final
0,39.0,5421.0,15360.0,77.0,35.21,1786258426.572975,round_001_test_g0,test_final
0,40.0,5421.0,15360.0,77.0,34.42,1786258431.6286287,round_001_test_g0,test_final
0,40.0,5453.0,15360.0,77.0,34.59,1786258436.6796103,round_001_test_g0,test_final
0,39.0,5453.0,15360.0,77.0,35.66,1786258441.7321773,round_001_test_g0,test_final
0,38.0,5485.0,15360.0,77.0,34.12,1786258446.790433,round_001_test_g0,test_final
0,38.0,5485.0,15360.0,77.0,34.79,1786258451.841251,round_001_test_g0,test_final
0,40.0,5485.0,15360.0,77.0,35.78,1786258456.2352958,round_001_test_g0,test_final
1,16.0,4937.0,15360.0,77.0,31.93,1786258396.2773616,round_001_test_g1,test_final
1,39.0,5109.0,15360.0,78.0,34.99,1786258401.327726,round_001_test_g1,test_final
1,38.0,5109.0,15360.0,78.0,36.86,1786258406.3792527,round_001_test_g1,test_final
1,37.0,5141.0,15360.0,78.0,35.76,1786258411.4293897,round_001_test_g1,test_final
1,38.0,5141.0,15360.0,78.0,35.38,1786258416.4812906,round_001_test_g1,test_final
1,38.0,5141.0,15360.0,78.0,35.86,1786258421.5299098,round_001_test_g1,test_final
1,39.0,5173.0,15360.0,77.0,35.64,1786258426.5819442,round_001_test_g1,test_final
1,39.0,5173.0,15360.0,77.0,35.95,1786258431.6305108,round_001_test_g1,test_final
1,40.0,5205.0,15360.0,76.0,35.07,1786258436.6821797,round_001_test_g1,test_final
1,40.0,5205.0,15360.0,76.0,34.28,1786258441.7337139,round_001_test_g1,test_final
1,41.0,5237.0,15360.0,77.0,36.13,1786258446.790149,round_001_test_g1,test_final
1,39.0,5237.0,15360.0,77.0,36.05,1786258451.849188,round_001_test_g1,test_final
1,37.0,5237.0,15360.0,76.0,32.82,1786258456.4987607,round_001_test_g1,test_final
0,0.0,5541.0,15360.0,77.0,32.92,1786258456.6091692,round_002_train_g0,train_final
0,36.0,5653.0,15360.0,77.0,35.19,1786258461.659077,round_002_train_g0,train_final
0,29.0,5783.0,15360.0,77.0,39.23,1786258466.7067523,round_002_train_g0,train_final
0,26.0,5907.0,15360.0,77.0,35.93,1786258471.7525988,round_002_train_g0,train_final
0,35.0,5907.0,15360.0,77.0,34.65,1786258476.7973332,round_002_train_g0,train_final
0,34.0,6019.0,15360.0,77.0,36.17,1786258481.8469317,round_002_train_g0,train_final
0,31.0,6019.0,15360.0,77.0,35.88,1786258486.895487,round_002_train_g0,train_final
0,36.0,6227.0,15360.0,77.0,38.34,1786258491.9397354,round_002_train_g0,train_final
0,28.0,6227.0,15360.0,77.0,35.19,1786258496.9862132,round_002_train_g0,train_final
0,36.0,6227.0,15360.0,77.0,36.45,1786258502.0332136,round_002_train_g0,train_final
0,35.0,6421.0,15360.0,77.0,34.12,1786258507.084188,round_002_train_g0,train_final
0,34.0,6421.0,15360.0,77.0,35.97,1786258512.1326706,round_002_train_g0,train_final
0,35.0,6421.0,15360.0,77.0,35.97,1786258517.1762064,round_002_train_g0,train_final
0,35.0,6421.0,15360.0,77.0,36.62,1786258521.1255138,round_002_train_g0,train_final
1,34.0,5421.0,15360.0,76.0,36.53,1786258456.5887685,round_002_train_g1,train_final
1,37.0,5421.0,15360.0,76.0,36.35,1786258461.6354876,round_002_train_g1,train_final
1,29.0,5421.0,15360.0,77.0,39.28,1786258466.682729,round_002_train_g1,train_final
1,27.0,5529.0,15360.0,77.0,36.03,1786258471.7273154,round_002_train_g1,train_final
1,33.0,6125.0,15360.0,77.0,36.72,1786258476.7742,round_002_train_g1,train_final
1,34.0,6125.0,15360.0,78.0,36.65,1786258481.8191738,round_002_train_g1,train_final
1,32.0,6125.0,15360.0,78.0,36.74,1786258486.866474,round_002_train_g1,train_final
1,36.0,6125.0,15360.0,77.0,38.3,1786258491.9117448,round_002_train_g1,train_final
1,28.0,6125.0,15360.0,77.0,36.74,1786258496.9570367,round_002_train_g1,train_final
1,36.0,6125.0,15360.0,77.0,38.4,1786258502.005949,round_002_train_g1,train_final
1,35.0,6125.0,15360.0,77.0,35.64,1786258507.0546274,round_002_train_g1,train_final
1,34.0,6125.0,15360.0,77.0,36.45,1786258512.0999002,round_002_train_g1,train_final
1,35.0,6125.0,15360.0,77.0,36.84,1786258517.147148,round_002_train_g1,train_final
1,36.0,6125.0,15360.0,77.0,37.51,1786258522.1884716,round_002_train_g1,train_final
1,37.0,6125.0,15360.0,77.0,37.73,1786258522.8967206,round_002_train_g1,train_final
0,0.0,6453.0,15360.0,77.0,34.02,1786258523.0453281,round_002_test_g0,test_final
0,39.0,6453.0,15360.0,77.0,35.48,1786258528.1014352,round_002_test_g0,test_final
0,39.0,6453.0,15360.0,77.0,34.99,1786258533.1546059,round_002_test_g0,test_final
0,39.0,6485.0,15360.0,77.0,34.12,1786258538.2108173,round_002_test_g0,test_final
0,39.0,6485.0,15360.0,77.0,35.28,1786258543.2665255,round_002_test_g0,test_final
0,39.0,6517.0,15360.0,77.0,33.61,1786258548.3203526,round_002_test_g0,test_final
0,38.0,6517.0,15360.0,77.0,34.89,1786258553.3770072,round_002_test_g0,test_final
0,39.0,6549.0,15360.0,76.0,34.49,1786258558.4381127,round_002_test_g0,test_final
0,38.0,6549.0,15360.0,76.0,33.21,1786258563.4872165,round_002_test_g0,test_final
0,35.0,6581.0,15360.0,77.0,34.69,1786258568.5435567,round_002_test_g0,test_final
0,39.0,6581.0,15360.0,77.0,35.11,1786258573.5928512,round_002_test_g0,test_final
0,37.0,6581.0,15360.0,77.0,33.21,1786258578.6453757,round_002_test_g0,test_final
0,40.0,6581.0,15360.0,77.0,34.61,1786258579.2569728,round_002_test_g0,test_final
1,37.0,6157.0,15360.0,77.0,34.1,1786258523.0456092,round_002_test_g1,test_final
1,37.0,6157.0,15360.0,77.0,34.38,1786258528.0998316,round_002_test_g1,test_final
1,39.0,6157.0,15360.0,77.0,35.68,1786258533.1526458,round_002_test_g1,test_final
1,38.0,6189.0,15360.0,77.0,35.76,1786258538.209214,round_002_test_g1,test_final
1,39.0,6189.0,15360.0,77.0,34.28,1786258543.2661688,round_002_test_g1,test_final
1,37.0,6221.0,15360.0,77.0,35.17,1786258548.319482,round_002_test_g1,test_final
1,39.0,6221.0,15360.0,76.0,35.56,1786258553.3779442,round_002_test_g1,test_final
1,39.0,6253.0,15360.0,77.0,34.38,1786258558.4334972,round_002_test_g1,test_final
1,39.0,6253.0,15360.0,76.0,35.38,1786258563.4851239,round_002_test_g1,test_final
1,37.0,6253.0,15360.0,77.0,35.86,1786258568.5521772,round_002_test_g1,test_final
1,39.0,6285.0,15360.0,77.0,34.89,1786258573.6069665,round_002_test_g1,test_final
1,38.0,6285.0,15360.0,77.0,35.36,1786258578.6593697,round_002_test_g1,test_final
1,39.0,6285.0,15360.0,77.0,35.76,1786258579.903175,round_002_test_g1,test_final
0,0.0,6617.0,15360.0,77.0,31.35,1786258580.012402,round_003_train_g0,train_final
0,34.0,6711.0,15360.0,77.0,35.28,1786258585.0630748,round_003_train_g0,train_final
0,33.0,6825.0,15360.0,77.0,34.69,1786258590.1083107,round_003_train_g0,train_final
0,36.0,6927.0,15360.0,78.0,36.47,1786258595.1529055,round_003_train_g0,train_final
0,27.0,6927.0,15360.0,78.0,36.17,1786258600.1997058,round_003_train_g0,train_final
0,36.0,7039.0,15360.0,78.0,36.35,1786258605.2450838,round_003_train_g0,train_final
0,35.0,7039.0,15360.0,77.0,34.79,1786258610.2936707,round_003_train_g0,train_final
0,30.0,7247.0,15360.0,77.0,37.18,1786258615.3402407,round_003_train_g0,train_final
0,36.0,7247.0,15360.0,77.0,37.85,1786258620.3898652,round_003_train_g0,train_final
0,36.0,7247.0,15360.0,77.0,35.58,1786258625.4369736,round_003_train_g0,train_final
0,35.0,7247.0,15360.0,77.0,36.05,1786258630.4848516,round_003_train_g0,train_final
0,34.0,7441.0,15360.0,77.0,34.91,1786258635.5320609,round_003_train_g0,train_final
0,35.0,7441.0,15360.0,77.0,34.99,1786258640.5777314,round_003_train_g0,train_final
0,35.0,7441.0,15360.0,77.0,36.96,1786258645.2257109,round_003_train_g0,train_final
1,28.0,6469.0,15360.0,77.0,31.93,1786258579.9880688,round_003_train_g1,train_final
1,37.0,6469.0,15360.0,77.0,39.88,1786258585.0345783,round_003_train_g1,train_final
1,35.0,6469.0,15360.0,77.0,38.1,1786258590.0801525,round_003_train_g1,train_final
1,30.0,6591.0,15360.0,77.0,36.25,1786258595.1280408,round_003_train_g1,train_final
1,28.0,7187.0,15360.0,78.0,53.22,1786258600.1762383,round_003_train_g1,train_final
1,36.0,7187.0,15360.0,77.0,37.12,1786258605.2206306,round_003_train_g1,train_final
1,35.0,7187.0,15360.0,77.0,36.82,1786258610.270989,round_003_train_g1,train_final
1,32.0,7187.0,15360.0,77.0,37.24,1786258615.3186896,round_003_train_g1,train_final
1,37.0,7187.0,15360.0,77.0,37.04,1786258620.3643832,round_003_train_g1,train_final
1,31.0,7187.0,15360.0,77.0,37.22,1786258625.4128983,round_003_train_g1,train_final
1,35.0,7187.0,15360.0,77.0,36.5,1786258630.4628637,round_003_train_g1,train_final
1,35.0,7187.0,15360.0,77.0,35.54,1786258635.5103984,round_003_train_g1,train_final
1,36.0,7187.0,15360.0,77.0,34.47,1786258640.5656626,round_003_train_g1,train_final
1,37.0,7187.0,15360.0,77.0,36.62,1786258645.6069164,round_003_train_g1,train_final
1,37.0,7187.0,15360.0,77.0,35.46,1786258647.115908,round_003_train_g1,train_final
0,0.0,7473.0,15360.0,76.0,31.06,1786258647.263066,round_003_test_g0,test_final
0,37.0,7473.0,15360.0,76.0,34.49,1786258652.313494,round_003_test_g0,test_final
0,39.0,7473.0,15360.0,77.0,35.4,1786258657.3677268,round_003_test_g0,test_final
0,37.0,7473.0,15360.0,77.0,34.12,1786258662.424447,round_003_test_g0,test_final
0,39.0,7473.0,15360.0,77.0,34.89,1786258667.4785569,round_003_test_g0,test_final
0,39.0,7473.0,15360.0,77.0,35.58,1786258672.5328965,round_003_test_g0,test_final
0,38.0,7473.0,15360.0,77.0,34.0,1786258677.5854263,round_003_test_g0,test_final
0,38.0,7473.0,15360.0,77.0,34.91,1786258682.6334844,round_003_test_g0,test_final
0,37.0,7473.0,15360.0,77.0,34.57,1786258687.6847994,round_003_test_g0,test_final
0,39.0,7473.0,15360.0,77.0,34.1,1786258692.7377992,round_003_test_g0,test_final
0,39.0,7473.0,15360.0,76.0,35.5,1786258697.7901392,round_003_test_g0,test_final
0,39.0,7473.0,15360.0,76.0,33.92,1786258702.844491,round_003_test_g0,test_final
0,36.0,7473.0,15360.0,76.0,34.49,1786258702.9958725,round_003_test_g0,test_final
1,37.0,7219.0,15360.0,77.0,31.83,1786258647.2592826,round_003_test_g1,test_final
1,39.0,7219.0,15360.0,77.0,35.86,1786258652.3115442,round_003_test_g1,test_final
1,39.0,7219.0,15360.0,77.0,35.48,1786258657.367791,round_003_test_g1,test_final
1,39.0,7251.0,15360.0,77.0,36.37,1786258662.4227474,round_003_test_g1,test_final
1,38.0,7251.0,15360.0,77.0,35.76,1786258667.4777627,round_003_test_g1,test_final
1,39.0,7283.0,15360.0,76.0,34.99,1786258672.5336037,round_003_test_g1,test_final
1,39.0,7283.0,15360.0,76.0,35.86,1786258677.5854044,round_003_test_g1,test_final
1,39.0,7315.0,15360.0,77.0,36.15,1786258682.6357172,round_003_test_g1,test_final
1,40.0,7315.0,15360.0,77.0,36.35,1786258687.6869118,round_003_test_g1,test_final
1,38.0,7347.0,15360.0,77.0,34.38,1786258692.7408378,round_003_test_g1,test_final
1,40.0,7347.0,15360.0,77.0,36.65,1786258697.7919703,round_003_test_g1,test_final
1,39.0,7347.0,15360.0,77.0,36.45,1786258702.846068,round_003_test_g1,test_final
1,39.0,7347.0,15360.0,77.0,32.62,1786258704.1859524,round_003_test_g1,test_final
0,0.0,7473.0,15360.0,76.0,31.06,1786258704.2954035,round_004_train_g0,train_final
0,33.0,7473.0,15360.0,77.0,36.45,1786258709.3411305,round_004_train_g0,train_final
0,31.0,7473.0,15360.0,77.0,35.58,1786258714.3865416,round_004_train_g0,train_final
0,31.0,7473.0,15360.0,77.0,34.4,1786258719.4326253,round_004_train_g0,train_final
0,37.0,7555.0,15360.0,77.0,36.55,1786258724.4800935,round_004_train_g0,train_final
0,37.0,7643.0,15360.0,77.0,36.67,1786258729.5303967,round_004_train_g0,train_final
0,31.0,7643.0,15360.0,77.0,35.86,1786258734.5777955,round_004_train_g0,train_final
0,35.0,7849.0,15360.0,77.0,35.19,1786258739.6263378,round_004_train_g0,train_final
0,31.0,7849.0,15360.0,78.0,35.21,1786258744.6736448,round_004_train_g0,train_final
0,36.0,7849.0,15360.0,77.0,37.95,1786258749.7207136,round_004_train_g0,train_final
0,34.0,8041.0,15360.0,78.0,35.95,1786258754.766469,round_004_train_g0,train_final
0,32.0,8041.0,15360.0,78.0,35.76,1786258759.812723,round_004_train_g0,train_final
0,36.0,8041.0,15360.0,78.0,34.1,1786258764.8581119,round_004_train_g0,train_final
0,35.0,8041.0,15360.0,77.0,35.09,1786258769.1049984,round_004_train_g0,train_final
1,39.0,7531.0,15360.0,77.0,32.62,1786258704.269668,round_004_train_g1,train_final
1,36.0,7531.0,15360.0,77.0,35.34,1786258709.3154383,round_004_train_g1,train_final
1,34.0,7531.0,15360.0,78.0,37.83,1786258714.3611443,round_004_train_g1,train_final
1,36.0,7653.0,15360.0,78.0,38.03,1786258719.4061494,round_004_train_g1,train_final
1,34.0,8249.0,15360.0,77.0,45.51,1786258724.4536297,round_004_train_g1,train_final
1,35.0,8249.0,15360.0,77.0,36.74,1786258729.4993193,round_004_train_g1,train_final
1,33.0,8249.0,15360.0,77.0,36.74,1786258734.5479455,round_004_train_g1,train_final
1,35.0,8249.0,15360.0,77.0,36.11,1786258739.595989,round_004_train_g1,train_final
1,29.0,8249.0,15360.0,77.0,36.43,1786258744.645153,round_004_train_g1,train_final
1,36.0,8249.0,15360.0,77.0,37.33,1786258749.6909497,round_004_train_g1,train_final
1,35.0,8249.0,15360.0,77.0,37.81,1786258754.7363281,round_004_train_g1,train_final
1,25.0,8249.0,15360.0,76.0,34.38,1786258759.7842782,round_004_train_g1,train_final
1,37.0,8249.0,15360.0,76.0,38.42,1786258764.8288326,round_004_train_g1,train_final
1,35.0,8249.0,15360.0,76.0,36.33,1786258769.8726344,round_004_train_g1,train_final
1,36.0,8249.0,15360.0,76.0,32.62,1786258771.1238043,round_004_train_g1,train_final
0,0.0,8041.0,15360.0,77.0,34.91,1786258771.2693732,round_004_test_g0,test_final
0,39.0,8041.0,15360.0,76.0,34.2,1786258776.3205755,round_004_test_g0,test_final
0,38.0,8041.0,15360.0,76.0,34.59,1786258781.3780317,round_004_test_g0,test_final
0,37.0,8041.0,15360.0,76.0,32.84,1786258786.4341846,round_004_test_g0,test_final
0,39.0,8041.0,15360.0,76.0,34.81,1786258791.4951584,round_004_test_g0,test_final
0,37.0,8041.0,15360.0,76.0,34.1,1786258796.5514362,round_004_test_g0,test_final
0,38.0,8041.0,15360.0,76.0,34.4,1786258801.605787,round_004_test_g0,test_final
0,40.0,8041.0,15360.0,77.0,35.38,1786258806.6616445,round_004_test_g0,test_final
0,39.0,8041.0,15360.0,77.0,34.81,1786258811.7087064,round_004_test_g0,test_final
0,36.0,8041.0,15360.0,77.0,34.67,1786258816.7605517,round_004_test_g0,test_final
0,39.0,8041.0,15360.0,77.0,35.9,1786258821.8055496,round_004_test_g0,test_final
0,38.0,8041.0,15360.0,77.0,33.13,1786258826.8562984,round_004_test_g0,test_final
0,34.0,8041.0,15360.0,77.0,31.95,1786258827.14296,round_004_test_g0,test_final
1,36.0,8281.0,15360.0,76.0,31.63,1786258771.2680569,round_004_test_g1,test_final
1,38.0,8281.0,15360.0,76.0,36.37,1786258776.3198156,round_004_test_g1,test_final
1,37.0,8281.0,15360.0,77.0,36.17,1786258781.3772867,round_004_test_g1,test_final
1,39.0,8313.0,15360.0,77.0,33.86,1786258786.431202,round_004_test_g1,test_final
1,39.0,8313.0,15360.0,77.0,34.95,1786258791.4862163,round_004_test_g1,test_final
1,38.0,8345.0,15360.0,78.0,36.55,1786258796.5420706,round_004_test_g1,test_final
1,38.0,8345.0,15360.0,78.0,34.47,1786258801.5970683,round_004_test_g1,test_final
1,37.0,8377.0,15360.0,78.0,35.54,1786258806.6458013,round_004_test_g1,test_final
1,38.0,8377.0,15360.0,78.0,36.47,1786258811.6947236,round_004_test_g1,test_final
1,35.0,8409.0,15360.0,78.0,35.64,1786258816.7428727,round_004_test_g1,test_final
1,39.0,8409.0,15360.0,78.0,35.09,1786258821.7893927,round_004_test_g1,test_final
1,39.0,8409.0,15360.0,77.0,36.37,1786258826.8419094,round_004_test_g1,test_final
1,40.0,8409.0,15360.0,77.0,32.92,1786258827.4206185,round_004_test_g1,test_final
0,0.0,8041.0,15360.0,77.0,31.27,1786258827.5326037,round_005_train_g0,train_final
0,32.0,8041.0,15360.0,77.0,34.57,1786258832.582184,round_005_train_g0,train_final
0,36.0,8041.0,15360.0,78.0,35.76,1786258837.6305823,round_005_train_g0,train_final
0,26.0,8041.0,15360.0,78.0,35.58,1786258842.6814659,round_005_train_g0,train_final
0,35.0,8123.0,15360.0,78.0,38.32,1786258847.7265465,round_005_train_g0,train_final
0,30.0,8211.0,15360.0,77.0,34.59,1786258852.7718337,round_005_train_g0,train_final
0,34.0,8211.0,15360.0,77.0,35.38,1786258857.8174465,round_005_train_g0,train_final
0,28.0,8417.0,15360.0,77.0,37.06,1786258862.8652992,round_005_train_g0,train_final
0,36.0,8417.0,15360.0,77.0,37.28,1786258867.9097033,round_005_train_g0,train_final
0,32.0,8417.0,15360.0,77.0,37.75,1786258872.9541366,round_005_train_g0,train_final
0,32.0,8417.0,15360.0,77.0,34.2,1786258878.0027802,round_005_train_g0,train_final
0,37.0,8609.0,15360.0,77.0,37.67,1786258883.052835,round_005_train_g0,train_final
0,37.0,8609.0,15360.0,77.0,36.57,1786258888.0989497,round_005_train_g0,train_final
0,35.0,8609.0,15360.0,77.0,37.06,1786258892.362074,round_005_train_g0,train_final
1,40.0,8409.0,15360.0,77.0,32.92,1786258827.5101407,round_005_train_g1,train_final
1,32.0,8409.0,15360.0,77.0,35.34,1786258832.5565252,round_005_train_g1,train_final
1,36.0,8409.0,15360.0,77.0,38.47,1786258837.604219,round_005_train_g1,train_final
1,28.0,8409.0,15360.0,76.0,36.05,1786258842.6540663,round_005_train_g1,train_final
1,34.0,8409.0,15360.0,76.0,36.72,1786258847.7019956,round_005_train_g1,train_final
1,30.0,8409.0,15360.0,76.0,34.38,1786258852.7466366,round_005_train_g1,train_final
1,34.0,8409.0,15360.0,76.0,36.23,1786258857.793864,round_005_train_g1,train_final
1,27.0,8409.0,15360.0,76.0,35.93,1786258862.8391724,round_005_train_g1,train_final
1,36.0,8409.0,15360.0,77.0,37.73,1786258867.8851194,round_005_train_g1,train_final
1,32.0,8409.0,15360.0,77.0,37.83,1786258872.931523,round_005_train_g1,train_final
1,33.0,8409.0,15360.0,77.0,35.66,1786258877.9796717,round_005_train_g1,train_final
1,37.0,8409.0,15360.0,77.0,36.13,1786258883.0272853,round_005_train_g1,train_final
1,37.0,8409.0,15360.0,78.0,37.71,1786258888.0750437,round_005_train_g1,train_final
1,37.0,8409.0,15360.0,78.0,38.69,1786258893.119162,round_005_train_g1,train_final
1,34.0,8409.0,15360.0,78.0,37.9,1786258894.1077445,round_005_train_g1,train_final
0,0.0,8609.0,15360.0,77.0,31.17,1786258894.251823,round_005_test_g0,test_final
0,40.0,8609.0,15360.0,77.0,33.03,1786258899.3041022,round_005_test_g0,test_final
0,40.0,8609.0,15360.0,77.0,35.19,1786258904.359121,round_005_test_g0,test_final
0,38.0,8609.0,15360.0,76.0,35.21,1786258909.415496,round_005_test_g0,test_final
0,39.0,8609.0,15360.0,76.0,34.51,1786258914.4694145,round_005_test_g0,test_final
0,38.0,8609.0,15360.0,76.0,35.5,1786258919.5219996,round_005_test_g0,test_final
0,40.0,8609.0,15360.0,76.0,34.2,1786258924.5788739,round_005_test_g0,test_final
0,41.0,8609.0,15360.0,77.0,34.2,1786258929.6341789,round_005_test_g0,test_final
0,40.0,8609.0,15360.0,77.0,35.21,1786258934.6864169,round_005_test_g0,test_final
0,38.0,8609.0,15360.0,77.0,33.33,1786258939.7491434,round_005_test_g0,test_final
0,40.0,8609.0,15360.0,77.0,35.48,1786258944.8048937,round_005_test_g0,test_final
0,39.0,8609.0,15360.0,77.0,35.58,1786258949.8582933,round_005_test_g0,test_final
0,40.0,8609.0,15360.0,77.0,35.28,1786258950.4278536,round_005_test_g0,test_final
1,34.0,8409.0,15360.0,78.0,32.13,1786258894.2521725,round_005_test_g1,test_final
1,41.0,8409.0,15360.0,78.0,35.26,1786258899.3040447,round_005_test_g1,test_final
1,39.0,8409.0,15360.0,78.0,35.66,1786258904.3590832,round_005_test_g1,test_final
1,38.0,8409.0,15360.0,77.0,35.76,1786258909.4153728,round_005_test_g1,test_final
1,39.0,8409.0,15360.0,77.0,34.18,1786258914.4710305,round_005_test_g1,test_final
1,39.0,8409.0,15360.0,76.0,34.65,1786258919.5242193,round_005_test_g1,test_final
1,39.0,8409.0,15360.0,76.0,35.17,1786258924.5787206,round_005_test_g1,test_final
1,40.0,8409.0,15360.0,76.0,34.28,1786258929.6339235,round_005_test_g1,test_final
1,39.0,8409.0,15360.0,77.0,35.46,1786258934.6862285,round_005_test_g1,test_final
1,36.0,8409.0,15360.0,77.0,35.76,1786258939.7478416,round_005_test_g1,test_final
1,39.0,8409.0,15360.0,77.0,36.76,1786258944.8066452,round_005_test_g1,test_final
1,39.0,8409.0,15360.0,77.0,36.17,1786258949.857977,round_005_test_g1,test_final
1,40.0,8409.0,15360.0,77.0,35.05,1786258950.5211272,round_005_test_g1,test_final
0,21.0,8609.0,15360.0,77.0,31.37,1786258950.630149,round_006_train_g0,train_final
0,36.0,8609.0,15360.0,78.0,37.16,1786258955.6750553,round_006_train_g0,train_final
0,37.0,8609.0,15360.0,78.0,35.58,1786258960.7226398,round_006_train_g0,train_final
0,32.0,8609.0,15360.0,78.0,35.68,1786258965.7697246,round_006_train_g0,train_final
0,35.0,8711.0,15360.0,77.0,36.45,1786258970.8146794,round_006_train_g0,train_final
0,36.0,8819.0,15360.0,77.0,35.66,1786258975.866685,round_006_train_g0,train_final
0,31.0,8819.0,15360.0,77.0,33.11,1786258980.9147182,round_006_train_g0,train_final
0,34.0,8989.0,15360.0,77.0,34.89,1786258985.9616492,round_006_train_g0,train_final
0,35.0,8989.0,15360.0,77.0,36.25,1786258991.0068629,round_006_train_g0,train_final
0,35.0,8989.0,15360.0,77.0,37.04,1786258996.0574582,round_006_train_g0,train_final
0,35.0,9147.0,15360.0,77.0,36.39,1786259001.1049132,round_006_train_g0,train_final
0,34.0,9147.0,15360.0,77.0,34.71,1786259006.150318,round_006_train_g0,train_final
0,30.0,9147.0,15360.0,76.0,35.88,1786259011.2036595,round_006_train_g0,train_final
0,33.0,9147.0,15360.0,76.0,36.47,1786259015.3680882,round_006_train_g0,train_final
1,24.0,8409.0,15360.0,77.0,32.52,1786258950.6073887,round_006_train_g1,train_final
1,38.0,8409.0,15360.0,77.0,36.53,1786258955.6612642,round_006_train_g1,train_final
1,37.0,8409.0,15360.0,77.0,37.53,1786258960.705545,round_006_train_g1,train_final
1,33.0,8409.0,15360.0,77.0,36.74,1786258965.7521915,round_006_train_g1,train_final
1,43.0,8409.0,15360.0,78.0,36.74,1786258970.8031466,round_006_train_g1,train_final
1,35.0,8409.0,15360.0,78.0,38.12,1786258975.8505018,round_006_train_g1,train_final
1,31.0,8409.0,15360.0,78.0,34.97,1786258980.8954723,round_006_train_g1,train_final
1,37.0,8409.0,15360.0,77.0,37.14,1786258985.94161,round_006_train_g1,train_final
1,34.0,8409.0,15360.0,77.0,36.23,1786258990.991508,round_006_train_g1,train_final
1,36.0,8409.0,15360.0,76.0,37.24,1786258996.0429027,round_006_train_g1,train_final
1,34.0,8409.0,15360.0,76.0,36.82,1786259001.0873823,round_006_train_g1,train_final
1,30.0,8409.0,15360.0,76.0,37.14,1786259006.1339538,round_006_train_g1,train_final
1,32.0,8409.0,15360.0,77.0,36.65,1786259011.1826172,round_006_train_g1,train_final
1,37.0,8409.0,15360.0,77.0,37.14,1786259016.227597,round_006_train_g1,train_final
1,38.0,8409.0,15360.0,77.0,39.16,1786259017.1435554,round_006_train_g1,train_final
0,0.0,9147.0,15360.0,76.0,31.08,1786259017.2824712,round_006_test_g0,test_final
0,39.0,9147.0,15360.0,77.0,34.3,1786259022.3339171,round_006_test_g0,test_final
0,39.0,9147.0,15360.0,77.0,35.38,1786259027.3852127,round_006_test_g0,test_final
0,40.0,9147.0,15360.0,77.0,33.82,1786259032.4378357,round_006_test_g0,test_final
0,37.0,9147.0,15360.0,77.0,35.19,1786259037.487436,round_006_test_g0,test_final
0,39.0,9147.0,15360.0,77.0,34.89,1786259042.5434275,round_006_test_g0,test_final
0,40.0,9147.0,15360.0,77.0,33.41,1786259047.5978422,round_006_test_g0,test_final
0,39.0,9147.0,15360.0,77.0,34.71,1786259052.6604457,round_006_test_g0,test_final
0,39.0,9147.0,15360.0,77.0,34.99,1786259057.713679,round_006_test_g0,test_final
0,36.0,9147.0,15360.0,77.0,35.97,1786259062.7661064,round_006_test_g0,test_final
0,40.0,9147.0,15360.0,77.0,36.09,1786259067.8182805,round_006_test_g0,test_final
0,39.0,9147.0,15360.0,77.0,34.61,1786259072.8719587,round_006_test_g0,test_final
0,34.0,9147.0,15360.0,77.0,32.05,1786259073.0744987,round_006_test_g0,test_final
1,38.0,8409.0,15360.0,77.0,31.95,1786259017.2843995,round_006_test_g1,test_final
1,39.0,8409.0,15360.0,77.0,34.08,1786259022.337768,round_006_test_g1,test_final
1,38.0,8409.0,15360.0,77.0,35.66,1786259027.3874373,round_006_test_g1,test_final
1,39.0,8409.0,15360.0,77.0,35.24,1786259032.4377198,round_006_test_g1,test_final
1,40.0,8409.0,15360.0,77.0,34.59,1786259037.4891891,round_006_test_g1,test_final
1,39.0,8409.0,15360.0,77.0,35.26,1786259042.5448277,round_006_test_g1,test_final
1,38.0,8409.0,15360.0,78.0,36.27,1786259047.5960658,round_006_test_g1,test_final
1,38.0,8409.0,15360.0,78.0,35.46,1786259052.6604457,round_006_test_g1,test_final
1,40.0,8409.0,15360.0,78.0,34.67,1786259057.7137647,round_006_test_g1,test_final
1,39.0,8409.0,15360.0,78.0,36.55,1786259062.765172,round_006_test_g1,test_final
1,39.0,8409.0,15360.0,77.0,35.93,1786259067.81633,round_006_test_g1,test_final
1,39.0,8409.0,15360.0,76.0,34.87,1786259072.8639731,round_006_test_g1,test_final
1,35.0,8409.0,15360.0,76.0,35.07,1786259073.9992452,round_006_test_g1,test_final
0,0.0,9147.0,15360.0,77.0,31.17,1786259074.112166,round_007_train_g0,train_final
0,36.0,9147.0,15360.0,77.0,38.84,1786259079.1616147,round_007_train_g0,train_final
0,36.0,9147.0,15360.0,77.0,35.88,1786259084.2091062,round_007_train_g0,train_final
0,27.0,9147.0,15360.0,77.0,33.41,1786259089.2547565,round_007_train_g0,train_final
0,34.0,9249.0,15360.0,77.0,36.19,1786259094.3044708,round_007_train_g0,train_final
0,33.0,9357.0,15360.0,77.0,36.96,1786259099.3518035,round_007_train_g0,train_final
0,33.0,9357.0,15360.0,78.0,34.89,1786259104.4024706,round_007_train_g0,train_final
0,27.0,9527.0,15360.0,77.0,36.39,1786259109.4483316,round_007_train_g0,train_final
0,34.0,9527.0,15360.0,78.0,35.01,1786259114.4978504,round_007_train_g0,train_final
0,31.0,9527.0,15360.0,78.0,34.0,1786259119.546556,round_007_train_g0,train_final
0,35.0,9685.0,15360.0,78.0,36.94,1786259124.5944366,round_007_train_g0,train_final
0,33.0,9685.0,15360.0,77.0,36.17,1786259129.6417787,round_007_train_g0,train_final
0,29.0,9685.0,15360.0,77.0,34.89,1786259134.6891005,round_007_train_g0,train_final
0,27.0,9685.0,15360.0,76.0,34.79,1786259138.5886335,round_007_train_g0,train_final
1,35.0,8409.0,15360.0,76.0,40.54,1786259074.0884738,round_007_train_g1,train_final
1,37.0,8409.0,15360.0,76.0,34.44,1786259079.1331568,round_007_train_g1,train_final
1,36.0,8409.0,15360.0,76.0,36.53,1786259084.184646,round_007_train_g1,train_final
1,27.0,8409.0,15360.0,77.0,35.64,1786259089.2360098,round_007_train_g1,train_final
1,43.0,8409.0,15360.0,77.0,35.86,1786259094.285718,round_007_train_g1,train_final
1,33.0,8409.0,15360.0,77.0,37.61,1786259099.330378,round_007_train_g1,train_final
1,33.0,8409.0,15360.0,77.0,36.05,1786259104.3798926,round_007_train_g1,train_final
1,27.0,8409.0,15360.0,77.0,35.66,1786259109.4276671,round_007_train_g1,train_final
1,34.0,8409.0,15360.0,77.0,35.95,1786259114.4751759,round_007_train_g1,train_final
1,31.0,8409.0,15360.0,77.0,37.14,1786259119.5239391,round_007_train_g1,train_final
1,35.0,8409.0,15360.0,78.0,38.2,1786259124.5708325,round_007_train_g1,train_final
1,33.0,8409.0,15360.0,78.0,37.73,1786259129.619838,round_007_train_g1,train_final
1,29.0,8409.0,15360.0,78.0,37.31,1786259134.665952,round_007_train_g1,train_final
1,37.0,8409.0,15360.0,77.0,36.72,1786259139.7106926,round_007_train_g1,train_final
1,37.0,8409.0,15360.0,77.0,32.62,1786259140.4087853,round_007_train_g1,train_final
0,0.0,9685.0,15360.0,76.0,30.98,1786259140.5519066,round_007_test_g0,test_final
0,39.0,9685.0,15360.0,76.0,34.3,1786259145.6052399,round_007_test_g0,test_final
0,39.0,9685.0,15360.0,76.0,35.5,1786259150.6590977,round_007_test_g0,test_final
0,39.0,9685.0,15360.0,76.0,34.81,1786259155.716135,round_007_test_g0,test_final
0,38.0,9685.0,15360.0,76.0,34.42,1786259160.7707036,round_007_test_g0,test_final
0,39.0,9685.0,15360.0,76.0,34.81,1786259165.8270946,round_007_test_g0,test_final
0,40.0,9685.0,15360.0,77.0,34.38,1786259170.8836372,round_007_test_g0,test_final
0,40.0,9685.0,15360.0,77.0,34.4,1786259175.9326167,round_007_test_g0,test_final
0,38.0,9685.0,15360.0,77.0,35.28,1786259180.9852183,round_007_test_g0,test_final
0,38.0,9685.0,15360.0,77.0,34.81,1786259186.0418646,round_007_test_g0,test_final
0,37.0,9685.0,15360.0,77.0,33.41,1786259191.0950623,round_007_test_g0,test_final
0,38.0,9685.0,15360.0,78.0,34.08,1786259196.1527424,round_007_test_g0,test_final
0,37.0,9685.0,15360.0,78.0,34.22,1786259196.7247303,round_007_test_g0,test_final
1,12.0,8409.0,15360.0,77.0,31.93,1786259140.5490997,round_007_test_g1,test_final
1,39.0,8409.0,15360.0,77.0,36.35,1786259145.603416,round_007_test_g1,test_final
1,39.0,8409.0,15360.0,76.0,34.97,1786259150.660311,round_007_test_g1,test_final
1,38.0,8409.0,15360.0,76.0,34.08,1786259155.7159421,round_007_test_g1,test_final
1,40.0,8409.0,15360.0,76.0,35.26,1786259160.7712636,round_007_test_g1,test_final
1,40.0,8409.0,15360.0,76.0,36.47,1786259165.8270905,round_007_test_g1,test_final
1,38.0,8409.0,15360.0,77.0,34.67,1786259170.883707,round_007_test_g1,test_final
1,39.0,8409.0,15360.0,77.0,35.36,1786259175.9343247,round_007_test_g1,test_final
1,38.0,8409.0,15360.0,77.0,36.55,1786259180.9869516,round_007_test_g1,test_final
1,36.0,8409.0,15360.0,77.0,34.79,1786259186.042327,round_007_test_g1,test_final
1,39.0,8409.0,15360.0,77.0,35.36,1786259191.0961263,round_007_test_g1,test_final
1,39.0,8409.0,15360.0,78.0,36.74,1786259196.1526191,round_007_test_g1,test_final
1,39.0,8409.0,15360.0,78.0,33.21,1786259196.716807,round_007_test_g1,test_final
0,37.0,9685.0,15360.0,78.0,31.35,1786259196.82945,round_008_train_g0,train_final
0,36.0,9685.0,15360.0,78.0,38.15,1786259201.8744972,round_008_train_g0,train_final
0,34.0,9685.0,15360.0,78.0,38.05,1786259206.9195395,round_008_train_g0,train_final
0,34.0,9685.0,15360.0,77.0,35.01,1786259211.9695878,round_008_train_g0,train_final
0,35.0,9767.0,15360.0,77.0,34.47,1786259217.015169,round_008_train_g0,train_final
0,36.0,9853.0,15360.0,77.0,35.38,1786259222.0672846,round_008_train_g0,train_final
0,30.0,9853.0,15360.0,77.0,36.57,1786259227.114366,round_008_train_g0,train_final
0,35.0,10023.0,15360.0,77.0,36.37,1786259232.1601853,round_008_train_g0,train_final
0,34.0,10023.0,15360.0,77.0,34.0,1786259237.2055876,round_008_train_g0,train_final
0,33.0,10023.0,15360.0,77.0,34.91,1786259242.2546256,round_008_train_g0,train_final
0,32.0,10181.0,15360.0,77.0,36.67,1786259247.3011942,round_008_train_g0,train_final
0,34.0,10181.0,15360.0,77.0,37.75,1786259252.353628,round_008_train_g0,train_final
0,34.0,10181.0,15360.0,77.0,34.79,1786259257.4065397,round_008_train_g0,train_final
0,30.0,10181.0,15360.0,76.0,34.59,1786259261.6568043,round_008_train_g0,train_final
1,21.0,8409.0,15360.0,78.0,37.41,1786259196.8087184,round_008_train_g1,train_final
1,38.0,8409.0,15360.0,78.0,39.36,1786259201.8547163,round_008_train_g1,train_final
1,38.0,8409.0,15360.0,77.0,36.4,1786259206.9009547,round_008_train_g1,train_final
1,36.0,8409.0,15360.0,77.0,37.63,1786259211.9532206,round_008_train_g1,train_final
1,33.0,8409.0,15360.0,77.0,34.67,1786259216.9983437,round_008_train_g1,train_final
1,36.0,8409.0,15360.0,77.0,35.76,1786259222.0472274,round_008_train_g1,train_final
1,32.0,8409.0,15360.0,77.0,36.13,1786259227.0928798,round_008_train_g1,train_final
1,36.0,8409.0,15360.0,76.0,37.14,1786259232.1395855,round_008_train_g1,train_final
1,33.0,8409.0,15360.0,77.0,36.45,1786259237.1868901,round_008_train_g1,train_final
1,35.0,8409.0,15360.0,77.0,35.83,1786259242.233674,round_008_train_g1,train_final
1,33.0,8409.0,15360.0,77.0,36.45,1786259247.28384,round_008_train_g1,train_final
1,36.0,8409.0,15360.0,77.0,35.15,1786259252.344134,round_008_train_g1,train_final
1,35.0,8409.0,15360.0,77.0,37.71,1786259257.394423,round_008_train_g1,train_final
1,37.0,8409.0,15360.0,77.0,37.43,1786259262.4357398,round_008_train_g1,train_final
1,36.0,8409.0,15360.0,77.0,36.8,1786259263.6329215,round_008_train_g1,train_final
0,0.0,10181.0,15360.0,76.0,30.98,1786259263.7745829,round_008_test_g0,test_final
0,38.0,10181.0,15360.0,76.0,33.53,1786259268.8284676,round_008_test_g0,test_final
0,38.0,10181.0,15360.0,76.0,33.82,1786259273.8852155,round_008_test_g0,test_final
0,32.0,10181.0,15360.0,76.0,35.09,1786259278.938805,round_008_test_g0,test_final
0,39.0,10181.0,15360.0,77.0,35.09,1786259283.9946117,round_008_test_g0,test_final
0,31.0,10181.0,15360.0,77.0,33.41,1786259289.0495872,round_008_test_g0,test_final
0,38.0,10181.0,15360.0,77.0,34.89,1786259294.101881,round_008_test_g0,test_final
0,37.0,10181.0,15360.0,77.0,35.09,1786259299.1535301,round_008_test_g0,test_final
0,40.0,10181.0,15360.0,77.0,34.89,1786259304.2079773,round_008_test_g0,test_final
0,38.0,10181.0,15360.0,77.0,34.79,1786259309.2639024,round_008_test_g0,test_final
0,39.0,10181.0,15360.0,78.0,34.2,1786259314.3161247,round_008_test_g0,test_final
0,41.0,10181.0,15360.0,78.0,35.19,1786259319.3705933,round_008_test_g0,test_final
0,40.0,10181.0,15360.0,78.0,35.58,1786259320.2091248,round_008_test_g0,test_final
1,11.0,8409.0,15360.0,77.0,32.72,1786259263.7738445,round_008_test_g1,test_final
1,33.0,8409.0,15360.0,77.0,34.2,1786259268.8285918,round_008_test_g1,test_final
1,39.0,8409.0,15360.0,77.0,36.47,1786259273.8829837,round_008_test_g1,test_final
1,31.0,8409.0,15360.0,77.0,36.15,1786259278.9378283,round_008_test_g1,test_final
1,39.0,8409.0,15360.0,77.0,34.2,1786259283.993096,round_008_test_g1,test_final
1,32.0,8409.0,15360.0,77.0,36.47,1786259289.0496254,round_008_test_g1,test_final
1,39.0,8409.0,15360.0,77.0,36.03,1786259294.1007261,round_008_test_g1,test_final
1,39.0,8409.0,15360.0,77.0,35.28,1786259299.1517298,round_008_test_g1,test_final
1,40.0,8409.0,15360.0,77.0,35.97,1786259304.2080464,round_008_test_g1,test_final
1,37.0,8409.0,15360.0,77.0,36.03,1786259309.2639022,round_008_test_g1,test_final
1,39.0,8409.0,15360.0,77.0,36.25,1786259314.3131092,round_008_test_g1,test_final
1,40.0,8409.0,15360.0,77.0,32.42,1786259319.3696601,round_008_test_g1,test_final
1,40.0,8409.0,15360.0,77.0,32.42,1786259319.4117436,round_008_test_g1,test_final
0,32.0,10181.0,15360.0,78.0,31.65,1786259320.3226514,round_009_train_g0,train_final
0,29.0,10181.0,15360.0,78.0,35.6,1786259325.3750796,round_009_train_g0,train_final
0,34.0,10181.0,15360.0,77.0,36.37,1786259330.4208405,round_009_train_g0,train_final
0,31.0,10181.0,15360.0,77.0,35.26,1786259335.4689167,round_009_train_g0,train_final
0,37.0,10181.0,15360.0,77.0,36.57,1786259340.513736,round_009_train_g0,train_final
0,32.0,10181.0,15360.0,77.0,34.4,1786259345.5616922,round_009_train_g0,train_final
0,33.0,10181.0,15360.0,77.0,34.1,1786259350.6105716,round_009_train_g0,train_final
0,35.0,10181.0,15360.0,77.0,35.88,1786259355.658495,round_009_train_g0,train_final
0,37.0,10181.0,15360.0,77.0,37.08,1786259360.7049863,round_009_train_g0,train_final
0,32.0,10181.0,15360.0,77.0,35.78,1786259365.7518494,round_009_train_g0,train_final
0,33.0,10181.0,15360.0,76.0,34.89,1786259370.8027487,round_009_train_g0,train_final
0,32.0,10181.0,15360.0,76.0,33.8,1786259375.8487253,round_009_train_g0,train_final
0,33.0,10181.0,15360.0,76.0,36.59,1786259380.9033365,round_009_train_g0,train_final
0,30.0,10181.0,15360.0,76.0,31.95,1786259384.3660865,round_009_train_g0,train_final
1,0.0,8409.0,15360.0,77.0,31.83,1786259320.2965922,round_009_train_g1,train_final
1,31.0,8409.0,15360.0,77.0,36.13,1786259325.3489306,round_009_train_g1,train_final
1,35.0,8409.0,15360.0,77.0,36.9,1786259330.395966,round_009_train_g1,train_final
1,31.0,8409.0,15360.0,77.0,35.95,1786259335.4422846,round_009_train_g1,train_final
1,44.0,8409.0,15360.0,77.0,36.55,1786259340.4891653,round_009_train_g1,train_final
1,29.0,8409.0,15360.0,77.0,37.93,1786259345.5378435,round_009_train_g1,train_final
1,32.0,8409.0,15360.0,77.0,38.32,1786259350.588229,round_009_train_g1,train_final
1,34.0,8409.0,15360.0,77.0,37.51,1786259355.6353393,round_009_train_g1,train_final
1,35.0,8409.0,15360.0,77.0,36.43,1786259360.6849418,round_009_train_g1,train_final
1,30.0,8409.0,15360.0,77.0,36.92,1786259365.7341492,round_009_train_g1,train_final
1,33.0,8409.0,15360.0,77.0,38.12,1786259370.7859023,round_009_train_g1,train_final
1,32.0,8409.0,15360.0,77.0,37.33,1786259375.8321817,round_009_train_g1,train_final
1,33.0,8409.0,15360.0,77.0,35.93,1786259380.8859057,round_009_train_g1,train_final
1,37.0,8409.0,15360.0,77.0,35.32,1786259385.92664,round_009_train_g1,train_final
1,37.0,8409.0,15360.0,77.0,37.71,1786259386.1906555,round_009_train_g1,train_final
0,0.0,10181.0,15360.0,76.0,31.17,1786259386.3328583,round_009_test_g0,test_final
0,39.0,10181.0,15360.0,77.0,35.28,1786259391.3904388,round_009_test_g0,test_final
0,39.0,10181.0,15360.0,77.0,34.38,1786259396.4421177,round_009_test_g0,test_final
0,39.0,10181.0,15360.0,77.0,35.01,1786259401.4962623,round_009_test_g0,test_final
0,40.0,10181.0,15360.0,77.0,33.03,1786259406.548722,round_009_test_g0,test_final
0,38.0,10181.0,15360.0,77.0,34.89,1786259411.6061356,round_009_test_g0,test_final
0,36.0,10181.0,15360.0,77.0,34.89,1786259416.6650653,round_009_test_g0,test_final
0,39.0,10181.0,15360.0,77.0,35.58,1786259421.7224095,round_009_test_g0,test_final
0,40.0,10181.0,15360.0,77.0,35.68,1786259426.77755,round_009_test_g0,test_final
0,40.0,10181.0,15360.0,78.0,34.42,1786259431.8340063,round_009_test_g0,test_final
0,40.0,10181.0,15360.0,78.0,35.28,1786259436.8876603,round_009_test_g0,test_final
0,39.0,10181.0,15360.0,78.0,35.97,1786259441.2177796,round_009_test_g0,test_final
1,31.0,8409.0,15360.0,77.0,34.69,1786259386.3336818,round_009_test_g1,test_final
1,39.0,8409.0,15360.0,77.0,35.86,1786259391.3900802,round_009_test_g1,test_final
1,39.0,8409.0,15360.0,77.0,35.83,1786259396.442322,round_009_test_g1,test_final
1,38.0,8409.0,15360.0,77.0,36.03,1786259401.4964185,round_009_test_g1,test_final
1,39.0,8409.0,15360.0,77.0,33.78,1786259406.5483754,round_009_test_g1,test_final
1,40.0,8409.0,15360.0,77.0,36.45,1786259411.606467,round_009_test_g1,test_final
1,39.0,8409.0,15360.0,77.0,35.36,1786259416.6648822,round_009_test_g1,test_final
1,39.0,8409.0,15360.0,77.0,34.18,1786259421.7247012,round_009_test_g1,test_final
1,39.0,8409.0,15360.0,77.0,36.37,1786259426.77935,round_009_test_g1,test_final
1,37.0,8409.0,15360.0,77.0,35.86,1786259431.8316336,round_009_test_g1,test_final
1,39.0,8409.0,15360.0,77.0,33.9,1786259436.885894,round_009_test_g1,test_final
1,40.0,8409.0,15360.0,77.0,35.46,1786259441.9313214,round_009_test_g1,test_final
1,40.0,8409.0,15360.0,77.0,32.62,1786259442.4131389,round_009_test_g1,test_final
0,1.0,10181.0,15360.0,78.0,31.45,1786259442.5275583,round_010_train_g0,train_final
0,31.0,10181.0,15360.0,77.0,34.3,1786259447.576706,round_010_train_g0,train_final
0,36.0,10181.0,15360.0,77.0,34.3,1786259452.6261644,round_010_train_g0,train_final
0,37.0,10181.0,15360.0,76.0,37.06,1786259457.6722488,round_010_train_g0,train_final
0,36.0,10181.0,15360.0,76.0,35.97,1786259462.7181578,round_010_train_g0,train_final
0,37.0,10181.0,15360.0,76.0,37.24,1786259467.7680016,round_010_train_g0,train_final
0,31.0,10181.0,15360.0,77.0,33.21,1786259472.8177402,round_010_train_g0,train_final
0,29.0,10181.0,15360.0,77.0,36.05,1786259477.8646362,round_010_train_g0,train_final
0,31.0,10181.0,15360.0,77.0,36.25,1786259482.9122958,round_010_train_g0,train_final
0,30.0,10181.0,15360.0,77.0,36.25,1786259487.957599,round_010_train_g0,train_final
0,37.0,10181.0,15360.0,77.0,33.61,1786259493.0059059,round_010_train_g0,train_final
0,27.0,10181.0,15360.0,77.0,35.09,1786259498.052285,round_010_train_g0,train_final
0,29.0,10181.0,15360.0,77.0,37.14,1786259503.0994604,round_010_train_g0,train_final
0,29.0,10181.0,15360.0,78.0,36.86,1786259506.1016977,round_010_train_g0,train_final
1,22.0,8409.0,15360.0,77.0,36.45,1786259442.5016897,round_010_train_g1,train_final
1,33.0,8409.0,15360.0,77.0,36.84,1786259447.5512986,round_010_train_g1,train_final
1,37.0,8409.0,15360.0,77.0,35.54,1786259452.6000948,round_010_train_g1,train_final
1,34.0,8409.0,15360.0,77.0,38.2,1786259457.6465306,round_010_train_g1,train_final
1,36.0,8409.0,15360.0,77.0,35.52,1786259462.6932797,round_010_train_g1,train_final
1,37.0,8409.0,15360.0,77.0,37.53,1786259467.741847,round_010_train_g1,train_final
1,30.0,8409.0,15360.0,77.0,36.43,1786259472.789176,round_010_train_g1,train_final
1,30.0,8409.0,15360.0,77.0,36.82,1786259477.835464,round_010_train_g1,train_final
1,33.0,8409.0,15360.0,77.0,36.05,1786259482.883335,round_010_train_g1,train_final
1,29.0,8409.0,15360.0,77.0,35.26,1786259487.930449,round_010_train_g1,train_final
1,37.0,8409.0,15360.0,77.0,35.66,1786259492.9801714,round_010_train_g1,train_final
1,27.0,8409.0,15360.0,77.0,35.83,1786259498.0302691,round_010_train_g1,train_final
1,29.0,8409.0,15360.0,77.0,35.24,1786259503.0787272,round_010_train_g1,train_final
1,34.0,8409.0,15360.0,77.0,35.66,1786259508.0734348,round_010_train_g1,train_final
0,0.0,10181.0,15360.0,77.0,31.35,1786259508.2200425,round_010_test_g0,test_final
0,39.0,10181.0,15360.0,77.0,34.67,1786259513.2742217,round_010_test_g0,test_final
0,39.0,10181.0,15360.0,77.0,33.82,1786259518.3299227,round_010_test_g0,test_final
0,40.0,10181.0,15360.0,77.0,34.99,1786259523.3811898,round_010_test_g0,test_final
0,39.0,10181.0,15360.0,77.0,34.2,1786259528.4437454,round_010_test_g0,test_final
0,39.0,10181.0,15360.0,78.0,35.9,1786259533.498687,round_010_test_g0,test_final
0,36.0,10181.0,15360.0,78.0,33.9,1786259538.5543518,round_010_test_g0,test_final
0,40.0,10181.0,15360.0,77.0,34.99,1786259543.6124794,round_010_test_g0,test_final
0,38.0,10181.0,15360.0,77.0,35.38,1786259548.6641335,round_010_test_g0,test_final
0,38.0,10181.0,15360.0,76.0,34.12,1786259553.7167683,round_010_test_g0,test_final
0,32.0,10181.0,15360.0,76.0,34.42,1786259558.7922964,round_010_test_g0,test_final
0,38.0,10181.0,15360.0,76.0,34.69,1786259563.0176516,round_010_test_g0,test_final
1,10.0,8409.0,15360.0,77.0,31.83,1786259508.220577,round_010_test_g1,test_final
1,39.0,8409.0,15360.0,77.0,34.79,1786259513.2730508,round_010_test_g1,test_final
1,39.0,8409.0,15360.0,77.0,35.07,1786259518.3277411,round_010_test_g1,test_final
1,39.0,8409.0,15360.0,77.0,36.27,1786259523.3797553,round_010_test_g1,test_final
1,39.0,8409.0,15360.0,77.0,35.86,1786259528.4460557,round_010_test_g1,test_final
1,39.0,8409.0,15360.0,77.0,34.08,1786259533.5006082,round_010_test_g1,test_final
1,39.0,8409.0,15360.0,77.0,34.57,1786259538.5541883,round_010_test_g1,test_final
1,40.0,8409.0,15360.0,77.0,36.57,1786259543.610442,round_010_test_g1,test_final
1,38.0,8409.0,15360.0,77.0,33.61,1786259548.6617367,round_010_test_g1,test_final
1,38.0,8409.0,15360.0,77.0,35.66,1786259553.7169828,round_010_test_g1,test_final
1,36.0,8409.0,15360.0,77.0,36.17,1786259558.7898245,round_010_test_g1,test_final
1,40.0,8409.0,15360.0,77.0,36.17,1786259563.8308587,round_010_test_g1,test_final
1,35.0,8409.0,15360.0,77.0,36.35,1786259564.678102,round_010_test_g1,test_final
