candidate_id,search_epoch,global_step,feature_ids,feature_names,subset_size,weighted_micro_f1,weighted_macro_f1,baseline_performance,compactness,reward,communication_bytes,communication_bytes_cumulative,per_client
1,1,100,"[1, 5, 7, 11, 12, 18, 21]","[""AVG"", ""Max"", ""syn_count"", ""syn_flag_number"", ""rst_flag_number"", ""rst_count"", ""ICMP""]",7,0.6025245337089671,0.034733191473818766,0.8321869969367981,0.72,0.6250337536772169,180,180,"[{""client_id"": 1, ""model_family"": ""transformer"", ""feature_ids"": [1, 5, 7, 11, 12, 18, 21], ""subset_size"": 7, ""micro_f1"": 0.8775380710659898, ""macro_f1"": 0.02749339005625907, ""validation_loss"": 0.6682079334549492, ""train_loss"": 1.2041182224184392, ""seconds"": 0.2932599499999924, ""gpu_id"": 0, ""candidate_id"": 1, ""sample_weight"": 0.0008752009911046531}, {""client_id"": 2, ""model_family"": ""transformer"", ""feature_ids"": [1, 5, 7, 11, 12, 18, 21], ""subset_size"": 7, ""micro_f1"": 0.3606, ""macro_f1"": 0.03692922327665085, ""validation_loss"": 1.63986123046875, ""train_loss"": 2.0532852644814383, ""seconds"": 0.8266098930002954, ""gpu_id"": 1, ""candidate_id"": 1, ""sample_weight"": 0.061408177662345804}, {""client_id"": 3, ""model_family"": ""transformer"", ""feature_ids"": [1, 5, 7, 11, 12, 18, 21], ""subset_size"": 7, ""micro_f1"": 0.8258, ""macro_f1"": 0.05196518762207244, ""validation_loss"": 0.6972536987304687, ""train_loss"": 1.050752458328671, ""seconds"": 0.8241130030000932, ""gpu_id"": 0, ""candidate_id"": 1, ""sample_weight"": 0.10352608384640223}, {""client_id"": 4, ""model_family"": ""transformer"", ""feature_ids"": [1, 5, 7, 11, 12, 18, 21], ""subset_size"": 7, ""micro_f1"": 0.8287, ""macro_f1"": 0.02727434189046475, ""validation_loss"": 0.5858397216796875, ""train_loss"": 0.8338279645178053, ""seconds"": 0.806797779000135, ""gpu_id"": 1, ""candidate_id"": 1, ""sample_weight"": 0.05331880053778213}, {""client_id"": 5, ""model_family"": ""transformer"", ""feature_ids"": [1, 5, 7, 11, 12, 18, 21], ""subset_size"": 7, ""micro_f1"": 0.9488, ""macro_f1"": 0.05585590198059907, ""validation_loss"": 0.2782457962036133, ""train_loss"": 0.6436821842776405, ""seconds"": 0.7758256300003268, ""gpu_id"": 0, ""candidate_id"": 1, ""sample_weight"": 0.07030155005722065}, {""client_id"": 6, ""model_family"": ""gru"", ""feature_ids"": [1, 5, 7, 11, 12, 18, 21], ""subset_size"": 7, ""micro_f1"": 0.8468, ""macro_f1"": 0.026971932372689165, ""validation_loss"": 1.08852392578125, ""train_loss"": 2.395769354777866, ""seconds"": 0.4071260400000938, ""gpu_id"": 1, ""candidate_id"": 1, ""sample_weight"": 0.07459801933327874}, {""client_id"": 7, ""model_family"": ""gru"", ""feature_ids"": [1, 5, 7, 11, 12, 18, 21], ""subset_size"": 7, ""micro_f1"": 0.8645, ""macro_f1"": 0.027274304733961165, ""validation_loss"": 0.8993306274414062, ""train_loss"": 2.060648079564836, ""seconds"": 0.38693922599986763, ""gpu_id"": 1, ""candidate_id"": 1, ""sample_weight"": 0.05067317481195735}, {""client_id"": 8, ""model_family"": ""gru"", ""feature_ids"": [1, 5, 7, 11, 12, 18, 21], ""subset_size"": 7, ""micro_f1"": 0.4011, ""macro_f1"": 0.037862093846608644, ""validation_loss"": 2.763487890625, ""train_loss"": 3.1746438147650826, ""seconds"": 0.3693034660000194, ""gpu_id"": 1, ""candidate_id"": 1, ""sample_weight"": 0.354287210681253}, {""client_id"": 9, ""model_family"": ""gru"", ""feature_ids"": [1, 5, 7, 11, 12, 18, 21], ""subset_size"": 7, ""micro_f1"": 0.7576, ""macro_f1"": 0.025366977392049714, ""validation_loss"": 1.1766272216796876, ""train_loss"": 1.9287556442896525, ""seconds"": 0.37744840599998497, ""gpu_id"": 0, ""candidate_id"": 1, ""sample_weight"": 0.12090074249549396}, {""client_id"": 10, ""model_family"": ""gru"", ""feature_ids"": [1, 5, 7, 11, 12, 18, 21], ""subset_size"": 7, ""micro_f1"": 0.3865, ""macro_f1"": 0.016397615663647357, ""validation_loss"": 2.33036142578125, ""train_loss"": 2.9854778106689452, ""seconds"": 0.4091362589997516, ""gpu_id"": 0, ""candidate_id"": 1, ""sample_weight"": 0.11011103958316146}]"
2,1,200,"[2, 4, 6, 7, 10, 11, 13, 16, 18, 19]","[""Std"", ""fin_count"", ""TCP"", ""syn_count"", ""IAT"", ""syn_flag_number"", ""Tot sum"", ""fin_flag_number"", ""rst_count"", ""Header_Length""]",10,0.5709441423144439,0.029439476546250416,0.7351629734039307,0.6,0.5235781168910514,240,420,"[{""client_id"": 1, ""model_family"": ""transformer"", ""feature_ids"": [2, 4, 6, 7, 10, 11, 13, 16, 18, 19], ""subset_size"": 10, ""micro_f1"": 0.8775380710659898, ""macro_f1"": 0.02749339005625907, ""validation_loss"": 0.6111731940719682, ""train_loss"": 1.1671994748723353, ""seconds"": 0.24575144300024476, ""gpu_id"": 0, ""candidate_id"": 2, ""sample_weight"": 0.0008752009911046531}, {""client_id"": 2, ""model_family"": ""transformer"", ""feature_ids"": [2, 4, 6, 7, 10, 11, 13, 16, 18, 19], ""subset_size"": 10, ""micro_f1"": 0.5778, ""macro_f1"": 0.06333137292612108, ""validation_loss"": 1.3880921875, ""train_loss"": 1.8944321130964492, ""seconds"": 0.7571252820002883, ""gpu_id"": 1, ""candidate_id"": 2, ""sample_weight"": 0.061408177662345804}, {""client_id"": 3, ""model_family"": ""transformer"", ""feature_ids"": [2, 4, 6, 7, 10, 11, 13, 16, 18, 19], ""subset_size"": 10, ""micro_f1"": 0.8266, ""macro_f1"": 0.05205417180637644, ""validation_loss"": 0.7265430969238281, ""train_loss"": 1.0205517474386427, ""seconds"": 0.7688829749999968, ""gpu_id"": 0, ""candidate_id"": 2, ""sample_weight"": 0.10352608384640223}, {""client_id"": 4, ""model_family"": ""transformer"", ""feature_ids"": [2, 4, 6, 7, 10, 11, 13, 16, 18, 19], ""subset_size"": 10, ""micro_f1"": 0.8274, ""macro_f1"": 0.02757942798589012, ""validation_loss"": 0.5586939819335938, ""train_loss"": 0.8107368372387356, ""seconds"": 0.7547521729998152, ""gpu_id"": 1, ""candidate_id"": 2, ""sample_weight"": 0.05331880053778213}, {""client_id"": 5, ""model_family"": ""transformer"", ""feature_ids"": [2, 4, 6, 7, 10, 11, 13, 16, 18, 19], ""subset_size"": 10, ""micro_f1"": 0.956, ""macro_f1"": 0.05655916588889441, ""validation_loss"": 0.25358780212402343, ""train_loss"": 0.5578250380674998, ""seconds"": 0.7770504660002189, ""gpu_id"": 0, ""candidate_id"": 2, ""sample_weight"": 0.07030155005722065}, {""client_id"": 6, ""model_family"": ""gru"", ""feature_ids"": [2, 4, 6, 7, 10, 11, 13, 16, 18, 19], ""subset_size"": 10, ""micro_f1"": 0.9809, ""macro_f1"": 0.05665762513787034, ""validation_loss"": 0.8793679443359375, ""train_loss"": 2.3044174830966524, ""seconds"": 0.401814860000286, ""gpu_id"": 1, ""candidate_id"": 2, ""sample_weight"": 0.07459801933327874}, {""client_id"": 7, ""model_family"": ""gru"", ""feature_ids"": [2, 4, 6, 7, 10, 11, 13, 16, 18, 19], ""subset_size"": 10, ""micro_f1"": 0.8645, ""macro_f1"": 0.027274304733961165, ""validation_loss"": 0.9913662353515625, ""train_loss"": 2.3216053194999695, ""seconds"": 0.40239880199987965, ""gpu_id"": 1, ""candidate_id"": 2, ""sample_weight"": 0.05067317481195735}, {""client_id"": 8, ""model_family"": ""gru"", ""feature_ids"": [2, 4, 6, 7, 10, 11, 13, 16, 18, 19], ""subset_size"": 10, ""micro_f1"": 0.2441, ""macro_f1"": 0.011555467189290009, ""validation_loss"": 2.79050771484375, ""train_loss"": 3.196792665227254, ""seconds"": 0.3616000410002016, ""gpu_id"": 1, ""candidate_id"": 2, ""sample_weight"": 0.354287210681253}, {""client_id"": 9, ""model_family"": ""gru"", ""feature_ids"": [2, 4, 6, 7, 10, 11, 13, 16, 18, 19], ""subset_size"": 10, ""micro_f1"": 0.7581, ""macro_f1"": 0.025422876379302965, ""validation_loss"": 1.3542541259765626, ""train_loss"": 2.319575801849365, ""seconds"": 0.389524695000091, ""gpu_id"": 0, ""candidate_id"": 2, ""sample_weight"": 0.12090074249549396}, {""client_id"": 10, ""model_family"": ""gru"", ""feature_ids"": [2, 4, 6, 7, 10, 11, 13, 16, 18, 19], ""subset_size"": 10, ""micro_f1"": 0.3876, ""macro_f1"": 0.01738667991939279, ""validation_loss"": 2.166655615234375, ""train_loss"": 2.8500155879126656, ""seconds"": 0.3939492359995711, ""gpu_id"": 0, ""candidate_id"": 2, ""sample_weight"": 0.11011103958316146}]"
3,1,300,"[2, 4, 5, 7, 9, 12, 13, 14, 18, 21, 23]","[""Std"", ""fin_count"", ""Max"", ""syn_count"", ""Rate"", ""rst_flag_number"", ""Tot sum"", ""HTTPS"", ""rst_count"", ""ICMP"", ""ARP""]",11,0.5087222849780054,0.024388872463081437,0.9164644479751587,0.56,0.4632257837002848,260,680,"[{""client_id"": 1, ""model_family"": ""transformer"", ""feature_ids"": [2, 4, 5, 7, 9, 12, 13, 14, 18, 21, 23], ""subset_size"": 11, ""micro_f1"": 0.8775380710659898, ""macro_f1"": 0.02749339005625907, ""validation_loss"": 0.6556814745598033, ""train_loss"": 1.169252255073188, ""seconds"": 0.2579897619998519, ""gpu_id"": 0, ""candidate_id"": 3, ""sample_weight"": 0.0008752009911046531}, {""client_id"": 2, ""model_family"": ""transformer"", ""feature_ids"": [2, 4, 5, 7, 9, 12, 13, 14, 18, 21, 23], ""subset_size"": 11, ""micro_f1"": 0.2658, ""macro_f1"": 0.031978049575132464, ""validation_loss"": 1.913621875, ""train_loss"": 2.1963611543019614, ""seconds"": 0.829728237999916, ""gpu_id"": 1, ""candidate_id"": 3, ""sample_weight"": 0.061408177662345804}, {""client_id"": 3, ""model_family"": ""transformer"", ""feature_ids"": [2, 4, 5, 7, 9, 12, 13, 14, 18, 21, 23], ""subset_size"": 11, ""micro_f1"": 0.55, ""macro_f1"": 0.03374199366724963, ""validation_loss"": 1.109356298828125, ""train_loss"": 1.3938893465042115, ""seconds"": 0.835436338999898, ""gpu_id"": 0, ""candidate_id"": 3, ""sample_weight"": 0.10352608384640223}, {""client_id"": 4, ""model_family"": ""transformer"", ""feature_ids"": [2, 4, 5, 7, 9, 12, 13, 14, 18, 21, 23], ""subset_size"": 11, ""micro_f1"": 0.8261, ""macro_f1"": 0.026896648926627176, ""validation_loss"": 0.5489305236816406, ""train_loss"": 0.8031685338868035, ""seconds"": 0.7850010940001084, ""gpu_id"": 1, ""candidate_id"": 3, ""sample_weight"": 0.05331880053778213}, {""client_id"": 5, ""model_family"": ""transformer"", ""feature_ids"": [2, 4, 5, 7, 9, 12, 13, 14, 18, 21, 23], ""subset_size"": 11, ""micro_f1"": 0.9576, ""macro_f1"": 0.05681203655217444, ""validation_loss"": 0.28558072814941404, ""train_loss"": 0.6642658791859944, ""seconds"": 0.8093241740002668, ""gpu_id"": 0, ""candidate_id"": 3, ""sample_weight"": 0.07030155005722065}, {""client_id"": 6, ""model_family"": ""gru"", ""feature_ids"": [2, 4, 5, 7, 9, 12, 13, 14, 18, 21, 23], ""subset_size"": 11, ""micro_f1"": 0.8468, ""macro_f1"": 0.026971932372689165, ""validation_loss"": 0.7934278198242187, ""train_loss"": 1.9749953236050075, ""seconds"": 0.4006596790000003, ""gpu_id"": 1, ""candidate_id"": 3, ""sample_weight"": 0.07459801933327874}, {""client_id"": 7, ""model_family"": ""gru"", ""feature_ids"": [2, 4, 5, 7, 9, 12, 13, 14, 18, 21, 23], ""subset_size"": 11, ""micro_f1"": 0.8645, ""macro_f1"": 0.02727723069059196, ""validation_loss"": 0.7541271423339844, ""train_loss"": 1.6138692155096266, ""seconds"": 0.3696128870001303, ""gpu_id"": 1, ""candidate_id"": 3, ""sample_weight"": 0.05067317481195735}, {""client_id"": 8, ""model_family"": ""gru"", ""feature_ids"": [2, 4, 5, 7, 9, 12, 13, 14, 18, 21, 23], ""subset_size"": 11, ""micro_f1"": 0.2318, ""macro_f1"": 0.014633977592689505, ""validation_loss"": 2.6655796875, ""train_loss"": 3.1282906684451635, ""seconds"": 0.3598233349998736, ""gpu_id"": 1, ""candidate_id"": 3, ""sample_weight"": 0.354287210681253}, {""client_id"": 9, ""model_family"": ""gru"", ""feature_ids"": [2, 4, 5, 7, 9, 12, 13, 14, 18, 21, 23], ""subset_size"": 11, ""micro_f1"": 0.7582, ""macro_f1"": 0.02560267562779312, ""validation_loss"": 1.1994247314453126, ""train_loss"": 1.9480598904503716, ""seconds"": 0.3674551250001059, ""gpu_id"": 0, ""candidate_id"": 3, ""sample_weight"": 0.12090074249549396}, {""client_id"": 10, ""model_family"": ""gru"", ""feature_ids"": [2, 4, 5, 7, 9, 12, 13, 14, 18, 21, 23], ""subset_size"": 11, ""micro_f1"": 0.3865, ""macro_f1"": 0.016397615663647357, ""validation_loss"": 2.3226015625, ""train_loss"": 2.9909610248565675, ""seconds"": 0.3865758960000676, ""gpu_id"": 0, ""candidate_id"": 3, ""sample_weight"": 0.11011103958316146}]"
4,1,400,"[3, 4, 5, 6, 9, 10, 11, 12, 16, 20, 21]","[""UDP"", ""fin_count"", ""Max"", ""TCP"", ""Rate"", ""IAT"", ""syn_flag_number"", ""rst_flag_number"", ""fin_flag_number"", ""psh_flag_number"", ""ICMP""]",11,0.6233427507053777,0.03541001652363573,0.7132418155670166,0.56,0.49501009351383624,260,940,"[{""client_id"": 1, ""model_family"": ""transformer"", ""feature_ids"": [3, 4, 5, 6, 9, 10, 11, 12, 16, 20, 21], ""subset_size"": 11, ""micro_f1"": 0.8775380710659898, ""macro_f1"": 0.02749339005625907, ""validation_loss"": 0.6314981528345098, ""train_loss"": 1.1661539719525664, ""seconds"": 0.2374518699998589, ""gpu_id"": 0, ""candidate_id"": 4, ""sample_weight"": 0.0008752009911046531}, {""client_id"": 2, ""model_family"": ""transformer"", ""feature_ids"": [3, 4, 5, 6, 9, 10, 11, 12, 16, 20, 21], ""subset_size"": 11, ""micro_f1"": 0.4445, ""macro_f1"": 0.037926463568115236, ""validation_loss"": 1.84409677734375, ""train_loss"": 2.1645522783491344, ""seconds"": 0.7852383029999146, ""gpu_id"": 1, ""candidate_id"": 4, ""sample_weight"": 0.061408177662345804}, {""client_id"": 3, ""model_family"": ""transformer"", ""feature_ids"": [3, 4, 5, 6, 9, 10, 11, 12, 16, 20, 21], ""subset_size"": 11, ""micro_f1"": 0.8054, ""macro_f1"": 0.05073845546879676, ""validation_loss"": 0.9961604614257813, ""train_loss"": 1.3226526713901097, ""seconds"": 0.8351905290001014, ""gpu_id"": 0, ""candidate_id"": 4, ""sample_weight"": 0.10352608384640223}, {""client_id"": 4, ""model_family"": ""transformer"", ""feature_ids"": [3, 4, 5, 6, 9, 10, 11, 12, 16, 20, 21], ""subset_size"": 11, ""micro_f1"": 0.8305, ""macro_f1"": 0.026688304384851452, ""validation_loss"": 0.60550087890625, ""train_loss"": 0.8650655980216132, ""seconds"": 0.7760956570000417, ""gpu_id"": 1, ""candidate_id"": 4, ""sample_weight"": 0.05331880053778213}, {""client_id"": 5, ""model_family"": ""transformer"", ""feature_ids"": [3, 4, 5, 6, 9, 10, 11, 12, 16, 20, 21], ""subset_size"": 11, ""micro_f1"": 0.95, ""macro_f1"": 0.05622634523585301, ""validation_loss"": 0.26938988952636717, ""train_loss"": 0.6001337245199415, ""seconds"": 0.7527960669999629, ""gpu_id"": 0, ""candidate_id"": 4, ""sample_weight"": 0.07030155005722065}, {""client_id"": 6, ""model_family"": ""gru"", ""feature_ids"": [3, 4, 5, 6, 9, 10, 11, 12, 16, 20, 21], ""subset_size"": 11, ""micro_f1"": 0.8468, ""macro_f1"": 0.026971932372689165, ""validation_loss"": 0.9101483154296875, ""train_loss"": 2.2491267443021137, ""seconds"": 0.3460736890001499, ""gpu_id"": 1, ""candidate_id"": 4, ""sample_weight"": 0.07459801933327874}, {""client_id"": 7, ""model_family"": ""gru"", ""feature_ids"": [3, 4, 5, 6, 9, 10, 11, 12, 16, 20, 21], ""subset_size"": 11, ""micro_f1"": 0.8645, ""macro_f1"": 0.027274304733961165, ""validation_loss"": 0.7889094482421874, ""train_loss"": 1.7719988510979547, ""seconds"": 0.35714605499970276, ""gpu_id"": 1, ""candidate_id"": 4, ""sample_weight"": 0.05067317481195735}, {""client_id"": 8, ""model_family"": ""gru"", ""feature_ids"": [3, 4, 5, 6, 9, 10, 11, 12, 16, 20, 21], ""subset_size"": 11, ""micro_f1"": 0.4506, ""macro_f1"": 0.039952189410372665, ""validation_loss"": 2.6604498046875, ""train_loss"": 3.1269482431199815, ""seconds"": 0.34491367600003286, ""gpu_id"": 1, ""candidate_id"": 4, ""sample_weight"": 0.354287210681253}, {""client_id"": 9, ""model_family"": ""gru"", ""feature_ids"": [3, 4, 5, 6, 9, 10, 11, 12, 16, 20, 21], ""subset_size"": 11, ""micro_f1"": 0.7581, ""macro_f1"": 0.025427316732460976, ""validation_loss"": 1.2004567993164061, ""train_loss"": 1.9547450987286037, ""seconds"": 0.34555296399958024, ""gpu_id"": 0, ""candidate_id"": 4, ""sample_weight"": 0.12090074249549396}, {""client_id"": 10, ""model_family"": ""gru"", ""feature_ids"": [3, 4, 5, 6, 9, 10, 11, 12, 16, 20, 21], ""subset_size"": 11, ""micro_f1"": 0.3865, ""macro_f1"": 0.016397615663647357, ""validation_loss"": 2.32536044921875, ""train_loss"": 2.972701335355971, ""seconds"": 0.36361143200019796, ""gpu_id"": 0, ""candidate_id"": 4, ""sample_weight"": 0.11011103958316146}]"
5,1,500,"[0, 4, 7, 9, 12, 14, 15, 18, 20, 21, 23, 24]","[""ack_flag_number"", ""fin_count"", ""syn_count"", ""Rate"", ""rst_flag_number"", ""HTTPS"", ""ack_count"", ""rst_count"", ""psh_flag_number"", ""ICMP"", ""ARP"", ""DNS""]",12,0.5200075491546233,0.02418382441771963,0.327693909406662,0.52,0.48723136397479616,280,1220,"[{""client_id"": 1, ""model_family"": ""transformer"", ""feature_ids"": [0, 4, 7, 9, 12, 14, 15, 18, 20, 21, 23, 24], ""subset_size"": 12, ""micro_f1"": 0.8775380710659898, ""macro_f1"": 0.02749339005625907, ""validation_loss"": 0.6212486228361953, ""train_loss"": 1.1640428969971688, ""seconds"": 0.2515276979997907, ""gpu_id"": 0, ""candidate_id"": 5, ""sample_weight"": 0.0008752009911046531}, {""client_id"": 2, ""model_family"": ""transformer"", ""feature_ids"": [0, 4, 7, 9, 12, 14, 15, 18, 20, 21, 23, 24], ""subset_size"": 12, ""micro_f1"": 0.4867, ""macro_f1"": 0.047311394162959104, ""validation_loss"": 1.600697412109375, ""train_loss"": 2.0057809250089855, ""seconds"": 0.7836900199999945, ""gpu_id"": 1, ""candidate_id"": 5, ""sample_weight"": 0.061408177662345804}, {""client_id"": 3, ""model_family"": ""transformer"", ""feature_ids"": [0, 4, 7, 9, 12, 14, 15, 18, 20, 21, 23, 24], ""subset_size"": 12, ""micro_f1"": 0.5978, ""macro_f1"": 0.03655662926692177, ""validation_loss"": 1.076877001953125, ""train_loss"": 1.3666497826894124, ""seconds"": 0.8056159630000366, ""gpu_id"": 0, ""candidate_id"": 5, ""sample_weight"": 0.10352608384640223}, {""client_id"": 4, ""model_family"": ""transformer"", ""feature_ids"": [0, 4, 7, 9, 12, 14, 15, 18, 20, 21, 23, 24], ""subset_size"": 12, ""micro_f1"": 0.8305, ""macro_f1"": 0.026688304384851452, ""validation_loss"": 0.5975310302734375, ""train_loss"": 0.8542667632420857, ""seconds"": 0.8162607940002999, ""gpu_id"": 1, ""candidate_id"": 5, ""sample_weight"": 0.05331880053778213}, {""client_id"": 5, ""model_family"": ""transformer"", ""feature_ids"": [0, 4, 7, 9, 12, 14, 15, 18, 20, 21, 23, 24], ""subset_size"": 12, ""micro_f1"": 0.9467, ""macro_f1"": 0.05549479561738527, ""validation_loss"": 0.27684452667236326, ""train_loss"": 0.6922793938583798, ""seconds"": 0.8193206010000722, ""gpu_id"": 0, ""candidate_id"": 5, ""sample_weight"": 0.07030155005722065}, {""client_id"": 6, ""model_family"": ""gru"", ""feature_ids"": [0, 4, 7, 9, 12, 14, 15, 18, 20, 21, 23, 24], ""subset_size"": 12, ""micro_f1"": 0.8466, ""macro_f1"": 0.02696848261670096, ""validation_loss"": 0.6445598388671875, ""train_loss"": 1.5054579065534803, ""seconds"": 0.3712315849998049, ""gpu_id"": 1, ""candidate_id"": 5, ""sample_weight"": 0.07459801933327874}, {""client_id"": 7, ""model_family"": ""gru"", ""feature_ids"": [0, 4, 7, 9, 12, 14, 15, 18, 20, 21, 23, 24], ""subset_size"": 12, ""micro_f1"": 0.8643, ""macro_f1"": 0.027282627566722964, ""validation_loss"": 0.7140611755371093, ""train_loss"": 1.456516007539961, ""seconds"": 0.3534295770000426, ""gpu_id"": 1, ""candidate_id"": 5, ""sample_weight"": 0.05067317481195735}, {""client_id"": 8, ""model_family"": ""gru"", ""feature_ids"": [0, 4, 7, 9, 12, 14, 15, 18, 20, 21, 23, 24], ""subset_size"": 12, ""micro_f1"": 0.213, ""macro_f1"": 0.010839164017524622, ""validation_loss"": 2.51013798828125, ""train_loss"": 3.0312581913842096, ""seconds"": 0.33236518600006093, ""gpu_id"": 1, ""candidate_id"": 5, ""sample_weight"": 0.354287210681253}, {""client_id"": 9, ""model_family"": ""gru"", ""feature_ids"": [0, 4, 7, 9, 12, 14, 15, 18, 20, 21, 23, 24], ""subset_size"": 12, ""micro_f1"": 0.7582, ""macro_f1"": 0.02560801555010637, ""validation_loss"": 1.1866673950195312, ""train_loss"": 1.8590911606258815, ""seconds"": 0.36788195500002985, ""gpu_id"": 0, ""candidate_id"": 5, ""sample_weight"": 0.12090074249549396}, {""client_id"": 10, ""model_family"": ""gru"", ""feature_ids"": [0, 4, 7, 9, 12, 14, 15, 18, 20, 21, 23, 24], ""subset_size"": 12, ""micro_f1"": 0.3864, ""macro_f1"": 0.0164836737891809, ""validation_loss"": 2.2006099609375, ""train_loss"": 2.892069857703315, ""seconds"": 0.3412791199998537, ""gpu_id"": 0, ""candidate_id"": 5, ""sample_weight"": 0.11011103958316146}]"
6,1,600,"[0, 1, 4, 9, 11, 12, 14, 15, 16, 18, 20, 23]","[""ack_flag_number"", ""AVG"", ""fin_count"", ""Rate"", ""syn_flag_number"", ""rst_flag_number"", ""HTTPS"", ""ack_count"", ""fin_flag_number"", ""rst_count"", ""psh_flag_number"", ""ARP""]",12,0.5545297874540085,0.02654088721050079,0.5986573100090027,0.52,0.4635872477445006,280,1500,"[{""client_id"": 1, ""model_family"": ""transformer"", ""feature_ids"": [0, 1, 4, 9, 11, 12, 14, 15, 16, 18, 20, 23], ""subset_size"": 12, ""micro_f1"": 0.8775380710659898, ""macro_f1"": 0.02749339005625907, ""validation_loss"": 0.6062129451538706, ""train_loss"": 1.1511159859938065, ""seconds"": 0.3009729000000334, ""gpu_id"": 0, ""candidate_id"": 6, ""sample_weight"": 0.0008752009911046531}, {""client_id"": 2, ""model_family"": ""transformer"", ""feature_ids"": [0, 1, 4, 9, 11, 12, 14, 15, 16, 18, 20, 23], ""subset_size"": 12, ""micro_f1"": 0.5695, ""macro_f1"": 0.06121791476920951, ""validation_loss"": 1.53982236328125, ""train_loss"": 1.9876450469970703, ""seconds"": 0.838937273999818, ""gpu_id"": 1, ""candidate_id"": 6, ""sample_weight"": 0.061408177662345804}, {""client_id"": 3, ""model_family"": ""transformer"", ""feature_ids"": [0, 1, 4, 9, 11, 12, 14, 15, 16, 18, 20, 23], ""subset_size"": 12, ""micro_f1"": 0.7725, ""macro_f1"": 0.048477018392766434, ""validation_loss"": 0.8274056945800782, ""train_loss"": 1.2144490286721124, ""seconds"": 0.8213412569998582, ""gpu_id"": 0, ""candidate_id"": 6, ""sample_weight"": 0.10352608384640223}, {""client_id"": 4, ""model_family"": ""transformer"", ""feature_ids"": [0, 1, 4, 9, 11, 12, 14, 15, 16, 18, 20, 23], ""subset_size"": 12, ""micro_f1"": 0.8305, ""macro_f1"": 0.026688304384851452, ""validation_loss"": 0.6189878173828125, ""train_loss"": 0.8655373055564033, ""seconds"": 0.8184439960000418, ""gpu_id"": 1, ""candidate_id"": 6, ""sample_weight"": 0.05331880053778213}, {""client_id"": 5, ""model_family"": ""transformer"", ""feature_ids"": [0, 1, 4, 9, 11, 12, 14, 15, 16, 18, 20, 23], ""subset_size"": 12, ""micro_f1"": 0.9511, ""macro_f1"": 0.056104085438028736, ""validation_loss"": 0.2836359558105469, ""train_loss"": 0.6292425682067871, ""seconds"": 0.7988736070001323, ""gpu_id"": 0, ""candidate_id"": 6, ""sample_weight"": 0.07030155005722065}, {""client_id"": 6, ""model_family"": ""gru"", ""feature_ids"": [0, 1, 4, 9, 11, 12, 14, 15, 16, 18, 20, 23], ""subset_size"": 12, ""micro_f1"": 0.8468, ""macro_f1"": 0.026971932372689165, ""validation_loss"": 0.880240380859375, ""train_loss"": 2.1124259086502923, ""seconds"": 0.34806886399974246, ""gpu_id"": 1, ""candidate_id"": 6, ""sample_weight"": 0.07459801933327874}, {""client_id"": 7, ""model_family"": ""gru"", ""feature_ids"": [0, 1, 4, 9, 11, 12, 14, 15, 16, 18, 20, 23], ""subset_size"": 12, ""micro_f1"": 0.8645, ""macro_f1"": 0.027291869895599525, ""validation_loss"": 0.7224601501464843, ""train_loss"": 1.5000013830290901, ""seconds"": 0.35680909599977895, ""gpu_id"": 1, ""candidate_id"": 6, ""sample_weight"": 0.05067317481195735}, {""client_id"": 8, ""model_family"": ""gru"", ""feature_ids"": [0, 1, 4, 9, 11, 12, 14, 15, 16, 18, 20, 23], ""subset_size"": 12, ""micro_f1"": 0.2441, ""macro_f1"": 0.011546175240762112, ""validation_loss"": 2.424245703125, ""train_loss"": 2.968469650056627, ""seconds"": 0.3465194989998963, ""gpu_id"": 1, ""candidate_id"": 6, ""sample_weight"": 0.354287210681253}, {""client_id"": 9, ""model_family"": ""gru"", ""feature_ids"": [0, 1, 4, 9, 11, 12, 14, 15, 16, 18, 20, 23], ""subset_size"": 12, ""micro_f1"": 0.7581, ""macro_f1"": 0.025373608903020668, ""validation_loss"": 1.2233338989257811, ""train_loss"": 1.8890869448767769, ""seconds"": 0.3537420550001116, ""gpu_id"": 0, ""candidate_id"": 6, ""sample_weight"": 0.12090074249549396}, {""client_id"": 10, ""model_family"": ""gru"", ""feature_ids"": [0, 1, 4, 9, 11, 12, 14, 15, 16, 18, 20, 23], ""subset_size"": 12, ""micro_f1"": 0.3865, ""macro_f1"": 0.016513758893793484, ""validation_loss"": 2.0749345703125, ""train_loss"": 2.717961734263102, ""seconds"": 0.34608372999991843, ""gpu_id"": 0, ""candidate_id"": 6, ""sample_weight"": 0.11011103958316146}]"
7,1,700,"[1, 4, 5, 6, 7, 8, 12, 14, 16, 17, 18, 20, 22]","[""AVG"", ""fin_count"", ""Max"", ""TCP"", ""syn_count"", ""Protocol Type"", ""rst_flag_number"", ""HTTPS"", ""fin_flag_number"", ""HTTP"", ""rst_count"", ""psh_flag_number"", ""Time_To_Live""]",13,0.550952897375588,0.025974388639208233,0.5626814961433411,0.48,0.4308271401232247,300,1800,"[{""client_id"": 1, ""model_family"": ""transformer"", ""feature_ids"": [1, 4, 5, 6, 7, 8, 12, 14, 16, 17, 18, 20, 22], ""subset_size"": 13, ""micro_f1"": 0.8775380710659898, ""macro_f1"": 0.02749339005625907, ""validation_loss"": 0.6188800831131523, ""train_loss"": 1.155153095352401, ""seconds"": 0.2493172129998129, ""gpu_id"": 0, ""candidate_id"": 7, ""sample_weight"": 0.0008752009911046531}, {""client_id"": 2, ""model_family"": ""transformer"", ""feature_ids"": [1, 4, 5, 6, 7, 8, 12, 14, 16, 17, 18, 20, 22], ""subset_size"": 13, ""micro_f1"": 0.4534, ""macro_f1"": 0.04759634058126488, ""validation_loss"": 1.53104111328125, ""train_loss"": 1.9972490202797784, ""seconds"": 0.7751976039999136, ""gpu_id"": 1, ""candidate_id"": 7, ""sample_weight"": 0.061408177662345804}, {""client_id"": 3, ""model_family"": ""transformer"", ""feature_ids"": [1, 4, 5, 6, 7, 8, 12, 14, 16, 17, 18, 20, 22], ""subset_size"": 13, ""micro_f1"": 0.8071, ""macro_f1"": 0.0507286298471269, ""validation_loss"": 0.765425146484375, ""train_loss"": 1.1781506353802151, ""seconds"": 0.8006912870000633, ""gpu_id"": 0, ""candidate_id"": 7, ""sample_weight"": 0.10352608384640223}, {""client_id"": 4, ""model_family"": ""transformer"", ""feature_ids"": [1, 4, 5, 6, 7, 8, 12, 14, 16, 17, 18, 20, 22], ""subset_size"": 13, ""micro_f1"": 0.8297, ""macro_f1"": 0.02731198018237185, ""validation_loss"": 0.5410598327636719, ""train_loss"": 0.8419891613854302, ""seconds"": 0.8246627379999154, ""gpu_id"": 1, ""candidate_id"": 7, ""sample_weight"": 0.05331880053778213}, {""client_id"": 5, ""model_family"": ""transformer"", ""feature_ids"": [1, 4, 5, 6, 7, 8, 12, 14, 16, 17, 18, 20, 22], ""subset_size"": 13, ""micro_f1"": 0.9507, ""macro_f1"": 0.056110635006964935, ""validation_loss"": 0.25445248870849607, ""train_loss"": 0.5597169340027703, ""seconds"": 0.8217212489998929, ""gpu_id"": 0, ""candidate_id"": 7, ""sample_weight"": 0.07030155005722065}, {""client_id"": 6, ""model_family"": ""gru"", ""feature_ids"": [1, 4, 5, 6, 7, 8, 12, 14, 16, 17, 18, 20, 22], ""subset_size"": 13, ""micro_f1"": 0.8468, ""macro_f1"": 0.026971932372689165, ""validation_loss"": 0.9867685791015625, ""train_loss"": 2.3102865884039137, ""seconds"": 0.3421204689998376, ""gpu_id"": 1, ""candidate_id"": 7, ""sample_weight"": 0.07459801933327874}, {""client_id"": 7, ""model_family"": ""gru"", ""feature_ids"": [1, 4, 5, 6, 7, 8, 12, 14, 16, 17, 18, 20, 22], ""subset_size"": 13, ""micro_f1"": 0.8644, ""macro_f1"": 0.027306298707657703, ""validation_loss"": 0.7441694030761719, ""train_loss"": 1.663198245080312, ""seconds"": 0.3429384139999456, ""gpu_id"": 1, ""candidate_id"": 7, ""sample_weight"": 0.05067317481195735}, {""client_id"": 8, ""model_family"": ""gru"", ""feature_ids"": [1, 4, 5, 6, 7, 8, 12, 14, 16, 17, 18, 20, 22], ""subset_size"": 13, ""micro_f1"": 0.2442, ""macro_f1"": 0.011553692497669864, ""validation_loss"": 2.58729443359375, ""train_loss"": 3.0949744349161783, ""seconds"": 0.33935108500008937, ""gpu_id"": 1, ""candidate_id"": 7, ""sample_weight"": 0.354287210681253}, {""client_id"": 9, ""model_family"": ""gru"", ""feature_ids"": [1, 4, 5, 6, 7, 8, 12, 14, 16, 17, 18, 20, 22], ""subset_size"": 13, ""micro_f1"": 0.7581, ""macro_f1"": 0.025369278442973504, ""validation_loss"": 1.2808988037109375, ""train_loss"": 2.0890639773262873, ""seconds"": 0.3510205920001681, ""gpu_id"": 0, ""candidate_id"": 7, ""sample_weight"": 0.12090074249549396}, {""client_id"": 10, ""model_family"": ""gru"", ""feature_ids"": [1, 4, 5, 6, 7, 8, 12, 14, 16, 17, 18, 20, 22], ""subset_size"": 13, ""micro_f1"": 0.3866, ""macro_f1"": 0.016516410799631943, ""validation_loss"": 2.15792958984375, ""train_loss"": 2.825023361163669, ""seconds"": 0.34049732299990865, ""gpu_id"": 0, ""candidate_id"": 7, ""sample_weight"": 0.11011103958316146}]"
8,1,800,"[2, 4, 6, 7, 9, 10, 13, 14, 16, 18, 19, 20, 22]","[""Std"", ""fin_count"", ""TCP"", ""syn_count"", ""Rate"", ""IAT"", ""Tot sum"", ""HTTPS"", ""fin_flag_number"", ""rst_count"", ""Header_Length"", ""psh_flag_number"", ""Time_To_Live""]",13,0.5501410232015264,0.025795723614970244,0.6307641267776489,0.48,0.42393768964238776,300,2100,"[{""client_id"": 1, ""model_family"": ""transformer"", ""feature_ids"": [2, 4, 6, 7, 9, 10, 13, 14, 16, 18, 19, 20, 22], ""subset_size"": 13, ""micro_f1"": 0.8775380710659898, ""macro_f1"": 0.02749339005625907, ""validation_loss"": 0.6011771381203899, ""train_loss"": 1.1486316194859723, ""seconds"": 0.26525993199993536, ""gpu_id"": 0, ""candidate_id"": 8, ""sample_weight"": 0.0008752009911046531}, {""client_id"": 2, ""model_family"": ""transformer"", ""feature_ids"": [2, 4, 6, 7, 9, 10, 13, 14, 16, 18, 19, 20, 22], ""subset_size"": 13, ""micro_f1"": 0.4429, ""macro_f1"": 0.04213571039134568, ""validation_loss"": 1.5534423583984376, ""train_loss"": 1.9960190759658814, ""seconds"": 0.8346649109998907, ""gpu_id"": 1, ""candidate_id"": 8, ""sample_weight"": 0.061408177662345804}, {""client_id"": 3, ""model_family"": ""transformer"", ""feature_ids"": [2, 4, 6, 7, 9, 10, 13, 14, 16, 18, 19, 20, 22], ""subset_size"": 13, ""micro_f1"": 0.8044, ""macro_f1"": 0.05062305380196265, ""validation_loss"": 0.79078935546875, ""train_loss"": 1.1587584801991782, ""seconds"": 0.8256306759999461, ""gpu_id"": 0, ""candidate_id"": 8, ""sample_weight"": 0.10352608384640223}, {""client_id"": 4, ""model_family"": ""transformer"", ""feature_ids"": [2, 4, 6, 7, 9, 10, 13, 14, 16, 18, 19, 20, 22], ""subset_size"": 13, ""micro_f1"": 0.8365, ""macro_f1"": 0.03061050594610763, ""validation_loss"": 0.5216860961914063, ""train_loss"": 0.8311140430132548, ""seconds"": 0.7735532030001195, ""gpu_id"": 1, ""candidate_id"": 8, ""sample_weight"": 0.05331880053778213}, {""client_id"": 5, ""model_family"": ""transformer"", ""feature_ids"": [2, 4, 6, 7, 9, 10, 13, 14, 16, 18, 19, 20, 22], ""subset_size"": 13, ""micro_f1"": 0.9466, ""macro_f1"": 0.05571241253399394, ""validation_loss"": 0.27498626251220704, ""train_loss"": 0.5896450234307183, ""seconds"": 0.8155613910003012, ""gpu_id"": 0, ""candidate_id"": 8, ""sample_weight"": 0.07030155005722065}, {""client_id"": 6, ""model_family"": ""gru"", ""feature_ids"": [2, 4, 6, 7, 9, 10, 13, 14, 16, 18, 19, 20, 22], ""subset_size"": 13, ""micro_f1"": 0.8468, ""macro_f1"": 0.026971932372689165, ""validation_loss"": 1.1209349609375, ""train_loss"": 2.4237543942345514, ""seconds"": 0.39912955399995553, ""gpu_id"": 1, ""candidate_id"": 8, ""sample_weight"": 0.07459801933327874}, {""client_id"": 7, ""model_family"": ""gru"", ""feature_ids"": [2, 4, 6, 7, 9, 10, 13, 14, 16, 18, 19, 20, 22], ""subset_size"": 13, ""micro_f1"": 0.8645, ""macro_f1"": 0.027294799622387733, ""validation_loss"": 0.7850505615234376, ""train_loss"": 1.9440067286703322, ""seconds"": 0.346173730999908, ""gpu_id"": 1, ""candidate_id"": 8, ""sample_weight"": 0.05067317481195735}, {""client_id"": 8, ""model_family"": ""gru"", ""feature_ids"": [2, 4, 6, 7, 9, 10, 13, 14, 16, 18, 19, 20, 22], ""subset_size"": 13, ""micro_f1"": 0.2442, ""macro_f1"": 0.011555551349330659, ""validation_loss"": 2.77583193359375, ""train_loss"": 3.1992933059268527, ""seconds"": 0.3858333700000003, ""gpu_id"": 1, ""candidate_id"": 8, ""sample_weight"": 0.354287210681253}, {""client_id"": 9, ""model_family"": ""gru"", ""feature_ids"": [2, 4, 6, 7, 9, 10, 13, 14, 16, 18, 19, 20, 22], ""subset_size"": 13, ""micro_f1"": 0.7581, ""macro_f1"": 0.02542426443943125, ""validation_loss"": 1.3607875732421875, ""train_loss"": 2.3442655234866674, ""seconds"": 0.3572775449997607, ""gpu_id"": 0, ""candidate_id"": 8, ""sample_weight"": 0.12090074249549396}, {""client_id"": 10, ""model_family"": ""gru"", ""feature_ids"": [2, 4, 6, 7, 9, 10, 13, 14, 16, 18, 19, 20, 22], ""subset_size"": 13, ""micro_f1"": 0.3869, ""macro_f1"": 0.01663438896973709, ""validation_loss"": 2.235504248046875, ""train_loss"": 2.896239323594835, ""seconds"": 0.3864375090001886, ""gpu_id"": 0, ""candidate_id"": 8, ""sample_weight"": 0.11011103958316146}]"
9,1,900,"[0, 1, 6, 9, 12, 13, 16, 18, 19, 20, 21, 22, 23]","[""ack_flag_number"", ""AVG"", ""TCP"", ""Rate"", ""rst_flag_number"", ""Tot sum"", ""fin_flag_number"", ""rst_count"", ""Header_Length"", ""psh_flag_number"", ""ICMP"", ""Time_To_Live"", ""ARP""]",13,0.5570347817979666,0.029044423481435953,0.49797073006629944,0.48,0.4379064051731667,300,2400,"[{""client_id"": 1, ""model_family"": ""transformer"", ""feature_ids"": [0, 1, 6, 9, 12, 13, 16, 18, 19, 20, 21, 22, 23], ""subset_size"": 13, ""micro_f1"": 0.8775380710659898, ""macro_f1"": 0.02749339005625907, ""validation_loss"": 0.6223023893869468, ""train_loss"": 1.1432874970562499, ""seconds"": 0.2741466090001268, ""gpu_id"": 0, ""candidate_id"": 9, ""sample_weight"": 0.0008752009911046531}, {""client_id"": 2, ""model_family"": ""transformer"", ""feature_ids"": [0, 1, 6, 9, 12, 13, 16, 18, 19, 20, 21, 22, 23], ""subset_size"": 13, ""micro_f1"": 0.5749, ""macro_f1"": 0.06420378558204143, ""validation_loss"": 1.4291586181640625, ""train_loss"": 1.893091669125027, ""seconds"": 0.8143557179996606, ""gpu_id"": 1, ""candidate_id"": 9, ""sample_weight"": 0.061408177662345804}, {""client_id"": 3, ""model_family"": ""transformer"", ""feature_ids"": [0, 1, 6, 9, 12, 13, 16, 18, 19, 20, 21, 22, 23], ""subset_size"": 13, ""micro_f1"": 0.8006, ""macro_f1"": 0.050257352777050894, ""validation_loss"": 0.7786226623535156, ""train_loss"": 1.1987466330104404, ""seconds"": 0.8027717449999727, ""gpu_id"": 0, ""candidate_id"": 9, ""sample_weight"": 0.10352608384640223}, {""client_id"": 4, ""model_family"": ""transformer"", ""feature_ids"": [0, 1, 6, 9, 12, 13, 16, 18, 19, 20, 21, 22, 23], ""subset_size"": 13, ""micro_f1"": 0.856, ""macro_f1"": 0.03659257417843847, ""validation_loss"": 0.38543023986816405, ""train_loss"": 0.7759711205429501, ""seconds"": 0.8198048949998338, ""gpu_id"": 1, ""candidate_id"": 9, ""sample_weight"": 0.05331880053778213}, {""client_id"": 5, ""model_family"": ""transformer"", ""feature_ids"": [0, 1, 6, 9, 12, 13, 16, 18, 19, 20, 21, 22, 23], ""subset_size"": 13, ""micro_f1"": 0.9564, ""macro_f1"": 0.056569668188535635, ""validation_loss"": 0.23889044799804687, ""train_loss"": 0.5509605397224426, ""seconds"": 0.8494129480000083, ""gpu_id"": 0, ""candidate_id"": 9, ""sample_weight"": 0.07030155005722065}, {""client_id"": 6, ""model_family"": ""gru"", ""feature_ids"": [0, 1, 6, 9, 12, 13, 16, 18, 19, 20, 21, 22, 23], ""subset_size"": 13, ""micro_f1"": 0.8468, ""macro_f1"": 0.026971932372689165, ""validation_loss"": 0.768796630859375, ""train_loss"": 1.9601307660208809, ""seconds"": 0.3976758119997612, ""gpu_id"": 1, ""candidate_id"": 9, ""sample_weight"": 0.07459801933327874}, {""client_id"": 7, ""model_family"": ""gru"", ""feature_ids"": [0, 1, 6, 9, 12, 13, 16, 18, 19, 20, 21, 22, 23], ""subset_size"": 13, ""micro_f1"": 0.8645, ""macro_f1"": 0.02728015727507676, ""validation_loss"": 0.7467019958496094, ""train_loss"": 1.7583271605385675, ""seconds"": 0.3442154499998651, ""gpu_id"": 1, ""candidate_id"": 9, ""sample_weight"": 0.05067317481195735}, {""client_id"": 8, ""model_family"": ""gru"", ""feature_ids"": [0, 1, 6, 9, 12, 13, 16, 18, 19, 20, 21, 22, 23], ""subset_size"": 13, ""micro_f1"": 0.2371, ""macro_f1"": 0.015954730328335595, ""validation_loss"": 2.8266083984375, ""train_loss"": 3.2180062718285454, ""seconds"": 0.37610271199991985, ""gpu_id"": 1, ""candidate_id"": 9, ""sample_weight"": 0.354287210681253}, {""client_id"": 9, ""model_family"": ""gru"", ""feature_ids"": [0, 1, 6, 9, 12, 13, 16, 18, 19, 20, 21, 22, 23], ""subset_size"": 13, ""micro_f1"": 0.7582, ""macro_f1"": 0.025593134821762176, ""validation_loss"": 1.2508218139648437, ""train_loss"": 2.156256946288215, ""seconds"": 0.34563835199969617, ""gpu_id"": 0, ""candidate_id"": 9, ""sample_weight"": 0.12090074249549396}, {""client_id"": 10, ""model_family"": ""gru"", ""feature_ids"": [0, 1, 6, 9, 12, 13, 16, 18, 19, 20, 21, 22, 23], ""subset_size"": 13, ""micro_f1"": 0.3865, ""macro_f1"": 0.016397615663647357, ""validation_loss"": 2.55849638671875, ""train_loss"": 3.095534298706055, ""seconds"": 0.382787437999923, ""gpu_id"": 0, ""candidate_id"": 9, ""sample_weight"": 0.11011103958316146}]"
10,1,1000,"[3, 4, 5, 7, 8, 12, 15, 16, 17, 18, 20, 22, 23]","[""UDP"", ""fin_count"", ""Max"", ""syn_count"", ""Protocol Type"", ""rst_flag_number"", ""ack_count"", ""fin_flag_number"", ""HTTP"", ""rst_count"", ""psh_flag_number"", ""Time_To_Live"", ""ARP""]",13,0.5324917115954814,0.024705032714407642,0.3473323583602905,0.48,0.4505159353235191,300,2700,"[{""client_id"": 1, ""model_family"": ""transformer"", ""feature_ids"": [3, 4, 5, 7, 8, 12, 15, 16, 17, 18, 20, 22, 23], ""subset_size"": 13, ""micro_f1"": 0.8775380710659898, ""macro_f1"": 0.02749339005625907, ""validation_loss"": 0.6424918005309129, ""train_loss"": 1.173777131125272, ""seconds"": 0.2478638120001051, ""gpu_id"": 0, ""candidate_id"": 10, ""sample_weight"": 0.0008752009911046531}, {""client_id"": 2, ""model_family"": ""transformer"", ""feature_ids"": [3, 4, 5, 7, 8, 12, 15, 16, 17, 18, 20, 22, 23], ""subset_size"": 13, ""micro_f1"": 0.2862, ""macro_f1"": 0.02173872907555557, ""validation_loss"": 1.9472189453125, ""train_loss"": 2.2164444440841673, ""seconds"": 0.7828467900003488, ""gpu_id"": 1, ""candidate_id"": 10, ""sample_weight"": 0.061408177662345804}, {""client_id"": 3, ""model_family"": ""transformer"", ""feature_ids"": [3, 4, 5, 7, 8, 12, 15, 16, 17, 18, 20, 22, 23], ""subset_size"": 13, ""micro_f1"": 0.7282, ""macro_f1"": 0.05209094567494388, ""validation_loss"": 0.93671533203125, ""train_loss"": 1.328033876715766, ""seconds"": 0.7968908180000653, ""gpu_id"": 0, ""candidate_id"": 10, ""sample_weight"": 0.10352608384640223}, {""client_id"": 4, ""model_family"": ""transformer"", ""feature_ids"": [3, 4, 5, 7, 8, 12, 15, 16, 17, 18, 20, 22, 23], ""subset_size"": 13, ""micro_f1"": 0.8304, ""macro_f1"": 0.026695299389840096, ""validation_loss"": 0.6230642822265625, ""train_loss"": 0.8743292599572076, ""seconds"": 0.796049868999944, ""gpu_id"": 1, ""candidate_id"": 10, ""sample_weight"": 0.05331880053778213}, {""client_id"": 5, ""model_family"": ""transformer"", ""feature_ids"": [3, 4, 5, 7, 8, 12, 15, 16, 17, 18, 20, 22, 23], ""subset_size"": 13, ""micro_f1"": 0.9495, ""macro_f1"": 0.05612099388852766, ""validation_loss"": 0.3500818634033203, ""train_loss"": 0.7194088130209181, ""seconds"": 0.8017898220000461, ""gpu_id"": 0, ""candidate_id"": 10, ""sample_weight"": 0.07030155005722065}, {""client_id"": 6, ""model_family"": ""gru"", ""feature_ids"": [3, 4, 5, 7, 8, 12, 15, 16, 17, 18, 20, 22, 23], ""subset_size"": 13, ""micro_f1"": 0.8468, ""macro_f1"": 0.026971932372689165, ""validation_loss"": 0.857759423828125, ""train_loss"": 2.0678612117449444, ""seconds"": 0.34829572299986467, ""gpu_id"": 1, ""candidate_id"": 10, ""sample_weight"": 0.07459801933327874}, {""client_id"": 7, ""model_family"": ""gru"", ""feature_ids"": [3, 4, 5, 7, 8, 12, 15, 16, 17, 18, 20, 22, 23], ""subset_size"": 13, ""micro_f1"": 0.8643, ""macro_f1"": 0.027287020432904804, ""validation_loss"": 0.7294513610839843, ""train_loss"": 1.6256825165218778, ""seconds"": 0.40770257799977117, ""gpu_id"": 1, ""candidate_id"": 10, ""sample_weight"": 0.05067317481195735}, {""client_id"": 8, ""model_family"": ""gru"", ""feature_ids"": [3, 4, 5, 7, 8, 12, 15, 16, 17, 18, 20, 22, 23], ""subset_size"": 13, ""micro_f1"": 0.2443, ""macro_f1"": 0.012104915544600055, ""validation_loss"": 2.58527060546875, ""train_loss"": 3.095079882176717, ""seconds"": 0.4000541219998013, ""gpu_id"": 1, ""candidate_id"": 10, ""sample_weight"": 0.354287210681253}, {""client_id"": 9, ""model_family"": ""gru"", ""feature_ids"": [3, 4, 5, 7, 8, 12, 15, 16, 17, 18, 20, 22, 23], ""subset_size"": 13, ""micro_f1"": 0.7583, ""macro_f1"": 0.025543487722264654, ""validation_loss"": 1.2557763549804688, ""train_loss"": 2.051524138598972, ""seconds"": 0.3987596609999855, ""gpu_id"": 0, ""candidate_id"": 10, ""sample_weight"": 0.12090074249549396}, {""client_id"": 10, ""model_family"": ""gru"", ""feature_ids"": [3, 4, 5, 7, 8, 12, 15, 16, 17, 18, 20, 22, 23], ""subset_size"": 13, ""micro_f1"": 0.3863, ""macro_f1"": 0.016464224143150196, ""validation_loss"": 2.190584228515625, ""train_loss"": 2.855477088546753, ""seconds"": 0.42278361499984385, ""gpu_id"": 0, ""candidate_id"": 10, ""sample_weight"": 0.11011103958316146}]"
11,2,1100,"[0, 1, 3, 8, 9, 10, 11, 12, 14, 16, 18, 19, 22]","[""ack_flag_number"", ""AVG"", ""UDP"", ""Protocol Type"", ""Rate"", ""IAT"", ""syn_flag_number"", ""rst_flag_number"", ""HTTPS"", ""fin_flag_number"", ""rst_count"", ""Header_Length"", ""Time_To_Live""]",13,0.5245478793097587,0.02489485352191109,0.507926881313324,0.48,0.4336620997996435,300,3000,"[{""client_id"": 1, ""model_family"": ""transformer"", ""feature_ids"": [0, 1, 3, 8, 9, 10, 11, 12, 14, 16, 18, 19, 22], ""subset_size"": 13, ""micro_f1"": 0.8775380710659898, ""macro_f1"": 0.02749339005625907, ""validation_loss"": 0.6107851986957685, ""train_loss"": 1.1412991835313937, ""seconds"": 0.27138670100021045, ""gpu_id"": 0, ""candidate_id"": 11, ""sample_weight"": 0.0008752009911046531}, {""client_id"": 2, ""model_family"": ""transformer"", ""feature_ids"": [0, 1, 3, 8, 9, 10, 11, 12, 14, 16, 18, 19, 22], ""subset_size"": 13, ""micro_f1"": 0.2661, ""macro_f1"": 0.02151421055065929, ""validation_loss"": 1.979575390625, ""train_loss"": 2.2313880862553916, ""seconds"": 0.8210308309999164, ""gpu_id"": 1, ""candidate_id"": 11, ""sample_weight"": 0.061408177662345804}, {""client_id"": 3, ""model_family"": ""transformer"", ""feature_ids"": [0, 1, 3, 8, 9, 10, 11, 12, 14, 16, 18, 19, 22], ""subset_size"": 13, ""micro_f1"": 0.5731, ""macro_f1"": 0.033996962466553544, ""validation_loss"": 1.1889129638671876, ""train_loss"": 1.4260845317628648, ""seconds"": 0.807449576000181, ""gpu_id"": 0, ""candidate_id"": 11, ""sample_weight"": 0.10352608384640223}, {""client_id"": 4, ""model_family"": ""transformer"", ""feature_ids"": [0, 1, 3, 8, 9, 10, 11, 12, 14, 16, 18, 19, 22], ""subset_size"": 13, ""micro_f1"": 0.8325, ""macro_f1"": 0.029607937856050582, ""validation_loss"": 0.5030761474609375, ""train_loss"": 0.8163366033554077, ""seconds"": 0.807213977000174, ""gpu_id"": 1, ""candidate_id"": 11, ""sample_weight"": 0.05331880053778213}, {""client_id"": 5, ""model_family"": ""transformer"", ""feature_ids"": [0, 1, 3, 8, 9, 10, 11, 12, 14, 16, 18, 19, 22], ""subset_size"": 13, ""micro_f1"": 0.9396, ""macro_f1"": 0.05510118098094465, ""validation_loss"": 0.3239743423461914, ""train_loss"": 0.7063030448648665, ""seconds"": 0.8147304549997898, ""gpu_id"": 0, ""candidate_id"": 11, ""sample_weight"": 0.07030155005722065}, {""client_id"": 6, ""model_family"": ""gru"", ""feature_ids"": [0, 1, 3, 8, 9, 10, 11, 12, 14, 16, 18, 19, 22], ""subset_size"": 13, ""micro_f1"": 0.9803, ""macro_f1"": 0.05658175608552563, ""validation_loss"": 0.8794691650390625, ""train_loss"": 2.3267774523205227, ""seconds"": 0.3486183750001146, ""gpu_id"": 1, ""candidate_id"": 11, ""sample_weight"": 0.07459801933327874}, {""client_id"": 7, ""model_family"": ""gru"", ""feature_ids"": [0, 1, 3, 8, 9, 10, 11, 12, 14, 16, 18, 19, 22], ""subset_size"": 13, ""micro_f1"": 0.8645, ""macro_f1"": 0.027274304733961165, ""validation_loss"": 0.8310150390625, ""train_loss"": 2.0672458086225722, ""seconds"": 0.3812424640000245, ""gpu_id"": 1, ""candidate_id"": 11, ""sample_weight"": 0.05067317481195735}, {""client_id"": 8, ""model_family"": ""gru"", ""feature_ids"": [0, 1, 3, 8, 9, 10, 11, 12, 14, 16, 18, 19, 22], ""subset_size"": 13, ""micro_f1"": 0.2442, ""macro_f1"": 0.011556480999479438, ""validation_loss"": 2.79194970703125, ""train_loss"": 3.2075486652374265, ""seconds"": 0.33947575199999847, ""gpu_id"": 1, ""candidate_id"": 11, ""sample_weight"": 0.354287210681253}, {""client_id"": 9, ""model_family"": ""gru"", ""feature_ids"": [0, 1, 3, 8, 9, 10, 11, 12, 14, 16, 18, 19, 22], ""subset_size"": 13, ""micro_f1"": 0.7581, ""macro_f1"": 0.025367835284748178, ""validation_loss"": 1.3423095458984375, ""train_loss"": 2.336175803841485, ""seconds"": 0.3824602969998523, ""gpu_id"": 0, ""candidate_id"": 11, ""sample_weight"": 0.12090074249549396}, {""client_id"": 10, ""model_family"": ""gru"", ""feature_ids"": [0, 1, 3, 8, 9, 10, 11, 12, 14, 16, 18, 19, 22], ""subset_size"": 13, ""micro_f1"": 0.3865, ""macro_f1"": 0.016469249441886488, ""validation_loss"": 2.19750712890625, ""train_loss"": 2.878436344570584, ""seconds"": 0.35426692000010007, ""gpu_id"": 0, ""candidate_id"": 11, ""sample_weight"": 0.11011103958316146}]"
12,2,1200,"[0, 2, 4, 7, 9, 12, 16, 17, 18, 19, 20, 21, 24]","[""ack_flag_number"", ""Std"", ""fin_count"", ""syn_count"", ""Rate"", ""rst_flag_number"", ""fin_flag_number"", ""HTTP"", ""rst_count"", ""Header_Length"", ""psh_flag_number"", ""ICMP"", ""DNS""]",13,0.6029833558509599,0.03460884580792021,0.6962577700614929,0.48,0.4226725585789467,300,3300,"[{""client_id"": 1, ""model_family"": ""transformer"", ""feature_ids"": [0, 2, 4, 7, 9, 12, 16, 17, 18, 19, 20, 21, 24], ""subset_size"": 13, ""micro_f1"": 0.8775380710659898, ""macro_f1"": 0.02749339005625907, ""validation_loss"": 0.6212245147240344, ""train_loss"": 1.1714257776434651, ""seconds"": 0.2545173089997661, ""gpu_id"": 0, ""candidate_id"": 12, ""sample_weight"": 0.0008752009911046531}, {""client_id"": 2, ""model_family"": ""transformer"", ""feature_ids"": [0, 2, 4, 7, 9, 12, 16, 17, 18, 19, 20, 21, 24], ""subset_size"": 13, ""micro_f1"": 0.459, ""macro_f1"": 0.047089386001949174, ""validation_loss"": 1.59807138671875, ""train_loss"": 2.0335510608461167, ""seconds"": 0.7841406699999425, ""gpu_id"": 1, ""candidate_id"": 12, ""sample_weight"": 0.061408177662345804}, {""client_id"": 3, ""model_family"": ""transformer"", ""feature_ids"": [0, 2, 4, 7, 9, 12, 16, 17, 18, 19, 20, 21, 24], ""subset_size"": 13, ""micro_f1"": 0.6945, ""macro_f1"": 0.04363924700291291, ""validation_loss"": 1.0430468017578125, ""train_loss"": 1.3463086505148145, ""seconds"": 0.8062078739999379, ""gpu_id"": 0, ""candidate_id"": 12, ""sample_weight"": 0.10352608384640223}, {""client_id"": 4, ""model_family"": ""transformer"", ""feature_ids"": [0, 2, 4, 7, 9, 12, 16, 17, 18, 19, 20, 21, 24], ""subset_size"": 13, ""micro_f1"": 0.8305, ""macro_f1"": 0.026688304384851452, ""validation_loss"": 0.6090011352539062, ""train_loss"": 0.8321838961071438, ""seconds"": 0.8448541730003853, ""gpu_id"": 1, ""candidate_id"": 12, ""sample_weight"": 0.05331880053778213}, {""client_id"": 5, ""model_family"": ""transformer"", ""feature_ids"": [0, 2, 4, 7, 9, 12, 16, 17, 18, 19, 20, 21, 24], ""subset_size"": 13, ""micro_f1"": 0.9493, ""macro_f1"": 0.05599562982149123, ""validation_loss"": 0.26721728820800783, ""train_loss"": 0.616434501420127, ""seconds"": 0.8341290940002182, ""gpu_id"": 0, ""candidate_id"": 12, ""sample_weight"": 0.07030155005722065}, {""client_id"": 6, ""model_family"": ""gru"", ""feature_ids"": [0, 2, 4, 7, 9, 12, 16, 17, 18, 19, 20, 21, 24], ""subset_size"": 13, ""micro_f1"": 0.8468, ""macro_f1"": 0.026971932372689165, ""validation_loss"": 0.7027648315429688, ""train_loss"": 1.7604671335432265, ""seconds"": 0.3543334959999811, ""gpu_id"": 1, ""candidate_id"": 12, ""sample_weight"": 0.07459801933327874}, {""client_id"": 7, ""model_family"": ""gru"", ""feature_ids"": [0, 2, 4, 7, 9, 12, 16, 17, 18, 19, 20, 21, 24], ""subset_size"": 13, ""micro_f1"": 0.8645, ""macro_f1"": 0.027281620802827568, ""validation_loss"": 0.7233445739746094, ""train_loss"": 1.5567109766642253, ""seconds"": 0.4016568410002037, ""gpu_id"": 1, ""candidate_id"": 12, ""sample_weight"": 0.05067317481195735}, {""client_id"": 8, ""model_family"": ""gru"", ""feature_ids"": [0, 2, 4, 7, 9, 12, 16, 17, 18, 19, 20, 21, 24], ""subset_size"": 13, ""micro_f1"": 0.4232, ""macro_f1"": 0.038218566321080845, ""validation_loss"": 2.58838330078125, ""train_loss"": 3.0901802311791315, ""seconds"": 0.3461177049998696, ""gpu_id"": 1, ""candidate_id"": 12, ""sample_weight"": 0.354287210681253}, {""client_id"": 9, ""model_family"": ""gru"", ""feature_ids"": [0, 2, 4, 7, 9, 12, 16, 17, 18, 19, 20, 21, 24], ""subset_size"": 13, ""micro_f1"": 0.758, ""macro_f1"": 0.02536737514599627, ""validation_loss"": 1.2269901000976562, ""train_loss"": 1.980815737745497, ""seconds"": 0.38828535099992223, ""gpu_id"": 0, ""candidate_id"": 12, ""sample_weight"": 0.12090074249549396}, {""client_id"": 10, ""model_family"": ""gru"", ""feature_ids"": [0, 2, 4, 7, 9, 12, 16, 17, 18, 19, 20, 21, 24], ""subset_size"": 13, ""micro_f1"": 0.3865, ""macro_f1"": 0.016473907380428632, ""validation_loss"": 2.23344853515625, ""train_loss"": 2.9134052944607203, ""seconds"": 0.36542754099991726, ""gpu_id"": 0, ""candidate_id"": 12, ""sample_weight"": 0.11011103958316146}]"
13,2,1300,"[0, 4, 5, 6, 10, 12, 13, 15, 17, 18, 21, 23, 24]","[""ack_flag_number"", ""fin_count"", ""Max"", ""TCP"", ""IAT"", ""rst_flag_number"", ""Tot sum"", ""ack_count"", ""HTTP"", ""rst_count"", ""ICMP"", ""ARP"", ""DNS""]",13,0.5476918731935945,0.027235997037399356,0.23322726786136627,0.48,0.4634464605332228,300,3600,"[{""client_id"": 1, ""model_family"": ""transformer"", ""feature_ids"": [0, 4, 5, 6, 10, 12, 13, 15, 17, 18, 21, 23, 24], ""subset_size"": 13, ""micro_f1"": 0.8775380710659898, ""macro_f1"": 0.02749339005625907, ""validation_loss"": 0.6339285990913507, ""train_loss"": 1.1561752998485986, ""seconds"": 0.24757092899972122, ""gpu_id"": 0, ""candidate_id"": 13, ""sample_weight"": 0.0008752009911046531}, {""client_id"": 2, ""model_family"": ""transformer"", ""feature_ids"": [0, 4, 5, 6, 10, 12, 13, 15, 17, 18, 21, 23, 24], ""subset_size"": 13, ""micro_f1"": 0.5782, ""macro_f1"": 0.07099220688938986, ""validation_loss"": 1.4690336181640624, ""train_loss"": 1.9546172990798951, ""seconds"": 0.8164842460000727, ""gpu_id"": 1, ""candidate_id"": 13, ""sample_weight"": 0.061408177662345804}, {""client_id"": 3, ""model_family"": ""transformer"", ""feature_ids"": [0, 4, 5, 6, 10, 12, 13, 15, 17, 18, 21, 23, 24], ""subset_size"": 13, ""micro_f1"": 0.8044, ""macro_f1"": 0.05047951964115066, ""validation_loss"": 0.7144169738769531, ""train_loss"": 1.1385361964437697, ""seconds"": 0.816758352999841, ""gpu_id"": 0, ""candidate_id"": 13, ""sample_weight"": 0.10352608384640223}, {""client_id"": 4, ""model_family"": ""transformer"", ""feature_ids"": [0, 4, 5, 6, 10, 12, 13, 15, 17, 18, 21, 23, 24], ""subset_size"": 13, ""micro_f1"": 0.8305, ""macro_f1"": 0.026688304384851452, ""validation_loss"": 0.5888914672851563, ""train_loss"": 0.8623035035557217, ""seconds"": 0.7657161899996936, ""gpu_id"": 1, ""candidate_id"": 13, ""sample_weight"": 0.05331880053778213}, {""client_id"": 5, ""model_family"": ""transformer"", ""feature_ids"": [0, 4, 5, 6, 10, 12, 13, 15, 17, 18, 21, 23, 24], ""subset_size"": 13, ""micro_f1"": 0.9498, ""macro_f1"": 0.05594347023777557, ""validation_loss"": 0.27410933990478514, ""train_loss"": 0.6298498557037777, ""seconds"": 0.8082878570003231, ""gpu_id"": 0, ""candidate_id"": 13, ""sample_weight"": 0.07030155005722065}, {""client_id"": 6, ""model_family"": ""gru"", ""feature_ids"": [0, 4, 5, 6, 10, 12, 13, 15, 17, 18, 21, 23, 24], ""subset_size"": 13, ""micro_f1"": 0.8468, ""macro_f1"": 0.026971932372689165, ""validation_loss"": 0.6954628784179687, ""train_loss"": 1.6498034208721584, ""seconds"": 0.39718179900000905, ""gpu_id"": 1, ""candidate_id"": 13, ""sample_weight"": 0.07459801933327874}, {""client_id"": 7, ""model_family"": ""gru"", ""feature_ids"": [0, 4, 5, 6, 10, 12, 13, 15, 17, 18, 21, 23, 24], ""subset_size"": 13, ""micro_f1"": 0.8645, ""macro_f1"": 0.027281620802827568, ""validation_loss"": 0.7232712646484375, ""train_loss"": 1.4995660028033786, ""seconds"": 0.37691080900003726, ""gpu_id"": 1, ""candidate_id"": 13, ""sample_weight"": 0.05067317481195735}, {""client_id"": 8, ""model_family"": ""gru"", ""feature_ids"": [0, 4, 5, 6, 10, 12, 13, 15, 17, 18, 21, 23, 24], ""subset_size"": 13, ""micro_f1"": 0.2142, ""macro_f1"": 0.011166044790197812, ""validation_loss"": 2.56074453125, ""train_loss"": 3.064809450615777, ""seconds"": 0.3815313539998897, ""gpu_id"": 1, ""candidate_id"": 13, ""sample_weight"": 0.354287210681253}, {""client_id"": 9, ""model_family"": ""gru"", ""feature_ids"": [0, 4, 5, 6, 10, 12, 13, 15, 17, 18, 21, 23, 24], ""subset_size"": 13, ""micro_f1"": 0.758, ""macro_f1"": 0.025481897214706194, ""validation_loss"": 1.2176435546875, ""train_loss"": 1.9251218397140504, ""seconds"": 0.3720971500001724, ""gpu_id"": 0, ""candidate_id"": 13, ""sample_weight"": 0.12090074249549396}, {""client_id"": 10, ""model_family"": ""gru"", ""feature_ids"": [0, 4, 5, 6, 10, 12, 13, 15, 17, 18, 21, 23, 24], ""subset_size"": 13, ""micro_f1"": 0.3867, ""macro_f1"": 0.01670421499288055, ""validation_loss"": 2.1930828125, ""train_loss"": 2.9014522579616973, ""seconds"": 0.3960033839998687, ""gpu_id"": 0, ""candidate_id"": 13, ""sample_weight"": 0.11011103958316146}]"
14,2,1400,"[2, 3, 5, 6, 8, 9, 12, 16, 17, 18, 21, 22, 23]","[""Std"", ""UDP"", ""Max"", ""TCP"", ""Protocol Type"", ""Rate"", ""rst_flag_number"", ""fin_flag_number"", ""HTTP"", ""rst_count"", ""ICMP"", ""Time_To_Live"", ""ARP""]",13,0.4995154377889994,0.021772122802695006,0.500890851020813,0.48,0.4318624586768186,300,3900,"[{""client_id"": 1, ""model_family"": ""transformer"", ""feature_ids"": [2, 3, 5, 6, 8, 9, 12, 16, 17, 18, 21, 22, 23], ""subset_size"": 13, ""micro_f1"": 0.8775380710659898, ""macro_f1"": 0.02749339005625907, ""validation_loss"": 0.6540579626402879, ""train_loss"": 1.1697693565640823, ""seconds"": 0.2770392500001435, ""gpu_id"": 0, ""candidate_id"": 14, ""sample_weight"": 0.0008752009911046531}, {""client_id"": 2, ""model_family"": ""transformer"", ""feature_ids"": [2, 3, 5, 6, 8, 9, 12, 16, 17, 18, 21, 22, 23], ""subset_size"": 13, ""micro_f1"": 0.3237, ""macro_f1"": 0.03102300585431872, ""validation_loss"": 1.94435380859375, ""train_loss"": 2.2152660373687745, ""seconds"": 0.8302212200001122, ""gpu_id"": 1, ""candidate_id"": 14, ""sample_weight"": 0.061408177662345804}, {""client_id"": 3, ""model_family"": ""transformer"", ""feature_ids"": [2, 3, 5, 6, 8, 9, 12, 16, 17, 18, 21, 22, 23], ""subset_size"": 13, ""micro_f1"": 0.4777, ""macro_f1"": 0.019906960252840736, ""validation_loss"": 1.229865869140625, ""train_loss"": 1.46759581167433, ""seconds"": 0.8576295559996652, ""gpu_id"": 0, ""candidate_id"": 14, ""sample_weight"": 0.10352608384640223}, {""client_id"": 4, ""model_family"": ""transformer"", ""feature_ids"": [2, 3, 5, 6, 8, 9, 12, 16, 17, 18, 21, 22, 23], ""subset_size"": 13, ""micro_f1"": 0.8307, ""macro_f1"": 0.02688072522149989, ""validation_loss"": 0.60895732421875, ""train_loss"": 0.8291393260531955, ""seconds"": 0.8180286679998972, ""gpu_id"": 1, ""candidate_id"": 14, ""sample_weight"": 0.05331880053778213}, {""client_id"": 5, ""model_family"": ""transformer"", ""feature_ids"": [2, 3, 5, 6, 8, 9, 12, 16, 17, 18, 21, 22, 23], ""subset_size"": 13, ""micro_f1"": 0.9501, ""macro_f1"": 0.05622955358710234, ""validation_loss"": 0.2919810775756836, ""train_loss"": 0.6616922866609362, ""seconds"": 0.7864441689998785, ""gpu_id"": 0, ""candidate_id"": 14, ""sample_weight"": 0.07030155005722065}, {""client_id"": 6, ""model_family"": ""gru"", ""feature_ids"": [2, 3, 5, 6, 8, 9, 12, 16, 17, 18, 21, 22, 23], ""subset_size"": 13, ""micro_f1"": 0.8468, ""macro_f1"": 0.026971932372689165, ""validation_loss"": 0.873155419921875, ""train_loss"": 2.151888139014774, ""seconds"": 0.33700696799996877, ""gpu_id"": 1, ""candidate_id"": 14, ""sample_weight"": 0.07459801933327874}, {""client_id"": 7, ""model_family"": ""gru"", ""feature_ids"": [2, 3, 5, 6, 8, 9, 12, 16, 17, 18, 21, 22, 23], ""subset_size"": 13, ""micro_f1"": 0.8645, ""macro_f1"": 0.02728015727507676, ""validation_loss"": 0.7473698181152344, ""train_loss"": 1.673671855990092, ""seconds"": 0.3452711420000014, ""gpu_id"": 1, ""candidate_id"": 14, ""sample_weight"": 0.05067317481195735}, {""client_id"": 8, ""model_family"": ""gru"", ""feature_ids"": [2, 3, 5, 6, 8, 9, 12, 16, 17, 18, 21, 22, 23], ""subset_size"": 13, ""micro_f1"": 0.2177, ""macro_f1"": 0.011615278795015855, ""validation_loss"": 2.7679228515625, ""train_loss"": 3.1884321825239392, ""seconds"": 0.3861258460001409, ""gpu_id"": 1, ""candidate_id"": 14, ""sample_weight"": 0.354287210681253}, {""client_id"": 9, ""model_family"": ""gru"", ""feature_ids"": [2, 3, 5, 6, 8, 9, 12, 16, 17, 18, 21, 22, 23], ""subset_size"": 13, ""micro_f1"": 0.7582, ""macro_f1"": 0.02548126387670637, ""validation_loss"": 1.2346059814453125, ""train_loss"": 2.0811647905349733, ""seconds"": 0.34252964899997096, ""gpu_id"": 0, ""candidate_id"": 14, ""sample_weight"": 0.12090074249549396}, {""client_id"": 10, ""model_family"": ""gru"", ""feature_ids"": [2, 3, 5, 6, 8, 9, 12, 16, 17, 18, 21, 22, 23], ""subset_size"": 13, ""micro_f1"": 0.3865, ""macro_f1"": 0.016397615663647357, ""validation_loss"": 2.43846083984375, ""train_loss"": 3.0476994897206624, ""seconds"": 0.3860424409999723, ""gpu_id"": 0, ""candidate_id"": 14, ""sample_weight"": 0.11011103958316146}]"
15,2,1500,"[0, 1, 4, 5, 6, 7, 10, 11, 16, 18, 21, 22, 23]","[""ack_flag_number"", ""AVG"", ""fin_count"", ""Max"", ""TCP"", ""syn_count"", ""IAT"", ""syn_flag_number"", ""fin_flag_number"", ""rst_count"", ""ICMP"", ""Time_To_Live"", ""ARP""]",13,0.617979480340773,0.03516955447970207,0.670434832572937,0.48,0.4267544647767836,300,4200,"[{""client_id"": 1, ""model_family"": ""transformer"", ""feature_ids"": [0, 1, 4, 5, 6, 7, 10, 11, 16, 18, 21, 22, 23], ""subset_size"": 13, ""micro_f1"": 0.8775380710659898, ""macro_f1"": 0.02749339005625907, ""validation_loss"": 0.6129697422085679, ""train_loss"": 1.1433813171876197, ""seconds"": 0.25461839899980987, ""gpu_id"": 0, ""candidate_id"": 15, ""sample_weight"": 0.0008752009911046531}, {""client_id"": 2, ""model_family"": ""transformer"", ""feature_ids"": [0, 1, 4, 5, 6, 7, 10, 11, 16, 18, 21, 22, 23], ""subset_size"": 13, ""micro_f1"": 0.4718, ""macro_f1"": 0.05140055666591605, ""validation_loss"": 1.4851258056640626, ""train_loss"": 1.9577597136391534, ""seconds"": 0.8440252540003712, ""gpu_id"": 1, ""candidate_id"": 15, ""sample_weight"": 0.061408177662345804}, {""client_id"": 3, ""model_family"": ""transformer"", ""feature_ids"": [0, 1, 4, 5, 6, 7, 10, 11, 16, 18, 21, 22, 23], ""subset_size"": 13, ""micro_f1"": 0.8164, ""macro_f1"": 0.05134823082384898, ""validation_loss"": 0.6964479553222657, ""train_loss"": 1.062805157883962, ""seconds"": 0.8674261209998804, ""gpu_id"": 0, ""candidate_id"": 15, ""sample_weight"": 0.10352608384640223}, {""client_id"": 4, ""model_family"": ""transformer"", ""feature_ids"": [0, 1, 4, 5, 6, 7, 10, 11, 16, 18, 21, 22, 23], ""subset_size"": 13, ""micro_f1"": 0.8313, ""macro_f1"": 0.029814408286183397, ""validation_loss"": 0.48862525634765624, ""train_loss"": 0.7766613285064697, ""seconds"": 0.807312625999657, ""gpu_id"": 1, ""candidate_id"": 15, ""sample_weight"": 0.05331880053778213}, {""client_id"": 5, ""model_family"": ""transformer"", ""feature_ids"": [0, 1, 4, 5, 6, 7, 10, 11, 16, 18, 21, 22, 23], ""subset_size"": 13, ""micro_f1"": 0.9493, ""macro_f1"": 0.05585372389593376, ""validation_loss"": 0.2646853088378906, ""train_loss"": 0.6137805197503832, ""seconds"": 0.7980331640001168, ""gpu_id"": 0, ""candidate_id"": 15, ""sample_weight"": 0.07030155005722065}, {""client_id"": 6, ""model_family"": ""gru"", ""feature_ids"": [0, 1, 4, 5, 6, 7, 10, 11, 16, 18, 21, 22, 23], ""subset_size"": 13, ""micro_f1"": 0.8468, ""macro_f1"": 0.026971932372689165, ""validation_loss"": 0.86261396484375, ""train_loss"": 2.1536126059426204, ""seconds"": 0.3530719219997991, ""gpu_id"": 1, ""candidate_id"": 15, ""sample_weight"": 0.07459801933327874}, {""client_id"": 7, ""model_family"": ""gru"", ""feature_ids"": [0, 1, 4, 5, 6, 7, 10, 11, 16, 18, 21, 22, 23], ""subset_size"": 13, ""micro_f1"": 0.8645, ""macro_f1"": 0.02727723069059196, ""validation_loss"": 0.8204337280273437, ""train_loss"": 1.9137219850116305, ""seconds"": 0.34880732700003136, ""gpu_id"": 1, ""candidate_id"": 15, ""sample_weight"": 0.05067317481195735}, {""client_id"": 8, ""model_family"": ""gru"", ""feature_ids"": [0, 1, 4, 5, 6, 7, 10, 11, 16, 18, 21, 22, 23], ""subset_size"": 13, ""micro_f1"": 0.4275, ""macro_f1"": 0.03636273633174527, ""validation_loss"": 2.826823828125, ""train_loss"": 3.214485633934869, ""seconds"": 0.3549369170000318, ""gpu_id"": 1, ""candidate_id"": 15, ""sample_weight"": 0.354287210681253}, {""client_id"": 9, ""model_family"": ""gru"", ""feature_ids"": [0, 1, 4, 5, 6, 7, 10, 11, 16, 18, 21, 22, 23], ""subset_size"": 13, ""micro_f1"": 0.7582, ""macro_f1"": 0.025427776595100007, ""validation_loss"": 1.2103053955078125, ""train_loss"": 2.062578803973728, ""seconds"": 0.35228965099986453, ""gpu_id"": 0, ""candidate_id"": 15, ""sample_weight"": 0.12090074249549396}, {""client_id"": 10, ""model_family"": ""gru"", ""feature_ids"": [0, 1, 4, 5, 6, 7, 10, 11, 16, 18, 21, 22, 23], ""subset_size"": 13, ""micro_f1"": 0.3865, ""macro_f1"": 0.016397615663647357, ""validation_loss"": 2.4444681640625, ""train_loss"": 3.052736446550157, ""seconds"": 0.37074398100003236, ""gpu_id"": 0, ""candidate_id"": 15, ""sample_weight"": 0.11011103958316146}]"
16,2,1600,"[0, 1, 4, 5, 6, 7, 8, 9, 11, 16, 18, 19, 21, 23]","[""ack_flag_number"", ""AVG"", ""fin_count"", ""Max"", ""TCP"", ""syn_count"", ""Protocol Type"", ""Rate"", ""syn_flag_number"", ""fin_flag_number"", ""rst_count"", ""Header_Length"", ""ICMP"", ""ARP""]",14,0.6044845880462131,0.03383680498976316,0.6396565437316895,0.43999999999999995,0.39248280443145234,320,4520,"[{""client_id"": 1, ""model_family"": ""transformer"", ""feature_ids"": [0, 1, 4, 5, 6, 7, 8, 9, 11, 16, 18, 19, 21, 23], ""subset_size"": 14, ""micro_f1"": 0.8775380710659898, ""macro_f1"": 0.02749339005625907, ""validation_loss"": 0.6166720124065573, ""train_loss"": 1.142651966414207, ""seconds"": 0.2673407649999717, ""gpu_id"": 0, ""candidate_id"": 16, ""sample_weight"": 0.0008752009911046531}, {""client_id"": 2, ""model_family"": ""transformer"", ""feature_ids"": [0, 1, 4, 5, 6, 7, 8, 9, 11, 16, 18, 19, 21, 23], ""subset_size"": 14, ""micro_f1"": 0.4667, ""macro_f1"": 0.04718736787364518, ""validation_loss"": 1.51580849609375, ""train_loss"": 1.9828227458953858, ""seconds"": 0.8314286109998648, ""gpu_id"": 1, ""candidate_id"": 16, ""sample_weight"": 0.061408177662345804}, {""client_id"": 3, ""model_family"": ""transformer"", ""feature_ids"": [0, 1, 4, 5, 6, 7, 8, 9, 11, 16, 18, 19, 21, 23], ""subset_size"": 14, ""micro_f1"": 0.8088, ""macro_f1"": 0.050875825977648274, ""validation_loss"": 0.7639630310058594, ""train_loss"": 1.0951019497023688, ""seconds"": 0.8266651560002174, ""gpu_id"": 0, ""candidate_id"": 16, ""sample_weight"": 0.10352608384640223}, {""client_id"": 4, ""model_family"": ""transformer"", ""feature_ids"": [0, 1, 4, 5, 6, 7, 8, 9, 11, 16, 18, 19, 21, 23], ""subset_size"": 14, ""micro_f1"": 0.8304, ""macro_f1"": 0.0266923818707811, ""validation_loss"": 0.5691864990234375, ""train_loss"": 0.8516005169550578, ""seconds"": 0.8212710769998921, ""gpu_id"": 1, ""candidate_id"": 16, ""sample_weight"": 0.05331880053778213}, {""client_id"": 5, ""model_family"": ""transformer"", ""feature_ids"": [0, 1, 4, 5, 6, 7, 8, 9, 11, 16, 18, 19, 21, 23], ""subset_size"": 14, ""micro_f1"": 0.9467, ""macro_f1"": 0.05577691697996841, ""validation_loss"": 0.2646860015869141, ""train_loss"": 0.6020890324195226, ""seconds"": 0.8496412740000778, ""gpu_id"": 0, ""candidate_id"": 16, ""sample_weight"": 0.07030155005722065}, {""client_id"": 6, ""model_family"": ""gru"", ""feature_ids"": [0, 1, 4, 5, 6, 7, 8, 9, 11, 16, 18, 19, 21, 23], ""subset_size"": 14, ""micro_f1"": 0.8468, ""macro_f1"": 0.026971932372689165, ""validation_loss"": 0.8833961059570312, ""train_loss"": 2.1429674666722613, ""seconds"": 0.40161118600008194, ""gpu_id"": 1, ""candidate_id"": 16, ""sample_weight"": 0.07459801933327874}, {""client_id"": 7, ""model_family"": ""gru"", ""feature_ids"": [0, 1, 4, 5, 6, 7, 8, 9, 11, 16, 18, 19, 21, 23], ""subset_size"": 14, ""micro_f1"": 0.8645, ""macro_f1"": 0.027274304733961165, ""validation_loss"": 0.8195593383789063, ""train_loss"": 1.8956906347698637, ""seconds"": 0.3628834450000795, ""gpu_id"": 1, ""candidate_id"": 16, ""sample_weight"": 0.05067317481195735}, {""client_id"": 8, ""model_family"": ""gru"", ""feature_ids"": [0, 1, 4, 5, 6, 7, 8, 9, 11, 16, 18, 19, 21, 23], ""subset_size"": 14, ""micro_f1"": 0.3932, ""macro_f1"": 0.03397572666729831, ""validation_loss"": 2.75456015625, ""train_loss"": 3.1791984150356716, ""seconds"": 0.34190189099990675, ""gpu_id"": 1, ""candidate_id"": 16, ""sample_weight"": 0.354287210681253}, {""client_id"": 9, ""model_family"": ""gru"", ""feature_ids"": [0, 1, 4, 5, 6, 7, 8, 9, 11, 16, 18, 19, 21, 23], ""subset_size"": 14, ""micro_f1"": 0.7581, ""macro_f1"": 0.025366392290704677, ""validation_loss"": 1.2559694702148438, ""train_loss"": 2.090390519142151, ""seconds"": 0.3625150439997924, ""gpu_id"": 0, ""candidate_id"": 16, ""sample_weight"": 0.12090074249549396}, {""client_id"": 10, ""model_family"": ""gru"", ""feature_ids"": [0, 1, 4, 5, 6, 7, 8, 9, 11, 16, 18, 19, 21, 23], ""subset_size"": 14, ""micro_f1"": 0.3865, ""macro_f1"": 0.016397615663647357, ""validation_loss"": 2.27168740234375, ""train_loss"": 2.9580202579074437, ""seconds"": 0.34329290100004073, ""gpu_id"": 0, ""candidate_id"": 16, ""sample_weight"": 0.11011103958316146}]"
17,2,1700,"[0, 2, 5, 6, 7, 9, 10, 12, 13, 16, 18, 19, 20, 23]","[""ack_flag_number"", ""Std"", ""Max"", ""TCP"", ""syn_count"", ""Rate"", ""IAT"", ""rst_flag_number"", ""Tot sum"", ""fin_flag_number"", ""rst_count"", ""Header_Length"", ""psh_flag_number"", ""ARP""]",14,0.5561958895510418,0.02688615287284838,0.3650604784488678,0.43999999999999995,0.41511354111021737,320,4840,"[{""client_id"": 1, ""model_family"": ""transformer"", ""feature_ids"": [0, 2, 5, 6, 7, 9, 10, 12, 13, 16, 18, 19, 20, 23], ""subset_size"": 14, ""micro_f1"": 0.8775380710659898, ""macro_f1"": 0.02749339005625907, ""validation_loss"": 0.6016096318433732, ""train_loss"": 1.130640825173711, ""seconds"": 0.26914401700014423, ""gpu_id"": 0, ""candidate_id"": 17, ""sample_weight"": 0.0008752009911046531}, {""client_id"": 2, ""model_family"": ""transformer"", ""feature_ids"": [0, 2, 5, 6, 7, 9, 10, 12, 13, 16, 18, 19, 20, 23], ""subset_size"": 14, ""micro_f1"": 0.5554, ""macro_f1"": 0.06094026228905063, ""validation_loss"": 1.4913936767578124, ""train_loss"": 1.9509797769546509, ""seconds"": 0.8605647360000148, ""gpu_id"": 1, ""candidate_id"": 17, ""sample_weight"": 0.061408177662345804}, {""client_id"": 3, ""model_family"": ""transformer"", ""feature_ids"": [0, 2, 5, 6, 7, 9, 10, 12, 13, 16, 18, 19, 20, 23], ""subset_size"": 14, ""micro_f1"": 0.7981, ""macro_f1"": 0.050206219198701045, ""validation_loss"": 0.7497279846191406, ""train_loss"": 1.152825061416626, ""seconds"": 0.8397374209998816, ""gpu_id"": 0, ""candidate_id"": 17, ""sample_weight"": 0.10352608384640223}, {""client_id"": 4, ""model_family"": ""transformer"", ""feature_ids"": [0, 2, 5, 6, 7, 9, 10, 12, 13, 16, 18, 19, 20, 23], ""subset_size"": 14, ""micro_f1"": 0.8305, ""macro_f1"": 0.026688304384851452, ""validation_loss"": 0.4709802368164063, ""train_loss"": 0.8210653957578871, ""seconds"": 0.7793448719999105, ""gpu_id"": 1, ""candidate_id"": 17, ""sample_weight"": 0.05331880053778213}, {""client_id"": 5, ""model_family"": ""transformer"", ""feature_ids"": [0, 2, 5, 6, 7, 9, 10, 12, 13, 16, 18, 19, 20, 23], ""subset_size"": 14, ""micro_f1"": 0.9485, ""macro_f1"": 0.05582019234280671, ""validation_loss"": 0.2576878967285156, ""train_loss"": 0.5879703736305237, ""seconds"": 0.7877624919997288, ""gpu_id"": 0, ""candidate_id"": 17, ""sample_weight"": 0.07030155005722065}, {""client_id"": 6, ""model_family"": ""gru"", ""feature_ids"": [0, 2, 5, 6, 7, 9, 10, 12, 13, 16, 18, 19, 20, 23], ""subset_size"": 14, ""micro_f1"": 0.8468, ""macro_f1"": 0.026971932372689165, ""validation_loss"": 0.947252734375, ""train_loss"": 2.2258985620710585, ""seconds"": 0.35444541400011076, ""gpu_id"": 1, ""candidate_id"": 17, ""sample_weight"": 0.07459801933327874}, {""client_id"": 7, ""model_family"": ""gru"", ""feature_ids"": [0, 2, 5, 6, 7, 9, 10, 12, 13, 16, 18, 19, 20, 23], ""subset_size"": 14, ""micro_f1"": 0.8644, ""macro_f1"": 0.02728871294130275, ""validation_loss"": 0.7503811767578125, ""train_loss"": 1.7295990121629503, ""seconds"": 0.4044263010000577, ""gpu_id"": 1, ""candidate_id"": 17, ""sample_weight"": 0.05067317481195735}, {""client_id"": 8, ""model_family"": ""gru"", ""feature_ids"": [0, 2, 5, 6, 7, 9, 10, 12, 13, 16, 18, 19, 20, 23], ""subset_size"": 14, ""micro_f1"": 0.2442, ""macro_f1"": 0.012085840648209495, ""validation_loss"": 2.58530244140625, ""train_loss"": 3.0877521699269614, ""seconds"": 0.3252181460002248, ""gpu_id"": 1, ""candidate_id"": 17, ""sample_weight"": 0.354287210681253}, {""client_id"": 9, ""model_family"": ""gru"", ""feature_ids"": [0, 2, 5, 6, 7, 9, 10, 12, 13, 16, 18, 19, 20, 23], ""subset_size"": 14, ""micro_f1"": 0.7582, ""macro_f1"": 0.02542627798697715, ""validation_loss"": 1.31407412109375, ""train_loss"": 2.1426802540037366, ""seconds"": 0.4050657980001233, ""gpu_id"": 0, ""candidate_id"": 17, ""sample_weight"": 0.12090074249549396}, {""client_id"": 10, ""model_family"": ""gru"", ""feature_ids"": [0, 2, 5, 6, 7, 9, 10, 12, 13, 16, 18, 19, 20, 23], ""subset_size"": 14, ""micro_f1"": 0.3867, ""macro_f1"": 0.016566907259809235, ""validation_loss"": 2.145751318359375, ""train_loss"": 2.7946530587938097, ""seconds"": 0.33847236100018563, ""gpu_id"": 0, ""candidate_id"": 17, ""sample_weight"": 0.11011103958316146}]"
18,2,1800,"[0, 1, 2, 4, 5, 6, 7, 10, 11, 12, 16, 18, 22, 24]","[""ack_flag_number"", ""AVG"", ""Std"", ""fin_count"", ""Max"", ""TCP"", ""syn_count"", ""IAT"", ""syn_flag_number"", ""rst_flag_number"", ""fin_flag_number"", ""rst_count"", ""Time_To_Live"", ""DNS""]",14,0.5536502706804645,0.026754635035832697,0.6578050851821899,0.43999999999999995,0.3855845185498274,320,5160,"[{""client_id"": 1, ""model_family"": ""transformer"", ""feature_ids"": [0, 1, 2, 4, 5, 6, 7, 10, 11, 12, 16, 18, 22, 24], ""subset_size"": 14, ""micro_f1"": 0.8775380710659898, ""macro_f1"": 0.02749339005625907, ""validation_loss"": 0.606072014358443, ""train_loss"": 1.1454038089503693, ""seconds"": 0.2714023730000008, ""gpu_id"": 0, ""candidate_id"": 18, ""sample_weight"": 0.0008752009911046531}, {""client_id"": 2, ""model_family"": ""transformer"", ""feature_ids"": [0, 1, 2, 4, 5, 6, 7, 10, 11, 12, 16, 18, 22, 24], ""subset_size"": 14, ""micro_f1"": 0.467, ""macro_f1"": 0.05318082813476005, ""validation_loss"": 1.4991505615234375, ""train_loss"": 1.973208615811666, ""seconds"": 0.8910115129997394, ""gpu_id"": 1, ""candidate_id"": 18, ""sample_weight"": 0.061408177662345804}, {""client_id"": 3, ""model_family"": ""transformer"", ""feature_ids"": [0, 1, 2, 4, 5, 6, 7, 10, 11, 12, 16, 18, 22, 24], ""subset_size"": 14, ""micro_f1"": 0.8209, ""macro_f1"": 0.05163824884460249, ""validation_loss"": 0.7027637725830078, ""train_loss"": 1.083960016685062, ""seconds"": 0.8704383940003027, ""gpu_id"": 0, ""candidate_id"": 18, ""sample_weight"": 0.10352608384640223}, {""client_id"": 4, ""model_family"": ""transformer"", ""feature_ids"": [0, 1, 2, 4, 5, 6, 7, 10, 11, 12, 16, 18, 22, 24], ""subset_size"": 14, ""micro_f1"": 0.8396, ""macro_f1"": 0.03418027126504116, ""validation_loss"": 0.5002998352050781, ""train_loss"": 0.7792886203977797, ""seconds"": 0.7881180060003317, ""gpu_id"": 1, ""candidate_id"": 18, ""sample_weight"": 0.05331880053778213}, {""client_id"": 5, ""model_family"": ""transformer"", ""feature_ids"": [0, 1, 2, 4, 5, 6, 7, 10, 11, 12, 16, 18, 22, 24], ""subset_size"": 14, ""micro_f1"": 0.9495, ""macro_f1"": 0.05587416456238808, ""validation_loss"": 0.26680616455078127, ""train_loss"": 0.5902750498983595, ""seconds"": 0.82782267399989, ""gpu_id"": 0, ""candidate_id"": 18, ""sample_weight"": 0.07030155005722065}, {""client_id"": 6, ""model_family"": ""gru"", ""feature_ids"": [0, 1, 2, 4, 5, 6, 7, 10, 11, 12, 16, 18, 22, 24], ""subset_size"": 14, ""micro_f1"": 0.8468, ""macro_f1"": 0.026971932372689165, ""validation_loss"": 0.973488818359375, ""train_loss"": 2.3916187717225816, ""seconds"": 0.39942332700002225, ""gpu_id"": 1, ""candidate_id"": 18, ""sample_weight"": 0.07459801933327874}, {""client_id"": 7, ""model_family"": ""gru"", ""feature_ids"": [0, 1, 2, 4, 5, 6, 7, 10, 11, 12, 16, 18, 22, 24], ""subset_size"": 14, ""micro_f1"": 0.8644, ""macro_f1"": 0.027285784182199846, ""validation_loss"": 0.8205605590820313, ""train_loss"": 1.8966437538676792, ""seconds"": 0.37378039900022486, ""gpu_id"": 1, ""candidate_id"": 18, ""sample_weight"": 0.05067317481195735}, {""client_id"": 8, ""model_family"": ""gru"", ""feature_ids"": [0, 1, 2, 4, 5, 6, 7, 10, 11, 12, 16, 18, 22, 24], ""subset_size"": 14, ""micro_f1"": 0.2442, ""macro_f1"": 0.011549976587885294, ""validation_loss"": 2.6625619140625, ""train_loss"": 3.135065743976169, ""seconds"": 0.34967346199982785, ""gpu_id"": 1, ""candidate_id"": 18, ""sample_weight"": 0.354287210681253}, {""client_id"": 9, ""model_family"": ""gru"", ""feature_ids"": [0, 1, 2, 4, 5, 6, 7, 10, 11, 12, 16, 18, 22, 24], ""subset_size"": 14, ""micro_f1"": 0.7582, ""macro_f1"": 0.02542922008177305, ""validation_loss"": 1.2662694213867187, ""train_loss"": 2.086359546195136, ""seconds"": 0.39291159999993397, ""gpu_id"": 0, ""candidate_id"": 18, ""sample_weight"": 0.12090074249549396}, {""client_id"": 10, ""model_family"": ""gru"", ""feature_ids"": [0, 1, 2, 4, 5, 6, 7, 10, 11, 12, 16, 18, 22, 24], ""subset_size"": 14, ""micro_f1"": 0.3864, ""macro_f1"": 0.016413497808135384, ""validation_loss"": 2.148191943359375, ""train_loss"": 2.8478470330132377, ""seconds"": 0.3476079050001317, ""gpu_id"": 0, ""candidate_id"": 18, ""sample_weight"": 0.11011103958316146}]"
19,2,1900,"[0, 1, 4, 5, 6, 7, 9, 10, 11, 12, 18, 20, 23, 24]","[""ack_flag_number"", ""AVG"", ""fin_count"", ""Max"", ""TCP"", ""syn_count"", ""Rate"", ""IAT"", ""syn_flag_number"", ""rst_flag_number"", ""rst_count"", ""psh_flag_number"", ""ARP"", ""DNS""]",14,0.5528426082939362,0.02577711081365626,0.34638527035713196,0.43999999999999995,0.41664573379368036,320,5480,"[{""client_id"": 1, ""model_family"": ""transformer"", ""feature_ids"": [0, 1, 4, 5, 6, 7, 9, 10, 11, 12, 18, 20, 23, 24], ""subset_size"": 14, ""micro_f1"": 0.8775380710659898, ""macro_f1"": 0.02749339005625907, ""validation_loss"": 0.6026077851426178, ""train_loss"": 1.1379663391228927, ""seconds"": 0.26295071200001985, ""gpu_id"": 0, ""candidate_id"": 19, ""sample_weight"": 0.0008752009911046531}, {""client_id"": 2, ""model_family"": ""transformer"", ""feature_ids"": [0, 1, 4, 5, 6, 7, 9, 10, 11, 12, 18, 20, 23, 24], ""subset_size"": 14, ""micro_f1"": 0.453, ""macro_f1"": 0.04292682723757283, ""validation_loss"": 1.548750537109375, ""train_loss"": 1.9753199413087632, ""seconds"": 0.783096581999871, ""gpu_id"": 1, ""candidate_id"": 19, ""sample_weight"": 0.061408177662345804}, {""client_id"": 3, ""model_family"": ""transformer"", ""feature_ids"": [0, 1, 4, 5, 6, 7, 9, 10, 11, 12, 18, 20, 23, 24], ""subset_size"": 14, ""micro_f1"": 0.8207, ""macro_f1"": 0.05160393303100051, ""validation_loss"": 0.7162718353271484, ""train_loss"": 1.0725677897453307, ""seconds"": 0.7987238279997655, ""gpu_id"": 0, ""candidate_id"": 19, ""sample_weight"": 0.10352608384640223}, {""client_id"": 4, ""model_family"": ""transformer"", ""feature_ids"": [0, 1, 4, 5, 6, 7, 9, 10, 11, 12, 18, 20, 23, 24], ""subset_size"": 14, ""micro_f1"": 0.8305, ""macro_f1"": 0.026688304384851452, ""validation_loss"": 0.548066943359375, ""train_loss"": 0.8466238566504585, ""seconds"": 0.7734519910000017, ""gpu_id"": 1, ""candidate_id"": 19, ""sample_weight"": 0.05331880053778213}, {""client_id"": 5, ""model_family"": ""transformer"", ""feature_ids"": [0, 1, 4, 5, 6, 7, 9, 10, 11, 12, 18, 20, 23, 24], ""subset_size"": 14, ""micro_f1"": 0.9582, ""macro_f1"": 0.056513557511968654, ""validation_loss"": 0.26540748291015626, ""train_loss"": 0.6213250247584449, ""seconds"": 0.7865499500003352, ""gpu_id"": 0, ""candidate_id"": 19, ""sample_weight"": 0.07030155005722065}, {""client_id"": 6, ""model_family"": ""gru"", ""feature_ids"": [0, 1, 4, 5, 6, 7, 9, 10, 11, 12, 18, 20, 23, 24], ""subset_size"": 14, ""micro_f1"": 0.8468, ""macro_f1"": 0.026971932372689165, ""validation_loss"": 0.7924771240234375, ""train_loss"": 1.8589071019278631, ""seconds"": 0.3243129490001593, ""gpu_id"": 1, ""candidate_id"": 19, ""sample_weight"": 0.07459801933327874}, {""client_id"": 7, ""model_family"": ""gru"", ""feature_ids"": [0, 1, 4, 5, 6, 7, 9, 10, 11, 12, 18, 20, 23, 24], ""subset_size"": 14, ""micro_f1"": 0.8643, ""macro_f1"": 0.02727823611470557, ""validation_loss"": 0.77033173828125, ""train_loss"": 1.6593717563735115, ""seconds"": 0.3554389739997532, ""gpu_id"": 1, ""candidate_id"": 19, ""sample_weight"": 0.05067317481195735}, {""client_id"": 8, ""model_family"": ""gru"", ""feature_ids"": [0, 1, 4, 5, 6, 7, 9, 10, 11, 12, 18, 20, 23, 24], ""subset_size"": 14, ""micro_f1"": 0.2441, ""macro_f1"": 0.011544318644003668, ""validation_loss"": 2.4874611328125, ""train_loss"": 3.0157418955908883, ""seconds"": 0.3376617849999093, ""gpu_id"": 1, ""candidate_id"": 19, ""sample_weight"": 0.354287210681253}, {""client_id"": 9, ""model_family"": ""gru"", ""feature_ids"": [0, 1, 4, 5, 6, 7, 9, 10, 11, 12, 18, 20, 23, 24], ""subset_size"": 14, ""micro_f1"": 0.758, ""macro_f1"": 0.025484674495215104, ""validation_loss"": 1.2347089721679687, ""train_loss"": 1.9309221293979222, ""seconds"": 0.35444096699984584, ""gpu_id"": 0, ""candidate_id"": 19, ""sample_weight"": 0.12090074249549396}, {""client_id"": 10, ""model_family"": ""gru"", ""feature_ids"": [0, 1, 4, 5, 6, 7, 9, 10, 11, 12, 18, 20, 23, 24], ""subset_size"": 14, ""micro_f1"": 0.3865, ""macro_f1"": 0.016467105354623264, ""validation_loss"": 2.091976513671875, ""train_loss"": 2.755573161994086, ""seconds"": 0.3453572759999588, ""gpu_id"": 0, ""candidate_id"": 19, ""sample_weight"": 0.11011103958316146}]"
20,2,2000,"[1, 2, 4, 6, 7, 10, 11, 13, 16, 18, 19, 20, 21, 22, 24]","[""AVG"", ""Std"", ""fin_count"", ""TCP"", ""syn_count"", ""IAT"", ""syn_flag_number"", ""Tot sum"", ""fin_flag_number"", ""rst_count"", ""Header_Length"", ""psh_flag_number"", ""ICMP"", ""Time_To_Live"", ""DNS""]",15,0.6164092964930319,0.03495840153967291,0.25550106167793274,0.4,0.39609082348151,340,5820,"[{""client_id"": 1, ""model_family"": ""transformer"", ""feature_ids"": [1, 2, 4, 6, 7, 10, 11, 13, 16, 18, 19, 20, 21, 22, 24], ""subset_size"": 15, ""micro_f1"": 0.8775380710659898, ""macro_f1"": 0.02749339005625907, ""validation_loss"": 0.6208930620687262, ""train_loss"": 1.1514077230624002, ""seconds"": 0.2638289349997649, ""gpu_id"": 0, ""candidate_id"": 20, ""sample_weight"": 0.0008752009911046531}, {""client_id"": 2, ""model_family"": ""transformer"", ""feature_ids"": [1, 2, 4, 6, 7, 10, 11, 13, 16, 18, 19, 20, 21, 22, 24], ""subset_size"": 15, ""micro_f1"": 0.4728, ""macro_f1"": 0.05154359567964234, ""validation_loss"": 1.52377041015625, ""train_loss"": 1.9876051074557834, ""seconds"": 0.8125260589999925, ""gpu_id"": 1, ""candidate_id"": 20, ""sample_weight"": 0.061408177662345804}, {""client_id"": 3, ""model_family"": ""transformer"", ""feature_ids"": [1, 2, 4, 6, 7, 10, 11, 13, 16, 18, 19, 20, 21, 22, 24], ""subset_size"": 15, ""micro_f1"": 0.8252, ""macro_f1"": 0.05189075803382419, ""validation_loss"": 0.7253130828857421, ""train_loss"": 1.0908255691740247, ""seconds"": 0.8202958130000297, ""gpu_id"": 0, ""candidate_id"": 20, ""sample_weight"": 0.10352608384640223}, {""client_id"": 4, ""model_family"": ""transformer"", ""feature_ids"": [1, 2, 4, 6, 7, 10, 11, 13, 16, 18, 19, 20, 21, 22, 24], ""subset_size"": 15, ""micro_f1"": 0.8356, ""macro_f1"": 0.030634090627462578, ""validation_loss"": 0.5235373413085938, ""train_loss"": 0.830281731361813, ""seconds"": 0.8513581070001237, ""gpu_id"": 1, ""candidate_id"": 20, ""sample_weight"": 0.05331880053778213}, {""client_id"": 5, ""model_family"": ""transformer"", ""feature_ids"": [1, 2, 4, 6, 7, 10, 11, 13, 16, 18, 19, 20, 21, 22, 24], ""subset_size"": 15, ""micro_f1"": 0.9465, ""macro_f1"": 0.05565067615113552, ""validation_loss"": 0.2799536544799805, ""train_loss"": 0.6362307316992017, ""seconds"": 0.8788314759999594, ""gpu_id"": 0, ""candidate_id"": 20, ""sample_weight"": 0.07030155005722065}, {""client_id"": 6, ""model_family"": ""gru"", ""feature_ids"": [1, 2, 4, 6, 7, 10, 11, 13, 16, 18, 19, 20, 21, 22, 24], ""subset_size"": 15, ""micro_f1"": 0.8468, ""macro_f1"": 0.026971932372689165, ""validation_loss"": 0.7477500610351563, ""train_loss"": 1.893414081954956, ""seconds"": 0.3962326129999383, ""gpu_id"": 1, ""candidate_id"": 20, ""sample_weight"": 0.07459801933327874}, {""client_id"": 7, ""model_family"": ""gru"", ""feature_ids"": [1, 2, 4, 6, 7, 10, 11, 13, 16, 18, 19, 20, 21, 22, 24], ""subset_size"": 15, ""micro_f1"": 0.8645, ""macro_f1"": 0.027281620802827568, ""validation_loss"": 0.7704969421386719, ""train_loss"": 1.8024062485694885, ""seconds"": 0.37216679799985286, ""gpu_id"": 1, ""candidate_id"": 20, ""sample_weight"": 0.05067317481195735}, {""client_id"": 8, ""model_family"": ""gru"", ""feature_ids"": [1, 2, 4, 6, 7, 10, 11, 13, 16, 18, 19, 20, 21, 22, 24], ""subset_size"": 15, ""micro_f1"": 0.4203, ""macro_f1"": 0.03548185910323718, ""validation_loss"": 2.8280251953125, ""train_loss"": 3.217797633828057, ""seconds"": 0.3892179760000545, ""gpu_id"": 1, ""candidate_id"": 20, ""sample_weight"": 0.354287210681253}, {""client_id"": 9, ""model_family"": ""gru"", ""feature_ids"": [1, 2, 4, 6, 7, 10, 11, 13, 16, 18, 19, 20, 21, 22, 24], ""subset_size"": 15, ""micro_f1"": 0.758, ""macro_f1"": 0.025480123210147608, ""validation_loss"": 1.2494071655273438, ""train_loss"": 2.143116308954027, ""seconds"": 0.3850002559997847, ""gpu_id"": 0, ""candidate_id"": 20, ""sample_weight"": 0.12090074249549396}, {""client_id"": 10, ""model_family"": ""gru"", ""feature_ids"": [1, 2, 4, 6, 7, 10, 11, 13, 16, 18, 19, 20, 21, 22, 24], ""subset_size"": 15, ""micro_f1"": 0.3865, ""macro_f1"": 0.016397615663647357, ""validation_loss"": 2.5095017578125, ""train_loss"": 3.0742855466206866, ""seconds"": 0.3961236810000628, ""gpu_id"": 0, ""candidate_id"": 20, ""sample_weight"": 0.11011103958316146}]"
21,3,2100,"[1, 4, 6, 8, 9, 10, 12, 13, 14, 15, 17, 18, 21, 23, 24]","[""AVG"", ""fin_count"", ""TCP"", ""Protocol Type"", ""Rate"", ""IAT"", ""rst_flag_number"", ""Tot sum"", ""HTTPS"", ""ack_count"", ""HTTP"", ""rst_count"", ""ICMP"", ""ARP"", ""DNS""]",15,0.5393916084459117,0.025369935403048518,0.3402504324913025,0.4,0.37991411759546095,340,6160,"[{""client_id"": 1, ""model_family"": ""transformer"", ""feature_ids"": [1, 4, 6, 8, 9, 10, 12, 13, 14, 15, 17, 18, 21, 23, 24], ""subset_size"": 15, ""micro_f1"": 0.8775380710659898, ""macro_f1"": 0.02749339005625907, ""validation_loss"": 0.6441339018381187, ""train_loss"": 1.1518957774247816, ""seconds"": 0.27961667299996407, ""gpu_id"": 0, ""candidate_id"": 21, ""sample_weight"": 0.0008752009911046531}, {""client_id"": 2, ""model_family"": ""transformer"", ""feature_ids"": [1, 4, 6, 8, 9, 10, 12, 13, 14, 15, 17, 18, 21, 23, 24], ""subset_size"": 15, ""micro_f1"": 0.4557, ""macro_f1"": 0.04285836879559364, ""validation_loss"": 1.5620686279296876, ""train_loss"": 2.0503807126575047, ""seconds"": 0.8689601470000525, ""gpu_id"": 1, ""candidate_id"": 21, ""sample_weight"": 0.061408177662345804}, {""client_id"": 3, ""model_family"": ""transformer"", ""feature_ids"": [1, 4, 6, 8, 9, 10, 12, 13, 14, 15, 17, 18, 21, 23, 24], ""subset_size"": 15, ""micro_f1"": 0.8015, ""macro_f1"": 0.05028588130003195, ""validation_loss"": 0.7691203186035156, ""train_loss"": 1.2198296090126037, ""seconds"": 0.8757447289999618, ""gpu_id"": 0, ""candidate_id"": 21, ""sample_weight"": 0.10352608384640223}, {""client_id"": 4, ""model_family"": ""transformer"", ""feature_ids"": [1, 4, 6, 8, 9, 10, 12, 13, 14, 15, 17, 18, 21, 23, 24], ""subset_size"": 15, ""micro_f1"": 0.8304, ""macro_f1"": 0.026723047663181468, ""validation_loss"": 0.5863776733398437, ""train_loss"": 0.8583323846499125, ""seconds"": 0.8616116809998857, ""gpu_id"": 1, ""candidate_id"": 21, ""sample_weight"": 0.05331880053778213}, {""client_id"": 5, ""model_family"": ""transformer"", ""feature_ids"": [1, 4, 6, 8, 9, 10, 12, 13, 14, 15, 17, 18, 21, 23, 24], ""subset_size"": 15, ""micro_f1"": 0.9476, ""macro_f1"": 0.055792296976150235, ""validation_loss"": 0.2648674118041992, ""train_loss"": 0.6291109149932861, ""seconds"": 0.8515614850002748, ""gpu_id"": 0, ""candidate_id"": 21, ""sample_weight"": 0.07030155005722065}, {""client_id"": 6, ""model_family"": ""gru"", ""feature_ids"": [1, 4, 6, 8, 9, 10, 12, 13, 14, 15, 17, 18, 21, 23, 24], ""subset_size"": 15, ""micro_f1"": 0.8468, ""macro_f1"": 0.026971932372689165, ""validation_loss"": 0.6739867797851562, ""train_loss"": 1.586832154973348, ""seconds"": 0.3339450170001328, ""gpu_id"": 1, ""candidate_id"": 21, ""sample_weight"": 0.07459801933327874}, {""client_id"": 7, ""model_family"": ""gru"", ""feature_ids"": [1, 4, 6, 8, 9, 10, 12, 13, 14, 15, 17, 18, 21, 23, 24], ""subset_size"": 15, ""micro_f1"": 0.8645, ""macro_f1"": 0.027284548329472365, ""validation_loss"": 0.7192646728515625, ""train_loss"": 1.4758688395712112, ""seconds"": 0.33341120299974136, ""gpu_id"": 1, ""candidate_id"": 21, ""sample_weight"": 0.05067317481195735}, {""client_id"": 8, ""model_family"": ""gru"", ""feature_ids"": [1, 4, 6, 8, 9, 10, 12, 13, 14, 15, 17, 18, 21, 23, 24], ""subset_size"": 15, ""micro_f1"": 0.2134, ""macro_f1"": 0.010922304528068527, ""validation_loss"": 2.54127578125, ""train_loss"": 3.052069455676609, ""seconds"": 0.3386960579996412, ""gpu_id"": 1, ""candidate_id"": 21, ""sample_weight"": 0.354287210681253}, {""client_id"": 9, ""model_family"": ""gru"", ""feature_ids"": [1, 4, 6, 8, 9, 10, 12, 13, 14, 15, 17, 18, 21, 23, 24], ""subset_size"": 15, ""micro_f1"": 0.7579, ""macro_f1"": 0.025424952956390228, ""validation_loss"": 1.2090188842773437, ""train_loss"": 1.9029151840845744, ""seconds"": 0.32880746399996497, ""gpu_id"": 0, ""candidate_id"": 21, ""sample_weight"": 0.12090074249549396}, {""client_id"": 10, ""model_family"": ""gru"", ""feature_ids"": [1, 4, 6, 8, 9, 10, 12, 13, 14, 15, 17, 18, 21, 23, 24], ""subset_size"": 15, ""micro_f1"": 0.3865, ""macro_f1"": 0.0165543505564645, ""validation_loss"": 2.1638544921875, ""train_loss"": 2.8814918510013157, ""seconds"": 0.34538902800022697, ""gpu_id"": 0, ""candidate_id"": 21, ""sample_weight"": 0.11011103958316146}]"
22,3,2200,"[1, 2, 4, 5, 7, 9, 10, 11, 12, 13, 14, 16, 18, 19, 20, 24]","[""AVG"", ""Std"", ""fin_count"", ""Max"", ""syn_count"", ""Rate"", ""IAT"", ""syn_flag_number"", ""rst_flag_number"", ""Tot sum"", ""HTTPS"", ""fin_flag_number"", ""rst_count"", ""Header_Length"", ""psh_flag_number"", ""DNS""]",16,0.5517406250325871,0.02686031951007961,0.2090451717376709,0.36,0.3582695453294916,360,6520,"[{""client_id"": 1, ""model_family"": ""transformer"", ""feature_ids"": [1, 2, 4, 5, 7, 9, 10, 11, 12, 13, 14, 16, 18, 19, 20, 24], ""subset_size"": 16, ""micro_f1"": 0.8775380710659898, ""macro_f1"": 0.02749339005625907, ""validation_loss"": 0.6261326746287079, ""train_loss"": 1.157183441212133, ""seconds"": 0.2662070930000482, ""gpu_id"": 0, ""candidate_id"": 22, ""sample_weight"": 0.0008752009911046531}, {""client_id"": 2, ""model_family"": ""transformer"", ""feature_ids"": [1, 2, 4, 5, 7, 9, 10, 11, 12, 13, 14, 16, 18, 19, 20, 24], ""subset_size"": 16, ""micro_f1"": 0.4496, ""macro_f1"": 0.05180409757094914, ""validation_loss"": 1.6045352783203124, ""train_loss"": 2.0738801787906223, ""seconds"": 0.8407694500001526, ""gpu_id"": 1, ""candidate_id"": 22, ""sample_weight"": 0.061408177662345804}, {""client_id"": 3, ""model_family"": ""transformer"", ""feature_ids"": [1, 2, 4, 5, 7, 9, 10, 11, 12, 13, 14, 16, 18, 19, 20, 24], ""subset_size"": 16, ""micro_f1"": 0.813, ""macro_f1"": 0.051219196526993166, ""validation_loss"": 0.7610105590820313, ""train_loss"": 1.1761776049507988, ""seconds"": 0.8530697360001795, ""gpu_id"": 0, ""candidate_id"": 22, ""sample_weight"": 0.10352608384640223}, {""client_id"": 4, ""model_family"": ""transformer"", ""feature_ids"": [1, 2, 4, 5, 7, 9, 10, 11, 12, 13, 14, 16, 18, 19, 20, 24], ""subset_size"": 16, ""micro_f1"": 0.8425, ""macro_f1"": 0.03506631006659125, ""validation_loss"": 0.5174849975585938, ""train_loss"": 0.8219840753449335, ""seconds"": 0.8432117389997984, ""gpu_id"": 1, ""candidate_id"": 22, ""sample_weight"": 0.05331880053778213}, {""client_id"": 5, ""model_family"": ""transformer"", ""feature_ids"": [1, 2, 4, 5, 7, 9, 10, 11, 12, 13, 14, 16, 18, 19, 20, 24], ""subset_size"": 16, ""micro_f1"": 0.947, ""macro_f1"": 0.05580029254100888, ""validation_loss"": 0.2785973846435547, ""train_loss"": 0.6314012677881453, ""seconds"": 0.8625169300003108, ""gpu_id"": 0, ""candidate_id"": 22, ""sample_weight"": 0.07030155005722065}, {""client_id"": 6, ""model_family"": ""gru"", ""feature_ids"": [1, 2, 4, 5, 7, 9, 10, 11, 12, 13, 14, 16, 18, 19, 20, 24], ""subset_size"": 16, ""micro_f1"": 0.8468, ""macro_f1"": 0.026971932372689165, ""validation_loss"": 0.9345965087890625, ""train_loss"": 2.159360742410024, ""seconds"": 0.35566167300021334, ""gpu_id"": 1, ""candidate_id"": 22, ""sample_weight"": 0.07459801933327874}, {""client_id"": 7, ""model_family"": ""gru"", ""feature_ids"": [1, 2, 4, 5, 7, 9, 10, 11, 12, 13, 14, 16, 18, 19, 20, 24], ""subset_size"": 16, ""micro_f1"": 0.8644, ""macro_f1"": 0.02728871294130275, ""validation_loss"": 0.7499140869140625, ""train_loss"": 1.6917957242859734, ""seconds"": 0.3460139510002591, ""gpu_id"": 1, ""candidate_id"": 22, ""sample_weight"": 0.05067317481195735}, {""client_id"": 8, ""model_family"": ""gru"", ""feature_ids"": [1, 2, 4, 5, 7, 9, 10, 11, 12, 13, 14, 16, 18, 19, 20, 24], ""subset_size"": 16, ""micro_f1"": 0.2442, ""macro_f1"": 0.01207983193277311, ""validation_loss"": 2.53382314453125, ""train_loss"": 3.053573068449232, ""seconds"": 0.3733581699998467, ""gpu_id"": 1, ""candidate_id"": 22, ""sample_weight"": 0.354287210681253}, {""client_id"": 9, ""model_family"": ""gru"", ""feature_ids"": [1, 2, 4, 5, 7, 9, 10, 11, 12, 13, 14, 16, 18, 19, 20, 24], ""subset_size"": 16, ""micro_f1"": 0.758, ""macro_f1"": 0.025368818442260837, ""validation_loss"": 1.29111708984375, ""train_loss"": 2.084886046515571, ""seconds"": 0.3471712089999528, ""gpu_id"": 0, ""candidate_id"": 22, ""sample_weight"": 0.12090074249549396}, {""client_id"": 10, ""model_family"": ""gru"", ""feature_ids"": [1, 2, 4, 5, 7, 9, 10, 11, 12, 13, 14, 16, 18, 19, 20, 24], ""subset_size"": 16, ""micro_f1"": 0.3866, ""macro_f1"": 0.016513341089348738, ""validation_loss"": 2.09372412109375, ""train_loss"": 2.742248313056098, ""seconds"": 0.3727156059999288, ""gpu_id"": 0, ""candidate_id"": 22, ""sample_weight"": 0.11011103958316146}]"
23,3,2300,"[1, 4, 5, 6, 7, 8, 9, 10, 12, 13, 14, 18, 19, 20, 22, 24]","[""AVG"", ""fin_count"", ""Max"", ""TCP"", ""syn_count"", ""Protocol Type"", ""Rate"", ""IAT"", ""rst_flag_number"", ""Tot sum"", ""HTTPS"", ""rst_count"", ""Header_Length"", ""psh_flag_number"", ""Time_To_Live"", ""DNS""]",16,0.5524396929379781,0.026547827232222293,0.6911202669143677,0.36,0.31013194260236104,360,6880,"[{""client_id"": 1, ""model_family"": ""transformer"", ""feature_ids"": [1, 4, 5, 6, 7, 8, 9, 10, 12, 13, 14, 18, 19, 20, 22, 24], ""subset_size"": 16, ""micro_f1"": 0.8775380710659898, ""macro_f1"": 0.02749339005625907, ""validation_loss"": 0.6210966933197176, ""train_loss"": 1.1378129986942116, ""seconds"": 0.28187737400003243, ""gpu_id"": 0, ""candidate_id"": 23, ""sample_weight"": 0.0008752009911046531}, {""client_id"": 2, ""model_family"": ""transformer"", ""feature_ids"": [1, 4, 5, 6, 7, 8, 9, 10, 12, 13, 14, 18, 19, 20, 22, 24], ""subset_size"": 16, ""micro_f1"": 0.4569, ""macro_f1"": 0.045971644503379976, ""validation_loss"": 1.510492431640625, ""train_loss"": 2.000676549021403, ""seconds"": 0.876224104999892, ""gpu_id"": 1, ""candidate_id"": 23, ""sample_weight"": 0.061408177662345804}, {""client_id"": 3, ""model_family"": ""transformer"", ""feature_ids"": [1, 4, 5, 6, 7, 8, 9, 10, 12, 13, 14, 18, 19, 20, 22, 24], ""subset_size"": 16, ""micro_f1"": 0.8096, ""macro_f1"": 0.05090664118349092, ""validation_loss"": 0.7419038696289062, ""train_loss"": 1.1601936847898695, ""seconds"": 0.8895865819999926, ""gpu_id"": 0, ""candidate_id"": 23, ""sample_weight"": 0.10352608384640223}, {""client_id"": 4, ""model_family"": ""transformer"", ""feature_ids"": [1, 4, 5, 6, 7, 8, 9, 10, 12, 13, 14, 18, 19, 20, 22, 24], ""subset_size"": 16, ""micro_f1"": 0.8468, ""macro_f1"": 0.03552528992319968, ""validation_loss"": 0.45230164184570315, ""train_loss"": 0.8095090169694689, ""seconds"": 0.8577615720000722, ""gpu_id"": 1, ""candidate_id"": 23, ""sample_weight"": 0.05331880053778213}, {""client_id"": 5, ""model_family"": ""transformer"", ""feature_ids"": [1, 4, 5, 6, 7, 8, 9, 10, 12, 13, 14, 18, 19, 20, 22, 24], ""subset_size"": 16, ""micro_f1"": 0.9508, ""macro_f1"": 0.05602679622062545, ""validation_loss"": 0.2691890777587891, ""train_loss"": 0.5997876192198859, ""seconds"": 0.8515037960000882, ""gpu_id"": 0, ""candidate_id"": 23, ""sample_weight"": 0.07030155005722065}, {""client_id"": 6, ""model_family"": ""gru"", ""feature_ids"": [1, 4, 5, 6, 7, 8, 9, 10, 12, 13, 14, 18, 19, 20, 22, 24], ""subset_size"": 16, ""micro_f1"": 0.8468, ""macro_f1"": 0.026971932372689165, ""validation_loss"": 0.8914948608398438, ""train_loss"": 2.086687216673957, ""seconds"": 0.35429311300003974, ""gpu_id"": 1, ""candidate_id"": 23, ""sample_weight"": 0.07459801933327874}, {""client_id"": 7, ""model_family"": ""gru"", ""feature_ids"": [1, 4, 5, 6, 7, 8, 9, 10, 12, 13, 14, 18, 19, 20, 22, 24], ""subset_size"": 16, ""micro_f1"": 0.8643, ""macro_f1"": 0.02728116359228817, ""validation_loss"": 0.7673612609863282, ""train_loss"": 1.8683920994122822, ""seconds"": 0.37299029399991923, ""gpu_id"": 1, ""candidate_id"": 23, ""sample_weight"": 0.05067317481195735}, {""client_id"": 8, ""model_family"": ""gru"", ""feature_ids"": [1, 4, 5, 6, 7, 8, 9, 10, 12, 13, 14, 18, 19, 20, 22, 24], ""subset_size"": 16, ""micro_f1"": 0.2443, ""macro_f1"": 0.012086422705891733, ""validation_loss"": 2.74213271484375, ""train_loss"": 3.180223264863756, ""seconds"": 0.35447040399958496, ""gpu_id"": 1, ""candidate_id"": 23, ""sample_weight"": 0.354287210681253}, {""client_id"": 9, ""model_family"": ""gru"", ""feature_ids"": [1, 4, 5, 6, 7, 8, 9, 10, 12, 13, 14, 18, 19, 20, 22, 24], ""subset_size"": 16, ""micro_f1"": 0.7579, ""macro_f1"": 0.025476447306844483, ""validation_loss"": 1.3396409545898438, ""train_loss"": 2.279516615125868, ""seconds"": 0.36180971799967665, ""gpu_id"": 0, ""candidate_id"": 23, ""sample_weight"": 0.12090074249549396}, {""client_id"": 10, ""model_family"": ""gru"", ""feature_ids"": [1, 4, 5, 6, 7, 8, 9, 10, 12, 13, 14, 18, 19, 20, 22, 24], ""subset_size"": 16, ""micro_f1"": 0.3874, ""macro_f1"": 0.016719178443412742, ""validation_loss"": 2.269355517578125, ""train_loss"": 2.9168269741482207, ""seconds"": 0.36561794199997166, ""gpu_id"": 0, ""candidate_id"": 23, ""sample_weight"": 0.11011103958316146}]"
24,3,2400,"[1, 2, 4, 5, 6, 7, 11, 12, 15, 16, 18, 19, 20, 22, 23, 24]","[""AVG"", ""Std"", ""fin_count"", ""Max"", ""TCP"", ""syn_count"", ""syn_flag_number"", ""rst_flag_number"", ""ack_count"", ""fin_flag_number"", ""rst_count"", ""Header_Length"", ""psh_flag_number"", ""Time_To_Live"", ""ARP"", ""DNS""]",16,0.551899466031138,0.025825860123671992,0.42225542664527893,0.36,0.3369644039385859,360,7240,"[{""client_id"": 1, ""model_family"": ""transformer"", ""feature_ids"": [1, 2, 4, 5, 6, 7, 11, 12, 15, 16, 18, 19, 20, 22, 23, 24], ""subset_size"": 16, ""micro_f1"": 0.8775380710659898, ""macro_f1"": 0.02749339005625907, ""validation_loss"": 0.5924441148786981, ""train_loss"": 1.1361132776811174, ""seconds"": 0.2809130219998224, ""gpu_id"": 0, ""candidate_id"": 24, ""sample_weight"": 0.0008752009911046531}, {""client_id"": 2, ""model_family"": ""transformer"", ""feature_ids"": [1, 2, 4, 5, 6, 7, 11, 12, 15, 16, 18, 19, 20, 22, 23, 24], ""subset_size"": 16, ""micro_f1"": 0.4566, ""macro_f1"": 0.04145375622399785, ""validation_loss"": 1.556560693359375, ""train_loss"": 2.0013306879043578, ""seconds"": 0.8738059369998155, ""gpu_id"": 1, ""candidate_id"": 24, ""sample_weight"": 0.061408177662345804}, {""client_id"": 3, ""model_family"": ""transformer"", ""feature_ids"": [1, 2, 4, 5, 6, 7, 11, 12, 15, 16, 18, 19, 20, 22, 23, 24], ""subset_size"": 16, ""micro_f1"": 0.816, ""macro_f1"": 0.051322011054558886, ""validation_loss"": 0.7184200103759766, ""train_loss"": 1.088778531932831, ""seconds"": 0.8914969769998606, ""gpu_id"": 0, ""candidate_id"": 24, ""sample_weight"": 0.10352608384640223}, {""client_id"": 4, ""model_family"": ""transformer"", ""feature_ids"": [1, 2, 4, 5, 6, 7, 11, 12, 15, 16, 18, 19, 20, 22, 23, 24], ""subset_size"": 16, ""micro_f1"": 0.8303, ""macro_f1"": 0.026770801354581854, ""validation_loss"": 0.5784283081054687, ""train_loss"": 0.8549205528471205, ""seconds"": 0.882905966999715, ""gpu_id"": 1, ""candidate_id"": 24, ""sample_weight"": 0.05331880053778213}, {""client_id"": 5, ""model_family"": ""transformer"", ""feature_ids"": [1, 2, 4, 5, 6, 7, 11, 12, 15, 16, 18, 19, 20, 22, 23, 24], ""subset_size"": 16, ""micro_f1"": 0.9483, ""macro_f1"": 0.05572723447921807, ""validation_loss"": 0.2652045669555664, ""train_loss"": 0.6040159894837274, ""seconds"": 0.8917284489998565, ""gpu_id"": 0, ""candidate_id"": 24, ""sample_weight"": 0.07030155005722065}, {""client_id"": 6, ""model_family"": ""gru"", ""feature_ids"": [1, 2, 4, 5, 6, 7, 11, 12, 15, 16, 18, 19, 20, 22, 23, 24], ""subset_size"": 16, ""micro_f1"": 0.8468, ""macro_f1"": 0.026971932372689165, ""validation_loss"": 0.7975209838867188, ""train_loss"": 1.8803958633210924, ""seconds"": 0.373837045000073, ""gpu_id"": 1, ""candidate_id"": 24, ""sample_weight"": 0.07459801933327874}, {""client_id"": 7, ""model_family"": ""gru"", ""feature_ids"": [1, 2, 4, 5, 6, 7, 11, 12, 15, 16, 18, 19, 20, 22, 23, 24], ""subset_size"": 16, ""micro_f1"": 0.8644, ""macro_f1"": 0.027285784182199846, ""validation_loss"": 0.7521725646972657, ""train_loss"": 1.7211556607140435, ""seconds"": 0.3583342739998443, ""gpu_id"": 1, ""candidate_id"": 24, ""sample_weight"": 0.05067317481195735}, {""client_id"": 8, ""model_family"": ""gru"", ""feature_ids"": [1, 2, 4, 5, 6, 7, 11, 12, 15, 16, 18, 19, 20, 22, 23, 24], ""subset_size"": 16, ""micro_f1"": 0.244, ""macro_f1"": 0.012022152073887973, ""validation_loss"": 2.59737802734375, ""train_loss"": 3.098909711117215, ""seconds"": 0.3579110689997833, ""gpu_id"": 1, ""candidate_id"": 24, ""sample_weight"": 0.354287210681253}, {""client_id"": 9, ""model_family"": ""gru"", ""feature_ids"": [1, 2, 4, 5, 6, 7, 11, 12, 15, 16, 18, 19, 20, 22, 23, 24], ""subset_size"": 16, ""micro_f1"": 0.7584, ""macro_f1"": 0.025828158702401172, ""validation_loss"": 1.2849880493164063, ""train_loss"": 2.1066096508449976, ""seconds"": 0.36564805099988007, ""gpu_id"": 0, ""candidate_id"": 24, ""sample_weight"": 0.12090074249549396}, {""client_id"": 10, ""model_family"": ""gru"", ""feature_ids"": [1, 2, 4, 5, 6, 7, 11, 12, 15, 16, 18, 19, 20, 22, 23, 24], ""subset_size"": 16, ""micro_f1"": 0.3866, ""macro_f1"": 0.016540440689850108, ""validation_loss"": 2.170679443359375, ""train_loss"": 2.834441216362847, ""seconds"": 0.36925625499998205, ""gpu_id"": 0, ""candidate_id"": 24, ""sample_weight"": 0.11011103958316146}]"
25,3,2500,"[2, 4, 5, 6, 8, 11, 12, 13, 15, 16, 18, 19, 20, 22, 23, 24]","[""Std"", ""fin_count"", ""Max"", ""TCP"", ""Protocol Type"", ""syn_flag_number"", ""rst_flag_number"", ""Tot sum"", ""ack_count"", ""fin_flag_number"", ""rst_count"", ""Header_Length"", ""psh_flag_number"", ""Time_To_Live"", ""ARP"", ""DNS""]",16,0.5506822067023094,0.025776680554379303,0.46960902214050293,0.36,0.33210731845618063,360,7600,"[{""client_id"": 1, ""model_family"": ""transformer"", ""feature_ids"": [2, 4, 5, 6, 8, 11, 12, 13, 15, 16, 18, 19, 20, 22, 23, 24], ""subset_size"": 16, ""micro_f1"": 0.8775380710659898, ""macro_f1"": 0.02749339005625907, ""validation_loss"": 0.6243016005772625, ""train_loss"": 1.147988680756435, ""seconds"": 0.2690323699998771, ""gpu_id"": 0, ""candidate_id"": 25, ""sample_weight"": 0.0008752009911046531}, {""client_id"": 2, ""model_family"": ""transformer"", ""feature_ids"": [2, 4, 5, 6, 8, 11, 12, 13, 15, 16, 18, 19, 20, 22, 23, 24], ""subset_size"": 16, ""micro_f1"": 0.4544, ""macro_f1"": 0.041780790304207636, ""validation_loss"": 1.549011181640625, ""train_loss"": 2.010865229373508, ""seconds"": 0.8654669229999854, ""gpu_id"": 1, ""candidate_id"": 25, ""sample_weight"": 0.061408177662345804}, {""client_id"": 3, ""model_family"": ""transformer"", ""feature_ids"": [2, 4, 5, 6, 8, 11, 12, 13, 15, 16, 18, 19, 20, 22, 23, 24], ""subset_size"": 16, ""micro_f1"": 0.8069, ""macro_f1"": 0.05066840729469637, ""validation_loss"": 0.7459977722167969, ""train_loss"": 1.1507979228125678, ""seconds"": 0.8834247149998191, ""gpu_id"": 0, ""candidate_id"": 25, ""sample_weight"": 0.10352608384640223}, {""client_id"": 4, ""model_family"": ""transformer"", ""feature_ids"": [2, 4, 5, 6, 8, 11, 12, 13, 15, 16, 18, 19, 20, 22, 23, 24], ""subset_size"": 16, ""micro_f1"": 0.8305, ""macro_f1"": 0.026697055126766813, ""validation_loss"": 0.5836445068359375, ""train_loss"": 0.8572586048126221, ""seconds"": 0.904174767999848, ""gpu_id"": 1, ""candidate_id"": 25, ""sample_weight"": 0.05331880053778213}, {""client_id"": 5, ""model_family"": ""transformer"", ""feature_ids"": [2, 4, 5, 6, 8, 11, 12, 13, 15, 16, 18, 19, 20, 22, 23, 24], ""subset_size"": 16, ""micro_f1"": 0.9463, ""macro_f1"": 0.05570002323083863, ""validation_loss"": 0.26771448211669924, ""train_loss"": 0.6002738936795129, ""seconds"": 0.9031978309999431, ""gpu_id"": 0, ""candidate_id"": 25, ""sample_weight"": 0.07030155005722065}, {""client_id"": 6, ""model_family"": ""gru"", ""feature_ids"": [2, 4, 5, 6, 8, 11, 12, 13, 15, 16, 18, 19, 20, 22, 23, 24], ""subset_size"": 16, ""micro_f1"": 0.8468, ""macro_f1"": 0.026971932372689165, ""validation_loss"": 0.80182314453125, ""train_loss"": 1.8849033243815103, ""seconds"": 0.3802253120002206, ""gpu_id"": 1, ""candidate_id"": 25, ""sample_weight"": 0.07459801933327874}, {""client_id"": 7, ""model_family"": ""gru"", ""feature_ids"": [2, 4, 5, 6, 8, 11, 12, 13, 15, 16, 18, 19, 20, 22, 23, 24], ""subset_size"": 16, ""micro_f1"": 0.8642, ""macro_f1"": 0.02728239903270921, ""validation_loss"": 0.7485541381835937, ""train_loss"": 1.7148589920573765, ""seconds"": 0.36482326400027887, ""gpu_id"": 1, ""candidate_id"": 25, ""sample_weight"": 0.05067317481195735}, {""client_id"": 8, ""model_family"": ""gru"", ""feature_ids"": [2, 4, 5, 6, 8, 11, 12, 13, 15, 16, 18, 19, 20, 22, 23, 24], ""subset_size"": 16, ""micro_f1"": 0.244, ""macro_f1"": 0.012025886901152213, ""validation_loss"": 2.6124962890625, ""train_loss"": 3.107622417280409, ""seconds"": 0.3685411920000661, ""gpu_id"": 1, ""candidate_id"": 25, ""sample_weight"": 0.354287210681253}, {""client_id"": 9, ""model_family"": ""gru"", ""feature_ids"": [2, 4, 5, 6, 8, 11, 12, 13, 15, 16, 18, 19, 20, 22, 23, 24], ""subset_size"": 16, ""micro_f1"": 0.7584, ""macro_f1"": 0.025828158702401172, ""validation_loss"": 1.2921816772460937, ""train_loss"": 2.1226290449142455, ""seconds"": 0.3667695700000877, ""gpu_id"": 0, ""candidate_id"": 25, ""sample_weight"": 0.12090074249549396}, {""client_id"": 10, ""model_family"": ""gru"", ""feature_ids"": [2, 4, 5, 6, 8, 11, 12, 13, 15, 16, 18, 19, 20, 22, 23, 24], ""subset_size"": 16, ""micro_f1"": 0.3866, ""macro_f1"": 0.016568560391154757, ""validation_loss"": 2.19173544921875, ""train_loss"": 2.8545961090935603, ""seconds"": 0.37645310799962317, ""gpu_id"": 0, ""candidate_id"": 25, ""sample_weight"": 0.11011103958316146}]"
26,3,2600,"[1, 5, 7, 11, 12, 18, 21]","[""AVG"", ""Max"", ""syn_count"", ""syn_flag_number"", ""rst_flag_number"", ""rst_count"", ""ICMP""]",7,0.603018532951743,0.034822853064530354,0.37099799513816833,0.72,0.6712020537813574,180,7780,"[{""client_id"": 1, ""model_family"": ""transformer"", ""feature_ids"": [1, 5, 7, 11, 12, 18, 21], ""subset_size"": 7, ""micro_f1"": 0.8775380710659898, ""macro_f1"": 0.02749339005625907, ""validation_loss"": 0.6676086580692814, ""train_loss"": 1.205630042629597, ""seconds"": 0.2562547100001211, ""gpu_id"": 0, ""candidate_id"": 26, ""sample_weight"": 0.0008752009911046531}, {""client_id"": 2, ""model_family"": ""transformer"", ""feature_ids"": [1, 5, 7, 11, 12, 18, 21], ""subset_size"": 7, ""micro_f1"": 0.3695, ""macro_f1"": 0.038459735230845754, ""validation_loss"": 1.640002783203125, ""train_loss"": 2.0538984812630545, ""seconds"": 0.8326094230001218, ""gpu_id"": 1, ""candidate_id"": 26, ""sample_weight"": 0.061408177662345804}, {""client_id"": 3, ""model_family"": ""transformer"", ""feature_ids"": [1, 5, 7, 11, 12, 18, 21], ""subset_size"": 7, ""micro_f1"": 0.8257, ""macro_f1"": 0.05195523918642283, ""validation_loss"": 0.6969656188964843, ""train_loss"": 1.0526564913537768, ""seconds"": 0.8203647860000274, ""gpu_id"": 0, ""candidate_id"": 26, ""sample_weight"": 0.10352608384640223}, {""client_id"": 4, ""model_family"": ""transformer"", ""feature_ids"": [1, 5, 7, 11, 12, 18, 21], ""subset_size"": 7, ""micro_f1"": 0.8287, ""macro_f1"": 0.02727688313399883, ""validation_loss"": 0.58658916015625, ""train_loss"": 0.8328956193288167, ""seconds"": 0.7497419960000116, ""gpu_id"": 1, ""candidate_id"": 26, ""sample_weight"": 0.05331880053778213}, {""client_id"": 5, ""model_family"": ""transformer"", ""feature_ids"": [1, 5, 7, 11, 12, 18, 21], ""subset_size"": 7, ""micro_f1"": 0.9482, ""macro_f1"": 0.0558071131166683, ""validation_loss"": 0.278604753112793, ""train_loss"": 0.6440519718752967, ""seconds"": 0.7028941450003003, ""gpu_id"": 0, ""candidate_id"": 26, ""sample_weight"": 0.07030155005722065}, {""client_id"": 6, ""model_family"": ""gru"", ""feature_ids"": [1, 5, 7, 11, 12, 18, 21], ""subset_size"": 7, ""micro_f1"": 0.8468, ""macro_f1"": 0.026971932372689165, ""validation_loss"": 1.0877352294921876, ""train_loss"": 2.3951235845777723, ""seconds"": 0.3328365130000748, ""gpu_id"": 1, ""candidate_id"": 26, ""sample_weight"": 0.07459801933327874}, {""client_id"": 7, ""model_family"": ""gru"", ""feature_ids"": [1, 5, 7, 11, 12, 18, 21], ""subset_size"": 7, ""micro_f1"": 0.8645, ""macro_f1"": 0.027274304733961165, ""validation_loss"": 0.8997166137695313, ""train_loss"": 2.061145609834459, ""seconds"": 0.35954960800017943, ""gpu_id"": 1, ""candidate_id"": 26, ""sample_weight"": 0.05067317481195735}, {""client_id"": 8, ""model_family"": ""gru"", ""feature_ids"": [1, 5, 7, 11, 12, 18, 21], ""subset_size"": 7, ""micro_f1"": 0.4011, ""macro_f1"": 0.037862093846608644, ""validation_loss"": 2.763134375, ""train_loss"": 3.1746942924923367, ""seconds"": 0.33348322499978167, ""gpu_id"": 1, ""candidate_id"": 26, ""sample_weight"": 0.354287210681253}, {""client_id"": 9, ""model_family"": ""gru"", ""feature_ids"": [1, 5, 7, 11, 12, 18, 21], ""subset_size"": 7, ""micro_f1"": 0.7576, ""macro_f1"": 0.025366977392049714, ""validation_loss"": 1.176314501953125, ""train_loss"": 1.9292958656311034, ""seconds"": 0.3343885450003654, ""gpu_id"": 0, ""candidate_id"": 26, ""sample_weight"": 0.12090074249549396}, {""client_id"": 10, ""model_family"": ""gru"", ""feature_ids"": [1, 5, 7, 11, 12, 18, 21], ""subset_size"": 7, ""micro_f1"": 0.3865, ""macro_f1"": 0.016397615663647357, ""validation_loss"": 2.32906796875, ""train_loss"": 2.984414919111464, ""seconds"": 0.3666100179998466, ""gpu_id"": 0, ""candidate_id"": 26, ""sample_weight"": 0.11011103958316146}]"
27,3,2700,"[1, 5, 7, 11, 12, 18, 21]","[""AVG"", ""Max"", ""syn_count"", ""syn_flag_number"", ""rst_flag_number"", ""rst_count"", ""ICMP""]",7,0.6025145663488304,0.03473333190668542,0.6824895739555359,0.72,0.6400024992393295,180,7960,"[{""client_id"": 1, ""model_family"": ""transformer"", ""feature_ids"": [1, 5, 7, 11, 12, 18, 21], ""subset_size"": 7, ""micro_f1"": 0.8775380710659898, ""macro_f1"": 0.02749339005625907, ""validation_loss"": 0.6684857479811925, ""train_loss"": 1.203447759689346, ""seconds"": 0.2594688529998166, ""gpu_id"": 0, ""candidate_id"": 27, ""sample_weight"": 0.0008752009911046531}, {""client_id"": 2, ""model_family"": ""transformer"", ""feature_ids"": [1, 5, 7, 11, 12, 18, 21], ""subset_size"": 7, ""micro_f1"": 0.3606, ""macro_f1"": 0.03692969646525468, ""validation_loss"": 1.63858408203125, ""train_loss"": 2.0529030053456623, ""seconds"": 0.759092500999941, ""gpu_id"": 1, ""candidate_id"": 27, ""sample_weight"": 0.061408177662345804}, {""client_id"": 3, ""model_family"": ""transformer"", ""feature_ids"": [1, 5, 7, 11, 12, 18, 21], ""subset_size"": 7, ""micro_f1"": 0.8255, ""macro_f1"": 0.051942725276624795, ""validation_loss"": 0.6965975280761719, ""train_loss"": 1.0508704749637179, ""seconds"": 0.7393627449996529, ""gpu_id"": 0, ""candidate_id"": 27, ""sample_weight"": 0.10352608384640223}, {""client_id"": 4, ""model_family"": ""transformer"", ""feature_ids"": [1, 5, 7, 11, 12, 18, 21], ""subset_size"": 7, ""micro_f1"": 0.8287, ""macro_f1"": 0.027276032822191192, ""validation_loss"": 0.5862404663085937, ""train_loss"": 0.832594024626414, ""seconds"": 0.7029046250004285, ""gpu_id"": 1, ""candidate_id"": 27, ""sample_weight"": 0.05331880053778213}, {""client_id"": 5, ""model_family"": ""transformer"", ""feature_ids"": [1, 5, 7, 11, 12, 18, 21], ""subset_size"": 7, ""micro_f1"": 0.9491, ""macro_f1"": 0.05588928183384055, ""validation_loss"": 0.2777223297119141, ""train_loss"": 0.6432145597934723, ""seconds"": 0.6797293549998358, ""gpu_id"": 0, ""candidate_id"": 27, ""sample_weight"": 0.07030155005722065}, {""client_id"": 6, ""model_family"": ""gru"", ""feature_ids"": [1, 5, 7, 11, 12, 18, 21], ""subset_size"": 7, ""micro_f1"": 0.8468, ""macro_f1"": 0.026971932372689165, ""validation_loss"": 1.088251953125, ""train_loss"": 2.396030720943875, ""seconds"": 0.34917969500020263, ""gpu_id"": 1, ""candidate_id"": 27, ""sample_weight"": 0.07459801933327874}, {""client_id"": 7, ""model_family"": ""gru"", ""feature_ids"": [1, 5, 7, 11, 12, 18, 21], ""subset_size"": 7, ""micro_f1"": 0.8645, ""macro_f1"": 0.027274304733961165, ""validation_loss"": 0.8990907592773437, ""train_loss"": 2.0596672184414335, ""seconds"": 0.36928336099981607, ""gpu_id"": 1, ""candidate_id"": 27, ""sample_weight"": 0.05067317481195735}, {""client_id"": 8, ""model_family"": ""gru"", ""feature_ids"": [1, 5, 7, 11, 12, 18, 21], ""subset_size"": 7, ""micro_f1"": 0.4011, ""macro_f1"": 0.037862093846608644, ""validation_loss"": 2.7635580078125, ""train_loss"": 3.1747412750667996, ""seconds"": 0.3516924049999943, ""gpu_id"": 1, ""candidate_id"": 27, ""sample_weight"": 0.354287210681253}, {""client_id"": 9, ""model_family"": ""gru"", ""feature_ids"": [1, 5, 7, 11, 12, 18, 21], ""subset_size"": 7, ""micro_f1"": 0.7576, ""macro_f1"": 0.025366977392049714, ""validation_loss"": 1.176768212890625, ""train_loss"": 1.9289980556064181, ""seconds"": 0.35444999499986807, ""gpu_id"": 0, ""candidate_id"": 27, ""sample_weight"": 0.12090074249549396}, {""client_id"": 10, ""model_family"": ""gru"", ""feature_ids"": [1, 5, 7, 11, 12, 18, 21], ""subset_size"": 7, ""micro_f1"": 0.3865, ""macro_f1"": 0.016397615663647357, ""validation_loss"": 2.33007548828125, ""train_loss"": 2.9847823242611353, ""seconds"": 0.37225456299984216, ""gpu_id"": 0, ""candidate_id"": 27, ""sample_weight"": 0.11011103958316146}]"
28,3,2800,"[1, 5, 7, 11, 12, 18, 21]","[""AVG"", ""Max"", ""syn_count"", ""syn_flag_number"", ""rst_flag_number"", ""rst_count"", ""ICMP""]",7,0.6031497728883045,0.03503733964121215,0.583710253238678,0.72,0.6499439519649627,180,8140,"[{""client_id"": 1, ""model_family"": ""transformer"", ""feature_ids"": [1, 5, 7, 11, 12, 18, 21], ""subset_size"": 7, ""micro_f1"": 0.8775380710659898, ""macro_f1"": 0.02749339005625907, ""validation_loss"": 0.6674873042227653, ""train_loss"": 1.2063406711235196, ""seconds"": 0.31126465699981054, ""gpu_id"": 0, ""candidate_id"": 28, ""sample_weight"": 0.0008752009911046531}, {""client_id"": 2, ""model_family"": ""transformer"", ""feature_ids"": [1, 5, 7, 11, 12, 18, 21], ""subset_size"": 7, ""micro_f1"": 0.3713, ""macro_f1"": 0.0419075075672965, ""validation_loss"": 1.638741162109375, ""train_loss"": 2.053252044868469, ""seconds"": 0.8326723599998331, ""gpu_id"": 1, ""candidate_id"": 28, ""sample_weight"": 0.061408177662345804}, {""client_id"": 3, ""model_family"": ""transformer"", ""feature_ids"": [1, 5, 7, 11, 12, 18, 21], ""subset_size"": 7, ""micro_f1"": 0.8259, ""macro_f1"": 0.05198084451618584, ""validation_loss"": 0.6964632690429687, ""train_loss"": 1.050602413813273, ""seconds"": 0.7787604029999784, ""gpu_id"": 0, ""candidate_id"": 28, ""sample_weight"": 0.10352608384640223}, {""client_id"": 4, ""model_family"": ""transformer"", ""feature_ids"": [1, 5, 7, 11, 12, 18, 21], ""subset_size"": 7, ""micro_f1"": 0.8287, ""macro_f1"": 0.02727434189046475, ""validation_loss"": 0.5863651733398437, ""train_loss"": 0.8322289695951673, ""seconds"": 0.795889007000369, ""gpu_id"": 1, ""candidate_id"": 28, ""sample_weight"": 0.05331880053778213}, {""client_id"": 5, ""model_family"": ""transformer"", ""feature_ids"": [1, 5, 7, 11, 12, 18, 21], ""subset_size"": 7, ""micro_f1"": 0.9482, ""macro_f1"": 0.055810666908108875, ""validation_loss"": 0.27846858367919924, ""train_loss"": 0.6441233140945435, ""seconds"": 0.7438275640001848, ""gpu_id"": 0, ""candidate_id"": 28, ""sample_weight"": 0.07030155005722065}, {""client_id"": 6, ""model_family"": ""gru"", ""feature_ids"": [1, 5, 7, 11, 12, 18, 21], ""subset_size"": 7, ""micro_f1"": 0.8468, ""macro_f1"": 0.026971932372689165, ""validation_loss"": 1.0889867919921874, ""train_loss"": 2.396212233734131, ""seconds"": 0.35191201699990415, ""gpu_id"": 1, ""candidate_id"": 28, ""sample_weight"": 0.07459801933327874}, {""client_id"": 7, ""model_family"": ""gru"", ""feature_ids"": [1, 5, 7, 11, 12, 18, 21], ""subset_size"": 7, ""micro_f1"": 0.8645, ""macro_f1"": 0.027274304733961165, ""validation_loss"": 0.8992188598632812, ""train_loss"": 2.0587195652537877, ""seconds"": 0.37672097900031076, ""gpu_id"": 1, ""candidate_id"": 28, ""sample_weight"": 0.05067317481195735}, {""client_id"": 8, ""model_family"": ""gru"", ""feature_ids"": [1, 5, 7, 11, 12, 18, 21], ""subset_size"": 7, ""micro_f1"": 0.4011, ""macro_f1"": 0.037862093846608644, ""validation_loss"": 2.763674609375, ""train_loss"": 3.174996548843384, ""seconds"": 0.3362286800002039, ""gpu_id"": 1, ""candidate_id"": 28, ""sample_weight"": 0.354287210681253}, {""client_id"": 9, ""model_family"": ""gru"", ""feature_ids"": [1, 5, 7, 11, 12, 18, 21], ""subset_size"": 7, ""micro_f1"": 0.7576, ""macro_f1"": 0.025366977392049714, ""validation_loss"": 1.1767433349609375, ""train_loss"": 1.9278151894887288, ""seconds"": 0.3763631759998134, ""gpu_id"": 0, ""candidate_id"": 28, ""sample_weight"": 0.12090074249549396}, {""client_id"": 10, ""model_family"": ""gru"", ""feature_ids"": [1, 5, 7, 11, 12, 18, 21], ""subset_size"": 7, ""micro_f1"": 0.3865, ""macro_f1"": 0.016397615663647357, ""validation_loss"": 2.3308896484375, ""train_loss"": 2.9853614045037165, ""seconds"": 0.36786115899985816, ""gpu_id"": 0, ""candidate_id"": 28, ""sample_weight"": 0.11011103958316146}]"
29,3,2900,"[1, 5, 7, 11, 12, 18, 21]","[""AVG"", ""Max"", ""syn_count"", ""syn_flag_number"", ""rst_flag_number"", ""rst_count"", ""ICMP""]",7,0.6032807436314535,0.03507621744369029,0.5946539044380188,0.72,0.6488626839193434,180,8320,"[{""client_id"": 1, ""model_family"": ""transformer"", ""feature_ids"": [1, 5, 7, 11, 12, 18, 21], ""subset_size"": 7, ""micro_f1"": 0.8775380710659898, ""macro_f1"": 0.02749339005625907, ""validation_loss"": 0.6677725351401392, ""train_loss"": 1.2074392480965865, ""seconds"": 0.22542901499991785, ""gpu_id"": 0, ""candidate_id"": 29, ""sample_weight"": 0.0008752009911046531}, {""client_id"": 2, ""model_family"": ""transformer"", ""feature_ids"": [1, 5, 7, 11, 12, 18, 21], ""subset_size"": 7, ""micro_f1"": 0.3728, ""macro_f1"": 0.04250730370529318, ""validation_loss"": 1.639045361328125, ""train_loss"": 2.0530477265675864, ""seconds"": 0.734426853000059, ""gpu_id"": 1, ""candidate_id"": 29, ""sample_weight"": 0.061408177662345804}, {""client_id"": 3, ""model_family"": ""transformer"", ""feature_ids"": [1, 5, 7, 11, 12, 18, 21], ""subset_size"": 7, ""micro_f1"": 0.8258, ""macro_f1"": 0.05196475991851233, ""validation_loss"": 0.6959102844238281, ""train_loss"": 1.0524882643593683, ""seconds"": 0.7491437899998346, ""gpu_id"": 0, ""candidate_id"": 29, ""sample_weight"": 0.10352608384640223}, {""client_id"": 4, ""model_family"": ""transformer"", ""feature_ids"": [1, 5, 7, 11, 12, 18, 21], ""subset_size"": 7, ""micro_f1"": 0.8287, ""macro_f1"": 0.02727434189046475, ""validation_loss"": 0.5869985229492187, ""train_loss"": 0.8325413222842746, ""seconds"": 0.7568021659999431, ""gpu_id"": 1, ""candidate_id"": 29, ""sample_weight"": 0.05331880053778213}, {""client_id"": 5, ""model_family"": ""transformer"", ""feature_ids"": [1, 5, 7, 11, 12, 18, 21], ""subset_size"": 7, ""micro_f1"": 0.9489, ""macro_f1"": 0.055863447964560976, ""validation_loss"": 0.27806576385498044, ""train_loss"": 0.6431194729699029, ""seconds"": 0.7404318059998332, ""gpu_id"": 0, ""candidate_id"": 29, ""sample_weight"": 0.07030155005722065}, {""client_id"": 6, ""model_family"": ""gru"", ""feature_ids"": [1, 5, 7, 11, 12, 18, 21], ""subset_size"": 7, ""micro_f1"": 0.8468, ""macro_f1"": 0.026971932372689165, ""validation_loss"": 1.08715791015625, ""train_loss"": 2.3956277366638186, ""seconds"": 0.34801762300003247, ""gpu_id"": 1, ""candidate_id"": 29, ""sample_weight"": 0.07459801933327874}, {""client_id"": 7, ""model_family"": ""gru"", ""feature_ids"": [1, 5, 7, 11, 12, 18, 21], ""subset_size"": 7, ""micro_f1"": 0.8645, ""macro_f1"": 0.027274304733961165, ""validation_loss"": 0.8993247192382813, ""train_loss"": 2.059407138601939, ""seconds"": 0.37099966400000994, ""gpu_id"": 1, ""candidate_id"": 29, ""sample_weight"": 0.05067317481195735}, {""client_id"": 8, ""model_family"": ""gru"", ""feature_ids"": [1, 5, 7, 11, 12, 18, 21], ""subset_size"": 7, ""micro_f1"": 0.4011, ""macro_f1"": 0.037862093846608644, ""validation_loss"": 2.7636083984375, ""train_loss"": 3.174655817159017, ""seconds"": 0.34183341700008896, ""gpu_id"": 1, ""candidate_id"": 29, ""sample_weight"": 0.354287210681253}, {""client_id"": 9, ""model_family"": ""gru"", ""feature_ids"": [1, 5, 7, 11, 12, 18, 21], ""subset_size"": 7, ""micro_f1"": 0.7576, ""macro_f1"": 0.025366977392049714, ""validation_loss"": 1.1768272827148438, ""train_loss"": 1.9292481836107043, ""seconds"": 0.34764680999978737, ""gpu_id"": 0, ""candidate_id"": 29, ""sample_weight"": 0.12090074249549396}, {""client_id"": 10, ""model_family"": ""gru"", ""feature_ids"": [1, 5, 7, 11, 12, 18, 21], ""subset_size"": 7, ""micro_f1"": 0.3865, ""macro_f1"": 0.016397615663647357, ""validation_loss"": 2.33071748046875, ""train_loss"": 2.9853259001837835, ""seconds"": 0.36874558799991064, ""gpu_id"": 0, ""candidate_id"": 29, ""sample_weight"": 0.11011103958316146}]"
30,3,3000,"[1, 5, 7, 11, 12, 18, 21]","[""AVG"", ""Max"", ""syn_count"", ""syn_flag_number"", ""rst_flag_number"", ""rst_count"", ""ICMP""]",7,0.6025208260073402,0.034737114916130095,0.6181647777557373,0.72,0.6464356048251603,180,8500,"[{""client_id"": 1, ""model_family"": ""transformer"", ""feature_ids"": [1, 5, 7, 11, 12, 18, 21], ""subset_size"": 7, ""micro_f1"": 0.8775380710659898, ""macro_f1"": 0.02749339005625907, ""validation_loss"": 0.667591811436687, ""train_loss"": 1.20746850311857, ""seconds"": 0.21973192899986316, ""gpu_id"": 0, ""candidate_id"": 30, ""sample_weight"": 0.0008752009911046531}, {""client_id"": 2, ""model_family"": ""transformer"", ""feature_ids"": [1, 5, 7, 11, 12, 18, 21], ""subset_size"": 7, ""micro_f1"": 0.3606, ""macro_f1"": 0.036987190650795886, ""validation_loss"": 1.64034287109375, ""train_loss"": 2.053679920387268, ""seconds"": 0.7328584830002001, ""gpu_id"": 1, ""candidate_id"": 30, ""sample_weight"": 0.061408177662345804}, {""client_id"": 3, ""model_family"": ""transformer"", ""feature_ids"": [1, 5, 7, 11, 12, 18, 21], ""subset_size"": 7, ""micro_f1"": 0.8259, ""macro_f1"": 0.051977637177478477, ""validation_loss"": 0.6966642944335938, ""train_loss"": 1.050457015800476, ""seconds"": 0.7439839280000342, ""gpu_id"": 0, ""candidate_id"": 30, ""sample_weight"": 0.10352608384640223}, {""client_id"": 4, ""model_family"": ""transformer"", ""feature_ids"": [1, 5, 7, 11, 12, 18, 21], ""subset_size"": 7, ""micro_f1"": 0.8287, ""macro_f1"": 0.02727688313399883, ""validation_loss"": 0.5863031494140625, ""train_loss"": 0.8332894556363424, ""seconds"": 0.6988719840001067, ""gpu_id"": 1, ""candidate_id"": 30, ""sample_weight"": 0.05331880053778213}, {""client_id"": 5, ""model_family"": ""transformer"", ""feature_ids"": [1, 5, 7, 11, 12, 18, 21], ""subset_size"": 7, ""micro_f1"": 0.9486, ""macro_f1"": 0.05584081585131955, ""validation_loss"": 0.2778759750366211, ""train_loss"": 0.6431692916605207, ""seconds"": 0.6847896849999415, ""gpu_id"": 0, ""candidate_id"": 30, ""sample_weight"": 0.07030155005722065}, {""client_id"": 6, ""model_family"": ""gru"", ""feature_ids"": [1, 5, 7, 11, 12, 18, 21], ""subset_size"": 7, ""micro_f1"": 0.8468, ""macro_f1"": 0.026971932372689165, ""validation_loss"": 1.0877073974609375, ""train_loss"": 2.3961762094285755, ""seconds"": 0.36169340700007524, ""gpu_id"": 1, ""candidate_id"": 30, ""sample_weight"": 0.07459801933327874}, {""client_id"": 7, ""model_family"": ""gru"", ""feature_ids"": [1, 5, 7, 11, 12, 18, 21], ""subset_size"": 7, ""micro_f1"": 0.8645, ""macro_f1"": 0.027274304733961165, ""validation_loss"": 0.8992267333984375, ""train_loss"": 2.0596474555969237, ""seconds"": 0.362268935999964, ""gpu_id"": 1, ""candidate_id"": 30, ""sample_weight"": 0.05067317481195735}, {""client_id"": 8, ""model_family"": ""gru"", ""feature_ids"": [1, 5, 7, 11, 12, 18, 21], ""subset_size"": 7, ""micro_f1"": 0.4011, ""macro_f1"": 0.037862093846608644, ""validation_loss"": 2.76345546875, ""train_loss"": 3.1748317067040337, ""seconds"": 0.3318133620000481, ""gpu_id"": 1, ""candidate_id"": 30, ""sample_weight"": 0.354287210681253}, {""client_id"": 9, ""model_family"": ""gru"", ""feature_ids"": [1, 5, 7, 11, 12, 18, 21], ""subset_size"": 7, ""micro_f1"": 0.7576, ""macro_f1"": 0.025366977392049714, ""validation_loss"": 1.1765263061523437, ""train_loss"": 1.9274338549507988, ""seconds"": 0.3770838629998252, ""gpu_id"": 0, ""candidate_id"": 30, ""sample_weight"": 0.12090074249549396}, {""client_id"": 10, ""model_family"": ""gru"", ""feature_ids"": [1, 5, 7, 11, 12, 18, 21], ""subset_size"": 7, ""micro_f1"": 0.3865, ""macro_f1"": 0.016397615663647357, ""validation_loss"": 2.33036083984375, ""train_loss"": 2.985090049616496, ""seconds"": 0.3544769900004212, ""gpu_id"": 0, ""candidate_id"": 30, ""sample_weight"": 0.11011103958316146}]"
31,4,3100,"[1, 5, 7, 11, 12, 18, 21]","[""AVG"", ""Max"", ""syn_count"", ""syn_flag_number"", ""rst_flag_number"", ""rst_count"", ""ICMP""]",7,0.6032990157320833,0.035077643982551754,0.5886410474777222,0.72,0.6494657968254361,180,8680,"[{""client_id"": 1, ""model_family"": ""transformer"", ""feature_ids"": [1, 5, 7, 11, 12, 18, 21], ""subset_size"": 7, ""micro_f1"": 0.8775380710659898, ""macro_f1"": 0.02749339005625907, ""validation_loss"": 0.6682706726384042, ""train_loss"": 1.2069215959098738, ""seconds"": 0.22853205100000196, ""gpu_id"": 0, ""candidate_id"": 31, ""sample_weight"": 0.0008752009911046531}, {""client_id"": 2, ""model_family"": ""transformer"", ""feature_ids"": [1, 5, 7, 11, 12, 18, 21], ""subset_size"": 7, ""micro_f1"": 0.3727, ""macro_f1"": 0.04248726963273496, ""validation_loss"": 1.638805224609375, ""train_loss"": 2.052276296276516, ""seconds"": 0.6809832809999534, ""gpu_id"": 1, ""candidate_id"": 31, ""sample_weight"": 0.061408177662345804}, {""client_id"": 3, ""model_family"": ""transformer"", ""feature_ids"": [1, 5, 7, 11, 12, 18, 21], ""subset_size"": 7, ""micro_f1"": 0.8259, ""macro_f1"": 0.05197860626613105, ""validation_loss"": 0.6977026306152344, ""train_loss"": 1.052460838010576, ""seconds"": 0.7083093530000042, ""gpu_id"": 0, ""candidate_id"": 31, ""sample_weight"": 0.10352608384640223}, {""client_id"": 4, ""model_family"": ""transformer"", ""feature_ids"": [1, 5, 7, 11, 12, 18, 21], ""subset_size"": 7, ""micro_f1"": 0.8287, ""macro_f1"": 0.027272663774034638, ""validation_loss"": 0.5863507690429688, ""train_loss"": 0.8337230415450202, ""seconds"": 0.8155561060002583, ""gpu_id"": 1, ""candidate_id"": 31, ""sample_weight"": 0.05331880053778213}, {""client_id"": 5, ""model_family"": ""transformer"", ""feature_ids"": [1, 5, 7, 11, 12, 18, 21], ""subset_size"": 7, ""micro_f1"": 0.9491, ""macro_f1"": 0.055882121973285126, ""validation_loss"": 0.2777575454711914, ""train_loss"": 0.6435121487776438, ""seconds"": 0.7847594969998681, ""gpu_id"": 0, ""candidate_id"": 31, ""sample_weight"": 0.07030155005722065}, {""client_id"": 6, ""model_family"": ""gru"", ""feature_ids"": [1, 5, 7, 11, 12, 18, 21], ""subset_size"": 7, ""micro_f1"": 0.8468, ""macro_f1"": 0.026971932372689165, ""validation_loss"": 1.0895158447265625, ""train_loss"": 2.3960791389465332, ""seconds"": 0.3381521520000206, ""gpu_id"": 1, ""candidate_id"": 31, ""sample_weight"": 0.07459801933327874}, {""client_id"": 7, ""model_family"": ""gru"", ""feature_ids"": [1, 5, 7, 11, 12, 18, 21], ""subset_size"": 7, ""micro_f1"": 0.8645, ""macro_f1"": 0.027274304733961165, ""validation_loss"": 0.8987024536132813, ""train_loss"": 2.0592453329934015, ""seconds"": 0.37864987900002234, ""gpu_id"": 1, ""candidate_id"": 31, ""sample_weight"": 0.05067317481195735}, {""client_id"": 8, ""model_family"": ""gru"", ""feature_ids"": [1, 5, 7, 11, 12, 18, 21], ""subset_size"": 7, ""micro_f1"": 0.4011, ""macro_f1"": 0.037862093846608644, ""validation_loss"": 2.7635228515625, ""train_loss"": 3.1748215072631836, ""seconds"": 0.35032532499963054, ""gpu_id"": 1, ""candidate_id"": 31, ""sample_weight"": 0.354287210681253}, {""client_id"": 9, ""model_family"": ""gru"", ""feature_ids"": [1, 5, 7, 11, 12, 18, 21], ""subset_size"": 7, ""micro_f1"": 0.7576, ""macro_f1"": 0.025366977392049714, ""validation_loss"": 1.177366552734375, ""train_loss"": 1.9273047529644436, ""seconds"": 0.3639643500000602, ""gpu_id"": 0, ""candidate_id"": 31, ""sample_weight"": 0.12090074249549396}, {""client_id"": 10, ""model_family"": ""gru"", ""feature_ids"": [1, 5, 7, 11, 12, 18, 21], ""subset_size"": 7, ""micro_f1"": 0.3865, ""macro_f1"": 0.016397615663647357, ""validation_loss"": 2.32942265625, ""train_loss"": 2.9846732858869767, ""seconds"": 0.3750890989999789, ""gpu_id"": 0, ""candidate_id"": 31, ""sample_weight"": 0.11011103958316146}]"
32,4,3200,"[1, 5, 7, 11, 12, 18, 21]","[""AVG"", ""Max"", ""syn_count"", ""syn_flag_number"", ""rst_flag_number"", ""rst_count"", ""ICMP""]",7,0.6025377046817391,0.03473476337768787,0.6129510402679443,0.72,0.6469586664413794,180,8860,"[{""client_id"": 1, ""model_family"": ""transformer"", ""feature_ids"": [1, 5, 7, 11, 12, 18, 21], ""subset_size"": 7, ""micro_f1"": 0.8775380710659898, ""macro_f1"": 0.02749339005625907, ""validation_loss"": 0.6674232870189066, ""train_loss"": 1.2100157466434989, ""seconds"": 0.22529749100021945, ""gpu_id"": 0, ""candidate_id"": 32, ""sample_weight"": 0.0008752009911046531}, {""client_id"": 2, ""model_family"": ""transformer"", ""feature_ids"": [1, 5, 7, 11, 12, 18, 21], ""subset_size"": 7, ""micro_f1"": 0.3607, ""macro_f1"": 0.03693554315958782, ""validation_loss"": 1.639155859375, ""train_loss"": 2.0533706707848443, ""seconds"": 0.7219756859999507, ""gpu_id"": 1, ""candidate_id"": 32, ""sample_weight"": 0.061408177662345804}, {""client_id"": 3, ""model_family"": ""transformer"", ""feature_ids"": [1, 5, 7, 11, 12, 18, 21], ""subset_size"": 7, ""micro_f1"": 0.8258, ""macro_f1"": 0.05196577475494913, ""validation_loss"": 0.6965070739746094, ""train_loss"": 1.0510583502133688, ""seconds"": 0.7672065249998923, ""gpu_id"": 0, ""candidate_id"": 32, ""sample_weight"": 0.10352608384640223}, {""client_id"": 4, ""model_family"": ""transformer"", ""feature_ids"": [1, 5, 7, 11, 12, 18, 21], ""subset_size"": 7, ""micro_f1"": 0.8287, ""macro_f1"": 0.027276032822191192, ""validation_loss"": 0.5865501098632813, ""train_loss"": 0.8326437050395542, ""seconds"": 0.7594966280003064, ""gpu_id"": 1, ""candidate_id"": 32, ""sample_weight"": 0.05331880053778213}, {""client_id"": 5, ""model_family"": ""transformer"", ""feature_ids"": [1, 5, 7, 11, 12, 18, 21], ""subset_size"": 7, ""micro_f1"": 0.9489, ""macro_f1"": 0.05587059396612711, ""validation_loss"": 0.27869568939208983, ""train_loss"": 0.6448255760961109, ""seconds"": 0.7396207009996942, ""gpu_id"": 0, ""candidate_id"": 32, ""sample_weight"": 0.07030155005722065}, {""client_id"": 6, ""model_family"": ""gru"", ""feature_ids"": [1, 5, 7, 11, 12, 18, 21], ""subset_size"": 7, ""micro_f1"": 0.8468, ""macro_f1"": 0.026971932372689165, ""validation_loss"": 1.088835107421875, ""train_loss"": 2.3960591660181683, ""seconds"": 0.384619518999898, ""gpu_id"": 1, ""candidate_id"": 32, ""sample_weight"": 0.07459801933327874}, {""client_id"": 7, ""model_family"": ""gru"", ""feature_ids"": [1, 5, 7, 11, 12, 18, 21], ""subset_size"": 7, ""micro_f1"": 0.8645, ""macro_f1"": 0.027274304733961165, ""validation_loss"": 0.8995470703125, ""train_loss"": 2.059168862745497, ""seconds"": 0.34864336400005413, ""gpu_id"": 1, ""candidate_id"": 32, ""sample_weight"": 0.05067317481195735}, {""client_id"": 8, ""model_family"": ""gru"", ""feature_ids"": [1, 5, 7, 11, 12, 18, 21], ""subset_size"": 7, ""micro_f1"": 0.4011, ""macro_f1"": 0.037862093846608644, ""validation_loss"": 2.7638388671875, ""train_loss"": 3.1750878687116835, ""seconds"": 0.3744427399997221, ""gpu_id"": 1, ""candidate_id"": 32, ""sample_weight"": 0.354287210681253}, {""client_id"": 9, ""model_family"": ""gru"", ""feature_ids"": [1, 5, 7, 11, 12, 18, 21], ""subset_size"": 7, ""micro_f1"": 0.7576, ""macro_f1"": 0.025366977392049714, ""validation_loss"": 1.1772180786132813, ""train_loss"": 1.9280322810702855, ""seconds"": 0.3545143069995902, ""gpu_id"": 0, ""candidate_id"": 32, ""sample_weight"": 0.12090074249549396}, {""client_id"": 10, ""model_family"": ""gru"", ""feature_ids"": [1, 5, 7, 11, 12, 18, 21], ""subset_size"": 7, ""micro_f1"": 0.3865, ""macro_f1"": 0.016397615663647357, ""validation_loss"": 2.32923955078125, ""train_loss"": 2.984685785420736, ""seconds"": 0.38649395899983574, ""gpu_id"": 0, ""candidate_id"": 32, ""sample_weight"": 0.11011103958316146}]"
33,4,3300,"[1, 5, 7, 11, 12, 18, 21]","[""AVG"", ""Max"", ""syn_count"", ""syn_flag_number"", ""rst_flag_number"", ""rst_count"", ""ICMP""]",7,0.603188193085727,0.035066624041275966,0.5972459316253662,0.72,0.6485942261460361,180,9040,"[{""client_id"": 1, ""model_family"": ""transformer"", ""feature_ids"": [1, 5, 7, 11, 12, 18, 21], ""subset_size"": 7, ""micro_f1"": 0.8775380710659898, ""macro_f1"": 0.02749339005625907, ""validation_loss"": 0.668141127842937, ""train_loss"": 1.20487509187977, ""seconds"": 0.23286612999982026, ""gpu_id"": 0, ""candidate_id"": 33, ""sample_weight"": 0.0008752009911046531}, {""client_id"": 2, ""model_family"": ""transformer"", ""feature_ids"": [1, 5, 7, 11, 12, 18, 21], ""subset_size"": 7, ""micro_f1"": 0.3726, ""macro_f1"": 0.04244627583816321, ""validation_loss"": 1.63876982421875, ""train_loss"": 2.0529827633751765, ""seconds"": 0.692021251999904, ""gpu_id"": 1, ""candidate_id"": 33, ""sample_weight"": 0.061408177662345804}, {""client_id"": 3, ""model_family"": ""transformer"", ""feature_ids"": [1, 5, 7, 11, 12, 18, 21], ""subset_size"": 7, ""micro_f1"": 0.8255, ""macro_f1"": 0.05194282633233039, ""validation_loss"": 0.6964152893066407, ""train_loss"": 1.0501316608111064, ""seconds"": 0.6712169170000379, ""gpu_id"": 0, ""candidate_id"": 33, ""sample_weight"": 0.10352608384640223}, {""client_id"": 4, ""model_family"": ""transformer"", ""feature_ids"": [1, 5, 7, 11, 12, 18, 21], ""subset_size"": 7, ""micro_f1"": 0.8287, ""macro_f1"": 0.02727688313399883, ""validation_loss"": 0.5859886352539062, ""train_loss"": 0.8324811150444879, ""seconds"": 0.6840668729996651, ""gpu_id"": 1, ""candidate_id"": 33, ""sample_weight"": 0.05331880053778213}, {""client_id"": 5, ""model_family"": ""transformer"", ""feature_ids"": [1, 5, 7, 11, 12, 18, 21], ""subset_size"": 7, ""micro_f1"": 0.9482, ""macro_f1"": 0.055810666908108875, ""validation_loss"": 0.27867891998291017, ""train_loss"": 0.643516400162379, ""seconds"": 0.6821405189998586, ""gpu_id"": 0, ""candidate_id"": 33, ""sample_weight"": 0.07030155005722065}, {""client_id"": 6, ""model_family"": ""gru"", ""feature_ids"": [1, 5, 7, 11, 12, 18, 21], ""subset_size"": 7, ""micro_f1"": 0.8468, ""macro_f1"": 0.026971932372689165, ""validation_loss"": 1.0875044921875, ""train_loss"": 2.3957144365310667, ""seconds"": 0.3242282870000963, ""gpu_id"": 1, ""candidate_id"": 33, ""sample_weight"": 0.07459801933327874}, {""client_id"": 7, ""model_family"": ""gru"", ""feature_ids"": [1, 5, 7, 11, 12, 18, 21], ""subset_size"": 7, ""micro_f1"": 0.8645, ""macro_f1"": 0.027274304733961165, ""validation_loss"": 0.8990046875, ""train_loss"": 2.0594856540468003, ""seconds"": 0.35841774499976964, ""gpu_id"": 1, ""candidate_id"": 33, ""sample_weight"": 0.05067317481195735}, {""client_id"": 8, ""model_family"": ""gru"", ""feature_ids"": [1, 5, 7, 11, 12, 18, 21], ""subset_size"": 7, ""micro_f1"": 0.4011, ""macro_f1"": 0.037862093846608644, ""validation_loss"": 2.7639033203125, ""train_loss"": 3.174823132917616, ""seconds"": 0.32424921199981327, ""gpu_id"": 1, ""candidate_id"": 33, ""sample_weight"": 0.354287210681253}, {""client_id"": 9, ""model_family"": ""gru"", ""feature_ids"": [1, 5, 7, 11, 12, 18, 21], ""subset_size"": 7, ""micro_f1"": 0.7576, ""macro_f1"": 0.025366977392049714, ""validation_loss"": 1.1766028564453126, ""train_loss"": 1.9290060679117838, ""seconds"": 0.3441171489998851, ""gpu_id"": 0, ""candidate_id"": 33, ""sample_weight"": 0.12090074249549396}, {""client_id"": 10, ""model_family"": ""gru"", ""feature_ids"": [1, 5, 7, 11, 12, 18, 21], ""subset_size"": 7, ""micro_f1"": 0.3865, ""macro_f1"": 0.016397615663647357, ""validation_loss"": 2.32951376953125, ""train_loss"": 2.9849748050265843, ""seconds"": 0.33902802900001916, ""gpu_id"": 0, ""candidate_id"": 33, ""sample_weight"": 0.11011103958316146}]"
34,4,3400,"[1, 5, 7, 11, 12, 18, 21]","[""AVG"", ""Max"", ""syn_count"", ""syn_flag_number"", ""rst_flag_number"", ""rst_count"", ""ICMP""]",7,0.6034955877103615,0.03499009801785817,0.60519939661026,0.72,0.6478296191100101,180,9220,"[{""client_id"": 1, ""model_family"": ""transformer"", ""feature_ids"": [1, 5, 7, 11, 12, 18, 21], ""subset_size"": 7, ""micro_f1"": 0.8775380710659898, ""macro_f1"": 0.02749339005625907, ""validation_loss"": 0.6674426316004719, ""train_loss"": 1.2052007156512996, ""seconds"": 0.2217330129997208, ""gpu_id"": 0, ""candidate_id"": 34, ""sample_weight"": 0.0008752009911046531}, {""client_id"": 2, ""model_family"": ""transformer"", ""feature_ids"": [1, 5, 7, 11, 12, 18, 21], ""subset_size"": 7, ""micro_f1"": 0.3771, ""macro_f1"": 0.04116767657619319, ""validation_loss"": 1.6391392578125, ""train_loss"": 2.053153894933065, ""seconds"": 0.781933774999743, ""gpu_id"": 1, ""candidate_id"": 34, ""sample_weight"": 0.061408177662345804}, {""client_id"": 3, ""model_family"": ""transformer"", ""feature_ids"": [1, 5, 7, 11, 12, 18, 21], ""subset_size"": 7, ""micro_f1"": 0.8258, ""macro_f1"": 0.05196577475494913, ""validation_loss"": 0.6956475036621094, ""train_loss"": 1.0494086736891004, ""seconds"": 0.7843471229998613, ""gpu_id"": 0, ""candidate_id"": 34, ""sample_weight"": 0.10352608384640223}, {""client_id"": 4, ""model_family"": ""transformer"", ""feature_ids"": [1, 5, 7, 11, 12, 18, 21], ""subset_size"": 7, ""micro_f1"": 0.8287, ""macro_f1"": 0.02727434189046475, ""validation_loss"": 0.58591669921875, ""train_loss"": 0.8316091761906942, ""seconds"": 0.7757760810000036, ""gpu_id"": 1, ""candidate_id"": 34, ""sample_weight"": 0.05331880053778213}, {""client_id"": 5, ""model_family"": ""transformer"", ""feature_ids"": [1, 5, 7, 11, 12, 18, 21], ""subset_size"": 7, ""micro_f1"": 0.9482, ""macro_f1"": 0.0558071131166683, ""validation_loss"": 0.27807708129882813, ""train_loss"": 0.6428349154843225, ""seconds"": 0.786772893000034, ""gpu_id"": 0, ""candidate_id"": 34, ""sample_weight"": 0.07030155005722065}, {""client_id"": 6, ""model_family"": ""gru"", ""feature_ids"": [1, 5, 7, 11, 12, 18, 21], ""subset_size"": 7, ""micro_f1"": 0.8468, ""macro_f1"": 0.026971932372689165, ""validation_loss"": 1.087521533203125, ""train_loss"": 2.3953072153515285, ""seconds"": 0.36600525200037737, ""gpu_id"": 1, ""candidate_id"": 34, ""sample_weight"": 0.07459801933327874}, {""client_id"": 7, ""model_family"": ""gru"", ""feature_ids"": [1, 5, 7, 11, 12, 18, 21], ""subset_size"": 7, ""micro_f1"": 0.8645, ""macro_f1"": 0.027274304733961165, ""validation_loss"": 0.8990438110351563, ""train_loss"": 2.0592353229734632, ""seconds"": 0.4032918950001658, ""gpu_id"": 1, ""candidate_id"": 34, ""sample_weight"": 0.05067317481195735}, {""client_id"": 8, ""model_family"": ""gru"", ""feature_ids"": [1, 5, 7, 11, 12, 18, 21], ""subset_size"": 7, ""micro_f1"": 0.4011, ""macro_f1"": 0.037862093846608644, ""validation_loss"": 2.763428125, ""train_loss"": 3.17470748685201, ""seconds"": 0.3515646010000637, ""gpu_id"": 1, ""candidate_id"": 34, ""sample_weight"": 0.354287210681253}, {""client_id"": 9, ""model_family"": ""gru"", ""feature_ids"": [1, 5, 7, 11, 12, 18, 21], ""subset_size"": 7, ""micro_f1"": 0.7576, ""macro_f1"": 0.025366977392049714, ""validation_loss"": 1.1771775390625, ""train_loss"": 1.928479850323995, ""seconds"": 0.36634639099975175, ""gpu_id"": 0, ""candidate_id"": 34, ""sample_weight"": 0.12090074249549396}, {""client_id"": 10, ""model_family"": ""gru"", ""feature_ids"": [1, 5, 7, 11, 12, 18, 21], ""subset_size"": 7, ""micro_f1"": 0.3865, ""macro_f1"": 0.016397615663647357, ""validation_loss"": 2.3297927734375, ""train_loss"": 2.9848309567345512, ""seconds"": 0.3863422389999869, ""gpu_id"": 0, ""candidate_id"": 34, ""sample_weight"": 0.11011103958316146}]"
35,4,3500,"[1, 5, 7, 11, 12, 18, 21]","[""AVG"", ""Max"", ""syn_count"", ""syn_flag_number"", ""rst_flag_number"", ""rst_count"", ""ICMP""]",7,0.6031844195743415,0.035039630065927814,0.6037711501121521,0.72,0.647941326946219,180,9400,"[{""client_id"": 1, ""model_family"": ""transformer"", ""feature_ids"": [1, 5, 7, 11, 12, 18, 21], ""subset_size"": 7, ""micro_f1"": 0.8775380710659898, ""macro_f1"": 0.02749339005625907, ""validation_loss"": 0.6678685803098727, ""train_loss"": 1.2058436210318197, ""seconds"": 0.26085019399988596, ""gpu_id"": 0, ""candidate_id"": 35, ""sample_weight"": 0.0008752009911046531}, {""client_id"": 2, ""model_family"": ""transformer"", ""feature_ids"": [1, 5, 7, 11, 12, 18, 21], ""subset_size"": 7, ""micro_f1"": 0.3714, ""macro_f1"": 0.04192195433924493, ""validation_loss"": 1.638173486328125, ""train_loss"": 2.0518485562642415, ""seconds"": 0.8372975930001303, ""gpu_id"": 1, ""candidate_id"": 35, ""sample_weight"": 0.061408177662345804}, {""client_id"": 3, ""model_family"": ""transformer"", ""feature_ids"": [1, 5, 7, 11, 12, 18, 21], ""subset_size"": 7, ""micro_f1"": 0.8257, ""macro_f1"": 0.05195482294427146, ""validation_loss"": 0.6977566833496094, ""train_loss"": 1.0516303370263842, ""seconds"": 0.7850970540002891, ""gpu_id"": 0, ""candidate_id"": 35, ""sample_weight"": 0.10352608384640223}, {""client_id"": 4, ""model_family"": ""transformer"", ""feature_ids"": [1, 5, 7, 11, 12, 18, 21], ""subset_size"": 7, ""micro_f1"": 0.8287, ""macro_f1"": 0.02727688313399883, ""validation_loss"": 0.5862664916992187, ""train_loss"": 0.8324393401675754, ""seconds"": 0.7410763650000263, ""gpu_id"": 1, ""candidate_id"": 35, ""sample_weight"": 0.05331880053778213}, {""client_id"": 5, ""model_family"": ""transformer"", ""feature_ids"": [1, 5, 7, 11, 12, 18, 21], ""subset_size"": 7, ""micro_f1"": 0.9489, ""macro_f1"": 0.055867019721847704, ""validation_loss"": 0.2778812728881836, ""train_loss"": 0.6427056305991279, ""seconds"": 0.7366771659999358, ""gpu_id"": 0, ""candidate_id"": 35, ""sample_weight"": 0.07030155005722065}, {""client_id"": 6, ""model_family"": ""gru"", ""feature_ids"": [1, 5, 7, 11, 12, 18, 21], ""subset_size"": 7, ""micro_f1"": 0.8468, ""macro_f1"": 0.026971932372689165, ""validation_loss"": 1.0890302001953125, ""train_loss"": 2.396407980770535, ""seconds"": 0.3723511180000969, ""gpu_id"": 1, ""candidate_id"": 35, ""sample_weight"": 0.07459801933327874}, {""client_id"": 7, ""model_family"": ""gru"", ""feature_ids"": [1, 5, 7, 11, 12, 18, 21], ""subset_size"": 7, ""micro_f1"": 0.8645, ""macro_f1"": 0.027274304733961165, ""validation_loss"": 0.8995639404296875, ""train_loss"": 2.0604083806143865, ""seconds"": 0.34089595799969175, ""gpu_id"": 1, ""candidate_id"": 35, ""sample_weight"": 0.05067317481195735}, {""client_id"": 8, ""model_family"": ""gru"", ""feature_ids"": [1, 5, 7, 11, 12, 18, 21], ""subset_size"": 7, ""micro_f1"": 0.4011, ""macro_f1"": 0.037862093846608644, ""validation_loss"": 2.7636927734375, ""train_loss"": 3.174759897020128, ""seconds"": 0.3421645710000121, ""gpu_id"": 1, ""candidate_id"": 35, ""sample_weight"": 0.354287210681253}, {""client_id"": 9, ""model_family"": ""gru"", ""feature_ids"": [1, 5, 7, 11, 12, 18, 21], ""subset_size"": 7, ""micro_f1"": 0.7576, ""macro_f1"": 0.025366977392049714, ""validation_loss"": 1.1764775634765625, ""train_loss"": 1.928943933275011, ""seconds"": 0.35993800300002476, ""gpu_id"": 0, ""candidate_id"": 35, ""sample_weight"": 0.12090074249549396}, {""client_id"": 10, ""model_family"": ""gru"", ""feature_ids"": [1, 5, 7, 11, 12, 18, 21], ""subset_size"": 7, ""micro_f1"": 0.3865, ""macro_f1"": 0.016397615663647357, ""validation_loss"": 2.33073505859375, ""train_loss"": 2.98518285569085, ""seconds"": 0.3536996719999479, ""gpu_id"": 0, ""candidate_id"": 35, ""sample_weight"": 0.11011103958316146}]"
36,4,3600,"[1, 5, 7, 11, 12, 18, 21]","[""AVG"", ""Max"", ""syn_count"", ""syn_flag_number"", ""rst_flag_number"", ""rst_count"", ""ICMP""]",7,0.6033807753901922,0.03487191867856873,0.602130115032196,0.72,0.6481250660357997,180,9580,"[{""client_id"": 1, ""model_family"": ""transformer"", ""feature_ids"": [1, 5, 7, 11, 12, 18, 21], ""subset_size"": 7, ""micro_f1"": 0.8775380710659898, ""macro_f1"": 0.02749339005625907, ""validation_loss"": 0.6681947853359474, ""train_loss"": 1.205775474399345, ""seconds"": 0.2494337309999537, ""gpu_id"": 0, ""candidate_id"": 36, ""sample_weight"": 0.0008752009911046531}, {""client_id"": 2, ""model_family"": ""transformer"", ""feature_ids"": [1, 5, 7, 11, 12, 18, 21], ""subset_size"": 7, ""micro_f1"": 0.3742, ""macro_f1"": 0.03915346955954967, ""validation_loss"": 1.639054736328125, ""train_loss"": 2.0532050295088027, ""seconds"": 0.7772579890001907, ""gpu_id"": 1, ""candidate_id"": 36, ""sample_weight"": 0.061408177662345804}, {""client_id"": 3, ""model_family"": ""transformer"", ""feature_ids"": [1, 5, 7, 11, 12, 18, 21], ""subset_size"": 7, ""micro_f1"": 0.8258, ""macro_f1"": 0.05196562616496323, ""validation_loss"": 0.6958049438476562, ""train_loss"": 1.049201273420122, ""seconds"": 0.7759263650000321, ""gpu_id"": 0, ""candidate_id"": 36, ""sample_weight"": 0.10352608384640223}, {""client_id"": 4, ""model_family"": ""transformer"", ""feature_ids"": [1, 5, 7, 11, 12, 18, 21], ""subset_size"": 7, ""micro_f1"": 0.8287, ""macro_f1"": 0.02727434189046475, ""validation_loss"": 0.58627744140625, ""train_loss"": 0.8332470425923665, ""seconds"": 0.7271087990002343, ""gpu_id"": 1, ""candidate_id"": 36, ""sample_weight"": 0.05331880053778213}, {""client_id"": 5, ""model_family"": ""transformer"", ""feature_ids"": [1, 5, 7, 11, 12, 18, 21], ""subset_size"": 7, ""micro_f1"": 0.9491, ""macro_f1"": 0.05588570065808361, ""validation_loss"": 0.27779781036376955, ""train_loss"": 0.6432237873925103, ""seconds"": 0.6983060699999442, ""gpu_id"": 0, ""candidate_id"": 36, ""sample_weight"": 0.07030155005722065}, {""client_id"": 6, ""model_family"": ""gru"", ""feature_ids"": [1, 5, 7, 11, 12, 18, 21], ""subset_size"": 7, ""micro_f1"": 0.8468, ""macro_f1"": 0.026971932372689165, ""validation_loss"": 1.086722900390625, ""train_loss"": 2.3955857309765287, ""seconds"": 0.3337845739997647, ""gpu_id"": 1, ""candidate_id"": 36, ""sample_weight"": 0.07459801933327874}, {""client_id"": 7, ""model_family"": ""gru"", ""feature_ids"": [1, 5, 7, 11, 12, 18, 21], ""subset_size"": 7, ""micro_f1"": 0.8645, ""macro_f1"": 0.027274304733961165, ""validation_loss"": 0.8997292602539062, ""train_loss"": 2.0585994233555263, ""seconds"": 0.35263575299995864, ""gpu_id"": 1, ""candidate_id"": 36, ""sample_weight"": 0.05067317481195735}, {""client_id"": 8, ""model_family"": ""gru"", ""feature_ids"": [1, 5, 7, 11, 12, 18, 21], ""subset_size"": 7, ""micro_f1"": 0.4011, ""macro_f1"": 0.037862093846608644, ""validation_loss"": 2.76333359375, ""train_loss"": 3.1747365887959798, ""seconds"": 0.35368964700001015, ""gpu_id"": 1, ""candidate_id"": 36, ""sample_weight"": 0.354287210681253}, {""client_id"": 9, ""model_family"": ""gru"", ""feature_ids"": [1, 5, 7, 11, 12, 18, 21], ""subset_size"": 7, ""micro_f1"": 0.7576, ""macro_f1"": 0.025366977392049714, ""validation_loss"": 1.1762330810546875, ""train_loss"": 1.9275896525700886, ""seconds"": 0.3258910389999983, ""gpu_id"": 0, ""candidate_id"": 36, ""sample_weight"": 0.12090074249549396}, {""client_id"": 10, ""model_family"": ""gru"", ""feature_ids"": [1, 5, 7, 11, 12, 18, 21], ""subset_size"": 7, ""micro_f1"": 0.3865, ""macro_f1"": 0.016397615663647357, ""validation_loss"": 2.330098046875, ""train_loss"": 2.9850925228542753, ""seconds"": 0.37616371800004345, ""gpu_id"": 0, ""candidate_id"": 36, ""sample_weight"": 0.11011103958316146}]"
37,4,3700,"[1, 5, 7, 11, 12, 18, 21]","[""AVG"", ""Max"", ""syn_count"", ""syn_flag_number"", ""rst_flag_number"", ""rst_count"", ""ICMP""]",7,0.6037102471387672,0.03512046672112628,0.6042870879173279,0.72,0.6479423159221439,180,9760,"[{""client_id"": 1, ""model_family"": ""transformer"", ""feature_ids"": [1, 5, 7, 11, 12, 18, 21], ""subset_size"": 7, ""micro_f1"": 0.8775380710659898, ""macro_f1"": 0.02749339005625907, ""validation_loss"": 0.6680255057242921, ""train_loss"": 1.2087607574678045, ""seconds"": 0.25486943999976575, ""gpu_id"": 0, ""candidate_id"": 37, ""sample_weight"": 0.0008752009911046531}, {""client_id"": 2, ""model_family"": ""transformer"", ""feature_ids"": [1, 5, 7, 11, 12, 18, 21], ""subset_size"": 7, ""micro_f1"": 0.3803, ""macro_f1"": 0.043262989361650114, ""validation_loss"": 1.639101904296875, ""train_loss"": 2.0532779568354287, ""seconds"": 0.8040079249999508, ""gpu_id"": 1, ""candidate_id"": 37, ""sample_weight"": 0.061408177662345804}, {""client_id"": 3, ""model_family"": ""transformer"", ""feature_ids"": [1, 5, 7, 11, 12, 18, 21], ""subset_size"": 7, ""micro_f1"": 0.8255, ""macro_f1"": 0.051942625422755906, ""validation_loss"": 0.6973858764648437, ""train_loss"": 1.0525699122428893, ""seconds"": 0.7559148340001229, ""gpu_id"": 0, ""candidate_id"": 37, ""sample_weight"": 0.10352608384640223}, {""client_id"": 4, ""model_family"": ""transformer"", ""feature_ids"": [1, 5, 7, 11, 12, 18, 21], ""subset_size"": 7, ""micro_f1"": 0.8287, ""macro_f1"": 0.02727688313399883, ""validation_loss"": 0.5867593627929687, ""train_loss"": 0.832792776383294, ""seconds"": 0.6741134410003724, ""gpu_id"": 1, ""candidate_id"": 37, ""sample_weight"": 0.05331880053778213}, {""client_id"": 5, ""model_family"": ""transformer"", ""feature_ids"": [1, 5, 7, 11, 12, 18, 21], ""subset_size"": 7, ""micro_f1"": 0.9489, ""macro_f1"": 0.055863447964560976, ""validation_loss"": 0.27792745666503904, ""train_loss"": 0.6425757545312246, ""seconds"": 0.7028532419999465, ""gpu_id"": 0, ""candidate_id"": 37, ""sample_weight"": 0.07030155005722065}, {""client_id"": 6, ""model_family"": ""gru"", ""feature_ids"": [1, 5, 7, 11, 12, 18, 21], ""subset_size"": 7, ""micro_f1"": 0.8468, ""macro_f1"": 0.026971932372689165, ""validation_loss"": 1.08898359375, ""train_loss"": 2.396067694324917, ""seconds"": 0.3522135790003631, ""gpu_id"": 1, ""candidate_id"": 37, ""sample_weight"": 0.07459801933327874}, {""client_id"": 7, ""model_family"": ""gru"", ""feature_ids"": [1, 5, 7, 11, 12, 18, 21], ""subset_size"": 7, ""micro_f1"": 0.8645, ""macro_f1"": 0.027274304733961165, ""validation_loss"": 0.8994163696289063, ""train_loss"": 2.05963497467041, ""seconds"": 0.3821710659999553, ""gpu_id"": 1, ""candidate_id"": 37, ""sample_weight"": 0.05067317481195735}, {""client_id"": 8, ""model_family"": ""gru"", ""feature_ids"": [1, 5, 7, 11, 12, 18, 21], ""subset_size"": 7, ""micro_f1"": 0.4011, ""macro_f1"": 0.037862093846608644, ""validation_loss"": 2.7631142578125, ""train_loss"": 3.1745842670440676, ""seconds"": 0.3219627580001543, ""gpu_id"": 1, ""candidate_id"": 37, ""sample_weight"": 0.354287210681253}, {""client_id"": 9, ""model_family"": ""gru"", ""feature_ids"": [1, 5, 7, 11, 12, 18, 21], ""subset_size"": 7, ""micro_f1"": 0.7576, ""macro_f1"": 0.025366977392049714, ""validation_loss"": 1.1767521728515624, ""train_loss"": 1.9289707598580255, ""seconds"": 0.3581613699998343, ""gpu_id"": 0, ""candidate_id"": 37, ""sample_weight"": 0.12090074249549396}, {""client_id"": 10, ""model_family"": ""gru"", ""feature_ids"": [1, 5, 7, 11, 12, 18, 21], ""subset_size"": 7, ""micro_f1"": 0.3865, ""macro_f1"": 0.016397615663647357, ""validation_loss"": 2.329169140625, ""train_loss"": 2.9847148006863065, ""seconds"": 0.3423389680001492, ""gpu_id"": 0, ""candidate_id"": 37, ""sample_weight"": 0.11011103958316146}]"
38,4,3800,"[1, 5, 7, 11, 12, 18, 21]","[""AVG"", ""Max"", ""syn_count"", ""syn_flag_number"", ""rst_flag_number"", ""rst_count"", ""ICMP""]",7,0.6545940570218374,0.04405054263969397,0.6034485697746277,0.72,0.653114548724721,180,9940,"[{""client_id"": 1, ""model_family"": ""transformer"", ""feature_ids"": [1, 5, 7, 11, 12, 18, 21], ""subset_size"": 7, ""micro_f1"": 0.8775380710659898, ""macro_f1"": 0.02749339005625907, ""validation_loss"": 0.6679007438233662, ""train_loss"": 1.2044548985989028, ""seconds"": 0.24699039600000106, ""gpu_id"": 0, ""candidate_id"": 38, ""sample_weight"": 0.0008752009911046531}, {""client_id"": 2, ""model_family"": ""transformer"", ""feature_ids"": [1, 5, 7, 11, 12, 18, 21], ""subset_size"": 7, ""micro_f1"": 0.3723, ""macro_f1"": 0.04233355732533412, ""validation_loss"": 1.639130615234375, ""train_loss"": 2.053437494828966, ""seconds"": 0.8475758009999481, ""gpu_id"": 1, ""candidate_id"": 38, ""sample_weight"": 0.061408177662345804}, {""client_id"": 3, ""model_family"": ""transformer"", ""feature_ids"": [1, 5, 7, 11, 12, 18, 21], ""subset_size"": 7, ""micro_f1"": 0.8254, ""macro_f1"": 0.05193591605297527, ""validation_loss"": 0.6960023315429688, ""train_loss"": 1.048206220457289, ""seconds"": 0.826408297999933, ""gpu_id"": 0, ""candidate_id"": 38, ""sample_weight"": 0.10352608384640223}, {""client_id"": 4, ""model_family"": ""transformer"", ""feature_ids"": [1, 5, 7, 11, 12, 18, 21], ""subset_size"": 7, ""micro_f1"": 0.8287, ""macro_f1"": 0.02727434189046475, ""validation_loss"": 0.5858010620117188, ""train_loss"": 0.8326451009220547, ""seconds"": 0.7560559680000551, ""gpu_id"": 1, ""candidate_id"": 38, ""sample_weight"": 0.05331880053778213}, {""client_id"": 5, ""model_family"": ""transformer"", ""feature_ids"": [1, 5, 7, 11, 12, 18, 21], ""subset_size"": 7, ""micro_f1"": 0.9496, ""macro_f1"": 0.055930688715793264, ""validation_loss"": 0.2778630859375, ""train_loss"": 0.6414553931713104, ""seconds"": 0.7233961799997815, ""gpu_id"": 0, ""candidate_id"": 38, ""sample_weight"": 0.07030155005722065}, {""client_id"": 6, ""model_family"": ""gru"", ""feature_ids"": [1, 5, 7, 11, 12, 18, 21], ""subset_size"": 7, ""micro_f1"": 0.8468, ""macro_f1"": 0.026971932372689165, ""validation_loss"": 1.087003662109375, ""train_loss"": 2.3955014544592963, ""seconds"": 0.3214862469999389, ""gpu_id"": 1, ""candidate_id"": 38, ""sample_weight"": 0.07459801933327874}, {""client_id"": 7, ""model_family"": ""gru"", ""feature_ids"": [1, 5, 7, 11, 12, 18, 21], ""subset_size"": 7, ""micro_f1"": 0.8645, ""macro_f1"": 0.027274304733961165, ""validation_loss"": 0.8986915771484375, ""train_loss"": 2.0598200071228874, ""seconds"": 0.3483213950003119, ""gpu_id"": 1, ""candidate_id"": 38, ""sample_weight"": 0.05067317481195735}, {""client_id"": 8, ""model_family"": ""gru"", ""feature_ids"": [1, 5, 7, 11, 12, 18, 21], ""subset_size"": 7, ""micro_f1"": 0.546, ""macro_f1"": 0.0632179445156239, ""validation_loss"": 2.7640095703125, ""train_loss"": 3.1748528221554224, ""seconds"": 0.3206328129999747, ""gpu_id"": 1, ""candidate_id"": 38, ""sample_weight"": 0.354287210681253}, {""client_id"": 9, ""model_family"": ""gru"", ""feature_ids"": [1, 5, 7, 11, 12, 18, 21], ""subset_size"": 7, ""micro_f1"": 0.7576, ""macro_f1"": 0.025366977392049714, ""validation_loss"": 1.1772247314453126, ""train_loss"": 1.9271102203369141, ""seconds"": 0.3394933029999265, ""gpu_id"": 0, ""candidate_id"": 38, ""sample_weight"": 0.12090074249549396}, {""client_id"": 10, ""model_family"": ""gru"", ""feature_ids"": [1, 5, 7, 11, 12, 18, 21], ""subset_size"": 7, ""micro_f1"": 0.3865, ""macro_f1"": 0.016397615663647357, ""validation_loss"": 2.33001318359375, ""train_loss"": 2.9849457997639974, ""seconds"": 0.33254997299991373, ""gpu_id"": 0, ""candidate_id"": 38, ""sample_weight"": 0.11011103958316146}]"
39,4,3900,"[1, 5, 7, 11, 12, 18, 21]","[""AVG"", ""Max"", ""syn_count"", ""syn_flag_number"", ""rst_flag_number"", ""rst_count"", ""ICMP""]",7,0.6030714517384099,0.03498977698805164,0.6752098798751831,0.72,0.6407861571863227,180,10120,"[{""client_id"": 1, ""model_family"": ""transformer"", ""feature_ids"": [1, 5, 7, 11, 12, 18, 21], ""subset_size"": 7, ""micro_f1"": 0.8775380710659898, ""macro_f1"": 0.02749339005625907, ""validation_loss"": 0.6679742880884161, ""train_loss"": 1.2026666741685819, ""seconds"": 0.2744449310002892, ""gpu_id"": 0, ""candidate_id"": 39, ""sample_weight"": 0.0008752009911046531}, {""client_id"": 2, ""model_family"": ""transformer"", ""feature_ids"": [1, 5, 7, 11, 12, 18, 21], ""subset_size"": 7, ""micro_f1"": 0.3695, ""macro_f1"": 0.04110471746716288, ""validation_loss"": 1.639209765625, ""train_loss"": 2.0536178117752075, ""seconds"": 0.895923866999965, ""gpu_id"": 1, ""candidate_id"": 39, ""sample_weight"": 0.061408177662345804}, {""client_id"": 3, ""model_family"": ""transformer"", ""feature_ids"": [1, 5, 7, 11, 12, 18, 21], ""subset_size"": 7, ""micro_f1"": 0.8256, ""macro_f1"": 0.051949082685881, ""validation_loss"": 0.6956441162109375, ""train_loss"": 1.050708499399821, ""seconds"": 0.8611001930003113, ""gpu_id"": 0, ""candidate_id"": 39, ""sample_weight"": 0.10352608384640223}, {""client_id"": 4, ""model_family"": ""transformer"", ""feature_ids"": [1, 5, 7, 11, 12, 18, 21], ""subset_size"": 7, ""micro_f1"": 0.8287, ""macro_f1"": 0.02727434189046475, ""validation_loss"": 0.5871514892578125, ""train_loss"": 0.8334067936155531, ""seconds"": 0.7024329649998435, ""gpu_id"": 1, ""candidate_id"": 39, ""sample_weight"": 0.05331880053778213}, {""client_id"": 5, ""model_family"": ""transformer"", ""feature_ids"": [1, 5, 7, 11, 12, 18, 21], ""subset_size"": 7, ""micro_f1"": 0.9491, ""macro_f1"": 0.055882121973285126, ""validation_loss"": 0.27800155334472654, ""train_loss"": 0.6426822935342789, ""seconds"": 0.680593429000055, ""gpu_id"": 0, ""candidate_id"": 39, ""sample_weight"": 0.07030155005722065}, {""client_id"": 6, ""model_family"": ""gru"", ""feature_ids"": [1, 5, 7, 11, 12, 18, 21], ""subset_size"": 7, ""micro_f1"": 0.8468, ""macro_f1"": 0.026971932372689165, ""validation_loss"": 1.08983125, ""train_loss"": 2.3965624807357786, ""seconds"": 0.34863101100017957, ""gpu_id"": 1, ""candidate_id"": 39, ""sample_weight"": 0.07459801933327874}, {""client_id"": 7, ""model_family"": ""gru"", ""feature_ids"": [1, 5, 7, 11, 12, 18, 21], ""subset_size"": 7, ""micro_f1"": 0.8645, ""macro_f1"": 0.027274304733961165, ""validation_loss"": 0.8991319458007813, ""train_loss"": 2.059624972873264, ""seconds"": 0.3514945360002457, ""gpu_id"": 1, ""candidate_id"": 39, ""sample_weight"": 0.05067317481195735}, {""client_id"": 8, ""model_family"": ""gru"", ""feature_ids"": [1, 5, 7, 11, 12, 18, 21], ""subset_size"": 7, ""micro_f1"": 0.4011, ""macro_f1"": 0.037862093846608644, ""validation_loss"": 2.7632259765625, ""train_loss"": 3.174769228532579, ""seconds"": 0.33289601999968, ""gpu_id"": 1, ""candidate_id"": 39, ""sample_weight"": 0.354287210681253}, {""client_id"": 9, ""model_family"": ""gru"", ""feature_ids"": [1, 5, 7, 11, 12, 18, 21], ""subset_size"": 7, ""micro_f1"": 0.7576, ""macro_f1"": 0.025366977392049714, ""validation_loss"": 1.1762301635742187, ""train_loss"": 1.9287758717219035, ""seconds"": 0.3404186339998887, ""gpu_id"": 0, ""candidate_id"": 39, ""sample_weight"": 0.12090074249549396}, {""client_id"": 10, ""model_family"": ""gru"", ""feature_ids"": [1, 5, 7, 11, 12, 18, 21], ""subset_size"": 7, ""micro_f1"": 0.3865, ""macro_f1"": 0.016397615663647357, ""validation_loss"": 2.330134765625, ""train_loss"": 2.9849100485483806, ""seconds"": 0.3489235639999606, ""gpu_id"": 0, ""candidate_id"": 39, ""sample_weight"": 0.11011103958316146}]"
40,4,4000,"[1, 5, 7, 11, 12, 18, 21]","[""AVG"", ""Max"", ""syn_count"", ""syn_flag_number"", ""rst_flag_number"", ""rst_count"", ""ICMP""]",7,0.6024658593527819,0.03472798271722323,0.5796831846237183,0.72,0.6502782674729064,180,10300,"[{""client_id"": 1, ""model_family"": ""transformer"", ""feature_ids"": [1, 5, 7, 11, 12, 18, 21], ""subset_size"": 7, ""micro_f1"": 0.8775380710659898, ""macro_f1"": 0.02749339005625907, ""validation_loss"": 0.6683925105835581, ""train_loss"": 1.205830918115475, ""seconds"": 0.3124348609999288, ""gpu_id"": 0, ""candidate_id"": 40, ""sample_weight"": 0.0008752009911046531}, {""client_id"": 2, ""model_family"": ""transformer"", ""feature_ids"": [1, 5, 7, 11, 12, 18, 21], ""subset_size"": 7, ""micro_f1"": 0.3605, ""macro_f1"": 0.03691358361198704, ""validation_loss"": 1.639619189453125, ""train_loss"": 2.0534500159157645, ""seconds"": 0.8201780419999523, ""gpu_id"": 1, ""candidate_id"": 40, ""sample_weight"": 0.061408177662345804}, {""client_id"": 3, ""model_family"": ""transformer"", ""feature_ids"": [1, 5, 7, 11, 12, 18, 21], ""subset_size"": 7, ""micro_f1"": 0.8257, ""macro_f1"": 0.05195684756047837, ""validation_loss"": 0.6963395263671875, ""train_loss"": 1.0502178370157877, ""seconds"": 0.7229790900000808, ""gpu_id"": 0, ""candidate_id"": 40, ""sample_weight"": 0.10352608384640223}, {""client_id"": 4, ""model_family"": ""transformer"", ""feature_ids"": [1, 5, 7, 11, 12, 18, 21], ""subset_size"": 7, ""micro_f1"": 0.8287, ""macro_f1"": 0.027275185746403034, ""validation_loss"": 0.5858619873046875, ""train_loss"": 0.8330778893788655, ""seconds"": 0.6803123360000427, ""gpu_id"": 1, ""candidate_id"": 40, ""sample_weight"": 0.05331880053778213}, {""client_id"": 5, ""model_family"": ""transformer"", ""feature_ids"": [1, 5, 7, 11, 12, 18, 21], ""subset_size"": 7, ""micro_f1"": 0.9482, ""macro_f1"": 0.0558071131166683, ""validation_loss"": 0.278284033203125, ""train_loss"": 0.6427929967933231, ""seconds"": 0.670847787999719, ""gpu_id"": 0, ""candidate_id"": 40, ""sample_weight"": 0.07030155005722065}, {""client_id"": 6, ""model_family"": ""gru"", ""feature_ids"": [1, 5, 7, 11, 12, 18, 21], ""subset_size"": 7, ""micro_f1"": 0.8468, ""macro_f1"": 0.026971932372689165, ""validation_loss"": 1.0869781494140625, ""train_loss"": 2.3953641056272716, ""seconds"": 0.3312685070000043, ""gpu_id"": 1, ""candidate_id"": 40, ""sample_weight"": 0.07459801933327874}, {""client_id"": 7, ""model_family"": ""gru"", ""feature_ids"": [1, 5, 7, 11, 12, 18, 21], ""subset_size"": 7, ""micro_f1"": 0.8645, ""macro_f1"": 0.027274304733961165, ""validation_loss"": 0.8983555908203125, ""train_loss"": 2.0590702012909783, ""seconds"": 0.4000628250000773, ""gpu_id"": 1, ""candidate_id"": 40, ""sample_weight"": 0.05067317481195735}, {""client_id"": 8, ""model_family"": ""gru"", ""feature_ids"": [1, 5, 7, 11, 12, 18, 21], ""subset_size"": 7, ""micro_f1"": 0.4011, ""macro_f1"": 0.037862093846608644, ""validation_loss"": 2.7634587890625, ""train_loss"": 3.17482354566786, ""seconds"": 0.3332678520000627, ""gpu_id"": 1, ""candidate_id"": 40, ""sample_weight"": 0.354287210681253}, {""client_id"": 9, ""model_family"": ""gru"", ""feature_ids"": [1, 5, 7, 11, 12, 18, 21], ""subset_size"": 7, ""micro_f1"": 0.7576, ""macro_f1"": 0.025366977392049714, ""validation_loss"": 1.17628681640625, ""train_loss"": 1.9288208465364245, ""seconds"": 0.38041557999986253, ""gpu_id"": 0, ""candidate_id"": 40, ""sample_weight"": 0.12090074249549396}, {""client_id"": 10, ""model_family"": ""gru"", ""feature_ids"": [1, 5, 7, 11, 12, 18, 21], ""subset_size"": 7, ""micro_f1"": 0.3865, ""macro_f1"": 0.016397615663647357, ""validation_loss"": 2.32916416015625, ""train_loss"": 2.9845988822937013, ""seconds"": 0.35712829100020826, ""gpu_id"": 0, ""candidate_id"": 40, ""sample_weight"": 0.11011103958316146}]"
41,5,4100,"[1, 5, 7, 11, 12, 18, 21]","[""AVG"", ""Max"", ""syn_count"", ""syn_flag_number"", ""rst_flag_number"", ""rst_count"", ""ICMP""]",7,0.6025282414105939,0.0347332070143075,0.5974010825157166,0.72,0.6485127158894878,180,10480,"[{""client_id"": 1, ""model_family"": ""transformer"", ""feature_ids"": [1, 5, 7, 11, 12, 18, 21], ""subset_size"": 7, ""micro_f1"": 0.8775380710659898, ""macro_f1"": 0.02749339005625907, ""validation_loss"": 0.6670778729588852, ""train_loss"": 1.2080920162472562, ""seconds"": 0.21508801600020888, ""gpu_id"": 0, ""candidate_id"": 41, ""sample_weight"": 0.0008752009911046531}, {""client_id"": 2, ""model_family"": ""transformer"", ""feature_ids"": [1, 5, 7, 11, 12, 18, 21], ""subset_size"": 7, ""micro_f1"": 0.3606, ""macro_f1"": 0.03692171097793515, ""validation_loss"": 1.639995947265625, ""train_loss"": 2.0537303924348618, ""seconds"": 0.6629055020002852, ""gpu_id"": 1, ""candidate_id"": 41, ""sample_weight"": 0.061408177662345804}, {""client_id"": 3, ""model_family"": ""transformer"", ""feature_ids"": [1, 5, 7, 11, 12, 18, 21], ""subset_size"": 7, ""micro_f1"": 0.8257, ""macro_f1"": 0.05195624607743435, ""validation_loss"": 0.6968653930664063, ""train_loss"": 1.0515960694207085, ""seconds"": 0.689733735000118, ""gpu_id"": 0, ""candidate_id"": 41, ""sample_weight"": 0.10352608384640223}, {""client_id"": 4, ""model_family"": ""transformer"", ""feature_ids"": [1, 5, 7, 11, 12, 18, 21], ""subset_size"": 7, ""micro_f1"": 0.8287, ""macro_f1"": 0.027276032822191192, ""validation_loss"": 0.58606611328125, ""train_loss"": 0.8323535644001431, ""seconds"": 0.8326150849998157, ""gpu_id"": 1, ""candidate_id"": 41, ""sample_weight"": 0.05331880053778213}, {""client_id"": 5, ""model_family"": ""transformer"", ""feature_ids"": [1, 5, 7, 11, 12, 18, 21], ""subset_size"": 7, ""micro_f1"": 0.949, ""macro_f1"": 0.055874569872136695, ""validation_loss"": 0.2781214340209961, ""train_loss"": 0.6423904991255867, ""seconds"": 0.831685939000181, ""gpu_id"": 0, ""candidate_id"": 41, ""sample_weight"": 0.07030155005722065}, {""client_id"": 6, ""model_family"": ""gru"", ""feature_ids"": [1, 5, 7, 11, 12, 18, 21], ""subset_size"": 7, ""micro_f1"": 0.8468, ""macro_f1"": 0.026971932372689165, ""validation_loss"": 1.088279150390625, ""train_loss"": 2.3960259822209675, ""seconds"": 0.36055080400001316, ""gpu_id"": 1, ""candidate_id"": 41, ""sample_weight"": 0.07459801933327874}, {""client_id"": 7, ""model_family"": ""gru"", ""feature_ids"": [1, 5, 7, 11, 12, 18, 21], ""subset_size"": 7, ""micro_f1"": 0.8645, ""macro_f1"": 0.027274304733961165, ""validation_loss"": 0.8994429077148437, ""train_loss"": 2.05946487109926, ""seconds"": 0.36808070300003237, ""gpu_id"": 1, ""candidate_id"": 41, ""sample_weight"": 0.05067317481195735}, {""client_id"": 8, ""model_family"": ""gru"", ""feature_ids"": [1, 5, 7, 11, 12, 18, 21], ""subset_size"": 7, ""micro_f1"": 0.4011, ""macro_f1"": 0.037862093846608644, ""validation_loss"": 2.763579296875, ""train_loss"": 3.1748551645067002, ""seconds"": 0.3223147790004077, ""gpu_id"": 1, ""candidate_id"": 41, ""sample_weight"": 0.354287210681253}, {""client_id"": 9, ""model_family"": ""gru"", ""feature_ids"": [1, 5, 7, 11, 12, 18, 21], ""subset_size"": 7, ""micro_f1"": 0.7576, ""macro_f1"": 0.025366977392049714, ""validation_loss"": 1.1768732666015624, ""train_loss"": 1.9276256400850085, ""seconds"": 0.3365379560000292, ""gpu_id"": 0, ""candidate_id"": 41, ""sample_weight"": 0.12090074249549396}, {""client_id"": 10, ""model_family"": ""gru"", ""feature_ids"": [1, 5, 7, 11, 12, 18, 21], ""subset_size"": 7, ""micro_f1"": 0.3865, ""macro_f1"": 0.016397615663647357, ""validation_loss"": 2.3300181640625, ""train_loss"": 2.9851146492004395, ""seconds"": 0.3526077950000399, ""gpu_id"": 0, ""candidate_id"": 41, ""sample_weight"": 0.11011103958316146}]"
42,5,4200,"[1, 5, 7, 11, 12, 18, 21]","[""AVG"", ""Max"", ""syn_count"", ""syn_flag_number"", ""rst_flag_number"", ""rst_count"", ""ICMP""]",7,0.6028116083650802,0.034870803188509734,0.6149235963821411,0.72,0.646788801198294,180,10660,"[{""client_id"": 1, ""model_family"": ""transformer"", ""feature_ids"": [1, 5, 7, 11, 12, 18, 21], ""subset_size"": 7, ""micro_f1"": 0.8775380710659898, ""macro_f1"": 0.02749339005625907, ""validation_loss"": 0.6679626890850551, ""train_loss"": 1.2048870151619822, ""seconds"": 0.22704161199999362, ""gpu_id"": 0, ""candidate_id"": 42, ""sample_weight"": 0.0008752009911046531}, {""client_id"": 2, ""model_family"": ""transformer"", ""feature_ids"": [1, 5, 7, 11, 12, 18, 21], ""subset_size"": 7, ""micro_f1"": 0.3651, ""macro_f1"": 0.03914651330178322, ""validation_loss"": 1.639369189453125, ""train_loss"": 2.0536615726259018, ""seconds"": 0.6799552610000319, ""gpu_id"": 1, ""candidate_id"": 42, ""sample_weight"": 0.061408177662345804}, {""client_id"": 3, ""model_family"": ""transformer"", ""feature_ids"": [1, 5, 7, 11, 12, 18, 21], ""subset_size"": 7, ""micro_f1"": 0.8257, ""macro_f1"": 0.05195567466707868, ""validation_loss"": 0.69611455078125, ""train_loss"": 1.0500015503141615, ""seconds"": 0.6937713249999433, ""gpu_id"": 0, ""candidate_id"": 42, ""sample_weight"": 0.10352608384640223}, {""client_id"": 4, ""model_family"": ""transformer"", ""feature_ids"": [1, 5, 7, 11, 12, 18, 21], ""subset_size"": 7, ""micro_f1"": 0.8287, ""macro_f1"": 0.027276032822191192, ""validation_loss"": 0.5862462524414063, ""train_loss"": 0.8332467487441169, ""seconds"": 0.728299042999879, ""gpu_id"": 1, ""candidate_id"": 42, ""sample_weight"": 0.05331880053778213}, {""client_id"": 5, ""model_family"": ""transformer"", ""feature_ids"": [1, 5, 7, 11, 12, 18, 21], ""subset_size"": 7, ""micro_f1"": 0.9491, ""macro_f1"": 0.05588928183384055, ""validation_loss"": 0.2784348587036133, ""train_loss"": 0.6436415871567196, ""seconds"": 0.7157330000000002, ""gpu_id"": 0, ""candidate_id"": 42, ""sample_weight"": 0.07030155005722065}, {""client_id"": 6, ""model_family"": ""gru"", ""feature_ids"": [1, 5, 7, 11, 12, 18, 21], ""subset_size"": 7, ""micro_f1"": 0.8468, ""macro_f1"": 0.026971932372689165, ""validation_loss"": 1.088241552734375, ""train_loss"": 2.395477094523112, ""seconds"": 0.3447746530000586, ""gpu_id"": 1, ""candidate_id"": 42, ""sample_weight"": 0.07459801933327874}, {""client_id"": 7, ""model_family"": ""gru"", ""feature_ids"": [1, 5, 7, 11, 12, 18, 21], ""subset_size"": 7, ""micro_f1"": 0.8645, ""macro_f1"": 0.027274304733961165, ""validation_loss"": 0.8991869018554688, ""train_loss"": 2.0604547795931496, ""seconds"": 0.3801328489998923, ""gpu_id"": 1, ""candidate_id"": 42, ""sample_weight"": 0.05067317481195735}, {""client_id"": 8, ""model_family"": ""gru"", ""feature_ids"": [1, 5, 7, 11, 12, 18, 21], ""subset_size"": 7, ""micro_f1"": 0.4011, ""macro_f1"": 0.037862093846608644, ""validation_loss"": 2.7633955078125, ""train_loss"": 3.174671918911404, ""seconds"": 0.3813208509996002, ""gpu_id"": 1, ""candidate_id"": 42, ""sample_weight"": 0.354287210681253}, {""client_id"": 9, ""model_family"": ""gru"", ""feature_ids"": [1, 5, 7, 11, 12, 18, 21], ""subset_size"": 7, ""micro_f1"": 0.7576, ""macro_f1"": 0.025366977392049714, ""validation_loss"": 1.1768042236328125, ""train_loss"": 1.9276457046296862, ""seconds"": 0.3735972220001713, ""gpu_id"": 0, ""candidate_id"": 42, ""sample_weight"": 0.12090074249549396}, {""client_id"": 10, ""model_family"": ""gru"", ""feature_ids"": [1, 5, 7, 11, 12, 18, 21], ""subset_size"": 7, ""micro_f1"": 0.3865, ""macro_f1"": 0.016397615663647357, ""validation_loss"": 2.32991298828125, ""train_loss"": 2.9849812288920083, ""seconds"": 0.39673579600002995, ""gpu_id"": 0, ""candidate_id"": 42, ""sample_weight"": 0.11011103958316146}]"
43,5,4300,"[1, 5, 7, 11, 12, 18, 21]","[""AVG"", ""Max"", ""syn_count"", ""syn_flag_number"", ""rst_flag_number"", ""rst_count"", ""ICMP""]",7,0.6032637461163111,0.03507591564991169,0.593643069267273,0.72,0.6489620676849038,180,10840,"[{""client_id"": 1, ""model_family"": ""transformer"", ""feature_ids"": [1, 5, 7, 11, 12, 18, 21], ""subset_size"": 7, ""micro_f1"": 0.8775380710659898, ""macro_f1"": 0.02749339005625907, ""validation_loss"": 0.6687162951164439, ""train_loss"": 1.2071927989598257, ""seconds"": 0.23210448200006795, ""gpu_id"": 0, ""candidate_id"": 43, ""sample_weight"": 0.0008752009911046531}, {""client_id"": 2, ""model_family"": ""transformer"", ""feature_ids"": [1, 5, 7, 11, 12, 18, 21], ""subset_size"": 7, ""micro_f1"": 0.3728, ""macro_f1"": 0.042514395889398, ""validation_loss"": 1.63768251953125, ""train_loss"": 2.0529939729478626, ""seconds"": 0.7122276479999528, ""gpu_id"": 1, ""candidate_id"": 43, ""sample_weight"": 0.061408177662345804}, {""client_id"": 3, ""model_family"": ""transformer"", ""feature_ids"": [1, 5, 7, 11, 12, 18, 21], ""subset_size"": 7, ""micro_f1"": 0.8255, ""macro_f1"": 0.05194252677066988, ""validation_loss"": 0.6957608947753906, ""train_loss"": 1.0510493917783101, ""seconds"": 0.7075017930001195, ""gpu_id"": 0, ""candidate_id"": 43, ""sample_weight"": 0.10352608384640223}, {""client_id"": 4, ""model_family"": ""transformer"", ""feature_ids"": [1, 5, 7, 11, 12, 18, 21], ""subset_size"": 7, ""micro_f1"": 0.8287, ""macro_f1"": 0.02727434189046475, ""validation_loss"": 0.5862131591796875, ""train_loss"": 0.8326861882209777, ""seconds"": 0.7665825419999237, ""gpu_id"": 1, ""candidate_id"": 43, ""sample_weight"": 0.05331880053778213}, {""client_id"": 5, ""model_family"": ""transformer"", ""feature_ids"": [1, 5, 7, 11, 12, 18, 21], ""subset_size"": 7, ""micro_f1"": 0.9491, ""macro_f1"": 0.05588570065808361, ""validation_loss"": 0.27786144104003907, ""train_loss"": 0.6425069844669766, ""seconds"": 0.7636350289999427, ""gpu_id"": 0, ""candidate_id"": 43, ""sample_weight"": 0.07030155005722065}, {""client_id"": 6, ""model_family"": ""gru"", ""feature_ids"": [1, 5, 7, 11, 12, 18, 21], ""subset_size"": 7, ""micro_f1"": 0.8468, ""macro_f1"": 0.026971932372689165, ""validation_loss"": 1.0895236572265625, ""train_loss"": 2.396105457984077, ""seconds"": 0.358754534000127, ""gpu_id"": 1, ""candidate_id"": 43, ""sample_weight"": 0.07459801933327874}, {""client_id"": 7, ""model_family"": ""gru"", ""feature_ids"": [1, 5, 7, 11, 12, 18, 21], ""subset_size"": 7, ""micro_f1"": 0.8645, ""macro_f1"": 0.027274304733961165, ""validation_loss"": 0.9000911499023437, ""train_loss"": 2.0592630206955804, ""seconds"": 0.3467743020000853, ""gpu_id"": 1, ""candidate_id"": 43, ""sample_weight"": 0.05067317481195735}, {""client_id"": 8, ""model_family"": ""gru"", ""feature_ids"": [1, 5, 7, 11, 12, 18, 21], ""subset_size"": 7, ""micro_f1"": 0.4011, ""macro_f1"": 0.037862093846608644, ""validation_loss"": 2.7635541015625, ""train_loss"": 3.1744080297258166, ""seconds"": 0.37268731999984084, ""gpu_id"": 1, ""candidate_id"": 43, ""sample_weight"": 0.354287210681253}, {""client_id"": 9, ""model_family"": ""gru"", ""feature_ids"": [1, 5, 7, 11, 12, 18, 21], ""subset_size"": 7, ""micro_f1"": 0.7576, ""macro_f1"": 0.025366977392049714, ""validation_loss"": 1.1768309692382812, ""train_loss"": 1.9296255221472847, ""seconds"": 0.34106785900030445, ""gpu_id"": 0, ""candidate_id"": 43, ""sample_weight"": 0.12090074249549396}, {""client_id"": 10, ""model_family"": ""gru"", ""feature_ids"": [1, 5, 7, 11, 12, 18, 21], ""subset_size"": 7, ""micro_f1"": 0.3865, ""macro_f1"": 0.016397615663647357, ""validation_loss"": 2.33015625, ""train_loss"": 2.9848364473554825, ""seconds"": 0.3798944980003398, ""gpu_id"": 0, ""candidate_id"": 43, ""sample_weight"": 0.11011103958316146}]"
44,5,4400,"[1, 5, 7, 11, 12, 18, 21]","[""AVG"", ""Max"", ""syn_count"", ""syn_flag_number"", ""rst_flag_number"", ""rst_count"", ""ICMP""]",7,0.6032340013178612,0.03507573323354701,0.6070348024368286,0.72,0.6476199198881033,180,11020,"[{""client_id"": 1, ""model_family"": ""transformer"", ""feature_ids"": [1, 5, 7, 11, 12, 18, 21], ""subset_size"": 7, ""micro_f1"": 0.8775380710659898, ""macro_f1"": 0.02749339005625907, ""validation_loss"": 0.6682084562814781, ""train_loss"": 1.2028949909874496, ""seconds"": 0.2696003779997227, ""gpu_id"": 0, ""candidate_id"": 44, ""sample_weight"": 0.0008752009911046531}, {""client_id"": 2, ""model_family"": ""transformer"", ""feature_ids"": [1, 5, 7, 11, 12, 18, 21], ""subset_size"": 7, ""micro_f1"": 0.3728, ""macro_f1"": 0.04254390773786356, ""validation_loss"": 1.638791943359375, ""train_loss"": 2.053931955549452, ""seconds"": 0.7875792969998656, ""gpu_id"": 1, ""candidate_id"": 44, ""sample_weight"": 0.061408177662345804}, {""client_id"": 3, ""model_family"": ""transformer"", ""feature_ids"": [1, 5, 7, 11, 12, 18, 21], ""subset_size"": 7, ""micro_f1"": 0.8254, ""macro_f1"": 0.05193600689662545, ""validation_loss"": 0.6966279052734375, ""train_loss"": 1.0503536367734274, ""seconds"": 0.7433382760000313, ""gpu_id"": 0, ""candidate_id"": 44, ""sample_weight"": 0.10352608384640223}, {""client_id"": 4, ""model_family"": ""transformer"", ""feature_ids"": [1, 5, 7, 11, 12, 18, 21], ""subset_size"": 7, ""micro_f1"": 0.8286, ""macro_f1"": 0.027274221681505867, ""validation_loss"": 0.585705029296875, ""train_loss"": 0.8329393310334947, ""seconds"": 0.7696062320001147, ""gpu_id"": 1, ""candidate_id"": 44, ""sample_weight"": 0.05331880053778213}, {""client_id"": 5, ""model_family"": ""transformer"", ""feature_ids"": [1, 5, 7, 11, 12, 18, 21], ""subset_size"": 7, ""micro_f1"": 0.9489, ""macro_f1"": 0.055867019721847704, ""validation_loss"": 0.27826846923828125, ""train_loss"": 0.6428684524801043, ""seconds"": 0.7445114540000759, ""gpu_id"": 0, ""candidate_id"": 44, ""sample_weight"": 0.07030155005722065}, {""client_id"": 6, ""model_family"": ""gru"", ""feature_ids"": [1, 5, 7, 11, 12, 18, 21], ""subset_size"": 7, ""micro_f1"": 0.8468, ""macro_f1"": 0.026971932372689165, ""validation_loss"": 1.0882924560546876, ""train_loss"": 2.3959657660802205, ""seconds"": 0.3398095749998902, ""gpu_id"": 1, ""candidate_id"": 44, ""sample_weight"": 0.07459801933327874}, {""client_id"": 7, ""model_family"": ""gru"", ""feature_ids"": [1, 5, 7, 11, 12, 18, 21], ""subset_size"": 7, ""micro_f1"": 0.8645, ""macro_f1"": 0.027274304733961165, ""validation_loss"": 0.8992854614257813, ""train_loss"": 2.0594006580988564, ""seconds"": 0.3624547300000813, ""gpu_id"": 1, ""candidate_id"": 44, ""sample_weight"": 0.05067317481195735}, {""client_id"": 8, ""model_family"": ""gru"", ""feature_ids"": [1, 5, 7, 11, 12, 18, 21], ""subset_size"": 7, ""micro_f1"": 0.4011, ""macro_f1"": 0.037862093846608644, ""validation_loss"": 2.763574609375, ""train_loss"": 3.1747284718407527, ""seconds"": 0.330600289999893, ""gpu_id"": 1, ""candidate_id"": 44, ""sample_weight"": 0.354287210681253}, {""client_id"": 9, ""model_family"": ""gru"", ""feature_ids"": [1, 5, 7, 11, 12, 18, 21], ""subset_size"": 7, ""micro_f1"": 0.7576, ""macro_f1"": 0.025366977392049714, ""validation_loss"": 1.1764139404296876, ""train_loss"": 1.9280858383390638, ""seconds"": 0.3589862579997316, ""gpu_id"": 0, ""candidate_id"": 44, ""sample_weight"": 0.12090074249549396}, {""client_id"": 10, ""model_family"": ""gru"", ""feature_ids"": [1, 5, 7, 11, 12, 18, 21], ""subset_size"": 7, ""micro_f1"": 0.3865, ""macro_f1"": 0.016397615663647357, ""validation_loss"": 2.3293703125, ""train_loss"": 2.9848024633195664, ""seconds"": 0.3588324960001046, ""gpu_id"": 0, ""candidate_id"": 44, ""sample_weight"": 0.11011103958316146}]"
45,5,4500,"[1, 5, 7, 11, 12, 18, 21]","[""AVG"", ""Max"", ""syn_count"", ""syn_flag_number"", ""rst_flag_number"", ""rst_count"", ""ICMP""]",7,0.6026327856652888,0.03473560151859068,0.6034937500953674,0.72,0.6479139035569922,180,11200,"[{""client_id"": 1, ""model_family"": ""transformer"", ""feature_ids"": [1, 5, 7, 11, 12, 18, 21], ""subset_size"": 7, ""micro_f1"": 0.8775380710659898, ""macro_f1"": 0.02749339005625907, ""validation_loss"": 0.6681210280674968, ""train_loss"": 1.2080631652459275, ""seconds"": 0.2934853269998712, ""gpu_id"": 0, ""candidate_id"": 45, ""sample_weight"": 0.0008752009911046531}, {""client_id"": 2, ""model_family"": ""transformer"", ""feature_ids"": [1, 5, 7, 11, 12, 18, 21], ""subset_size"": 7, ""micro_f1"": 0.3627, ""macro_f1"": 0.03699467242388239, ""validation_loss"": 1.63916015625, ""train_loss"": 2.0529560223261516, ""seconds"": 0.8153012980001222, ""gpu_id"": 1, ""candidate_id"": 45, ""sample_weight"": 0.061408177662345804}, {""client_id"": 3, ""model_family"": ""transformer"", ""feature_ids"": [1, 5, 7, 11, 12, 18, 21], ""subset_size"": 7, ""micro_f1"": 0.8256, ""macro_f1"": 0.05194877411083512, ""validation_loss"": 0.6961903747558593, ""train_loss"": 1.049371601676941, ""seconds"": 0.7453655069998604, ""gpu_id"": 0, ""candidate_id"": 45, ""sample_weight"": 0.10352608384640223}, {""client_id"": 4, ""model_family"": ""transformer"", ""feature_ids"": [1, 5, 7, 11, 12, 18, 21], ""subset_size"": 7, ""micro_f1"": 0.8287, ""macro_f1"": 0.027276032822191192, ""validation_loss"": 0.585978076171875, ""train_loss"": 0.8336188756518894, ""seconds"": 0.7031253800000741, ""gpu_id"": 1, ""candidate_id"": 45, ""sample_weight"": 0.05331880053778213}, {""client_id"": 5, ""model_family"": ""transformer"", ""feature_ids"": [1, 5, 7, 11, 12, 18, 21], ""subset_size"": 7, ""micro_f1"": 0.9488, ""macro_f1"": 0.05585590198059907, ""validation_loss"": 0.27825565338134767, ""train_loss"": 0.6438577554649777, ""seconds"": 0.727340384999934, ""gpu_id"": 0, ""candidate_id"": 45, ""sample_weight"": 0.07030155005722065}, {""client_id"": 6, ""model_family"": ""gru"", ""feature_ids"": [1, 5, 7, 11, 12, 18, 21], ""subset_size"": 7, ""micro_f1"": 0.8468, ""macro_f1"": 0.026971932372689165, ""validation_loss"": 1.088487060546875, ""train_loss"": 2.3959284177780154, ""seconds"": 0.36850513099989257, ""gpu_id"": 1, ""candidate_id"": 45, ""sample_weight"": 0.07459801933327874}, {""client_id"": 7, ""model_family"": ""gru"", ""feature_ids"": [1, 5, 7, 11, 12, 18, 21], ""subset_size"": 7, ""micro_f1"": 0.8645, ""macro_f1"": 0.027274304733961165, ""validation_loss"": 0.898922265625, ""train_loss"": 2.0589830066574946, ""seconds"": 0.37918418400022347, ""gpu_id"": 1, ""candidate_id"": 45, ""sample_weight"": 0.05067317481195735}, {""client_id"": 8, ""model_family"": ""gru"", ""feature_ids"": [1, 5, 7, 11, 12, 18, 21], ""subset_size"": 7, ""micro_f1"": 0.4011, ""macro_f1"": 0.037862093846608644, ""validation_loss"": 2.7635470703125, ""train_loss"": 3.174729361089071, ""seconds"": 0.34400401900029465, ""gpu_id"": 1, ""candidate_id"": 45, ""sample_weight"": 0.354287210681253}, {""client_id"": 9, ""model_family"": ""gru"", ""feature_ids"": [1, 5, 7, 11, 12, 18, 21], ""subset_size"": 7, ""micro_f1"": 0.7576, ""macro_f1"": 0.025366977392049714, ""validation_loss"": 1.1770486572265626, ""train_loss"": 1.9297421320173476, ""seconds"": 0.38931273600019267, ""gpu_id"": 0, ""candidate_id"": 45, ""sample_weight"": 0.12090074249549396}, {""client_id"": 10, ""model_family"": ""gru"", ""feature_ids"": [1, 5, 7, 11, 12, 18, 21], ""subset_size"": 7, ""micro_f1"": 0.3865, ""macro_f1"": 0.016397615663647357, ""validation_loss"": 2.32948134765625, ""train_loss"": 2.9846453444163004, ""seconds"": 0.3449963839998418, ""gpu_id"": 0, ""candidate_id"": 45, ""sample_weight"": 0.11011103958316146}]"
46,5,4600,"[1, 5, 7, 11, 12, 18, 21]","[""AVG"", ""Max"", ""syn_count"", ""syn_flag_number"", ""rst_flag_number"", ""rst_count"", ""ICMP""]",7,0.603116870578913,0.035013422545582186,0.6008225083351135,0.72,0.64822943622438,180,11380,"[{""client_id"": 1, ""model_family"": ""transformer"", ""feature_ids"": [1, 5, 7, 11, 12, 18, 21], ""subset_size"": 7, ""micro_f1"": 0.8775380710659898, ""macro_f1"": 0.02749339005625907, ""validation_loss"": 0.6677779376809367, ""train_loss"": 1.2106169940587563, ""seconds"": 0.24909204799996587, ""gpu_id"": 0, ""candidate_id"": 46, ""sample_weight"": 0.0008752009911046531}, {""client_id"": 2, ""model_family"": ""transformer"", ""feature_ids"": [1, 5, 7, 11, 12, 18, 21], ""subset_size"": 7, ""micro_f1"": 0.3703, ""macro_f1"": 0.041499466314050944, ""validation_loss"": 1.63844501953125, ""train_loss"": 2.052509532886081, ""seconds"": 0.8604284259999986, ""gpu_id"": 1, ""candidate_id"": 46, ""sample_weight"": 0.061408177662345804}, {""client_id"": 3, ""model_family"": ""transformer"", ""feature_ids"": [1, 5, 7, 11, 12, 18, 21], ""subset_size"": 7, ""micro_f1"": 0.8257, ""macro_f1"": 0.051956013904963794, ""validation_loss"": 0.6966865234375, ""train_loss"": 1.0519210808965895, ""seconds"": 0.8146065930000077, ""gpu_id"": 0, ""candidate_id"": 46, ""sample_weight"": 0.10352608384640223}, {""client_id"": 4, ""model_family"": ""transformer"", ""feature_ids"": [1, 5, 7, 11, 12, 18, 21], ""subset_size"": 7, ""micro_f1"": 0.8287, ""macro_f1"": 0.02727434189046475, ""validation_loss"": 0.5863449096679687, ""train_loss"": 0.832746493879954, ""seconds"": 0.8119751939998423, ""gpu_id"": 1, ""candidate_id"": 46, ""sample_weight"": 0.05331880053778213}, {""client_id"": 5, ""model_family"": ""transformer"", ""feature_ids"": [1, 5, 7, 11, 12, 18, 21], ""subset_size"": 7, ""micro_f1"": 0.9489, ""macro_f1"": 0.055863447964560976, ""validation_loss"": 0.2784764419555664, ""train_loss"": 0.6426761312484741, ""seconds"": 0.8062116610003613, ""gpu_id"": 0, ""candidate_id"": 46, ""sample_weight"": 0.07030155005722065}, {""client_id"": 6, ""model_family"": ""gru"", ""feature_ids"": [1, 5, 7, 11, 12, 18, 21], ""subset_size"": 7, ""micro_f1"": 0.8468, ""macro_f1"": 0.026971932372689165, ""validation_loss"": 1.08771259765625, ""train_loss"": 2.3954352698432073, ""seconds"": 0.3315621239999018, ""gpu_id"": 1, ""candidate_id"": 46, ""sample_weight"": 0.07459801933327874}, {""client_id"": 7, ""model_family"": ""gru"", ""feature_ids"": [1, 5, 7, 11, 12, 18, 21], ""subset_size"": 7, ""micro_f1"": 0.8645, ""macro_f1"": 0.027274304733961165, ""validation_loss"": 0.8984819702148438, ""train_loss"": 2.0586632718192206, ""seconds"": 0.37320986400027323, ""gpu_id"": 1, ""candidate_id"": 46, ""sample_weight"": 0.05067317481195735}, {""client_id"": 8, ""model_family"": ""gru"", ""feature_ids"": [1, 5, 7, 11, 12, 18, 21], ""subset_size"": 7, ""micro_f1"": 0.4011, ""macro_f1"": 0.037862093846608644, ""validation_loss"": 2.7635904296875, ""train_loss"": 3.1747920563167997, ""seconds"": 0.36092675700001564, ""gpu_id"": 1, ""candidate_id"": 46, ""sample_weight"": 0.354287210681253}, {""client_id"": 9, ""model_family"": ""gru"", ""feature_ids"": [1, 5, 7, 11, 12, 18, 21], ""subset_size"": 7, ""micro_f1"": 0.7576, ""macro_f1"": 0.025366977392049714, ""validation_loss"": 1.1767074096679688, ""train_loss"": 1.929165419069926, ""seconds"": 0.3748312990001068, ""gpu_id"": 0, ""candidate_id"": 46, ""sample_weight"": 0.12090074249549396}, {""client_id"": 10, ""model_family"": ""gru"", ""feature_ids"": [1, 5, 7, 11, 12, 18, 21], ""subset_size"": 7, ""micro_f1"": 0.3865, ""macro_f1"": 0.016397615663647357, ""validation_loss"": 2.3291701171875, ""train_loss"": 2.984489280658298, ""seconds"": 0.37150958899974285, ""gpu_id"": 0, ""candidate_id"": 46, ""sample_weight"": 0.11011103958316146}]"
47,5,4700,"[1, 5, 7, 11, 12, 18, 21]","[""AVG"", ""Max"", ""syn_count"", ""syn_flag_number"", ""rst_flag_number"", ""rst_count"", ""ICMP""]",7,0.6031654930320512,0.03503729247130106,0.6044209003448486,0.72,0.6478744592687202,180,11560,"[{""client_id"": 1, ""model_family"": ""transformer"", ""feature_ids"": [1, 5, 7, 11, 12, 18, 21], ""subset_size"": 7, ""micro_f1"": 0.8775380710659898, ""macro_f1"": 0.02749339005625907, ""validation_loss"": 0.6682691235227634, ""train_loss"": 1.2081373679187428, ""seconds"": 0.24675182300006782, ""gpu_id"": 0, ""candidate_id"": 47, ""sample_weight"": 0.0008752009911046531}, {""client_id"": 2, ""model_family"": ""transformer"", ""feature_ids"": [1, 5, 7, 11, 12, 18, 21], ""subset_size"": 7, ""micro_f1"": 0.3712, ""macro_f1"": 0.0418836348233525, ""validation_loss"": 1.63863095703125, ""train_loss"": 2.0535169431474474, ""seconds"": 0.777543999000045, ""gpu_id"": 1, ""candidate_id"": 47, ""sample_weight"": 0.061408177662345804}, {""client_id"": 3, ""model_family"": ""transformer"", ""feature_ids"": [1, 5, 7, 11, 12, 18, 21], ""subset_size"": 7, ""micro_f1"": 0.8255, ""macro_f1"": 0.051942725276624795, ""validation_loss"": 0.6961636352539062, ""train_loss"": 1.0481691936386957, ""seconds"": 0.7770744740000737, ""gpu_id"": 0, ""candidate_id"": 47, ""sample_weight"": 0.10352608384640223}, {""client_id"": 4, ""model_family"": ""transformer"", ""feature_ids"": [1, 5, 7, 11, 12, 18, 21], ""subset_size"": 7, ""micro_f1"": 0.8287, ""macro_f1"": 0.027276032822191192, ""validation_loss"": 0.5861760375976562, ""train_loss"": 0.8326582950592041, ""seconds"": 0.8563051769997401, ""gpu_id"": 1, ""candidate_id"": 47, ""sample_weight"": 0.05331880053778213}, {""client_id"": 5, ""model_family"": ""transformer"", ""feature_ids"": [1, 5, 7, 11, 12, 18, 21], ""subset_size"": 7, ""micro_f1"": 0.9491, ""macro_f1"": 0.05588570065808361, ""validation_loss"": 0.2780351501464844, ""train_loss"": 0.6428257955816057, ""seconds"": 0.8082121469997219, ""gpu_id"": 0, ""candidate_id"": 47, ""sample_weight"": 0.07030155005722065}, {""client_id"": 6, ""model_family"": ""gru"", ""feature_ids"": [1, 5, 7, 11, 12, 18, 21], ""subset_size"": 7, ""micro_f1"": 0.8468, ""macro_f1"": 0.026971932372689165, ""validation_loss"": 1.0877044677734375, ""train_loss"": 2.395536623509725, ""seconds"": 0.34763471099995513, ""gpu_id"": 1, ""candidate_id"": 47, ""sample_weight"": 0.07459801933327874}, {""client_id"": 7, ""model_family"": ""gru"", ""feature_ids"": [1, 5, 7, 11, 12, 18, 21], ""subset_size"": 7, ""micro_f1"": 0.8645, ""macro_f1"": 0.027274304733961165, ""validation_loss"": 0.8997714965820313, ""train_loss"": 2.0609582056787277, ""seconds"": 0.3823431239998172, ""gpu_id"": 1, ""candidate_id"": 47, ""sample_weight"": 0.05067317481195735}, {""client_id"": 8, ""model_family"": ""gru"", ""feature_ids"": [1, 5, 7, 11, 12, 18, 21], ""subset_size"": 7, ""micro_f1"": 0.4011, ""macro_f1"": 0.037862093846608644, ""validation_loss"": 2.7633849609375, ""train_loss"": 3.174524825922648, ""seconds"": 0.3659528329999375, ""gpu_id"": 1, ""candidate_id"": 47, ""sample_weight"": 0.354287210681253}, {""client_id"": 9, ""model_family"": ""gru"", ""feature_ids"": [1, 5, 7, 11, 12, 18, 21], ""subset_size"": 7, ""micro_f1"": 0.7576, ""macro_f1"": 0.025366977392049714, ""validation_loss"": 1.176933642578125, ""train_loss"": 1.9285465228610568, ""seconds"": 0.37122626700011097, ""gpu_id"": 0, ""candidate_id"": 47, ""sample_weight"": 0.12090074249549396}, {""client_id"": 10, ""model_family"": ""gru"", ""feature_ids"": [1, 5, 7, 11, 12, 18, 21], ""subset_size"": 7, ""micro_f1"": 0.3865, ""macro_f1"": 0.016397615663647357, ""validation_loss"": 2.32892265625, ""train_loss"": 2.9844659825642905, ""seconds"": 0.3909585220003464, ""gpu_id"": 0, ""candidate_id"": 47, ""sample_weight"": 0.11011103958316146}]"
48,5,4800,"[1, 5, 7, 11, 12, 18, 21]","[""AVG"", ""Max"", ""syn_count"", ""syn_flag_number"", ""rst_flag_number"", ""rst_count"", ""ICMP""]",7,0.6025145663488304,0.03473278652923448,0.6030012965202332,0.72,0.6479513269828597,180,11740,"[{""client_id"": 1, ""model_family"": ""transformer"", ""feature_ids"": [1, 5, 7, 11, 12, 18, 21], ""subset_size"": 7, ""micro_f1"": 0.8775380710659898, ""macro_f1"": 0.02749339005625907, ""validation_loss"": 0.6673582435259359, ""train_loss"": 1.2104228127829717, ""seconds"": 0.27566379899963067, ""gpu_id"": 0, ""candidate_id"": 48, ""sample_weight"": 0.0008752009911046531}, {""client_id"": 2, ""model_family"": ""transformer"", ""feature_ids"": [1, 5, 7, 11, 12, 18, 21], ""subset_size"": 7, ""micro_f1"": 0.3606, ""macro_f1"": 0.03692671793282487, ""validation_loss"": 1.638920068359375, ""train_loss"": 2.053399766816033, ""seconds"": 0.733765878000213, ""gpu_id"": 1, ""candidate_id"": 48, ""sample_weight"": 0.061408177662345804}, {""client_id"": 3, ""model_family"": ""transformer"", ""feature_ids"": [1, 5, 7, 11, 12, 18, 21], ""subset_size"": 7, ""micro_f1"": 0.8255, ""macro_f1"": 0.05194252677066988, ""validation_loss"": 0.6957838928222656, ""train_loss"": 1.0507601697921753, ""seconds"": 0.7199952749997465, ""gpu_id"": 0, ""candidate_id"": 48, ""sample_weight"": 0.10352608384640223}, {""client_id"": 4, ""model_family"": ""transformer"", ""feature_ids"": [1, 5, 7, 11, 12, 18, 21], ""subset_size"": 7, ""micro_f1"": 0.8287, ""macro_f1"": 0.02727434189046475, ""validation_loss"": 0.5867585693359375, ""train_loss"": 0.8324328104548984, ""seconds"": 0.7747762359999797, ""gpu_id"": 1, ""candidate_id"": 48, ""sample_weight"": 0.05331880053778213}, {""client_id"": 5, ""model_family"": ""transformer"", ""feature_ids"": [1, 5, 7, 11, 12, 18, 21], ""subset_size"": 7, ""micro_f1"": 0.9491, ""macro_f1"": 0.05588570065808361, ""validation_loss"": 0.27813928985595704, ""train_loss"": 0.6421407893180847, ""seconds"": 0.7835779679999177, ""gpu_id"": 0, ""candidate_id"": 48, ""sample_weight"": 0.07030155005722065}, {""client_id"": 6, ""model_family"": ""gru"", ""feature_ids"": [1, 5, 7, 11, 12, 18, 21], ""subset_size"": 7, ""micro_f1"": 0.8468, ""macro_f1"": 0.026971932372689165, ""validation_loss"": 1.0898182373046874, ""train_loss"": 2.396209299193488, ""seconds"": 0.3877585610002825, ""gpu_id"": 1, ""candidate_id"": 48, ""sample_weight"": 0.07459801933327874}, {""client_id"": 7, ""model_family"": ""gru"", ""feature_ids"": [1, 5, 7, 11, 12, 18, 21], ""subset_size"": 7, ""micro_f1"": 0.8645, ""macro_f1"": 0.027274304733961165, ""validation_loss"": 0.8993638061523438, ""train_loss"": 2.0593073241233824, ""seconds"": 0.3623582170002919, ""gpu_id"": 1, ""candidate_id"": 48, ""sample_weight"": 0.05067317481195735}, {""client_id"": 8, ""model_family"": ""gru"", ""feature_ids"": [1, 5, 7, 11, 12, 18, 21], ""subset_size"": 7, ""micro_f1"": 0.4011, ""macro_f1"": 0.037862093846608644, ""validation_loss"": 2.7633474609375, ""train_loss"": 3.1748061630249023, ""seconds"": 0.34145900499970594, ""gpu_id"": 1, ""candidate_id"": 48, ""sample_weight"": 0.354287210681253}, {""client_id"": 9, ""model_family"": ""gru"", ""feature_ids"": [1, 5, 7, 11, 12, 18, 21], ""subset_size"": 7, ""micro_f1"": 0.7576, ""macro_f1"": 0.025366977392049714, ""validation_loss"": 1.1760782958984375, ""train_loss"": 1.9292796595255535, ""seconds"": 0.3710841019997133, ""gpu_id"": 0, ""candidate_id"": 48, ""sample_weight"": 0.12090074249549396}, {""client_id"": 10, ""model_family"": ""gru"", ""feature_ids"": [1, 5, 7, 11, 12, 18, 21], ""subset_size"": 7, ""micro_f1"": 0.3865, ""macro_f1"": 0.016397615663647357, ""validation_loss"": 2.32999375, ""train_loss"": 2.9849520608266196, ""seconds"": 0.3537326519999624, ""gpu_id"": 0, ""candidate_id"": 48, ""sample_weight"": 0.11011103958316146}]"
49,5,4900,"[1, 5, 7, 11, 12, 18, 21]","[""AVG"", ""Max"", ""syn_count"", ""syn_flag_number"", ""rst_flag_number"", ""rst_count"", ""ICMP""]",7,0.6031580776287977,0.035034723014162814,0.6019738912582397,0.72,0.6481184186370558,180,11920,"[{""client_id"": 1, ""model_family"": ""transformer"", ""feature_ids"": [1, 5, 7, 11, 12, 18, 21], ""subset_size"": 7, ""micro_f1"": 0.8775380710659898, ""macro_f1"": 0.02749339005625907, ""validation_loss"": 0.6672409754719226, ""train_loss"": 1.207099447126652, ""seconds"": 0.21445709699992221, ""gpu_id"": 0, ""candidate_id"": 49, ""sample_weight"": 0.0008752009911046531}, {""client_id"": 2, ""model_family"": ""transformer"", ""feature_ids"": [1, 5, 7, 11, 12, 18, 21], ""subset_size"": 7, ""micro_f1"": 0.3712, ""macro_f1"": 0.04186314004162667, ""validation_loss"": 1.63888671875, ""train_loss"": 2.053770735295614, ""seconds"": 0.7956327500000953, ""gpu_id"": 1, ""candidate_id"": 49, ""sample_weight"": 0.061408177662345804}, {""client_id"": 3, ""model_family"": ""transformer"", ""feature_ids"": [1, 5, 7, 11, 12, 18, 21], ""subset_size"": 7, ""micro_f1"": 0.8257, ""macro_f1"": 0.051956724857714985, ""validation_loss"": 0.6961653198242187, ""train_loss"": 1.0509799023734199, ""seconds"": 0.8418073660000118, ""gpu_id"": 0, ""candidate_id"": 49, ""sample_weight"": 0.10352608384640223}, {""client_id"": 4, ""model_family"": ""transformer"", ""feature_ids"": [1, 5, 7, 11, 12, 18, 21], ""subset_size"": 7, ""micro_f1"": 0.8287, ""macro_f1"": 0.02727350123832199, ""validation_loss"": 0.5862559692382813, ""train_loss"": 0.8315290248129102, ""seconds"": 0.8034649139999601, ""gpu_id"": 1, ""candidate_id"": 49, ""sample_weight"": 0.05331880053778213}, {""client_id"": 5, ""model_family"": ""transformer"", ""feature_ids"": [1, 5, 7, 11, 12, 18, 21], ""subset_size"": 7, ""micro_f1"": 0.9487, ""macro_f1"": 0.05584835794331938, ""validation_loss"": 0.2782116409301758, ""train_loss"": 0.6422939004103343, ""seconds"": 0.7575941449999846, ""gpu_id"": 0, ""candidate_id"": 49, ""sample_weight"": 0.07030155005722065}, {""client_id"": 6, ""model_family"": ""gru"", ""feature_ids"": [1, 5, 7, 11, 12, 18, 21], ""subset_size"": 7, ""micro_f1"": 0.8468, ""macro_f1"": 0.026971932372689165, ""validation_loss"": 1.087509619140625, ""train_loss"": 2.3954360896216498, ""seconds"": 0.34898738199990476, ""gpu_id"": 1, ""candidate_id"": 49, ""sample_weight"": 0.07459801933327874}, {""client_id"": 7, ""model_family"": ""gru"", ""feature_ids"": [1, 5, 7, 11, 12, 18, 21], ""subset_size"": 7, ""micro_f1"": 0.8645, ""macro_f1"": 0.027274304733961165, ""validation_loss"": 0.8994095825195313, ""train_loss"": 2.0595497127215068, ""seconds"": 0.36799139699996886, ""gpu_id"": 1, ""candidate_id"": 49, ""sample_weight"": 0.05067317481195735}, {""client_id"": 8, ""model_family"": ""gru"", ""feature_ids"": [1, 5, 7, 11, 12, 18, 21], ""subset_size"": 7, ""micro_f1"": 0.4011, ""macro_f1"": 0.037862093846608644, ""validation_loss"": 2.7636498046875, ""train_loss"": 3.1747642798105877, ""seconds"": 0.34607714300000225, ""gpu_id"": 1, ""candidate_id"": 49, ""sample_weight"": 0.354287210681253}, {""client_id"": 9, ""model_family"": ""gru"", ""feature_ids"": [1, 5, 7, 11, 12, 18, 21], ""subset_size"": 7, ""micro_f1"": 0.7576, ""macro_f1"": 0.025366977392049714, ""validation_loss"": 1.1768794555664062, ""train_loss"": 1.928105249871148, ""seconds"": 0.3697967850002897, ""gpu_id"": 0, ""candidate_id"": 49, ""sample_weight"": 0.12090074249549396}, {""client_id"": 10, ""model_family"": ""gru"", ""feature_ids"": [1, 5, 7, 11, 12, 18, 21], ""subset_size"": 7, ""micro_f1"": 0.3865, ""macro_f1"": 0.016397615663647357, ""validation_loss"": 2.3297365234375, ""train_loss"": 2.9849317812601726, ""seconds"": 0.3457575910001651, ""gpu_id"": 0, ""candidate_id"": 49, ""sample_weight"": 0.11011103958316146}]"
50,5,5000,"[1, 5, 7, 11, 12, 18, 21]","[""AVG"", ""Max"", ""syn_count"", ""syn_flag_number"", ""rst_flag_number"", ""rst_count"", ""ICMP""]",7,0.6025419164723576,0.03473457168820663,0.6035722494125366,0.72,0.6478969667059821,180,12100,"[{""client_id"": 1, ""model_family"": ""transformer"", ""feature_ids"": [1, 5, 7, 11, 12, 18, 21], ""subset_size"": 7, ""micro_f1"": 0.8775380710659898, ""macro_f1"": 0.02749339005625907, ""validation_loss"": 0.6681552054313233, ""train_loss"": 1.204450660382565, ""seconds"": 0.28186335999998846, ""gpu_id"": 0, ""candidate_id"": 50, ""sample_weight"": 0.0008752009911046531}, {""client_id"": 2, ""model_family"": ""transformer"", ""feature_ids"": [1, 5, 7, 11, 12, 18, 21], ""subset_size"": 7, ""micro_f1"": 0.3606, ""macro_f1"": 0.03692671793282487, ""validation_loss"": 1.63900419921875, ""train_loss"": 2.0526250050438777, ""seconds"": 0.7403611869999622, ""gpu_id"": 1, ""candidate_id"": 50, ""sample_weight"": 0.061408177662345804}, {""client_id"": 3, ""model_family"": ""transformer"", ""feature_ids"": [1, 5, 7, 11, 12, 18, 21], ""subset_size"": 7, ""micro_f1"": 0.8259, ""macro_f1"": 0.051972456017782644, ""validation_loss"": 0.6964786560058593, ""train_loss"": 1.0522639298333063, ""seconds"": 0.6768908399999418, ""gpu_id"": 0, ""candidate_id"": 50, ""sample_weight"": 0.10352608384640223}, {""client_id"": 4, ""model_family"": ""transformer"", ""feature_ids"": [1, 5, 7, 11, 12, 18, 21], ""subset_size"": 7, ""micro_f1"": 0.8287, ""macro_f1"": 0.02727434189046475, ""validation_loss"": 0.58604833984375, ""train_loss"": 0.8323844520250956, ""seconds"": 0.77144728400026, ""gpu_id"": 1, ""candidate_id"": 50, ""sample_weight"": 0.05331880053778213}, {""client_id"": 5, ""model_family"": ""transformer"", ""feature_ids"": [1, 5, 7, 11, 12, 18, 21], ""subset_size"": 7, ""micro_f1"": 0.9489, ""macro_f1"": 0.055867019721847704, ""validation_loss"": 0.2783316452026367, ""train_loss"": 0.6424326769775814, ""seconds"": 0.787447548000273, ""gpu_id"": 0, ""candidate_id"": 50, ""sample_weight"": 0.07030155005722065}, {""client_id"": 6, ""model_family"": ""gru"", ""feature_ids"": [1, 5, 7, 11, 12, 18, 21], ""subset_size"": 7, ""micro_f1"": 0.8468, ""macro_f1"": 0.026971932372689165, ""validation_loss"": 1.08903876953125, ""train_loss"": 2.396109651798672, ""seconds"": 0.370662245999938, ""gpu_id"": 1, ""candidate_id"": 50, ""sample_weight"": 0.07459801933327874}, {""client_id"": 7, ""model_family"": ""gru"", ""feature_ids"": [1, 5, 7, 11, 12, 18, 21], ""subset_size"": 7, ""micro_f1"": 0.8645, ""macro_f1"": 0.027274304733961165, ""validation_loss"": 0.89860869140625, ""train_loss"": 2.058897877544827, ""seconds"": 0.3687882620001801, ""gpu_id"": 1, ""candidate_id"": 50, ""sample_weight"": 0.05067317481195735}, {""client_id"": 8, ""model_family"": ""gru"", ""feature_ids"": [1, 5, 7, 11, 12, 18, 21], ""subset_size"": 7, ""micro_f1"": 0.4011, ""macro_f1"": 0.037862093846608644, ""validation_loss"": 2.763113671875, ""train_loss"": 3.1745324863009983, ""seconds"": 0.3607968639998944, ""gpu_id"": 1, ""candidate_id"": 50, ""sample_weight"": 0.354287210681253}, {""client_id"": 9, ""model_family"": ""gru"", ""feature_ids"": [1, 5, 7, 11, 12, 18, 21], ""subset_size"": 7, ""micro_f1"": 0.7576, ""macro_f1"": 0.025366977392049714, ""validation_loss"": 1.1773067504882813, ""train_loss"": 1.9285692655563353, ""seconds"": 0.37532101499982673, ""gpu_id"": 0, ""candidate_id"": 50, ""sample_weight"": 0.12090074249549396}, {""client_id"": 10, ""model_family"": ""gru"", ""feature_ids"": [1, 5, 7, 11, 12, 18, 21], ""subset_size"": 7, ""micro_f1"": 0.3865, ""macro_f1"": 0.016397615663647357, ""validation_loss"": 2.33008056640625, ""train_loss"": 2.984988194741143, ""seconds"": 0.3750039579999793, ""gpu_id"": 0, ""candidate_id"": 50, ""sample_weight"": 0.11011103958316146}]"
51,6,5100,"[1, 5, 7, 11, 12, 18, 21]","[""AVG"", ""Max"", ""syn_count"", ""syn_flag_number"", ""rst_flag_number"", ""rst_count"", ""ICMP""]",7,0.6037308020028676,0.034970871747915515,0.6024962067604065,0.72,0.6481234595242461,180,12280,"[{""client_id"": 1, ""model_family"": ""transformer"", ""feature_ids"": [1, 5, 7, 11, 12, 18, 21], ""subset_size"": 7, ""micro_f1"": 0.8775380710659898, ""macro_f1"": 0.02749339005625907, ""validation_loss"": 0.6684353242670824, ""train_loss"": 1.2050189934271711, ""seconds"": 0.28936577600006785, ""gpu_id"": 0, ""candidate_id"": 51, ""sample_weight"": 0.0008752009911046531}, {""client_id"": 2, ""model_family"": ""transformer"", ""feature_ids"": [1, 5, 7, 11, 12, 18, 21], ""subset_size"": 7, ""micro_f1"": 0.3799, ""macro_f1"": 0.04077525590904465, ""validation_loss"": 1.639292919921875, ""train_loss"": 2.053004996448093, ""seconds"": 0.7570645920000061, ""gpu_id"": 1, ""candidate_id"": 51, ""sample_weight"": 0.061408177662345804}, {""client_id"": 3, ""model_family"": ""transformer"", ""feature_ids"": [1, 5, 7, 11, 12, 18, 21], ""subset_size"": 7, ""micro_f1"": 0.8258, ""macro_f1"": 0.05196518762207244, ""validation_loss"": 0.6968407958984375, ""train_loss"": 1.051053586324056, ""seconds"": 0.7311327930001426, ""gpu_id"": 0, ""candidate_id"": 51, ""sample_weight"": 0.10352608384640223}, {""client_id"": 4, ""model_family"": ""transformer"", ""feature_ids"": [1, 5, 7, 11, 12, 18, 21], ""subset_size"": 7, ""micro_f1"": 0.8287, ""macro_f1"": 0.027272663774034638, ""validation_loss"": 0.5856601684570313, ""train_loss"": 0.8327992311901516, ""seconds"": 0.7317984680003065, ""gpu_id"": 1, ""candidate_id"": 51, ""sample_weight"": 0.05331880053778213}, {""client_id"": 5, ""model_family"": ""transformer"", ""feature_ids"": [1, 5, 7, 11, 12, 18, 21], ""subset_size"": 7, ""micro_f1"": 0.9491, ""macro_f1"": 0.05587854577814628, ""validation_loss"": 0.2775353652954102, ""train_loss"": 0.6423726028707293, ""seconds"": 0.6940898060001928, ""gpu_id"": 0, ""candidate_id"": 51, ""sample_weight"": 0.07030155005722065}, {""client_id"": 6, ""model_family"": ""gru"", ""feature_ids"": [1, 5, 7, 11, 12, 18, 21], ""subset_size"": 7, ""micro_f1"": 0.8468, ""macro_f1"": 0.026971932372689165, ""validation_loss"": 1.08778876953125, ""train_loss"": 2.395733984820048, ""seconds"": 0.3541376930002116, ""gpu_id"": 1, ""candidate_id"": 51, ""sample_weight"": 0.07459801933327874}, {""client_id"": 7, ""model_family"": ""gru"", ""feature_ids"": [1, 5, 7, 11, 12, 18, 21], ""subset_size"": 7, ""micro_f1"": 0.8645, ""macro_f1"": 0.027274304733961165, ""validation_loss"": 0.8991744262695313, ""train_loss"": 2.0597763699531555, ""seconds"": 0.3285446410000077, ""gpu_id"": 1, ""candidate_id"": 51, ""sample_weight"": 0.05067317481195735}, {""client_id"": 8, ""model_family"": ""gru"", ""feature_ids"": [1, 5, 7, 11, 12, 18, 21], ""subset_size"": 7, ""micro_f1"": 0.4011, ""macro_f1"": 0.037862093846608644, ""validation_loss"": 2.7639412109375, ""train_loss"": 3.174885395940145, ""seconds"": 0.3540651479997905, ""gpu_id"": 1, ""candidate_id"": 51, ""sample_weight"": 0.354287210681253}, {""client_id"": 9, ""model_family"": ""gru"", ""feature_ids"": [1, 5, 7, 11, 12, 18, 21], ""subset_size"": 7, ""micro_f1"": 0.7576, ""macro_f1"": 0.025366977392049714, ""validation_loss"": 1.1773094604492187, ""train_loss"": 1.9285574787139892, ""seconds"": 0.3277806149999378, ""gpu_id"": 0, ""candidate_id"": 51, ""sample_weight"": 0.12090074249549396}, {""client_id"": 10, ""model_family"": ""gru"", ""feature_ids"": [1, 5, 7, 11, 12, 18, 21], ""subset_size"": 7, ""micro_f1"": 0.3865, ""macro_f1"": 0.016397615663647357, ""validation_loss"": 2.3307734375, ""train_loss"": 2.9849752811431887, ""seconds"": 0.36182796499997494, ""gpu_id"": 0, ""candidate_id"": 51, ""sample_weight"": 0.11011103958316146}]"
52,6,5200,"[1, 5, 7, 11, 12, 18, 21]","[""AVG"", ""Max"", ""syn_count"", ""syn_flag_number"", ""rst_flag_number"", ""rst_count"", ""ICMP""]",7,0.6025315638639728,0.034737593522639214,0.603726327419281,0.72,0.6478805236444692,180,12460,"[{""client_id"": 1, ""model_family"": ""transformer"", ""feature_ids"": [1, 5, 7, 11, 12, 18, 21], ""subset_size"": 7, ""micro_f1"": 0.8775380710659898, ""macro_f1"": 0.02749339005625907, ""validation_loss"": 0.6679028157655358, ""train_loss"": 1.2078409599706539, ""seconds"": 0.23679397400019297, ""gpu_id"": 0, ""candidate_id"": 52, ""sample_weight"": 0.0008752009911046531}, {""client_id"": 2, ""model_family"": ""transformer"", ""feature_ids"": [1, 5, 7, 11, 12, 18, 21], ""subset_size"": 7, ""micro_f1"": 0.3606, ""macro_f1"": 0.036987190650795886, ""validation_loss"": 1.640006787109375, ""train_loss"": 2.0539637689590453, ""seconds"": 0.6973655440001494, ""gpu_id"": 1, ""candidate_id"": 52, ""sample_weight"": 0.061408177662345804}, {""client_id"": 3, ""model_family"": ""transformer"", ""feature_ids"": [1, 5, 7, 11, 12, 18, 21], ""subset_size"": 7, ""micro_f1"": 0.8258, ""macro_f1"": 0.05196577475494913, ""validation_loss"": 0.6956104125976562, ""train_loss"": 1.0501477927313911, ""seconds"": 0.7045622200002981, ""gpu_id"": 0, ""candidate_id"": 52, ""sample_weight"": 0.10352608384640223}, {""client_id"": 4, ""model_family"": ""transformer"", ""feature_ids"": [1, 5, 7, 11, 12, 18, 21], ""subset_size"": 7, ""micro_f1"": 0.8287, ""macro_f1"": 0.02727434189046475, ""validation_loss"": 0.5862988037109375, ""train_loss"": 0.8329737263891432, ""seconds"": 0.7944818870000745, ""gpu_id"": 1, ""candidate_id"": 52, ""sample_weight"": 0.05331880053778213}, {""client_id"": 5, ""model_family"": ""transformer"", ""feature_ids"": [1, 5, 7, 11, 12, 18, 21], ""subset_size"": 7, ""micro_f1"": 0.9489, ""macro_f1"": 0.055867019721847704, ""validation_loss"": 0.2782927337646484, ""train_loss"": 0.6424460815853543, ""seconds"": 0.8057046109997827, ""gpu_id"": 0, ""candidate_id"": 52, ""sample_weight"": 0.07030155005722065}, {""client_id"": 6, ""model_family"": ""gru"", ""feature_ids"": [1, 5, 7, 11, 12, 18, 21], ""subset_size"": 7, ""micro_f1"": 0.8468, ""macro_f1"": 0.026971932372689165, ""validation_loss"": 1.088794677734375, ""train_loss"": 2.3962461965560915, ""seconds"": 0.3962357179998435, ""gpu_id"": 1, ""candidate_id"": 52, ""sample_weight"": 0.07459801933327874}, {""client_id"": 7, ""model_family"": ""gru"", ""feature_ids"": [1, 5, 7, 11, 12, 18, 21], ""subset_size"": 7, ""micro_f1"": 0.8645, ""macro_f1"": 0.027274304733961165, ""validation_loss"": 0.8996834594726563, ""train_loss"": 2.0612082196659514, ""seconds"": 0.36597525099978157, ""gpu_id"": 1, ""candidate_id"": 52, ""sample_weight"": 0.05067317481195735}, {""client_id"": 8, ""model_family"": ""gru"", ""feature_ids"": [1, 5, 7, 11, 12, 18, 21], ""subset_size"": 7, ""micro_f1"": 0.4011, ""macro_f1"": 0.037862093846608644, ""validation_loss"": 2.763637109375, ""train_loss"": 3.174680512152778, ""seconds"": 0.34115499000017735, ""gpu_id"": 1, ""candidate_id"": 52, ""sample_weight"": 0.354287210681253}, {""client_id"": 9, ""model_family"": ""gru"", ""feature_ids"": [1, 5, 7, 11, 12, 18, 21], ""subset_size"": 7, ""micro_f1"": 0.7576, ""macro_f1"": 0.025366977392049714, ""validation_loss"": 1.17702490234375, ""train_loss"": 1.9276832941903008, ""seconds"": 0.3711929720002445, ""gpu_id"": 0, ""candidate_id"": 52, ""sample_weight"": 0.12090074249549396}, {""client_id"": 10, ""model_family"": ""gru"", ""feature_ids"": [1, 5, 7, 11, 12, 18, 21], ""subset_size"": 7, ""micro_f1"": 0.3865, ""macro_f1"": 0.016397615663647357, ""validation_loss"": 2.329362109375, ""train_loss"": 2.9846397884792752, ""seconds"": 0.35662709500002165, ""gpu_id"": 0, ""candidate_id"": 52, ""sample_weight"": 0.11011103958316146}]"
53,6,5300,"[1, 5, 7, 11, 12, 18, 21]","[""AVG"", ""Max"", ""syn_count"", ""syn_flag_number"", ""rst_flag_number"", ""rst_count"", ""ICMP""]",7,0.6037078140226277,0.035118392418772675,0.6026543378829956,0.72,0.6481053476139632,180,12640,"[{""client_id"": 1, ""model_family"": ""transformer"", ""feature_ids"": [1, 5, 7, 11, 12, 18, 21], ""subset_size"": 7, ""micro_f1"": 0.8775380710659898, ""macro_f1"": 0.02749339005625907, ""validation_loss"": 0.6677860511741057, ""train_loss"": 1.2038533808616212, ""seconds"": 0.28261332299962305, ""gpu_id"": 0, ""candidate_id"": 53, ""sample_weight"": 0.0008752009911046531}, {""client_id"": 2, ""model_family"": ""transformer"", ""feature_ids"": [1, 5, 7, 11, 12, 18, 21], ""subset_size"": 7, ""micro_f1"": 0.3802, ""macro_f1"": 0.043211634098926185, ""validation_loss"": 1.63868818359375, ""train_loss"": 2.0531970599916245, ""seconds"": 0.775348163000217, ""gpu_id"": 1, ""candidate_id"": 53, ""sample_weight"": 0.061408177662345804}, {""client_id"": 3, ""model_family"": ""transformer"", ""feature_ids"": [1, 5, 7, 11, 12, 18, 21], ""subset_size"": 7, ""micro_f1"": 0.8254, ""macro_f1"": 0.05193638228464021, ""validation_loss"": 0.6974927368164062, ""train_loss"": 1.0509306640413072, ""seconds"": 0.7083022019996861, ""gpu_id"": 0, ""candidate_id"": 53, ""sample_weight"": 0.10352608384640223}, {""client_id"": 4, ""model_family"": ""transformer"", ""feature_ids"": [1, 5, 7, 11, 12, 18, 21], ""subset_size"": 7, ""micro_f1"": 0.8287, ""macro_f1"": 0.027275185746403034, ""validation_loss"": 0.5869917846679688, ""train_loss"": 0.8322974547704061, ""seconds"": 0.7622156789998371, ""gpu_id"": 1, ""candidate_id"": 53, ""sample_weight"": 0.05331880053778213}, {""client_id"": 5, ""model_family"": ""transformer"", ""feature_ids"": [1, 5, 7, 11, 12, 18, 21], ""subset_size"": 7, ""micro_f1"": 0.9491, ""macro_f1"": 0.05588928183384055, ""validation_loss"": 0.2774420227050781, ""train_loss"": 0.6421956503020393, ""seconds"": 0.8146460510001816, ""gpu_id"": 0, ""candidate_id"": 53, ""sample_weight"": 0.07030155005722065}, {""client_id"": 6, ""model_family"": ""gru"", ""feature_ids"": [1, 5, 7, 11, 12, 18, 21], ""subset_size"": 7, ""micro_f1"": 0.8468, ""macro_f1"": 0.026971932372689165, ""validation_loss"": 1.08821533203125, ""train_loss"": 2.3954968104044596, ""seconds"": 0.421530022999832, ""gpu_id"": 1, ""candidate_id"": 53, ""sample_weight"": 0.07459801933327874}, {""client_id"": 7, ""model_family"": ""gru"", ""feature_ids"": [1, 5, 7, 11, 12, 18, 21], ""subset_size"": 7, ""micro_f1"": 0.8645, ""macro_f1"": 0.027274304733961165, ""validation_loss"": 0.8987266723632813, ""train_loss"": 2.05912737604777, ""seconds"": 0.3851861950001876, ""gpu_id"": 1, ""candidate_id"": 53, ""sample_weight"": 0.05067317481195735}, {""client_id"": 8, ""model_family"": ""gru"", ""feature_ids"": [1, 5, 7, 11, 12, 18, 21], ""subset_size"": 7, ""micro_f1"": 0.4011, ""macro_f1"": 0.037862093846608644, ""validation_loss"": 2.76368203125, ""train_loss"": 3.1747487186431886, ""seconds"": 0.3503237800000534, ""gpu_id"": 1, ""candidate_id"": 53, ""sample_weight"": 0.354287210681253}, {""client_id"": 9, ""model_family"": ""gru"", ""feature_ids"": [1, 5, 7, 11, 12, 18, 21], ""subset_size"": 7, ""micro_f1"": 0.7576, ""macro_f1"": 0.025366977392049714, ""validation_loss"": 1.1771603149414063, ""train_loss"": 1.9288119846767848, ""seconds"": 0.38733170000023165, ""gpu_id"": 0, ""candidate_id"": 53, ""sample_weight"": 0.12090074249549396}, {""client_id"": 10, ""model_family"": ""gru"", ""feature_ids"": [1, 5, 7, 11, 12, 18, 21], ""subset_size"": 7, ""micro_f1"": 0.3865, ""macro_f1"": 0.016397615663647357, ""validation_loss"": 2.33060546875, ""train_loss"": 2.985081824323866, ""seconds"": 0.37444151700037764, ""gpu_id"": 0, ""candidate_id"": 53, ""sample_weight"": 0.11011103958316146}]"
54,6,5400,"[1, 5, 7, 11, 12, 18, 21]","[""AVG"", ""Max"", ""syn_count"", ""syn_flag_number"", ""rst_flag_number"", ""rst_count"", ""ICMP""]",7,0.6032491502053827,0.0350666517345852,0.6035007834434509,0.72,0.6479748366761932,180,12820,"[{""client_id"": 1, ""model_family"": ""transformer"", ""feature_ids"": [1, 5, 7, 11, 12, 18, 21], ""subset_size"": 7, ""micro_f1"": 0.8775380710659898, ""macro_f1"": 0.02749339005625907, ""validation_loss"": 0.6686387037867823, ""train_loss"": 1.2030451242626554, ""seconds"": 0.24142289900009928, ""gpu_id"": 0, ""candidate_id"": 54, ""sample_weight"": 0.0008752009911046531}, {""client_id"": 2, ""model_family"": ""transformer"", ""feature_ids"": [1, 5, 7, 11, 12, 18, 21], ""subset_size"": 7, ""micro_f1"": 0.3724, ""macro_f1"": 0.0423565031075846, ""validation_loss"": 1.6392712890625, ""train_loss"": 2.054110226779514, ""seconds"": 0.7734686970002258, ""gpu_id"": 1, ""candidate_id"": 54, ""sample_weight"": 0.061408177662345804}, {""client_id"": 3, ""model_family"": ""transformer"", ""feature_ids"": [1, 5, 7, 11, 12, 18, 21], ""subset_size"": 7, ""micro_f1"": 0.8258, ""macro_f1"": 0.05196562616496323, ""validation_loss"": 0.6968526550292968, ""train_loss"": 1.0508388557857937, ""seconds"": 0.7887968489999366, ""gpu_id"": 0, ""candidate_id"": 54, ""sample_weight"": 0.10352608384640223}, {""client_id"": 4, ""model_family"": ""transformer"", ""feature_ids"": [1, 5, 7, 11, 12, 18, 21], ""subset_size"": 7, ""micro_f1"": 0.8287, ""macro_f1"": 0.02727688313399883, ""validation_loss"": 0.58625380859375, ""train_loss"": 0.8325375768343608, ""seconds"": 0.7447549469998194, ""gpu_id"": 1, ""candidate_id"": 54, ""sample_weight"": 0.05331880053778213}, {""client_id"": 5, ""model_family"": ""transformer"", ""feature_ids"": [1, 5, 7, 11, 12, 18, 21], ""subset_size"": 7, ""micro_f1"": 0.9488, ""macro_f1"": 0.05585590198059907, ""validation_loss"": 0.27842890014648436, ""train_loss"": 0.6428907730393939, ""seconds"": 0.7332239850002225, ""gpu_id"": 0, ""candidate_id"": 54, ""sample_weight"": 0.07030155005722065}, {""client_id"": 6, ""model_family"": ""gru"", ""feature_ids"": [1, 5, 7, 11, 12, 18, 21], ""subset_size"": 7, ""micro_f1"": 0.8468, ""macro_f1"": 0.026971932372689165, ""validation_loss"": 1.088028759765625, ""train_loss"": 2.3957529508802624, ""seconds"": 0.36800572799984366, ""gpu_id"": 1, ""candidate_id"": 54, ""sample_weight"": 0.07459801933327874}, {""client_id"": 7, ""model_family"": ""gru"", ""feature_ids"": [1, 5, 7, 11, 12, 18, 21], ""subset_size"": 7, ""micro_f1"": 0.8645, ""macro_f1"": 0.027274304733961165, ""validation_loss"": 0.898712158203125, ""train_loss"": 2.0592171198209126, ""seconds"": 0.33201203399994483, ""gpu_id"": 1, ""candidate_id"": 54, ""sample_weight"": 0.05067317481195735}, {""client_id"": 8, ""model_family"": ""gru"", ""feature_ids"": [1, 5, 7, 11, 12, 18, 21], ""subset_size"": 7, ""micro_f1"": 0.4011, ""macro_f1"": 0.037862093846608644, ""validation_loss"": 2.76313515625, ""train_loss"": 3.174546506245931, ""seconds"": 0.3257010359998276, ""gpu_id"": 1, ""candidate_id"": 54, ""sample_weight"": 0.354287210681253}, {""client_id"": 9, ""model_family"": ""gru"", ""feature_ids"": [1, 5, 7, 11, 12, 18, 21], ""subset_size"": 7, ""micro_f1"": 0.7576, ""macro_f1"": 0.025366977392049714, ""validation_loss"": 1.176534130859375, ""train_loss"": 1.9292221904754638, ""seconds"": 0.3396392360000391, ""gpu_id"": 0, ""candidate_id"": 54, ""sample_weight"": 0.12090074249549396}, {""client_id"": 10, ""model_family"": ""gru"", ""feature_ids"": [1, 5, 7, 11, 12, 18, 21], ""subset_size"": 7, ""micro_f1"": 0.3865, ""macro_f1"": 0.016397615663647357, ""validation_loss"": 2.32895810546875, ""train_loss"": 2.9845696395026313, ""seconds"": 0.33025348899991513, ""gpu_id"": 0, ""candidate_id"": 54, ""sample_weight"": 0.11011103958316146}]"
55,6,5500,"[1, 5, 7, 11, 12, 18, 21]","[""AVG"", ""Max"", ""syn_count"", ""syn_flag_number"", ""rst_flag_number"", ""rst_count"", ""ICMP""]",7,0.6031163664899213,0.035014335743130585,0.6036357879638672,0.72,0.6479480578526055,180,13000,"[{""client_id"": 1, ""model_family"": ""transformer"", ""feature_ids"": [1, 5, 7, 11, 12, 18, 21], ""subset_size"": 7, ""micro_f1"": 0.8775380710659898, ""macro_f1"": 0.02749339005625907, ""validation_loss"": 0.6679107549831952, ""train_loss"": 1.210234986881852, ""seconds"": 0.29073189899963836, ""gpu_id"": 0, ""candidate_id"": 55, ""sample_weight"": 0.0008752009911046531}, {""client_id"": 2, ""model_family"": ""transformer"", ""feature_ids"": [1, 5, 7, 11, 12, 18, 21], ""subset_size"": 7, ""micro_f1"": 0.3704, ""macro_f1"": 0.04151422815145005, ""validation_loss"": 1.639830029296875, ""train_loss"": 2.0536432287640043, ""seconds"": 0.8360199769999781, ""gpu_id"": 1, ""candidate_id"": 55, ""sample_weight"": 0.061408177662345804}, {""client_id"": 3, ""model_family"": ""transformer"", ""feature_ids"": [1, 5, 7, 11, 12, 18, 21], ""subset_size"": 7, ""micro_f1"": 0.8255, ""macro_f1"": 0.05194252677066988, ""validation_loss"": 0.6955334899902343, ""train_loss"": 1.0488882602903578, ""seconds"": 0.8077453749997403, ""gpu_id"": 0, ""candidate_id"": 55, ""sample_weight"": 0.10352608384640223}, {""client_id"": 4, ""model_family"": ""transformer"", ""feature_ids"": [1, 5, 7, 11, 12, 18, 21], ""subset_size"": 7, ""micro_f1"": 0.8287, ""macro_f1"": 0.027276032822191192, ""validation_loss"": 0.5857176635742187, ""train_loss"": 0.8335742025905185, ""seconds"": 0.7281863369998973, ""gpu_id"": 1, ""candidate_id"": 55, ""sample_weight"": 0.05331880053778213}, {""client_id"": 5, ""model_family"": ""transformer"", ""feature_ids"": [1, 5, 7, 11, 12, 18, 21], ""subset_size"": 7, ""micro_f1"": 0.9491, ""macro_f1"": 0.055882121973285126, ""validation_loss"": 0.27800111389160154, ""train_loss"": 0.6430988583458794, ""seconds"": 0.7037224399996376, ""gpu_id"": 0, ""candidate_id"": 55, ""sample_weight"": 0.07030155005722065}, {""client_id"": 6, ""model_family"": ""gru"", ""feature_ids"": [1, 5, 7, 11, 12, 18, 21], ""subset_size"": 7, ""micro_f1"": 0.8468, ""macro_f1"": 0.026971932372689165, ""validation_loss"": 1.0893687744140625, ""train_loss"": 2.3965425699445935, ""seconds"": 0.3902168179997716, ""gpu_id"": 1, ""candidate_id"": 55, ""sample_weight"": 0.07459801933327874}, {""client_id"": 7, ""model_family"": ""gru"", ""feature_ids"": [1, 5, 7, 11, 12, 18, 21], ""subset_size"": 7, ""micro_f1"": 0.8645, ""macro_f1"": 0.027274304733961165, ""validation_loss"": 0.8996508666992188, ""train_loss"": 2.0601697050942316, ""seconds"": 0.3853602429999228, ""gpu_id"": 1, ""candidate_id"": 55, ""sample_weight"": 0.05067317481195735}, {""client_id"": 8, ""model_family"": ""gru"", ""feature_ids"": [1, 5, 7, 11, 12, 18, 21], ""subset_size"": 7, ""micro_f1"": 0.4011, ""macro_f1"": 0.037862093846608644, ""validation_loss"": 2.763472265625, ""train_loss"": 3.174826692581177, ""seconds"": 0.3301410490003036, ""gpu_id"": 1, ""candidate_id"": 55, ""sample_weight"": 0.354287210681253}, {""client_id"": 9, ""model_family"": ""gru"", ""feature_ids"": [1, 5, 7, 11, 12, 18, 21], ""subset_size"": 7, ""micro_f1"": 0.7576, ""macro_f1"": 0.025366977392049714, ""validation_loss"": 1.177374951171875, ""train_loss"": 1.9277640304777357, ""seconds"": 0.3880611869999484, ""gpu_id"": 0, ""candidate_id"": 55, ""sample_weight"": 0.12090074249549396}, {""client_id"": 10, ""model_family"": ""gru"", ""feature_ids"": [1, 5, 7, 11, 12, 18, 21], ""subset_size"": 7, ""micro_f1"": 0.3865, ""macro_f1"": 0.016397615663647357, ""validation_loss"": 2.330148828125, ""train_loss"": 2.984692438210381, ""seconds"": 0.3483190650003962, ""gpu_id"": 0, ""candidate_id"": 55, ""sample_weight"": 0.11011103958316146}]"
56,6,5600,"[1, 5, 7, 11, 12, 18, 21]","[""AVG"", ""Max"", ""syn_count"", ""syn_flag_number"", ""rst_flag_number"", ""rst_count"", ""ICMP""]",7,0.6028730165427425,0.03489918801414068,0.6027836203575134,0.72,0.6480089396185229,180,13180,"[{""client_id"": 1, ""model_family"": ""transformer"", ""feature_ids"": [1, 5, 7, 11, 12, 18, 21], ""subset_size"": 7, ""micro_f1"": 0.8775380710659898, ""macro_f1"": 0.02749339005625907, ""validation_loss"": 0.6674190463148398, ""train_loss"": 1.2078024196006185, ""seconds"": 0.2864336469997397, ""gpu_id"": 0, ""candidate_id"": 56, ""sample_weight"": 0.0008752009911046531}, {""client_id"": 2, ""model_family"": ""transformer"", ""feature_ids"": [1, 5, 7, 11, 12, 18, 21], ""subset_size"": 7, ""micro_f1"": 0.3661, ""macro_f1"": 0.03961419541525551, ""validation_loss"": 1.639543896484375, ""train_loss"": 2.0535937712775336, ""seconds"": 0.7854612179999094, ""gpu_id"": 1, ""candidate_id"": 56, ""sample_weight"": 0.061408177662345804}, {""client_id"": 3, ""model_family"": ""transformer"", ""feature_ids"": [1, 5, 7, 11, 12, 18, 21], ""subset_size"": 7, ""micro_f1"": 0.8257, ""macro_f1"": 0.05195774017240472, ""validation_loss"": 0.6962894287109375, ""train_loss"": 1.0499702759636773, ""seconds"": 0.7508999309998217, ""gpu_id"": 0, ""candidate_id"": 56, ""sample_weight"": 0.10352608384640223}, {""client_id"": 4, ""model_family"": ""transformer"", ""feature_ids"": [1, 5, 7, 11, 12, 18, 21], ""subset_size"": 7, ""micro_f1"": 0.8287, ""macro_f1"": 0.027275185746403034, ""validation_loss"": 0.5865837890625, ""train_loss"": 0.8323771035088433, ""seconds"": 0.8548669940000764, ""gpu_id"": 1, ""candidate_id"": 56, ""sample_weight"": 0.05331880053778213}, {""client_id"": 5, ""model_family"": ""transformer"", ""feature_ids"": [1, 5, 7, 11, 12, 18, 21], ""subset_size"": 7, ""micro_f1"": 0.9491, ""macro_f1"": 0.055882121973285126, ""validation_loss"": 0.2780041305541992, ""train_loss"": 0.6437978886233435, ""seconds"": 0.8256478680000328, ""gpu_id"": 0, ""candidate_id"": 56, ""sample_weight"": 0.07030155005722065}, {""client_id"": 6, ""model_family"": ""gru"", ""feature_ids"": [1, 5, 7, 11, 12, 18, 21], ""subset_size"": 7, ""micro_f1"": 0.8468, ""macro_f1"": 0.026971932372689165, ""validation_loss"": 1.0890599609375, ""train_loss"": 2.3960328826692368, ""seconds"": 0.3488086940001267, ""gpu_id"": 1, ""candidate_id"": 56, ""sample_weight"": 0.07459801933327874}, {""client_id"": 7, ""model_family"": ""gru"", ""feature_ids"": [1, 5, 7, 11, 12, 18, 21], ""subset_size"": 7, ""micro_f1"": 0.8645, ""macro_f1"": 0.027274304733961165, ""validation_loss"": 0.8984262817382812, ""train_loss"": 2.0592424720870124, ""seconds"": 0.33905134699989503, ""gpu_id"": 1, ""candidate_id"": 56, ""sample_weight"": 0.05067317481195735}, {""client_id"": 8, ""model_family"": ""gru"", ""feature_ids"": [1, 5, 7, 11, 12, 18, 21], ""subset_size"": 7, ""micro_f1"": 0.4011, ""macro_f1"": 0.037862093846608644, ""validation_loss"": 2.763046875, ""train_loss"": 3.174506379445394, ""seconds"": 0.3336683649999941, ""gpu_id"": 1, ""candidate_id"": 56, ""sample_weight"": 0.354287210681253}, {""client_id"": 9, ""model_family"": ""gru"", ""feature_ids"": [1, 5, 7, 11, 12, 18, 21], ""subset_size"": 7, ""micro_f1"": 0.7576, ""macro_f1"": 0.025366977392049714, ""validation_loss"": 1.177456591796875, ""train_loss"": 1.9272087479697333, ""seconds"": 0.35464698000032513, ""gpu_id"": 0, ""candidate_id"": 56, ""sample_weight"": 0.12090074249549396}, {""client_id"": 10, ""model_family"": ""gru"", ""feature_ids"": [1, 5, 7, 11, 12, 18, 21], ""subset_size"": 7, ""micro_f1"": 0.3865, ""macro_f1"": 0.016397615663647357, ""validation_loss"": 2.3296646484375, ""train_loss"": 2.984907280815972, ""seconds"": 0.34271718599984524, ""gpu_id"": 0, ""candidate_id"": 56, ""sample_weight"": 0.11011103958316146}]"
57,6,5700,"[1, 5, 7, 11, 12, 18, 21]","[""AVG"", ""Max"", ""syn_count"", ""syn_flag_number"", ""rst_flag_number"", ""rst_count"", ""ICMP""]",7,0.602981622235387,0.03494462465153266,0.6028133630752563,0.72,0.6480168259160131,180,13360,"[{""client_id"": 1, ""model_family"": ""transformer"", ""feature_ids"": [1, 5, 7, 11, 12, 18, 21], ""subset_size"": 7, ""micro_f1"": 0.8775380710659898, ""macro_f1"": 0.02749339005625907, ""validation_loss"": 0.6685278645626784, ""train_loss"": 1.2060022395812249, ""seconds"": 0.3127676600001905, ""gpu_id"": 0, ""candidate_id"": 57, ""sample_weight"": 0.0008752009911046531}, {""client_id"": 2, ""model_family"": ""transformer"", ""feature_ids"": [1, 5, 7, 11, 12, 18, 21], ""subset_size"": 7, ""micro_f1"": 0.3677, ""macro_f1"": 0.0403317282476933, ""validation_loss"": 1.639817333984375, ""train_loss"": 2.053731434143914, ""seconds"": 0.8628888270000061, ""gpu_id"": 1, ""candidate_id"": 57, ""sample_weight"": 0.061408177662345804}, {""client_id"": 3, ""model_family"": ""transformer"", ""feature_ids"": [1, 5, 7, 11, 12, 18, 21], ""subset_size"": 7, ""micro_f1"": 0.8258, ""macro_f1"": 0.05196814819273694, ""validation_loss"": 0.6951425415039062, ""train_loss"": 1.0487732162899441, ""seconds"": 0.7823370269998122, ""gpu_id"": 0, ""candidate_id"": 57, ""sample_weight"": 0.10352608384640223}, {""client_id"": 4, ""model_family"": ""transformer"", ""feature_ids"": [1, 5, 7, 11, 12, 18, 21], ""subset_size"": 7, ""micro_f1"": 0.8287, ""macro_f1"": 0.027276032822191192, ""validation_loss"": 0.58659130859375, ""train_loss"": 0.8334950445387098, ""seconds"": 0.7260502210001505, ""gpu_id"": 1, ""candidate_id"": 57, ""sample_weight"": 0.05331880053778213}, {""client_id"": 5, ""model_family"": ""transformer"", ""feature_ids"": [1, 5, 7, 11, 12, 18, 21], ""subset_size"": 7, ""micro_f1"": 0.9491, ""macro_f1"": 0.05588570065808361, ""validation_loss"": 0.2783980499267578, ""train_loss"": 0.6438923655986786, ""seconds"": 0.7125796939999418, ""gpu_id"": 0, ""candidate_id"": 57, ""sample_weight"": 0.07030155005722065}, {""client_id"": 6, ""model_family"": ""gru"", ""feature_ids"": [1, 5, 7, 11, 12, 18, 21], ""subset_size"": 7, ""micro_f1"": 0.8468, ""macro_f1"": 0.026971932372689165, ""validation_loss"": 1.086961181640625, ""train_loss"": 2.3955005671395195, ""seconds"": 0.35987094100028116, ""gpu_id"": 1, ""candidate_id"": 57, ""sample_weight"": 0.07459801933327874}, {""client_id"": 7, ""model_family"": ""gru"", ""feature_ids"": [1, 5, 7, 11, 12, 18, 21], ""subset_size"": 7, ""micro_f1"": 0.8645, ""macro_f1"": 0.027274304733961165, ""validation_loss"": 0.9010471069335938, ""train_loss"": 2.061017818376753, ""seconds"": 0.36862595699994927, ""gpu_id"": 1, ""candidate_id"": 57, ""sample_weight"": 0.05067317481195735}, {""client_id"": 8, ""model_family"": ""gru"", ""feature_ids"": [1, 5, 7, 11, 12, 18, 21], ""subset_size"": 7, ""micro_f1"": 0.4011, ""macro_f1"": 0.037862093846608644, ""validation_loss"": 2.763177734375, ""train_loss"": 3.1746132605234783, ""seconds"": 0.3280786119998993, ""gpu_id"": 1, ""candidate_id"": 57, ""sample_weight"": 0.354287210681253}, {""client_id"": 9, ""model_family"": ""gru"", ""feature_ids"": [1, 5, 7, 11, 12, 18, 21], ""subset_size"": 7, ""micro_f1"": 0.7576, ""macro_f1"": 0.025366977392049714, ""validation_loss"": 1.1772749267578124, ""train_loss"": 1.9290004485236274, ""seconds"": 0.37153308500001003, ""gpu_id"": 0, ""candidate_id"": 57, ""sample_weight"": 0.12090074249549396}, {""client_id"": 10, ""model_family"": ""gru"", ""feature_ids"": [1, 5, 7, 11, 12, 18, 21], ""subset_size"": 7, ""micro_f1"": 0.3865, ""macro_f1"": 0.016397615663647357, ""validation_loss"": 2.329908203125, ""train_loss"": 2.9850035265604653, ""seconds"": 0.3424899230003575, ""gpu_id"": 0, ""candidate_id"": 57, ""sample_weight"": 0.11011103958316146}]"
58,6,5800,"[1, 5, 7, 11, 12, 18, 21]","[""AVG"", ""Max"", ""syn_count"", ""syn_flag_number"", ""rst_flag_number"", ""rst_count"", ""ICMP""]",7,0.6032336964691403,0.035068845966342646,0.6030635833740234,0.72,0.6480170113095117,180,13540,"[{""client_id"": 1, ""model_family"": ""transformer"", ""feature_ids"": [1, 5, 7, 11, 12, 18, 21], ""subset_size"": 7, ""micro_f1"": 0.8775380710659898, ""macro_f1"": 0.02749339005625907, ""validation_loss"": 0.6684474460969722, ""train_loss"": 1.2012766690423646, ""seconds"": 0.22612154699982057, ""gpu_id"": 0, ""candidate_id"": 58, ""sample_weight"": 0.0008752009911046531}, {""client_id"": 2, ""model_family"": ""transformer"", ""feature_ids"": [1, 5, 7, 11, 12, 18, 21], ""subset_size"": 7, ""micro_f1"": 0.3726, ""macro_f1"": 0.04242928195578813, ""validation_loss"": 1.639953564453125, ""train_loss"": 2.0537967822180856, ""seconds"": 0.793528194999908, ""gpu_id"": 1, ""candidate_id"": 58, ""sample_weight"": 0.061408177662345804}, {""client_id"": 3, ""model_family"": ""transformer"", ""feature_ids"": [1, 5, 7, 11, 12, 18, 21], ""subset_size"": 7, ""micro_f1"": 0.8256, ""macro_f1"": 0.05194877411083512, ""validation_loss"": 0.6964932678222656, ""train_loss"": 1.0504320155885485, ""seconds"": 0.7861726620003537, ""gpu_id"": 0, ""candidate_id"": 58, ""sample_weight"": 0.10352608384640223}, {""client_id"": 4, ""model_family"": ""transformer"", ""feature_ids"": [1, 5, 7, 11, 12, 18, 21], ""subset_size"": 7, ""micro_f1"": 0.8287, ""macro_f1"": 0.02727688313399883, ""validation_loss"": 0.5862687866210937, ""train_loss"": 0.8322199058638678, ""seconds"": 0.8115206309998939, ""gpu_id"": 1, ""candidate_id"": 58, ""sample_weight"": 0.05331880053778213}, {""client_id"": 5, ""model_family"": ""transformer"", ""feature_ids"": [1, 5, 7, 11, 12, 18, 21], ""subset_size"": 7, ""micro_f1"": 0.9487, ""macro_f1"": 0.05584835794331938, ""validation_loss"": 0.2780237579345703, ""train_loss"": 0.6420030582798852, ""seconds"": 0.8268404890000056, ""gpu_id"": 0, ""candidate_id"": 58, ""sample_weight"": 0.07030155005722065}, {""client_id"": 6, ""model_family"": ""gru"", ""feature_ids"": [1, 5, 7, 11, 12, 18, 21], ""subset_size"": 7, ""micro_f1"": 0.8468, ""macro_f1"": 0.026971932372689165, ""validation_loss"": 1.089058837890625, ""train_loss"": 2.3960669975280764, ""seconds"": 0.3641795209996417, ""gpu_id"": 1, ""candidate_id"": 58, ""sample_weight"": 0.07459801933327874}, {""client_id"": 7, ""model_family"": ""gru"", ""feature_ids"": [1, 5, 7, 11, 12, 18, 21], ""subset_size"": 7, ""micro_f1"": 0.8645, ""macro_f1"": 0.027274304733961165, ""validation_loss"": 0.8985854370117188, ""train_loss"": 2.0581915638075934, ""seconds"": 0.3367799070001638, ""gpu_id"": 1, ""candidate_id"": 58, ""sample_weight"": 0.05067317481195735}, {""client_id"": 8, ""model_family"": ""gru"", ""feature_ids"": [1, 5, 7, 11, 12, 18, 21], ""subset_size"": 7, ""micro_f1"": 0.4011, ""macro_f1"": 0.037862093846608644, ""validation_loss"": 2.7632236328125, ""train_loss"": 3.1744426006317137, ""seconds"": 0.3357424890000402, ""gpu_id"": 1, ""candidate_id"": 58, ""sample_weight"": 0.354287210681253}, {""client_id"": 9, ""model_family"": ""gru"", ""feature_ids"": [1, 5, 7, 11, 12, 18, 21], ""subset_size"": 7, ""micro_f1"": 0.7576, ""macro_f1"": 0.025366977392049714, ""validation_loss"": 1.177007080078125, ""train_loss"": 1.9287447301228842, ""seconds"": 0.33158041799970306, ""gpu_id"": 0, ""candidate_id"": 58, ""sample_weight"": 0.12090074249549396}, {""client_id"": 10, ""model_family"": ""gru"", ""feature_ids"": [1, 5, 7, 11, 12, 18, 21], ""subset_size"": 7, ""micro_f1"": 0.3865, ""macro_f1"": 0.016397615663647357, ""validation_loss"": 2.32987265625, ""train_loss"": 2.985033766979641, ""seconds"": 0.350246328999674, ""gpu_id"": 0, ""candidate_id"": 58, ""sample_weight"": 0.11011103958316146}]"
59,6,5900,"[1, 5, 7, 11, 12, 18, 21]","[""AVG"", ""Max"", ""syn_count"", ""syn_flag_number"", ""rst_flag_number"", ""rst_count"", ""ICMP""]",7,0.6025315638639728,0.03473347064166815,0.6032987236976624,0.72,0.647923284016631,180,13720,"[{""client_id"": 1, ""model_family"": ""transformer"", ""feature_ids"": [1, 5, 7, 11, 12, 18, 21], ""subset_size"": 7, ""micro_f1"": 0.8775380710659898, ""macro_f1"": 0.02749339005625907, ""validation_loss"": 0.6681670561659759, ""train_loss"": 1.2070537503667962, ""seconds"": 0.24126031800005876, ""gpu_id"": 0, ""candidate_id"": 59, ""sample_weight"": 0.0008752009911046531}, {""client_id"": 2, ""model_family"": ""transformer"", ""feature_ids"": [1, 5, 7, 11, 12, 18, 21], ""subset_size"": 7, ""micro_f1"": 0.3606, ""macro_f1"": 0.03692218474820901, ""validation_loss"": 1.6400802734375, ""train_loss"": 2.0539769797431098, ""seconds"": 0.7711272479996296, ""gpu_id"": 1, ""candidate_id"": 59, ""sample_weight"": 0.061408177662345804}, {""client_id"": 3, ""model_family"": ""transformer"", ""feature_ids"": [1, 5, 7, 11, 12, 18, 21], ""subset_size"": 7, ""micro_f1"": 0.8258, ""macro_f1"": 0.05196562616496323, ""validation_loss"": 0.6967325134277343, ""train_loss"": 1.0492590970781115, ""seconds"": 0.7808705709999231, ""gpu_id"": 0, ""candidate_id"": 59, ""sample_weight"": 0.10352608384640223}, {""client_id"": 4, ""model_family"": ""transformer"", ""feature_ids"": [1, 5, 7, 11, 12, 18, 21], ""subset_size"": 7, ""micro_f1"": 0.8287, ""macro_f1"": 0.02727688313399883, ""validation_loss"": 0.5864948608398437, ""train_loss"": 0.8332881191677517, ""seconds"": 0.8401761380000607, ""gpu_id"": 1, ""candidate_id"": 59, ""sample_weight"": 0.05331880053778213}, {""client_id"": 5, ""model_family"": ""transformer"", ""feature_ids"": [1, 5, 7, 11, 12, 18, 21], ""subset_size"": 7, ""micro_f1"": 0.9489, ""macro_f1"": 0.055863447964560976, ""validation_loss"": 0.2779312042236328, ""train_loss"": 0.6424529561466641, ""seconds"": 0.8518776490000164, ""gpu_id"": 0, ""candidate_id"": 59, ""sample_weight"": 0.07030155005722065}, {""client_id"": 6, ""model_family"": ""gru"", ""feature_ids"": [1, 5, 7, 11, 12, 18, 21], ""subset_size"": 7, ""micro_f1"": 0.8468, ""macro_f1"": 0.026971932372689165, ""validation_loss"": 1.08798310546875, ""train_loss"": 2.395597392823961, ""seconds"": 0.40965297399998235, ""gpu_id"": 1, ""candidate_id"": 59, ""sample_weight"": 0.07459801933327874}, {""client_id"": 7, ""model_family"": ""gru"", ""feature_ids"": [1, 5, 7, 11, 12, 18, 21], ""subset_size"": 7, ""micro_f1"": 0.8645, ""macro_f1"": 0.027274304733961165, ""validation_loss"": 0.899823046875, ""train_loss"": 2.0612758977148267, ""seconds"": 0.3579933500000152, ""gpu_id"": 1, ""candidate_id"": 59, ""sample_weight"": 0.05067317481195735}, {""client_id"": 8, ""model_family"": ""gru"", ""feature_ids"": [1, 5, 7, 11, 12, 18, 21], ""subset_size"": 7, ""micro_f1"": 0.4011, ""macro_f1"": 0.037862093846608644, ""validation_loss"": 2.76348984375, ""train_loss"": 3.174676649771796, ""seconds"": 0.3228389350001635, ""gpu_id"": 1, ""candidate_id"": 59, ""sample_weight"": 0.354287210681253}, {""client_id"": 9, ""model_family"": ""gru"", ""feature_ids"": [1, 5, 7, 11, 12, 18, 21], ""subset_size"": 7, ""micro_f1"": 0.7576, ""macro_f1"": 0.025366977392049714, ""validation_loss"": 1.1770260986328125, ""train_loss"": 1.927234601804945, ""seconds"": 0.38194741799998155, ""gpu_id"": 0, ""candidate_id"": 59, ""sample_weight"": 0.12090074249549396}, {""client_id"": 10, ""model_family"": ""gru"", ""feature_ids"": [1, 5, 7, 11, 12, 18, 21], ""subset_size"": 7, ""micro_f1"": 0.3865, ""macro_f1"": 0.016397615663647357, ""validation_loss"": 2.330483203125, ""train_loss"": 2.985085274802314, ""seconds"": 0.32861050200017417, ""gpu_id"": 0, ""candidate_id"": 59, ""sample_weight"": 0.11011103958316146}]"
60,6,6000,"[1, 5, 7, 11, 12, 18, 21]","[""AVG"", ""Max"", ""syn_count"", ""syn_flag_number"", ""rst_flag_number"", ""rst_count"", ""ICMP""]",7,0.6030743889435409,0.034828151426890795,0.6024519205093384,0.72,0.6480622468434203,180,13900,"[{""client_id"": 1, ""model_family"": ""transformer"", ""feature_ids"": [1, 5, 7, 11, 12, 18, 21], ""subset_size"": 7, ""micro_f1"": 0.8775380710659898, ""macro_f1"": 0.02749339005625907, ""validation_loss"": 0.6680957000267688, ""train_loss"": 1.206452767861071, ""seconds"": 0.2922520900001473, ""gpu_id"": 0, ""candidate_id"": 60, ""sample_weight"": 0.0008752009911046531}, {""client_id"": 2, ""model_family"": ""transformer"", ""feature_ids"": [1, 5, 7, 11, 12, 18, 21], ""subset_size"": 7, ""micro_f1"": 0.3695, ""macro_f1"": 0.038459735230845754, ""validation_loss"": 1.63987607421875, ""train_loss"": 2.0538429529190063, ""seconds"": 0.7793941980003183, ""gpu_id"": 1, ""candidate_id"": 60, ""sample_weight"": 0.061408177662345804}, {""client_id"": 3, ""model_family"": ""transformer"", ""feature_ids"": [1, 5, 7, 11, 12, 18, 21], ""subset_size"": 7, ""micro_f1"": 0.8259, ""macro_f1"": 0.05197841003405763, ""validation_loss"": 0.696873388671875, ""train_loss"": 1.052247010453542, ""seconds"": 0.7176556700001129, ""gpu_id"": 0, ""candidate_id"": 60, ""sample_weight"": 0.10352608384640223}, {""client_id"": 4, ""model_family"": ""transformer"", ""feature_ids"": [1, 5, 7, 11, 12, 18, 21], ""subset_size"": 7, ""micro_f1"": 0.8287, ""macro_f1"": 0.02727688313399883, ""validation_loss"": 0.5862278930664062, ""train_loss"": 0.8332917412334019, ""seconds"": 0.7197339760000432, ""gpu_id"": 1, ""candidate_id"": 60, ""sample_weight"": 0.05331880053778213}, {""client_id"": 5, ""model_family"": ""transformer"", ""feature_ids"": [1, 5, 7, 11, 12, 18, 21], ""subset_size"": 7, ""micro_f1"": 0.9487, ""macro_f1"": 0.05584835794331938, ""validation_loss"": 0.2786458908081055, ""train_loss"": 0.6444321738825904, ""seconds"": 0.7170828149996851, ""gpu_id"": 0, ""candidate_id"": 60, ""sample_weight"": 0.07030155005722065}, {""client_id"": 6, ""model_family"": ""gru"", ""feature_ids"": [1, 5, 7, 11, 12, 18, 21], ""subset_size"": 7, ""micro_f1"": 0.8468, ""macro_f1"": 0.026971932372689165, ""validation_loss"": 1.087200048828125, ""train_loss"": 2.395636312315199, ""seconds"": 0.34681687200009037, ""gpu_id"": 1, ""candidate_id"": 60, ""sample_weight"": 0.07459801933327874}, {""client_id"": 7, ""model_family"": ""gru"", ""feature_ids"": [1, 5, 7, 11, 12, 18, 21], ""subset_size"": 7, ""micro_f1"": 0.8645, ""macro_f1"": 0.027274304733961165, ""validation_loss"": 0.89912294921875, ""train_loss"": 2.0605372691896227, ""seconds"": 0.3869484659999216, ""gpu_id"": 1, ""candidate_id"": 60, ""sample_weight"": 0.05067317481195735}, {""client_id"": 8, ""model_family"": ""gru"", ""feature_ids"": [1, 5, 7, 11, 12, 18, 21], ""subset_size"": 7, ""micro_f1"": 0.4011, ""macro_f1"": 0.037862093846608644, ""validation_loss"": 2.7634470703125, ""train_loss"": 3.1744476337009004, ""seconds"": 0.36947558900010335, ""gpu_id"": 1, ""candidate_id"": 60, ""sample_weight"": 0.354287210681253}, {""client_id"": 9, ""model_family"": ""gru"", ""feature_ids"": [1, 5, 7, 11, 12, 18, 21], ""subset_size"": 7, ""micro_f1"": 0.7576, ""macro_f1"": 0.025366977392049714, ""validation_loss"": 1.1771363403320312, ""train_loss"": 1.9277145562913682, ""seconds"": 0.3660545910001929, ""gpu_id"": 0, ""candidate_id"": 60, ""sample_weight"": 0.12090074249549396}, {""client_id"": 10, ""model_family"": ""gru"", ""feature_ids"": [1, 5, 7, 11, 12, 18, 21], ""subset_size"": 7, ""micro_f1"": 0.3865, ""macro_f1"": 0.016397615663647357, ""validation_loss"": 2.3301466796875, ""train_loss"": 2.9850324987199572, ""seconds"": 0.3868058250000104, ""gpu_id"": 0, ""candidate_id"": 60, ""sample_weight"": 0.11011103958316146}]"
61,7,6100,"[1, 5, 7, 11, 12, 18, 21]","[""AVG"", ""Max"", ""syn_count"", ""syn_flag_number"", ""rst_flag_number"", ""rst_count"", ""ICMP""]",7,0.6030369554050418,0.03499386725185181,0.6029126644134521,0.72,0.648012429099159,180,14080,"[{""client_id"": 1, ""model_family"": ""transformer"", ""feature_ids"": [1, 5, 7, 11, 12, 18, 21], ""subset_size"": 7, ""micro_f1"": 0.8775380710659898, ""macro_f1"": 0.02749339005625907, ""validation_loss"": 0.667993884401273, ""train_loss"": 1.2095729230624166, ""seconds"": 0.2226571020000847, ""gpu_id"": 0, ""candidate_id"": 61, ""sample_weight"": 0.0008752009911046531}, {""client_id"": 2, ""model_family"": ""transformer"", ""feature_ids"": [1, 5, 7, 11, 12, 18, 21], ""subset_size"": 7, ""micro_f1"": 0.3698, ""macro_f1"": 0.04124016809781581, ""validation_loss"": 1.639072705078125, ""train_loss"": 2.0536585612191094, ""seconds"": 0.7732345250001345, ""gpu_id"": 1, ""candidate_id"": 61, ""sample_weight"": 0.061408177662345804}, {""client_id"": 3, ""model_family"": ""transformer"", ""feature_ids"": [1, 5, 7, 11, 12, 18, 21], ""subset_size"": 7, ""micro_f1"": 0.8257, ""macro_f1"": 0.051955899622948644, ""validation_loss"": 0.6953711853027343, ""train_loss"": 1.0505441019376118, ""seconds"": 0.8142422619998797, ""gpu_id"": 0, ""candidate_id"": 61, ""sample_weight"": 0.10352608384640223}, {""client_id"": 4, ""model_family"": ""transformer"", ""feature_ids"": [1, 5, 7, 11, 12, 18, 21], ""subset_size"": 7, ""micro_f1"": 0.8287, ""macro_f1"": 0.027276032822191192, ""validation_loss"": 0.586803564453125, ""train_loss"": 0.83445242940055, ""seconds"": 0.8357853500001511, ""gpu_id"": 1, ""candidate_id"": 61, ""sample_weight"": 0.05331880053778213}, {""client_id"": 5, ""model_family"": ""transformer"", ""feature_ids"": [1, 5, 7, 11, 12, 18, 21], ""subset_size"": 7, ""micro_f1"": 0.9482, ""macro_f1"": 0.055810666908108875, ""validation_loss"": 0.27827245178222654, ""train_loss"": 0.6432858835220336, ""seconds"": 0.7855425699999614, ""gpu_id"": 0, ""candidate_id"": 61, ""sample_weight"": 0.07030155005722065}, {""client_id"": 6, ""model_family"": ""gru"", ""feature_ids"": [1, 5, 7, 11, 12, 18, 21], ""subset_size"": 7, ""micro_f1"": 0.8468, ""macro_f1"": 0.026971932372689165, ""validation_loss"": 1.0872164306640626, ""train_loss"": 2.3951211077160304, ""seconds"": 0.34862400499969226, ""gpu_id"": 1, ""candidate_id"": 61, ""sample_weight"": 0.07459801933327874}, {""client_id"": 7, ""model_family"": ""gru"", ""feature_ids"": [1, 5, 7, 11, 12, 18, 21], ""subset_size"": 7, ""micro_f1"": 0.8645, ""macro_f1"": 0.027274304733961165, ""validation_loss"": 0.8989568969726562, ""train_loss"": 2.0592166125827367, ""seconds"": 0.36006111599999713, ""gpu_id"": 1, ""candidate_id"": 61, ""sample_weight"": 0.05067317481195735}, {""client_id"": 8, ""model_family"": ""gru"", ""feature_ids"": [1, 5, 7, 11, 12, 18, 21], ""subset_size"": 7, ""micro_f1"": 0.4011, ""macro_f1"": 0.037862093846608644, ""validation_loss"": 2.7634173828125, ""train_loss"": 3.174676085196601, ""seconds"": 0.32213573000035467, ""gpu_id"": 1, ""candidate_id"": 61, ""sample_weight"": 0.354287210681253}, {""client_id"": 9, ""model_family"": ""gru"", ""feature_ids"": [1, 5, 7, 11, 12, 18, 21], ""subset_size"": 7, ""micro_f1"": 0.7576, ""macro_f1"": 0.025366977392049714, ""validation_loss"": 1.1763944580078125, ""train_loss"": 1.9286062735239664, ""seconds"": 0.35358920400040006, ""gpu_id"": 0, ""candidate_id"": 61, ""sample_weight"": 0.12090074249549396}, {""client_id"": 10, ""model_family"": ""gru"", ""feature_ids"": [1, 5, 7, 11, 12, 18, 21], ""subset_size"": 7, ""micro_f1"": 0.3865, ""macro_f1"": 0.016397615663647357, ""validation_loss"": 2.32962802734375, ""train_loss"": 2.9851179264068604, ""seconds"": 0.33231059600029766, ""gpu_id"": 0, ""candidate_id"": 61, ""sample_weight"": 0.11011103958316146}]"
62,7,6200,"[1, 5, 7, 11, 12, 18, 21]","[""AVG"", ""Max"", ""syn_count"", ""syn_flag_number"", ""rst_flag_number"", ""rst_count"", ""ICMP""]",7,0.603232271530984,0.03506237064331937,0.6033143401145935,0.72,0.647991793141639,180,14260,"[{""client_id"": 1, ""model_family"": ""transformer"", ""feature_ids"": [1, 5, 7, 11, 12, 18, 21], ""subset_size"": 7, ""micro_f1"": 0.8775380710659898, ""macro_f1"": 0.02749339005625907, ""validation_loss"": 0.667864571973152, ""train_loss"": 1.206199539864191, ""seconds"": 0.24727025899983346, ""gpu_id"": 0, ""candidate_id"": 62, ""sample_weight"": 0.0008752009911046531}, {""client_id"": 2, ""model_family"": ""transformer"", ""feature_ids"": [1, 5, 7, 11, 12, 18, 21], ""subset_size"": 7, ""micro_f1"": 0.3723, ""macro_f1"": 0.04230184989600139, ""validation_loss"": 1.639178564453125, ""train_loss"": 2.0534145453982884, ""seconds"": 0.7822056929999235, ""gpu_id"": 1, ""candidate_id"": 62, ""sample_weight"": 0.061408177662345804}, {""client_id"": 3, ""model_family"": ""transformer"", ""feature_ids"": [1, 5, 7, 11, 12, 18, 21], ""subset_size"": 7, ""micro_f1"": 0.8259, ""macro_f1"": 0.0519742297594722, ""validation_loss"": 0.6969021545410157, ""train_loss"": 1.0510900664117602, ""seconds"": 0.8065426349999143, ""gpu_id"": 0, ""candidate_id"": 62, ""sample_weight"": 0.10352608384640223}, {""client_id"": 4, ""model_family"": ""transformer"", ""feature_ids"": [1, 5, 7, 11, 12, 18, 21], ""subset_size"": 7, ""micro_f1"": 0.8287, ""macro_f1"": 0.027272663774034638, ""validation_loss"": 0.5864985473632812, ""train_loss"": 0.833017132727305, ""seconds"": 0.8836227719998533, ""gpu_id"": 1, ""candidate_id"": 62, ""sample_weight"": 0.05331880053778213}, {""client_id"": 5, ""model_family"": ""transformer"", ""feature_ids"": [1, 5, 7, 11, 12, 18, 21], ""subset_size"": 7, ""micro_f1"": 0.9485, ""macro_f1"": 0.05583327570319827, ""validation_loss"": 0.2786492691040039, ""train_loss"": 0.6433683298428854, ""seconds"": 0.8504212130001179, ""gpu_id"": 0, ""candidate_id"": 62, ""sample_weight"": 0.07030155005722065}, {""client_id"": 6, ""model_family"": ""gru"", ""feature_ids"": [1, 5, 7, 11, 12, 18, 21], ""subset_size"": 7, ""micro_f1"": 0.8468, ""macro_f1"": 0.026971932372689165, ""validation_loss"": 1.08802421875, ""train_loss"": 2.396030379570855, ""seconds"": 0.38558978400033084, ""gpu_id"": 1, ""candidate_id"": 62, ""sample_weight"": 0.07459801933327874}, {""client_id"": 7, ""model_family"": ""gru"", ""feature_ids"": [1, 5, 7, 11, 12, 18, 21], ""subset_size"": 7, ""micro_f1"": 0.8645, ""macro_f1"": 0.027274304733961165, ""validation_loss"": 0.899511669921875, ""train_loss"": 2.059984163708157, ""seconds"": 0.40964549899990743, ""gpu_id"": 1, ""candidate_id"": 62, ""sample_weight"": 0.05067317481195735}, {""client_id"": 8, ""model_family"": ""gru"", ""feature_ids"": [1, 5, 7, 11, 12, 18, 21], ""subset_size"": 7, ""micro_f1"": 0.4011, ""macro_f1"": 0.037862093846608644, ""validation_loss"": 2.7636830078125, ""train_loss"": 3.1749495219336614, ""seconds"": 0.3508366030000616, ""gpu_id"": 1, ""candidate_id"": 62, ""sample_weight"": 0.354287210681253}, {""client_id"": 9, ""model_family"": ""gru"", ""feature_ids"": [1, 5, 7, 11, 12, 18, 21], ""subset_size"": 7, ""micro_f1"": 0.7576, ""macro_f1"": 0.025366977392049714, ""validation_loss"": 1.1773396240234375, ""train_loss"": 1.9276671914630465, ""seconds"": 0.39225530599969716, ""gpu_id"": 0, ""candidate_id"": 62, ""sample_weight"": 0.12090074249549396}, {""client_id"": 10, ""model_family"": ""gru"", ""feature_ids"": [1, 5, 7, 11, 12, 18, 21], ""subset_size"": 7, ""micro_f1"": 0.3865, ""macro_f1"": 0.016397615663647357, ""validation_loss"": 2.3301375, ""train_loss"": 2.9849386401706273, ""seconds"": 0.3899239709999165, ""gpu_id"": 0, ""candidate_id"": 62, ""sample_weight"": 0.11011103958316146}]"
63,7,6300,"[1, 5, 7, 11, 12, 18, 21]","[""AVG"", ""Max"", ""syn_count"", ""syn_flag_number"", ""rst_flag_number"", ""rst_count"", ""ICMP""]",7,0.6025221005928276,0.03473252554670251,0.6031990051269531,0.72,0.6479323095465874,180,14440,"[{""client_id"": 1, ""model_family"": ""transformer"", ""feature_ids"": [1, 5, 7, 11, 12, 18, 21], ""subset_size"": 7, ""micro_f1"": 0.8775380710659898, ""macro_f1"": 0.02749339005625907, ""validation_loss"": 0.6684914216172272, ""train_loss"": 1.2023098662419973, ""seconds"": 0.2841250179999406, ""gpu_id"": 0, ""candidate_id"": 63, ""sample_weight"": 0.0008752009911046531}, {""client_id"": 2, ""model_family"": ""transformer"", ""feature_ids"": [1, 5, 7, 11, 12, 18, 21], ""subset_size"": 7, ""micro_f1"": 0.3605, ""macro_f1"": 0.03690465746480019, ""validation_loss"": 1.640468798828125, ""train_loss"": 2.0540907383812796, ""seconds"": 0.747073915999863, ""gpu_id"": 1, ""candidate_id"": 63, ""sample_weight"": 0.061408177662345804}, {""client_id"": 3, ""model_family"": ""transformer"", ""feature_ids"": [1, 5, 7, 11, 12, 18, 21], ""subset_size"": 7, ""micro_f1"": 0.8257, ""macro_f1"": 0.05195735040402026, ""validation_loss"": 0.6956836730957031, ""train_loss"": 1.0500896697362263, ""seconds"": 0.6777787060000264, ""gpu_id"": 0, ""candidate_id"": 63, ""sample_weight"": 0.10352608384640223}, {""client_id"": 4, ""model_family"": ""transformer"", ""feature_ids"": [1, 5, 7, 11, 12, 18, 21], ""subset_size"": 7, ""micro_f1"": 0.8287, ""macro_f1"": 0.027276032822191192, ""validation_loss"": 0.5861554931640625, ""train_loss"": 0.8325442532327441, ""seconds"": 0.7153499579999334, ""gpu_id"": 1, ""candidate_id"": 63, ""sample_weight"": 0.05331880053778213}, {""client_id"": 5, ""model_family"": ""transformer"", ""feature_ids"": [1, 5, 7, 11, 12, 18, 21], ""subset_size"": 7, ""micro_f1"": 0.949, ""macro_f1"": 0.05587814633599047, ""validation_loss"": 0.27812197113037107, ""train_loss"": 0.6423016135533651, ""seconds"": 0.7089899210000112, ""gpu_id"": 0, ""candidate_id"": 63, ""sample_weight"": 0.07030155005722065}, {""client_id"": 6, ""model_family"": ""gru"", ""feature_ids"": [1, 5, 7, 11, 12, 18, 21], ""subset_size"": 7, ""micro_f1"": 0.8468, ""macro_f1"": 0.026971932372689165, ""validation_loss"": 1.088001318359375, ""train_loss"": 2.395960345840454, ""seconds"": 0.3497786839998298, ""gpu_id"": 1, ""candidate_id"": 63, ""sample_weight"": 0.07459801933327874}, {""client_id"": 7, ""model_family"": ""gru"", ""feature_ids"": [1, 5, 7, 11, 12, 18, 21], ""subset_size"": 7, ""micro_f1"": 0.8645, ""macro_f1"": 0.027274304733961165, ""validation_loss"": 0.9006042236328125, ""train_loss"": 2.060155536556244, ""seconds"": 0.3861304930001097, ""gpu_id"": 1, ""candidate_id"": 63, ""sample_weight"": 0.05067317481195735}, {""client_id"": 8, ""model_family"": ""gru"", ""feature_ids"": [1, 5, 7, 11, 12, 18, 21], ""subset_size"": 7, ""micro_f1"": 0.4011, ""macro_f1"": 0.037862093846608644, ""validation_loss"": 2.762949609375, ""train_loss"": 3.174308050282796, ""seconds"": 0.33858428799976537, ""gpu_id"": 1, ""candidate_id"": 63, ""sample_weight"": 0.354287210681253}, {""client_id"": 9, ""model_family"": ""gru"", ""feature_ids"": [1, 5, 7, 11, 12, 18, 21], ""subset_size"": 7, ""micro_f1"": 0.7576, ""macro_f1"": 0.025366977392049714, ""validation_loss"": 1.176976953125, ""train_loss"": 1.927934861585829, ""seconds"": 0.3490926210001817, ""gpu_id"": 0, ""candidate_id"": 63, ""sample_weight"": 0.12090074249549396}, {""client_id"": 10, ""model_family"": ""gru"", ""feature_ids"": [1, 5, 7, 11, 12, 18, 21], ""subset_size"": 7, ""micro_f1"": 0.3865, ""macro_f1"": 0.016397615663647357, ""validation_loss"": 2.32985205078125, ""train_loss"": 2.984747938791911, ""seconds"": 0.3858944749999864, ""gpu_id"": 0, ""candidate_id"": 63, ""sample_weight"": 0.11011103958316146}]"
64,7,6400,"[1, 5, 7, 11, 12, 18, 21]","[""AVG"", ""Max"", ""syn_count"", ""syn_flag_number"", ""rst_flag_number"", ""rst_count"", ""ICMP""]",7,0.6032740987246956,0.035078394239447405,0.6024357676506042,0.72,0.6480838331074091,180,14620,"[{""client_id"": 1, ""model_family"": ""transformer"", ""feature_ids"": [1, 5, 7, 11, 12, 18, 21], ""subset_size"": 7, ""micro_f1"": 0.8775380710659898, ""macro_f1"": 0.02749339005625907, ""validation_loss"": 0.6679895468774786, ""train_loss"": 1.207794533902753, ""seconds"": 0.21891252399973382, ""gpu_id"": 0, ""candidate_id"": 64, ""sample_weight"": 0.0008752009911046531}, {""client_id"": 2, ""model_family"": ""transformer"", ""feature_ids"": [1, 5, 7, 11, 12, 18, 21], ""subset_size"": 7, ""micro_f1"": 0.3728, ""macro_f1"": 0.04253796055581954, ""validation_loss"": 1.639314111328125, ""train_loss"": 2.0536400442547267, ""seconds"": 0.6728443609999886, ""gpu_id"": 1, ""candidate_id"": 64, ""sample_weight"": 0.061408177662345804}, {""client_id"": 3, ""model_family"": ""transformer"", ""feature_ids"": [1, 5, 7, 11, 12, 18, 21], ""subset_size"": 7, ""micro_f1"": 0.8256, ""macro_f1"": 0.051949187948507745, ""validation_loss"": 0.6960059448242187, ""train_loss"": 1.0511564199235703, ""seconds"": 0.6983263370002533, ""gpu_id"": 0, ""candidate_id"": 64, ""sample_weight"": 0.10352608384640223}, {""client_id"": 4, ""model_family"": ""transformer"", ""feature_ids"": [1, 5, 7, 11, 12, 18, 21], ""subset_size"": 7, ""micro_f1"": 0.8287, ""macro_f1"": 0.027276032822191192, ""validation_loss"": 0.5862976684570312, ""train_loss"": 0.8333770130581326, ""seconds"": 0.8106651820003208, ""gpu_id"": 1, ""candidate_id"": 64, ""sample_weight"": 0.05331880053778213}, {""client_id"": 5, ""model_family"": ""transformer"", ""feature_ids"": [1, 5, 7, 11, 12, 18, 21], ""subset_size"": 7, ""micro_f1"": 0.9491, ""macro_f1"": 0.05588928183384055, ""validation_loss"": 0.2780107223510742, ""train_loss"": 0.6436786864227719, ""seconds"": 0.8167247960000168, ""gpu_id"": 0, ""candidate_id"": 64, ""sample_weight"": 0.07030155005722065}, {""client_id"": 6, ""model_family"": ""gru"", ""feature_ids"": [1, 5, 7, 11, 12, 18, 21], ""subset_size"": 7, ""micro_f1"": 0.8468, ""macro_f1"": 0.026971932372689165, ""validation_loss"": 1.086687060546875, ""train_loss"": 2.3953037303500704, ""seconds"": 0.3387871959998847, ""gpu_id"": 1, ""candidate_id"": 64, ""sample_weight"": 0.07459801933327874}, {""client_id"": 7, ""model_family"": ""gru"", ""feature_ids"": [1, 5, 7, 11, 12, 18, 21], ""subset_size"": 7, ""micro_f1"": 0.8645, ""macro_f1"": 0.027274304733961165, ""validation_loss"": 0.8998363891601563, ""train_loss"": 2.0605988432566327, ""seconds"": 0.33924247200002355, ""gpu_id"": 1, ""candidate_id"": 64, ""sample_weight"": 0.05067317481195735}, {""client_id"": 8, ""model_family"": ""gru"", ""feature_ids"": [1, 5, 7, 11, 12, 18, 21], ""subset_size"": 7, ""micro_f1"": 0.4011, ""macro_f1"": 0.037862093846608644, ""validation_loss"": 2.763384765625, ""train_loss"": 3.1743848750220405, ""seconds"": 0.33441078400028346, ""gpu_id"": 1, ""candidate_id"": 64, ""sample_weight"": 0.354287210681253}, {""client_id"": 9, ""model_family"": ""gru"", ""feature_ids"": [1, 5, 7, 11, 12, 18, 21], ""subset_size"": 7, ""micro_f1"": 0.7576, ""macro_f1"": 0.025366977392049714, ""validation_loss"": 1.177260595703125, ""train_loss"": 1.9283040769365098, ""seconds"": 0.3313162649997139, ""gpu_id"": 0, ""candidate_id"": 64, ""sample_weight"": 0.12090074249549396}, {""client_id"": 10, ""model_family"": ""gru"", ""feature_ids"": [1, 5, 7, 11, 12, 18, 21], ""subset_size"": 7, ""micro_f1"": 0.3865, ""macro_f1"": 0.016397615663647357, ""validation_loss"": 2.3293978515625, ""train_loss"": 2.984537532764011, ""seconds"": 0.3458201060002466, ""gpu_id"": 0, ""candidate_id"": 64, ""sample_weight"": 0.11011103958316146}]"
65,7,6500,"[1, 5, 7, 11, 12, 18, 21]","[""AVG"", ""Max"", ""syn_count"", ""syn_flag_number"", ""rst_flag_number"", ""rst_count"", ""ICMP""]",7,0.6025582065148545,0.034761505918767525,0.6031209826469421,0.72,0.6479437223867912,180,14800,"[{""client_id"": 1, ""model_family"": ""transformer"", ""feature_ids"": [1, 5, 7, 11, 12, 18, 21], ""subset_size"": 7, ""micro_f1"": 0.8775380710659898, ""macro_f1"": 0.02749339005625907, ""validation_loss"": 0.6674703607704434, ""train_loss"": 1.208980175679643, ""seconds"": 0.271762808999938, ""gpu_id"": 0, ""candidate_id"": 65, ""sample_weight"": 0.0008752009911046531}, {""client_id"": 2, ""model_family"": ""transformer"", ""feature_ids"": [1, 5, 7, 11, 12, 18, 21], ""subset_size"": 7, ""micro_f1"": 0.3616, ""macro_f1"": 0.03742862685308092, ""validation_loss"": 1.640094287109375, ""train_loss"": 2.0538634169472587, ""seconds"": 0.742132730999856, ""gpu_id"": 1, ""candidate_id"": 65, ""sample_weight"": 0.061408177662345804}, {""client_id"": 3, ""model_family"": ""transformer"", ""feature_ids"": [1, 5, 7, 11, 12, 18, 21], ""subset_size"": 7, ""micro_f1"": 0.8256, ""macro_f1"": 0.051948875767099105, ""validation_loss"": 0.6961304870605469, ""train_loss"": 1.0502805464426677, ""seconds"": 0.7411629059997722, ""gpu_id"": 0, ""candidate_id"": 65, ""sample_weight"": 0.10352608384640223}, {""client_id"": 4, ""model_family"": ""transformer"", ""feature_ids"": [1, 5, 7, 11, 12, 18, 21], ""subset_size"": 7, ""micro_f1"": 0.8287, ""macro_f1"": 0.027271829481775842, ""validation_loss"": 0.5863732421875, ""train_loss"": 0.8329000029351976, ""seconds"": 0.771086288999868, ""gpu_id"": 1, ""candidate_id"": 65, ""sample_weight"": 0.05331880053778213}, {""client_id"": 5, ""model_family"": ""transformer"", ""feature_ids"": [1, 5, 7, 11, 12, 18, 21], ""subset_size"": 7, ""micro_f1"": 0.9487, ""macro_f1"": 0.05584835794331938, ""validation_loss"": 0.2779874130249023, ""train_loss"": 0.644113977156745, ""seconds"": 0.7595076600000539, ""gpu_id"": 0, ""candidate_id"": 65, ""sample_weight"": 0.07030155005722065}, {""client_id"": 6, ""model_family"": ""gru"", ""feature_ids"": [1, 5, 7, 11, 12, 18, 21], ""subset_size"": 7, ""micro_f1"": 0.8468, ""macro_f1"": 0.026971932372689165, ""validation_loss"": 1.0879647705078126, ""train_loss"": 2.3956321475558813, ""seconds"": 0.3928465210001377, ""gpu_id"": 1, ""candidate_id"": 65, ""sample_weight"": 0.07459801933327874}, {""client_id"": 7, ""model_family"": ""gru"", ""feature_ids"": [1, 5, 7, 11, 12, 18, 21], ""subset_size"": 7, ""micro_f1"": 0.8645, ""macro_f1"": 0.027274304733961165, ""validation_loss"": 0.9000575805664063, ""train_loss"": 2.060297410996755, ""seconds"": 0.34976343299967994, ""gpu_id"": 1, ""candidate_id"": 65, ""sample_weight"": 0.05067317481195735}, {""client_id"": 8, ""model_family"": ""gru"", ""feature_ids"": [1, 5, 7, 11, 12, 18, 21], ""subset_size"": 7, ""micro_f1"": 0.4011, ""macro_f1"": 0.037862093846608644, ""validation_loss"": 2.7632541015625, ""train_loss"": 3.1747694012535943, ""seconds"": 0.3559401490001619, ""gpu_id"": 1, ""candidate_id"": 65, ""sample_weight"": 0.354287210681253}, {""client_id"": 9, ""model_family"": ""gru"", ""feature_ids"": [1, 5, 7, 11, 12, 18, 21], ""subset_size"": 7, ""micro_f1"": 0.7576, ""macro_f1"": 0.025366977392049714, ""validation_loss"": 1.1769174072265625, ""train_loss"": 1.9277856783972847, ""seconds"": 0.349142602000029, ""gpu_id"": 0, ""candidate_id"": 65, ""sample_weight"": 0.12090074249549396}, {""client_id"": 10, ""model_family"": ""gru"", ""feature_ids"": [1, 5, 7, 11, 12, 18, 21], ""subset_size"": 7, ""micro_f1"": 0.3865, ""macro_f1"": 0.016397615663647357, ""validation_loss"": 2.3288955078125, ""train_loss"": 2.9845439446343316, ""seconds"": 0.3641616280001472, ""gpu_id"": 0, ""candidate_id"": 65, ""sample_weight"": 0.11011103958316146}]"
66,7,6600,"[1, 5, 7, 11, 12, 18, 21]","[""AVG"", ""Max"", ""syn_count"", ""syn_flag_number"", ""rst_flag_number"", ""rst_count"", ""ICMP""]",7,0.6544364436278067,0.043982770212968085,0.6028487086296082,0.72,0.6531587734998199,180,14980,"[{""client_id"": 1, ""model_family"": ""transformer"", ""feature_ids"": [1, 5, 7, 11, 12, 18, 21], ""subset_size"": 7, ""micro_f1"": 0.8775380710659898, ""macro_f1"": 0.02749339005625907, ""validation_loss"": 0.6675481263756147, ""train_loss"": 1.2079107172060202, ""seconds"": 0.25939703999983976, ""gpu_id"": 0, ""candidate_id"": 66, ""sample_weight"": 0.0008752009911046531}, {""client_id"": 2, ""model_family"": ""transformer"", ""feature_ids"": [1, 5, 7, 11, 12, 18, 21], ""subset_size"": 7, ""micro_f1"": 0.3698, ""macro_f1"": 0.04125144221337097, ""validation_loss"": 1.638612890625, ""train_loss"": 2.0524792909410263, ""seconds"": 0.8679610680001133, ""gpu_id"": 1, ""candidate_id"": 66, ""sample_weight"": 0.061408177662345804}, {""client_id"": 3, ""model_family"": ""transformer"", ""feature_ids"": [1, 5, 7, 11, 12, 18, 21], ""subset_size"": 7, ""micro_f1"": 0.8257, ""macro_f1"": 0.05195612938977364, ""validation_loss"": 0.6966044555664063, ""train_loss"": 1.0524314975738525, ""seconds"": 0.8932965130002231, ""gpu_id"": 0, ""candidate_id"": 66, ""sample_weight"": 0.10352608384640223}, {""client_id"": 4, ""model_family"": ""transformer"", ""feature_ids"": [1, 5, 7, 11, 12, 18, 21], ""subset_size"": 7, ""micro_f1"": 0.8287, ""macro_f1"": 0.02727434189046475, ""validation_loss"": 0.5866388793945313, ""train_loss"": 0.8327763149473402, ""seconds"": 0.9047528360001706, ""gpu_id"": 1, ""candidate_id"": 66, ""sample_weight"": 0.05331880053778213}, {""client_id"": 5, ""model_family"": ""transformer"", ""feature_ids"": [1, 5, 7, 11, 12, 18, 21], ""subset_size"": 7, ""micro_f1"": 0.9491, ""macro_f1"": 0.055882121973285126, ""validation_loss"": 0.2775649475097656, ""train_loss"": 0.6430791975657145, ""seconds"": 0.8347180220002883, ""gpu_id"": 0, ""candidate_id"": 66, ""sample_weight"": 0.07030155005722065}, {""client_id"": 6, ""model_family"": ""gru"", ""feature_ids"": [1, 5, 7, 11, 12, 18, 21], ""subset_size"": 7, ""micro_f1"": 0.8468, ""macro_f1"": 0.026971932372689165, ""validation_loss"": 1.0890541259765625, ""train_loss"": 2.39617615875668, ""seconds"": 0.35283372200001395, ""gpu_id"": 1, ""candidate_id"": 66, ""sample_weight"": 0.07459801933327874}, {""client_id"": 7, ""model_family"": ""gru"", ""feature_ids"": [1, 5, 7, 11, 12, 18, 21], ""subset_size"": 7, ""micro_f1"": 0.8645, ""macro_f1"": 0.027274304733961165, ""validation_loss"": 0.8989601806640625, ""train_loss"": 2.0598426405270893, ""seconds"": 0.34577274399998714, ""gpu_id"": 1, ""candidate_id"": 66, ""sample_weight"": 0.05067317481195735}, {""client_id"": 8, ""model_family"": ""gru"", ""feature_ids"": [1, 5, 7, 11, 12, 18, 21], ""subset_size"": 7, ""micro_f1"": 0.546, ""macro_f1"": 0.0632179445156239, ""validation_loss"": 2.763587890625, ""train_loss"": 3.1750193135579425, ""seconds"": 0.33677253599989854, ""gpu_id"": 1, ""candidate_id"": 66, ""sample_weight"": 0.354287210681253}, {""client_id"": 9, ""model_family"": ""gru"", ""feature_ids"": [1, 5, 7, 11, 12, 18, 21], ""subset_size"": 7, ""micro_f1"": 0.7576, ""macro_f1"": 0.025366977392049714, ""validation_loss"": 1.1765447387695311, ""train_loss"": 1.9289170483695137, ""seconds"": 0.36553157399976044, ""gpu_id"": 0, ""candidate_id"": 66, ""sample_weight"": 0.12090074249549396}, {""client_id"": 10, ""model_family"": ""gru"", ""feature_ids"": [1, 5, 7, 11, 12, 18, 21], ""subset_size"": 7, ""micro_f1"": 0.3865, ""macro_f1"": 0.016397615663647357, ""validation_loss"": 2.32976357421875, ""train_loss"": 2.9850304799397787, ""seconds"": 0.34701011099969037, ""gpu_id"": 0, ""candidate_id"": 66, ""sample_weight"": 0.11011103958316146}]"
67,7,6700,"[1, 5, 7, 11, 12, 18, 21]","[""AVG"", ""Max"", ""syn_count"", ""syn_flag_number"", ""rst_flag_number"", ""rst_count"", ""ICMP""]",7,0.6026479597617336,0.03480805701623452,0.654779314994812,0.72,0.6427868644766922,180,15160,"[{""client_id"": 1, ""model_family"": ""transformer"", ""feature_ids"": [1, 5, 7, 11, 12, 18, 21], ""subset_size"": 7, ""micro_f1"": 0.8775380710659898, ""macro_f1"": 0.02749339005625907, ""validation_loss"": 0.668353802056482, ""train_loss"": 1.2035918947807223, ""seconds"": 0.30510542000001806, ""gpu_id"": 0, ""candidate_id"": 67, ""sample_weight"": 0.0008752009911046531}, {""client_id"": 2, ""model_family"": ""transformer"", ""feature_ids"": [1, 5, 7, 11, 12, 18, 21], ""subset_size"": 7, ""micro_f1"": 0.363, ""macro_f1"": 0.03814869213403843, ""validation_loss"": 1.638690576171875, ""train_loss"": 2.053683620919122, ""seconds"": 0.7928599919996486, ""gpu_id"": 1, ""candidate_id"": 67, ""sample_weight"": 0.061408177662345804}, {""client_id"": 3, ""model_family"": ""transformer"", ""feature_ids"": [1, 5, 7, 11, 12, 18, 21], ""subset_size"": 7, ""micro_f1"": 0.8254, ""macro_f1"": 0.051936192187844336, ""validation_loss"": 0.6969462707519531, ""train_loss"": 1.0516164565298292, ""seconds"": 0.7490048249997017, ""gpu_id"": 0, ""candidate_id"": 67, ""sample_weight"": 0.10352608384640223}, {""client_id"": 4, ""model_family"": ""transformer"", ""feature_ids"": [1, 5, 7, 11, 12, 18, 21], ""subset_size"": 7, ""micro_f1"": 0.8285, ""macro_f1"": 0.027271563179039716, ""validation_loss"": 0.5861298706054687, ""train_loss"": 0.8333001232677036, ""seconds"": 0.7513159220002308, ""gpu_id"": 1, ""candidate_id"": 67, ""sample_weight"": 0.05331880053778213}, {""client_id"": 5, ""model_family"": ""transformer"", ""feature_ids"": [1, 5, 7, 11, 12, 18, 21], ""subset_size"": 7, ""micro_f1"": 0.9492, ""macro_f1"": 0.05590042622622861, ""validation_loss"": 0.27845705108642577, ""train_loss"": 0.6424381246672737, ""seconds"": 0.6938143609995677, ""gpu_id"": 0, ""candidate_id"": 67, ""sample_weight"": 0.07030155005722065}, {""client_id"": 6, ""model_family"": ""gru"", ""feature_ids"": [1, 5, 7, 11, 12, 18, 21], ""subset_size"": 7, ""micro_f1"": 0.8468, ""macro_f1"": 0.026971932372689165, ""validation_loss"": 1.0870060302734375, ""train_loss"": 2.3950063562817046, ""seconds"": 0.3535733660000915, ""gpu_id"": 1, ""candidate_id"": 67, ""sample_weight"": 0.07459801933327874}, {""client_id"": 7, ""model_family"": ""gru"", ""feature_ids"": [1, 5, 7, 11, 12, 18, 21], ""subset_size"": 7, ""micro_f1"": 0.8645, ""macro_f1"": 0.027274304733961165, ""validation_loss"": 0.8987085327148437, ""train_loss"": 2.0583332221772936, ""seconds"": 0.3622014180000406, ""gpu_id"": 1, ""candidate_id"": 67, ""sample_weight"": 0.05067317481195735}, {""client_id"": 8, ""model_family"": ""gru"", ""feature_ids"": [1, 5, 7, 11, 12, 18, 21], ""subset_size"": 7, ""micro_f1"": 0.4011, ""macro_f1"": 0.037862093846608644, ""validation_loss"": 2.7634806640625, ""train_loss"": 3.1749312713623046, ""seconds"": 0.38998469500029387, ""gpu_id"": 1, ""candidate_id"": 67, ""sample_weight"": 0.354287210681253}, {""client_id"": 9, ""model_family"": ""gru"", ""feature_ids"": [1, 5, 7, 11, 12, 18, 21], ""subset_size"": 7, ""micro_f1"": 0.7576, ""macro_f1"": 0.025366977392049714, ""validation_loss"": 1.1769722290039062, ""train_loss"": 1.9279601806004842, ""seconds"": 0.3591522100000475, ""gpu_id"": 0, ""candidate_id"": 67, ""sample_weight"": 0.12090074249549396}, {""client_id"": 10, ""model_family"": ""gru"", ""feature_ids"": [1, 5, 7, 11, 12, 18, 21], ""subset_size"": 7, ""micro_f1"": 0.3865, ""macro_f1"": 0.016397615663647357, ""validation_loss"": 2.329040234375, ""train_loss"": 2.984642946879069, ""seconds"": 0.3805127509999693, ""gpu_id"": 0, ""candidate_id"": 67, ""sample_weight"": 0.11011103958316146}]"
68,7,6800,"[1, 5, 7, 11, 12, 18, 21]","[""AVG"", ""Max"", ""syn_count"", ""syn_flag_number"", ""rst_flag_number"", ""rst_count"", ""ICMP""]",7,0.6033851375334794,0.03489588531427992,0.6165302991867065,0.72,0.6466854838346773,180,15340,"[{""client_id"": 1, ""model_family"": ""transformer"", ""feature_ids"": [1, 5, 7, 11, 12, 18, 21], ""subset_size"": 7, ""micro_f1"": 0.8775380710659898, ""macro_f1"": 0.02749339005625907, ""validation_loss"": 0.6686166482528454, ""train_loss"": 1.2037683693083814, ""seconds"": 0.23459276999983558, ""gpu_id"": 0, ""candidate_id"": 68, ""sample_weight"": 0.0008752009911046531}, {""client_id"": 2, ""model_family"": ""transformer"", ""feature_ids"": [1, 5, 7, 11, 12, 18, 21], ""subset_size"": 7, ""micro_f1"": 0.3745, ""macro_f1"": 0.03956824465556733, ""validation_loss"": 1.64008935546875, ""train_loss"": 2.053751861254374, ""seconds"": 0.7245664600000055, ""gpu_id"": 1, ""candidate_id"": 68, ""sample_weight"": 0.061408177662345804}, {""client_id"": 3, ""model_family"": ""transformer"", ""feature_ids"": [1, 5, 7, 11, 12, 18, 21], ""subset_size"": 7, ""micro_f1"": 0.8258, ""macro_f1"": 0.05196490128209596, ""validation_loss"": 0.6957861450195313, ""train_loss"": 1.0488498031616211, ""seconds"": 0.7149792919999527, ""gpu_id"": 0, ""candidate_id"": 68, ""sample_weight"": 0.10352608384640223}, {""client_id"": 4, ""model_family"": ""transformer"", ""feature_ids"": [1, 5, 7, 11, 12, 18, 21], ""subset_size"": 7, ""micro_f1"": 0.8287, ""macro_f1"": 0.02727688313399883, ""validation_loss"": 0.5859702880859375, ""train_loss"": 0.8329978033807542, ""seconds"": 0.760524359000101, ""gpu_id"": 1, ""candidate_id"": 68, ""sample_weight"": 0.05331880053778213}, {""client_id"": 5, ""model_family"": ""transformer"", ""feature_ids"": [1, 5, 7, 11, 12, 18, 21], ""subset_size"": 7, ""micro_f1"": 0.9489, ""macro_f1"": 0.055863447964560976, ""validation_loss"": 0.278176513671875, ""train_loss"": 0.6434997723314497, ""seconds"": 0.7766421960000116, ""gpu_id"": 0, ""candidate_id"": 68, ""sample_weight"": 0.07030155005722065}, {""client_id"": 6, ""model_family"": ""gru"", ""feature_ids"": [1, 5, 7, 11, 12, 18, 21], ""subset_size"": 7, ""micro_f1"": 0.8468, ""macro_f1"": 0.026971932372689165, ""validation_loss"": 1.0898078125, ""train_loss"": 2.3964842775556776, ""seconds"": 0.4012380750000375, ""gpu_id"": 1, ""candidate_id"": 68, ""sample_weight"": 0.07459801933327874}, {""client_id"": 7, ""model_family"": ""gru"", ""feature_ids"": [1, 5, 7, 11, 12, 18, 21], ""subset_size"": 7, ""micro_f1"": 0.8645, ""macro_f1"": 0.027274304733961165, ""validation_loss"": 0.8983926635742188, ""train_loss"": 2.0585408854378593, ""seconds"": 0.35155129400027363, ""gpu_id"": 1, ""candidate_id"": 68, ""sample_weight"": 0.05067317481195735}, {""client_id"": 8, ""model_family"": ""gru"", ""feature_ids"": [1, 5, 7, 11, 12, 18, 21], ""subset_size"": 7, ""micro_f1"": 0.4011, ""macro_f1"": 0.037862093846608644, ""validation_loss"": 2.76406484375, ""train_loss"": 3.1750157117207847, ""seconds"": 0.412352472999828, ""gpu_id"": 1, ""candidate_id"": 68, ""sample_weight"": 0.354287210681253}, {""client_id"": 9, ""model_family"": ""gru"", ""feature_ids"": [1, 5, 7, 11, 12, 18, 21], ""subset_size"": 7, ""micro_f1"": 0.7576, ""macro_f1"": 0.025366977392049714, ""validation_loss"": 1.1770353637695312, ""train_loss"": 1.9276643810484144, ""seconds"": 0.35774250499980553, ""gpu_id"": 0, ""candidate_id"": 68, ""sample_weight"": 0.12090074249549396}, {""client_id"": 10, ""model_family"": ""gru"", ""feature_ids"": [1, 5, 7, 11, 12, 18, 21], ""subset_size"": 7, ""micro_f1"": 0.3865, ""macro_f1"": 0.016397615663647357, ""validation_loss"": 2.33012763671875, ""train_loss"": 2.984774023352729, ""seconds"": 0.42486456100004943, ""gpu_id"": 0, ""candidate_id"": 68, ""sample_weight"": 0.11011103958316146}]"
69,7,6900,"[1, 5, 7, 11, 12, 18, 21]","[""AVG"", ""Max"", ""syn_count"", ""syn_flag_number"", ""rst_flag_number"", ""rst_count"", ""ICMP""]",7,0.6030757334821701,0.035003510250833855,0.5814998745918274,0.72,0.6501575858890343,180,15520,"[{""client_id"": 1, ""model_family"": ""transformer"", ""feature_ids"": [1, 5, 7, 11, 12, 18, 21], ""subset_size"": 7, ""micro_f1"": 0.8775380710659898, ""macro_f1"": 0.02749339005625907, ""validation_loss"": 0.6674030129679569, ""train_loss"": 1.2095017451992562, ""seconds"": 0.27007736900031887, ""gpu_id"": 0, ""candidate_id"": 69, ""sample_weight"": 0.0008752009911046531}, {""client_id"": 2, ""model_family"": ""transformer"", ""feature_ids"": [1, 5, 7, 11, 12, 18, 21], ""subset_size"": 7, ""micro_f1"": 0.37, ""macro_f1"": 0.04135791515722597, ""validation_loss"": 1.639031689453125, ""train_loss"": 2.053586707941691, ""seconds"": 0.7263989299999594, ""gpu_id"": 1, ""candidate_id"": 69, ""sample_weight"": 0.061408177662345804}, {""client_id"": 3, ""model_family"": ""transformer"", ""feature_ids"": [1, 5, 7, 11, 12, 18, 21], ""subset_size"": 7, ""micro_f1"": 0.8256, ""macro_f1"": 0.051948978625429625, ""validation_loss"": 0.6961537231445313, ""train_loss"": 1.0505653364923264, ""seconds"": 0.677601814999889, ""gpu_id"": 0, ""candidate_id"": 69, ""sample_weight"": 0.10352608384640223}, {""client_id"": 4, ""model_family"": ""transformer"", ""feature_ids"": [1, 5, 7, 11, 12, 18, 21], ""subset_size"": 7, ""micro_f1"": 0.8286, ""macro_f1"": 0.027275072085931648, ""validation_loss"": 0.5859824462890625, ""train_loss"": 0.8324009070078532, ""seconds"": 0.7126753289999215, ""gpu_id"": 1, ""candidate_id"": 69, ""sample_weight"": 0.05331880053778213}, {""client_id"": 5, ""model_family"": ""transformer"", ""feature_ids"": [1, 5, 7, 11, 12, 18, 21], ""subset_size"": 7, ""micro_f1"": 0.9488, ""macro_f1"": 0.05585590198059907, ""validation_loss"": 0.2779751693725586, ""train_loss"": 0.6431531367195977, ""seconds"": 0.7162472200002412, ""gpu_id"": 0, ""candidate_id"": 69, ""sample_weight"": 0.07030155005722065}, {""client_id"": 6, ""model_family"": ""gru"", ""feature_ids"": [1, 5, 7, 11, 12, 18, 21], ""subset_size"": 7, ""micro_f1"": 0.8468, ""macro_f1"": 0.026971932372689165, ""validation_loss"": 1.08799501953125, ""train_loss"": 2.395438535838657, ""seconds"": 0.3397161039997627, ""gpu_id"": 1, ""candidate_id"": 69, ""sample_weight"": 0.07459801933327874}, {""client_id"": 7, ""model_family"": ""gru"", ""feature_ids"": [1, 5, 7, 11, 12, 18, 21], ""subset_size"": 7, ""micro_f1"": 0.8645, ""macro_f1"": 0.027274304733961165, ""validation_loss"": 0.8978009033203125, ""train_loss"": 2.0591014160262215, ""seconds"": 0.3542917319996377, ""gpu_id"": 1, ""candidate_id"": 69, ""sample_weight"": 0.05067317481195735}, {""client_id"": 8, ""model_family"": ""gru"", ""feature_ids"": [1, 5, 7, 11, 12, 18, 21], ""subset_size"": 7, ""micro_f1"": 0.4011, ""macro_f1"": 0.037862093846608644, ""validation_loss"": 2.76355625, ""train_loss"": 3.174941819466485, ""seconds"": 0.3797192729998642, ""gpu_id"": 1, ""candidate_id"": 69, ""sample_weight"": 0.354287210681253}, {""client_id"": 9, ""model_family"": ""gru"", ""feature_ids"": [1, 5, 7, 11, 12, 18, 21], ""subset_size"": 7, ""micro_f1"": 0.7576, ""macro_f1"": 0.025366977392049714, ""validation_loss"": 1.1775059936523438, ""train_loss"": 1.9292132736417982, ""seconds"": 0.3593245140000363, ""gpu_id"": 0, ""candidate_id"": 69, ""sample_weight"": 0.12090074249549396}, {""client_id"": 10, ""model_family"": ""gru"", ""feature_ids"": [1, 5, 7, 11, 12, 18, 21], ""subset_size"": 7, ""micro_f1"": 0.3865, ""macro_f1"": 0.016397615663647357, ""validation_loss"": 2.32902900390625, ""train_loss"": 2.984729394616021, ""seconds"": 0.36856751000004806, ""gpu_id"": 0, ""candidate_id"": 69, ""sample_weight"": 0.11011103958316146}]"
70,7,7000,"[1, 5, 7, 11, 12, 18, 21]","[""AVG"", ""Max"", ""syn_count"", ""syn_flag_number"", ""rst_flag_number"", ""rst_count"", ""ICMP""]",7,0.6032500710545474,0.03507532244783098,0.6038196682929993,0.72,0.6479430402761548,180,15700,"[{""client_id"": 1, ""model_family"": ""transformer"", ""feature_ids"": [1, 5, 7, 11, 12, 18, 21], ""subset_size"": 7, ""micro_f1"": 0.8775380710659898, ""macro_f1"": 0.02749339005625907, ""validation_loss"": 0.6671294585097259, ""train_loss"": 1.2075700803254865, ""seconds"": 0.22661736500003826, ""gpu_id"": 0, ""candidate_id"": 70, ""sample_weight"": 0.0008752009911046531}, {""client_id"": 2, ""model_family"": ""transformer"", ""feature_ids"": [1, 5, 7, 11, 12, 18, 21], ""subset_size"": 7, ""micro_f1"": 0.3728, ""macro_f1"": 0.04250730370529318, ""validation_loss"": 1.637899951171875, ""train_loss"": 2.0532179576449923, ""seconds"": 0.6960987270003898, ""gpu_id"": 1, ""candidate_id"": 70, ""sample_weight"": 0.061408177662345804}, {""client_id"": 3, ""model_family"": ""transformer"", ""feature_ids"": [1, 5, 7, 11, 12, 18, 21], ""subset_size"": 7, ""micro_f1"": 0.8253, ""macro_f1"": 0.051929695122325634, ""validation_loss"": 0.6969718505859375, ""train_loss"": 1.0520277212460836, ""seconds"": 0.6966229730001032, ""gpu_id"": 0, ""candidate_id"": 70, ""sample_weight"": 0.10352608384640223}, {""client_id"": 4, ""model_family"": ""transformer"", ""feature_ids"": [1, 5, 7, 11, 12, 18, 21], ""subset_size"": 7, ""micro_f1"": 0.8287, ""macro_f1"": 0.02727688313399883, ""validation_loss"": 0.5861755737304688, ""train_loss"": 0.8332697009510465, ""seconds"": 0.7500042179999582, ""gpu_id"": 1, ""candidate_id"": 70, ""sample_weight"": 0.05331880053778213}, {""client_id"": 5, ""model_family"": ""transformer"", ""feature_ids"": [1, 5, 7, 11, 12, 18, 21], ""subset_size"": 7, ""micro_f1"": 0.9492, ""macro_f1"": 0.05590042622622861, ""validation_loss"": 0.2781735946655273, ""train_loss"": 0.643399960480796, ""seconds"": 0.7276632230000359, ""gpu_id"": 0, ""candidate_id"": 70, ""sample_weight"": 0.07030155005722065}, {""client_id"": 6, ""model_family"": ""gru"", ""feature_ids"": [1, 5, 7, 11, 12, 18, 21], ""subset_size"": 7, ""micro_f1"": 0.8468, ""macro_f1"": 0.026971932372689165, ""validation_loss"": 1.0880333251953125, ""train_loss"": 2.3960402910868326, ""seconds"": 0.3355636679998497, ""gpu_id"": 1, ""candidate_id"": 70, ""sample_weight"": 0.07459801933327874}, {""client_id"": 7, ""model_family"": ""gru"", ""feature_ids"": [1, 5, 7, 11, 12, 18, 21], ""subset_size"": 7, ""micro_f1"": 0.8645, ""macro_f1"": 0.027274304733961165, ""validation_loss"": 0.8984162231445313, ""train_loss"": 2.0583892795244854, ""seconds"": 0.34649174900005164, ""gpu_id"": 1, ""candidate_id"": 70, ""sample_weight"": 0.05067317481195735}, {""client_id"": 8, ""model_family"": ""gru"", ""feature_ids"": [1, 5, 7, 11, 12, 18, 21], ""subset_size"": 7, ""micro_f1"": 0.4011, ""macro_f1"": 0.037862093846608644, ""validation_loss"": 2.7636357421875, ""train_loss"": 3.174798697238498, ""seconds"": 0.3694379929997922, ""gpu_id"": 1, ""candidate_id"": 70, ""sample_weight"": 0.354287210681253}, {""client_id"": 9, ""model_family"": ""gru"", ""feature_ids"": [1, 5, 7, 11, 12, 18, 21], ""subset_size"": 7, ""micro_f1"": 0.7576, ""macro_f1"": 0.025366977392049714, ""validation_loss"": 1.1770390991210937, ""train_loss"": 1.9281989623599582, ""seconds"": 0.33139551200019923, ""gpu_id"": 0, ""candidate_id"": 70, ""sample_weight"": 0.12090074249549396}, {""client_id"": 10, ""model_family"": ""gru"", ""feature_ids"": [1, 5, 7, 11, 12, 18, 21], ""subset_size"": 7, ""micro_f1"": 0.3865, ""macro_f1"": 0.016397615663647357, ""validation_loss"": 2.329471875, ""train_loss"": 2.984839844470554, ""seconds"": 0.39435973300032856, ""gpu_id"": 0, ""candidate_id"": 70, ""sample_weight"": 0.11011103958316146}]"
71,8,7100,"[1, 5, 7, 11, 12, 18, 21]","[""AVG"", ""Max"", ""syn_count"", ""syn_flag_number"", ""rst_flag_number"", ""rst_count"", ""ICMP""]",7,0.6035835727291468,0.0350725914739078,0.6106477379798889,0.72,0.6472935834749258,180,15880,"[{""client_id"": 1, ""model_family"": ""transformer"", ""feature_ids"": [1, 5, 7, 11, 12, 18, 21], ""subset_size"": 7, ""micro_f1"": 0.8775380710659898, ""macro_f1"": 0.02749339005625907, ""validation_loss"": 0.6676661883513939, ""train_loss"": 1.2086437314631102, ""seconds"": 0.23206790099993668, ""gpu_id"": 0, ""candidate_id"": 71, ""sample_weight"": 0.0008752009911046531}, {""client_id"": 2, ""model_family"": ""transformer"", ""feature_ids"": [1, 5, 7, 11, 12, 18, 21], ""subset_size"": 7, ""micro_f1"": 0.3779, ""macro_f1"": 0.04246284052838098, ""validation_loss"": 1.63960048828125, ""train_loss"": 2.0535653642018636, ""seconds"": 0.6903545459999805, ""gpu_id"": 1, ""candidate_id"": 71, ""sample_weight"": 0.061408177662345804}, {""client_id"": 3, ""model_family"": ""transformer"", ""feature_ids"": [1, 5, 7, 11, 12, 18, 21], ""subset_size"": 7, ""micro_f1"": 0.8257, ""macro_f1"": 0.05195567466707868, ""validation_loss"": 0.6959481384277344, ""train_loss"": 1.050225915145874, ""seconds"": 0.7351990860001933, ""gpu_id"": 0, ""candidate_id"": 71, ""sample_weight"": 0.10352608384640223}, {""client_id"": 4, ""model_family"": ""transformer"", ""feature_ids"": [1, 5, 7, 11, 12, 18, 21], ""subset_size"": 7, ""micro_f1"": 0.8287, ""macro_f1"": 0.027275185746403034, ""validation_loss"": 0.5861762939453125, ""train_loss"": 0.8324681928422716, ""seconds"": 0.8063066129998333, ""gpu_id"": 1, ""candidate_id"": 71, ""sample_weight"": 0.05331880053778213}, {""client_id"": 5, ""model_family"": ""transformer"", ""feature_ids"": [1, 5, 7, 11, 12, 18, 21], ""subset_size"": 7, ""micro_f1"": 0.9489, ""macro_f1"": 0.055863447964560976, ""validation_loss"": 0.2780700256347656, ""train_loss"": 0.6430122825039758, ""seconds"": 0.8115295440002228, ""gpu_id"": 0, ""candidate_id"": 71, ""sample_weight"": 0.07030155005722065}, {""client_id"": 6, ""model_family"": ""gru"", ""feature_ids"": [1, 5, 7, 11, 12, 18, 21], ""subset_size"": 7, ""micro_f1"": 0.8468, ""macro_f1"": 0.026971932372689165, ""validation_loss"": 1.088545166015625, ""train_loss"": 2.3955663064108954, ""seconds"": 0.40125125699978526, ""gpu_id"": 1, ""candidate_id"": 71, ""sample_weight"": 0.07459801933327874}, {""client_id"": 7, ""model_family"": ""gru"", ""feature_ids"": [1, 5, 7, 11, 12, 18, 21], ""subset_size"": 7, ""micro_f1"": 0.8645, ""macro_f1"": 0.027274304733961165, ""validation_loss"": 0.8995879028320313, ""train_loss"": 2.06032468263838, ""seconds"": 0.41599519999999757, ""gpu_id"": 1, ""candidate_id"": 71, ""sample_weight"": 0.05067317481195735}, {""client_id"": 8, ""model_family"": ""gru"", ""feature_ids"": [1, 5, 7, 11, 12, 18, 21], ""subset_size"": 7, ""micro_f1"": 0.4011, ""macro_f1"": 0.037862093846608644, ""validation_loss"": 2.7634810546875, ""train_loss"": 3.174918923992581, ""seconds"": 0.3630512730001101, ""gpu_id"": 1, ""candidate_id"": 71, ""sample_weight"": 0.354287210681253}, {""client_id"": 9, ""model_family"": ""gru"", ""feature_ids"": [1, 5, 7, 11, 12, 18, 21], ""subset_size"": 7, ""micro_f1"": 0.7576, ""macro_f1"": 0.025366977392049714, ""validation_loss"": 1.1765319702148438, ""train_loss"": 1.9288138039271037, ""seconds"": 0.38142915500020536, ""gpu_id"": 0, ""candidate_id"": 71, ""sample_weight"": 0.12090074249549396}, {""client_id"": 10, ""model_family"": ""gru"", ""feature_ids"": [1, 5, 7, 11, 12, 18, 21], ""subset_size"": 7, ""micro_f1"": 0.3865, ""macro_f1"": 0.016397615663647357, ""validation_loss"": 2.33101708984375, ""train_loss"": 2.985303375413683, ""seconds"": 0.3995143020001706, ""gpu_id"": 0, ""candidate_id"": 71, ""sample_weight"": 0.11011103958316146}]"
72,8,7200,"[1, 5, 7, 11, 12, 18, 21]","[""AVG"", ""Max"", ""syn_count"", ""syn_flag_number"", ""rst_flag_number"", ""rst_count"", ""ICMP""]",7,0.6037320578552035,0.035149294239980006,0.6017699241638184,0.72,0.6481962133691386,180,16060,"[{""client_id"": 1, ""model_family"": ""transformer"", ""feature_ids"": [1, 5, 7, 11, 12, 18, 21], ""subset_size"": 7, ""micro_f1"": 0.8775380710659898, ""macro_f1"": 0.02749339005625907, ""validation_loss"": 0.6674150960699556, ""train_loss"": 1.2041379017340417, ""seconds"": 0.23005906499975026, ""gpu_id"": 0, ""candidate_id"": 72, ""sample_weight"": 0.0008752009911046531}, {""client_id"": 2, ""model_family"": ""transformer"", ""feature_ids"": [1, 5, 7, 11, 12, 18, 21], ""subset_size"": 7, ""micro_f1"": 0.3818, ""macro_f1"": 0.043825152226731424, ""validation_loss"": 1.6388951171875, ""train_loss"": 2.053569824473063, ""seconds"": 0.7926381929996751, ""gpu_id"": 1, ""candidate_id"": 72, ""sample_weight"": 0.061408177662345804}, {""client_id"": 3, ""model_family"": ""transformer"", ""feature_ids"": [1, 5, 7, 11, 12, 18, 21], ""subset_size"": 7, ""micro_f1"": 0.8255, ""macro_f1"": 0.05194252677066988, ""validation_loss"": 0.6961515930175781, ""train_loss"": 1.0489551049550374, ""seconds"": 0.8251709760002086, ""gpu_id"": 0, ""candidate_id"": 72, ""sample_weight"": 0.10352608384640223}, {""client_id"": 4, ""model_family"": ""transformer"", ""feature_ids"": [1, 5, 7, 11, 12, 18, 21], ""subset_size"": 7, ""micro_f1"": 0.8287, ""macro_f1"": 0.02727434189046475, ""validation_loss"": 0.5864184448242188, ""train_loss"": 0.8324985452546013, ""seconds"": 0.7251607150001291, ""gpu_id"": 1, ""candidate_id"": 72, ""sample_weight"": 0.05331880053778213}, {""client_id"": 5, ""model_family"": ""transformer"", ""feature_ids"": [1, 5, 7, 11, 12, 18, 21], ""subset_size"": 7, ""micro_f1"": 0.9479, ""macro_f1"": 0.0557845283800767, ""validation_loss"": 0.2783251373291016, ""train_loss"": 0.6434157051616245, ""seconds"": 0.6827642089997426, ""gpu_id"": 0, ""candidate_id"": 72, ""sample_weight"": 0.07030155005722065}, {""client_id"": 6, ""model_family"": ""gru"", ""feature_ids"": [1, 5, 7, 11, 12, 18, 21], ""subset_size"": 7, ""micro_f1"": 0.8468, ""macro_f1"": 0.026971932372689165, ""validation_loss"": 1.088785986328125, ""train_loss"": 2.3957699710422093, ""seconds"": 0.35034923400007756, ""gpu_id"": 1, ""candidate_id"": 72, ""sample_weight"": 0.07459801933327874}, {""client_id"": 7, ""model_family"": ""gru"", ""feature_ids"": [1, 5, 7, 11, 12, 18, 21], ""subset_size"": 7, ""micro_f1"": 0.8645, ""macro_f1"": 0.027274304733961165, ""validation_loss"": 0.8998242553710938, ""train_loss"": 2.0590987347073026, ""seconds"": 0.33556960200030517, ""gpu_id"": 1, ""candidate_id"": 72, ""sample_weight"": 0.05067317481195735}, {""client_id"": 8, ""model_family"": ""gru"", ""feature_ids"": [1, 5, 7, 11, 12, 18, 21], ""subset_size"": 7, ""micro_f1"": 0.4011, ""macro_f1"": 0.037862093846608644, ""validation_loss"": 2.7631255859375, ""train_loss"": 3.174327581448025, ""seconds"": 0.34802433100003327, ""gpu_id"": 1, ""candidate_id"": 72, ""sample_weight"": 0.354287210681253}, {""client_id"": 9, ""model_family"": ""gru"", ""feature_ids"": [1, 5, 7, 11, 12, 18, 21], ""subset_size"": 7, ""micro_f1"": 0.7576, ""macro_f1"": 0.025366977392049714, ""validation_loss"": 1.176560009765625, ""train_loss"": 1.9284612884733412, ""seconds"": 0.3346939709999788, ""gpu_id"": 0, ""candidate_id"": 72, ""sample_weight"": 0.12090074249549396}, {""client_id"": 10, ""model_family"": ""gru"", ""feature_ids"": [1, 5, 7, 11, 12, 18, 21], ""subset_size"": 7, ""micro_f1"": 0.3865, ""macro_f1"": 0.016397615663647357, ""validation_loss"": 2.330798828125, ""train_loss"": 2.98508285569085, ""seconds"": 0.37101234100009606, ""gpu_id"": 0, ""candidate_id"": 72, ""sample_weight"": 0.11011103958316146}]"
73,8,7300,"[2, 4, 6, 7, 10, 11, 13, 16, 18, 19]","[""Std"", ""fin_count"", ""TCP"", ""syn_count"", ""IAT"", ""syn_flag_number"", ""Tot sum"", ""fin_flag_number"", ""rst_count"", ""Header_Length""]",10,0.5708765192224903,0.0294228778213073,0.40782201290130615,0.6,0.5563054506321184,240,16300,"[{""client_id"": 1, ""model_family"": ""transformer"", ""feature_ids"": [2, 4, 6, 7, 10, 11, 13, 16, 18, 19], ""subset_size"": 10, ""micro_f1"": 0.8775380710659898, ""macro_f1"": 0.02749339005625907, ""validation_loss"": 0.6121294631570728, ""train_loss"": 1.1651263274987809, ""seconds"": 0.2608450200000334, ""gpu_id"": 0, ""candidate_id"": 73, ""sample_weight"": 0.0008752009911046531}, {""client_id"": 2, ""model_family"": ""transformer"", ""feature_ids"": [2, 4, 6, 7, 10, 11, 13, 16, 18, 19], ""subset_size"": 10, ""micro_f1"": 0.5767, ""macro_f1"": 0.06307280491764071, ""validation_loss"": 1.3893903564453125, ""train_loss"": 1.8962873376634386, ""seconds"": 0.7647551420000127, ""gpu_id"": 1, ""candidate_id"": 73, ""sample_weight"": 0.061408177662345804}, {""client_id"": 3, ""model_family"": ""transformer"", ""feature_ids"": [2, 4, 6, 7, 10, 11, 13, 16, 18, 19], ""subset_size"": 10, ""micro_f1"": 0.8267, ""macro_f1"": 0.05205707994121824, ""validation_loss"": 0.7254030029296875, ""train_loss"": 1.018946820110745, ""seconds"": 0.7832288069998867, ""gpu_id"": 0, ""candidate_id"": 73, ""sample_weight"": 0.10352608384640223}, {""client_id"": 4, ""model_family"": ""transformer"", ""feature_ids"": [2, 4, 6, 7, 10, 11, 13, 16, 18, 19], ""subset_size"": 10, ""micro_f1"": 0.8276, ""macro_f1"": 0.02758447188232561, ""validation_loss"": 0.5582557495117187, ""train_loss"": 0.811230516052246, ""seconds"": 0.8142466179997427, ""gpu_id"": 1, ""candidate_id"": 73, ""sample_weight"": 0.05331880053778213}, {""client_id"": 5, ""model_family"": ""transformer"", ""feature_ids"": [2, 4, 6, 7, 10, 11, 13, 16, 18, 19], ""subset_size"": 10, ""micro_f1"": 0.9557, ""macro_f1"": 0.05654080872523374, ""validation_loss"": 0.2536566711425781, ""train_loss"": 0.5575129951318105, ""seconds"": 0.8114250640001046, ""gpu_id"": 0, ""candidate_id"": 73, ""sample_weight"": 0.07030155005722065}, {""client_id"": 6, ""model_family"": ""gru"", ""feature_ids"": [2, 4, 6, 7, 10, 11, 13, 16, 18, 19], ""subset_size"": 10, ""micro_f1"": 0.9809, ""macro_f1"": 0.05665762513787034, ""validation_loss"": 0.8794602294921875, ""train_loss"": 2.3049829506980046, ""seconds"": 0.3878177980000146, ""gpu_id"": 1, ""candidate_id"": 73, ""sample_weight"": 0.07459801933327874}, {""client_id"": 7, ""model_family"": ""gru"", ""feature_ids"": [2, 4, 6, 7, 10, 11, 13, 16, 18, 19], ""subset_size"": 10, ""micro_f1"": 0.8645, ""macro_f1"": 0.027274304733961165, ""validation_loss"": 0.9922616943359375, ""train_loss"": 2.322132807498508, ""seconds"": 0.36106500000005326, ""gpu_id"": 1, ""candidate_id"": 73, ""sample_weight"": 0.05067317481195735}, {""client_id"": 8, ""model_family"": ""gru"", ""feature_ids"": [2, 4, 6, 7, 10, 11, 13, 16, 18, 19], ""subset_size"": 10, ""micro_f1"": 0.2441, ""macro_f1"": 0.011555467189290009, ""validation_loss"": 2.7904771484375, ""train_loss"": 3.1967300554911295, ""seconds"": 0.3295821690003322, ""gpu_id"": 1, ""candidate_id"": 73, ""sample_weight"": 0.354287210681253}, {""client_id"": 9, ""model_family"": ""gru"", ""feature_ids"": [2, 4, 6, 7, 10, 11, 13, 16, 18, 19], ""subset_size"": 10, ""micro_f1"": 0.7581, ""macro_f1"": 0.025422876379302965, ""validation_loss"": 1.3543060546875, ""train_loss"": 2.3203593719058566, ""seconds"": 0.3553446440000698, ""gpu_id"": 0, ""candidate_id"": 73, ""sample_weight"": 0.12090074249549396}, {""client_id"": 10, ""model_family"": ""gru"", ""feature_ids"": [2, 4, 6, 7, 10, 11, 13, 16, 18, 19], ""subset_size"": 10, ""micro_f1"": 0.3876, ""macro_f1"": 0.01738667991939279, ""validation_loss"": 2.165908447265625, ""train_loss"": 2.849309320746528, ""seconds"": 0.35728591300039625, ""gpu_id"": 0, ""candidate_id"": 73, ""sample_weight"": 0.11011103958316146}]"
74,8,7400,"[1, 5, 7, 11, 12, 18, 21]","[""AVG"", ""Max"", ""syn_count"", ""syn_flag_number"", ""rst_flag_number"", ""rst_count"", ""ICMP""]",7,0.6036037738569244,0.03506509979704037,0.652938961982727,0.72,0.6430664811874197,180,16480,"[{""client_id"": 1, ""model_family"": ""transformer"", ""feature_ids"": [1, 5, 7, 11, 12, 18, 21], ""subset_size"": 7, ""micro_f1"": 0.8775380710659898, ""macro_f1"": 0.02749339005625907, ""validation_loss"": 0.6678283033032103, ""train_loss"": 1.208327272048591, ""seconds"": 0.215378451000106, ""gpu_id"": 0, ""candidate_id"": 74, ""sample_weight"": 0.0008752009911046531}, {""client_id"": 2, ""model_family"": ""transformer"", ""feature_ids"": [1, 5, 7, 11, 12, 18, 21], ""subset_size"": 7, ""micro_f1"": 0.378, ""macro_f1"": 0.04231103663569822, ""validation_loss"": 1.639783740234375, ""train_loss"": 2.0530410044564142, ""seconds"": 0.807840823999868, ""gpu_id"": 1, ""candidate_id"": 74, ""sample_weight"": 0.061408177662345804}, {""client_id"": 3, ""model_family"": ""transformer"", ""feature_ids"": [1, 5, 7, 11, 12, 18, 21], ""subset_size"": 7, ""micro_f1"": 0.8257, ""macro_f1"": 0.05195624607743435, ""validation_loss"": 0.6960935546875, ""train_loss"": 1.0511883356518215, ""seconds"": 0.8452381819997754, ""gpu_id"": 0, ""candidate_id"": 74, ""sample_weight"": 0.10352608384640223}, {""client_id"": 4, ""model_family"": ""transformer"", ""feature_ids"": [1, 5, 7, 11, 12, 18, 21], ""subset_size"": 7, ""micro_f1"": 0.8287, ""macro_f1"": 0.02727434189046475, ""validation_loss"": 0.5869412475585938, ""train_loss"": 0.8319619452900356, ""seconds"": 0.8524976390003758, ""gpu_id"": 1, ""candidate_id"": 74, ""sample_weight"": 0.05331880053778213}, {""client_id"": 5, ""model_family"": ""transformer"", ""feature_ids"": [1, 5, 7, 11, 12, 18, 21], ""subset_size"": 7, ""micro_f1"": 0.9491, ""macro_f1"": 0.05588928183384055, ""validation_loss"": 0.2774573257446289, ""train_loss"": 0.6418061025566525, ""seconds"": 0.8163195819997782, ""gpu_id"": 0, ""candidate_id"": 74, ""sample_weight"": 0.07030155005722065}, {""client_id"": 6, ""model_family"": ""gru"", ""feature_ids"": [1, 5, 7, 11, 12, 18, 21], ""subset_size"": 7, ""micro_f1"": 0.8468, ""macro_f1"": 0.026971932372689165, ""validation_loss"": 1.0898125, ""train_loss"": 2.3965050508923, ""seconds"": 0.3640307959999518, ""gpu_id"": 1, ""candidate_id"": 74, ""sample_weight"": 0.07459801933327874}, {""client_id"": 7, ""model_family"": ""gru"", ""feature_ids"": [1, 5, 7, 11, 12, 18, 21], ""subset_size"": 7, ""micro_f1"": 0.8645, ""macro_f1"": 0.027274304733961165, ""validation_loss"": 0.8998017211914062, ""train_loss"": 2.060899914603763, ""seconds"": 0.3587406420001571, ""gpu_id"": 1, ""candidate_id"": 74, ""sample_weight"": 0.05067317481195735}, {""client_id"": 8, ""model_family"": ""gru"", ""feature_ids"": [1, 5, 7, 11, 12, 18, 21], ""subset_size"": 7, ""micro_f1"": 0.4011, ""macro_f1"": 0.037862093846608644, ""validation_loss"": 2.76409921875, ""train_loss"": 3.174796180046929, ""seconds"": 0.31768334499975026, ""gpu_id"": 1, ""candidate_id"": 74, ""sample_weight"": 0.354287210681253}, {""client_id"": 9, ""model_family"": ""gru"", ""feature_ids"": [1, 5, 7, 11, 12, 18, 21], ""subset_size"": 7, ""micro_f1"": 0.7576, ""macro_f1"": 0.025366977392049714, ""validation_loss"": 1.1761549194335938, ""train_loss"": 1.9287460789998372, ""seconds"": 0.3939212150003186, ""gpu_id"": 0, ""candidate_id"": 74, ""sample_weight"": 0.12090074249549396}, {""client_id"": 10, ""model_family"": ""gru"", ""feature_ids"": [1, 5, 7, 11, 12, 18, 21], ""subset_size"": 7, ""micro_f1"": 0.3865, ""macro_f1"": 0.016397615663647357, ""validation_loss"": 2.329516796875, ""train_loss"": 2.9848004565344914, ""seconds"": 0.32146892399987337, ""gpu_id"": 0, ""candidate_id"": 74, ""sample_weight"": 0.11011103958316146}]"
75,8,7500,"[1, 5, 7, 11, 12, 18, 21]","[""AVG"", ""Max"", ""syn_count"", ""syn_flag_number"", ""rst_flag_number"", ""rst_count"", ""ICMP""]",7,0.6546004670330161,0.04405676462559657,0.6087799072265625,0.72,0.6525820559806453,180,16660,"[{""client_id"": 1, ""model_family"": ""transformer"", ""feature_ids"": [1, 5, 7, 11, 12, 18, 21], ""subset_size"": 7, ""micro_f1"": 0.8775380710659898, ""macro_f1"": 0.02749339005625907, ""validation_loss"": 0.6681398304585878, ""train_loss"": 1.2051591458323307, ""seconds"": 0.27213323699970715, ""gpu_id"": 0, ""candidate_id"": 75, ""sample_weight"": 0.0008752009911046531}, {""client_id"": 2, ""model_family"": ""transformer"", ""feature_ids"": [1, 5, 7, 11, 12, 18, 21], ""subset_size"": 7, ""micro_f1"": 0.3727, ""macro_f1"": 0.042475308843730145, ""validation_loss"": 1.6385865234375, ""train_loss"": 2.05437626370324, ""seconds"": 0.9159405840000545, ""gpu_id"": 1, ""candidate_id"": 75, ""sample_weight"": 0.061408177662345804}, {""client_id"": 3, ""model_family"": ""transformer"", ""feature_ids"": [1, 5, 7, 11, 12, 18, 21], ""subset_size"": 7, ""micro_f1"": 0.8257, ""macro_f1"": 0.051956724857714985, ""validation_loss"": 0.6960811706542969, ""train_loss"": 1.0485180579927234, ""seconds"": 0.892517329000384, ""gpu_id"": 0, ""candidate_id"": 75, ""sample_weight"": 0.10352608384640223}, {""client_id"": 4, ""model_family"": ""transformer"", ""feature_ids"": [1, 5, 7, 11, 12, 18, 21], ""subset_size"": 7, ""micro_f1"": 0.8287, ""macro_f1"": 0.027276032822191192, ""validation_loss"": 0.5860707153320313, ""train_loss"": 0.8333628035757277, ""seconds"": 0.7871318750003411, ""gpu_id"": 1, ""candidate_id"": 75, ""sample_weight"": 0.05331880053778213}, {""client_id"": 5, ""model_family"": ""transformer"", ""feature_ids"": [1, 5, 7, 11, 12, 18, 21], ""subset_size"": 7, ""micro_f1"": 0.9489, ""macro_f1"": 0.055863447964560976, ""validation_loss"": 0.2780998321533203, ""train_loss"": 0.6418051276683807, ""seconds"": 0.7430949800000235, ""gpu_id"": 0, ""candidate_id"": 75, ""sample_weight"": 0.07030155005722065}, {""client_id"": 6, ""model_family"": ""gru"", ""feature_ids"": [1, 5, 7, 11, 12, 18, 21], ""subset_size"": 7, ""micro_f1"": 0.8468, ""macro_f1"": 0.026971932372689165, ""validation_loss"": 1.08753544921875, ""train_loss"": 2.3955211917453343, ""seconds"": 0.35082048200001736, ""gpu_id"": 1, ""candidate_id"": 75, ""sample_weight"": 0.07459801933327874}, {""client_id"": 7, ""model_family"": ""gru"", ""feature_ids"": [1, 5, 7, 11, 12, 18, 21], ""subset_size"": 7, ""micro_f1"": 0.8645, ""macro_f1"": 0.027274304733961165, ""validation_loss"": 0.8989933471679687, ""train_loss"": 2.0600831147299874, ""seconds"": 0.3584030309998525, ""gpu_id"": 1, ""candidate_id"": 75, ""sample_weight"": 0.05067317481195735}, {""client_id"": 8, ""model_family"": ""gru"", ""feature_ids"": [1, 5, 7, 11, 12, 18, 21], ""subset_size"": 7, ""micro_f1"": 0.546, ""macro_f1"": 0.0632179445156239, ""validation_loss"": 2.763780078125, ""train_loss"": 3.174742882792155, ""seconds"": 0.3252844560001904, ""gpu_id"": 1, ""candidate_id"": 75, ""sample_weight"": 0.354287210681253}, {""client_id"": 9, ""model_family"": ""gru"", ""feature_ids"": [1, 5, 7, 11, 12, 18, 21], ""subset_size"": 7, ""micro_f1"": 0.7576, ""macro_f1"": 0.025366977392049714, ""validation_loss"": 1.1768652587890625, ""train_loss"": 1.927913860490587, ""seconds"": 0.3397917789998246, ""gpu_id"": 0, ""candidate_id"": 75, ""sample_weight"": 0.12090074249549396}, {""client_id"": 10, ""model_family"": ""gru"", ""feature_ids"": [1, 5, 7, 11, 12, 18, 21], ""subset_size"": 7, ""micro_f1"": 0.3865, ""macro_f1"": 0.016397615663647357, ""validation_loss"": 2.33021015625, ""train_loss"": 2.9853961914486353, ""seconds"": 0.3592431349998151, ""gpu_id"": 0, ""candidate_id"": 75, ""sample_weight"": 0.11011103958316146}]"
76,8,7600,"[1, 5, 7, 11, 12, 18, 21]","[""AVG"", ""Max"", ""syn_count"", ""syn_flag_number"", ""rst_flag_number"", ""rst_count"", ""ICMP""]",7,0.6031272231872976,0.03501447743189085,0.6389415264129639,0.72,0.6444185696774334,180,16840,"[{""client_id"": 1, ""model_family"": ""transformer"", ""feature_ids"": [1, 5, 7, 11, 12, 18, 21], ""subset_size"": 7, ""micro_f1"": 0.8775380710659898, ""macro_f1"": 0.02749339005625907, ""validation_loss"": 0.6673895550258269, ""train_loss"": 1.2066097406431975, ""seconds"": 0.23886462500013295, ""gpu_id"": 0, ""candidate_id"": 76, ""sample_weight"": 0.0008752009911046531}, {""client_id"": 2, ""model_family"": ""transformer"", ""feature_ids"": [1, 5, 7, 11, 12, 18, 21], ""subset_size"": 7, ""micro_f1"": 0.3703, ""macro_f1"": 0.041499466314050944, ""validation_loss"": 1.63900361328125, ""train_loss"": 2.054031814087762, ""seconds"": 0.7073026399998525, ""gpu_id"": 1, ""candidate_id"": 76, ""sample_weight"": 0.061408177662345804}, {""client_id"": 3, ""model_family"": ""transformer"", ""feature_ids"": [1, 5, 7, 11, 12, 18, 21], ""subset_size"": 7, ""micro_f1"": 0.8258, ""macro_f1"": 0.05196533259858552, ""validation_loss"": 0.6971042053222656, ""train_loss"": 1.0510705582724678, ""seconds"": 0.7273382819998915, ""gpu_id"": 0, ""candidate_id"": 76, ""sample_weight"": 0.10352608384640223}, {""client_id"": 4, ""model_family"": ""transformer"", ""feature_ids"": [1, 5, 7, 11, 12, 18, 21], ""subset_size"": 7, ""micro_f1"": 0.8287, ""macro_f1"": 0.027276032822191192, ""validation_loss"": 0.5861538818359375, ""train_loss"": 0.831992702378167, ""seconds"": 0.7583859910000683, ""gpu_id"": 1, ""candidate_id"": 76, ""sample_weight"": 0.05331880053778213}, {""client_id"": 5, ""model_family"": ""transformer"", ""feature_ids"": [1, 5, 7, 11, 12, 18, 21], ""subset_size"": 7, ""micro_f1"": 0.9489, ""macro_f1"": 0.055863447964560976, ""validation_loss"": 0.2784135498046875, ""train_loss"": 0.6427797455496258, ""seconds"": 0.7218317069996374, ""gpu_id"": 0, ""candidate_id"": 76, ""sample_weight"": 0.07030155005722065}, {""client_id"": 6, ""model_family"": ""gru"", ""feature_ids"": [1, 5, 7, 11, 12, 18, 21], ""subset_size"": 7, ""micro_f1"": 0.8468, ""macro_f1"": 0.026971932372689165, ""validation_loss"": 1.0879658935546874, ""train_loss"": 2.3959660231908164, ""seconds"": 0.3490335619999314, ""gpu_id"": 1, ""candidate_id"": 76, ""sample_weight"": 0.07459801933327874}, {""client_id"": 7, ""model_family"": ""gru"", ""feature_ids"": [1, 5, 7, 11, 12, 18, 21], ""subset_size"": 7, ""micro_f1"": 0.8645, ""macro_f1"": 0.027274304733961165, ""validation_loss"": 0.8983619506835937, ""train_loss"": 2.058576162168715, ""seconds"": 0.35275037899964445, ""gpu_id"": 1, ""candidate_id"": 76, ""sample_weight"": 0.05067317481195735}, {""client_id"": 8, ""model_family"": ""gru"", ""feature_ids"": [1, 5, 7, 11, 12, 18, 21], ""subset_size"": 7, ""micro_f1"": 0.4011, ""macro_f1"": 0.037862093846608644, ""validation_loss"": 2.7634748046875, ""train_loss"": 3.174961220762465, ""seconds"": 0.3689598699997987, ""gpu_id"": 1, ""candidate_id"": 76, ""sample_weight"": 0.354287210681253}, {""client_id"": 9, ""model_family"": ""gru"", ""feature_ids"": [1, 5, 7, 11, 12, 18, 21], ""subset_size"": 7, ""micro_f1"": 0.7576, ""macro_f1"": 0.025366977392049714, ""validation_loss"": 1.1767283325195312, ""train_loss"": 1.9288694076538087, ""seconds"": 0.36313994800002547, ""gpu_id"": 0, ""candidate_id"": 76, ""sample_weight"": 0.12090074249549396}, {""client_id"": 10, ""model_family"": ""gru"", ""feature_ids"": [1, 5, 7, 11, 12, 18, 21], ""subset_size"": 7, ""micro_f1"": 0.3865, ""macro_f1"": 0.016397615663647357, ""validation_loss"": 2.33054384765625, ""train_loss"": 2.9854786557939317, ""seconds"": 0.3798813759999575, ""gpu_id"": 0, ""candidate_id"": 76, ""sample_weight"": 0.11011103958316146}]"
77,8,7700,"[1, 5, 7, 11, 12, 18, 21]","[""AVG"", ""Max"", ""syn_count"", ""syn_flag_number"", ""rst_flag_number"", ""rst_count"", ""ICMP""]",7,0.6031721379388091,0.03503737451533829,0.6161057353019714,0.72,0.6467066402636837,180,17020,"[{""client_id"": 1, ""model_family"": ""transformer"", ""feature_ids"": [1, 5, 7, 11, 12, 18, 21], ""subset_size"": 7, ""micro_f1"": 0.8775380710659898, ""macro_f1"": 0.02749339005625907, ""validation_loss"": 0.6673589793558653, ""train_loss"": 1.2091120243475926, ""seconds"": 0.2118489170002249, ""gpu_id"": 0, ""candidate_id"": 77, ""sample_weight"": 0.0008752009911046531}, {""client_id"": 2, ""model_family"": ""transformer"", ""feature_ids"": [1, 5, 7, 11, 12, 18, 21], ""subset_size"": 7, ""micro_f1"": 0.3712, ""macro_f1"": 0.04188953739079602, ""validation_loss"": 1.6385107421875, ""train_loss"": 2.053865120506287, ""seconds"": 0.7220570330000555, ""gpu_id"": 1, ""candidate_id"": 77, ""sample_weight"": 0.061408177662345804}, {""client_id"": 3, ""model_family"": ""transformer"", ""feature_ids"": [1, 5, 7, 11, 12, 18, 21], ""subset_size"": 7, ""micro_f1"": 0.8257, ""macro_f1"": 0.05195556399311235, ""validation_loss"": 0.6966959777832031, ""train_loss"": 1.0495880797598096, ""seconds"": 0.7485995080000976, ""gpu_id"": 0, ""candidate_id"": 77, ""sample_weight"": 0.10352608384640223}, {""client_id"": 4, ""model_family"": ""transformer"", ""feature_ids"": [1, 5, 7, 11, 12, 18, 21], ""subset_size"": 7, ""micro_f1"": 0.8287, ""macro_f1"": 0.027275185746403034, ""validation_loss"": 0.5859759521484375, ""train_loss"": 0.8335831077575684, ""seconds"": 0.7905476610003461, ""gpu_id"": 1, ""candidate_id"": 77, ""sample_weight"": 0.05331880053778213}, {""client_id"": 5, ""model_family"": ""transformer"", ""feature_ids"": [1, 5, 7, 11, 12, 18, 21], ""subset_size"": 7, ""micro_f1"": 0.9489, ""macro_f1"": 0.055863447964560976, ""validation_loss"": 0.27803628387451174, ""train_loss"": 0.6432966865327623, ""seconds"": 0.7954406359999666, ""gpu_id"": 0, ""candidate_id"": 77, ""sample_weight"": 0.07030155005722065}, {""client_id"": 6, ""model_family"": ""gru"", ""feature_ids"": [1, 5, 7, 11, 12, 18, 21], ""subset_size"": 7, ""micro_f1"": 0.8468, ""macro_f1"": 0.026971932372689165, ""validation_loss"": 1.0880245849609376, ""train_loss"": 2.3958243655522664, ""seconds"": 0.3928794570001628, ""gpu_id"": 1, ""candidate_id"": 77, ""sample_weight"": 0.07459801933327874}, {""client_id"": 7, ""model_family"": ""gru"", ""feature_ids"": [1, 5, 7, 11, 12, 18, 21], ""subset_size"": 7, ""micro_f1"": 0.8645, ""macro_f1"": 0.027274304733961165, ""validation_loss"": 0.89836923828125, ""train_loss"": 2.059225968456268, ""seconds"": 0.3579983810000158, ""gpu_id"": 1, ""candidate_id"": 77, ""sample_weight"": 0.05067317481195735}, {""client_id"": 8, ""model_family"": ""gru"", ""feature_ids"": [1, 5, 7, 11, 12, 18, 21], ""subset_size"": 7, ""micro_f1"": 0.4011, ""macro_f1"": 0.037862093846608644, ""validation_loss"": 2.7634603515625, ""train_loss"": 3.174994358783298, ""seconds"": 0.3726366309997502, ""gpu_id"": 1, ""candidate_id"": 77, ""sample_weight"": 0.354287210681253}, {""client_id"": 9, ""model_family"": ""gru"", ""feature_ids"": [1, 5, 7, 11, 12, 18, 21], ""subset_size"": 7, ""micro_f1"": 0.7576, ""macro_f1"": 0.025366977392049714, ""validation_loss"": 1.1762740112304688, ""train_loss"": 1.9290503911336263, ""seconds"": 0.37612300699993284, ""gpu_id"": 0, ""candidate_id"": 77, ""sample_weight"": 0.12090074249549396}, {""client_id"": 10, ""model_family"": ""gru"", ""feature_ids"": [1, 5, 7, 11, 12, 18, 21], ""subset_size"": 7, ""micro_f1"": 0.3865, ""macro_f1"": 0.016397615663647357, ""validation_loss"": 2.33088837890625, ""train_loss"": 2.985275444793701, ""seconds"": 0.38157094600001074, ""gpu_id"": 0, ""candidate_id"": 77, ""sample_weight"": 0.11011103958316146}]"
78,8,7800,"[1, 5, 7, 11, 12, 18, 21]","[""AVG"", ""Max"", ""syn_count"", ""syn_flag_number"", ""rst_flag_number"", ""rst_count"", ""ICMP""]",7,0.6034210931028374,0.035079359404909784,0.585549533367157,0.72,0.6497871559735681,180,17200,"[{""client_id"": 1, ""model_family"": ""transformer"", ""feature_ids"": [1, 5, 7, 11, 12, 18, 21], ""subset_size"": 7, ""micro_f1"": 0.8775380710659898, ""macro_f1"": 0.02749339005625907, ""validation_loss"": 0.6686330301507475, ""train_loss"": 1.2063587615534335, ""seconds"": 0.27874558700023044, ""gpu_id"": 0, ""candidate_id"": 78, ""sample_weight"": 0.0008752009911046531}, {""client_id"": 2, ""model_family"": ""transformer"", ""feature_ids"": [1, 5, 7, 11, 12, 18, 21], ""subset_size"": 7, ""micro_f1"": 0.3752, ""macro_f1"": 0.04256540956371183, ""validation_loss"": 1.638972265625, ""train_loss"": 2.053558539390564, ""seconds"": 0.8262275570000384, ""gpu_id"": 1, ""candidate_id"": 78, ""sample_weight"": 0.061408177662345804}, {""client_id"": 3, ""model_family"": ""transformer"", ""feature_ids"": [1, 5, 7, 11, 12, 18, 21], ""subset_size"": 7, ""micro_f1"": 0.8258, ""macro_f1"": 0.05196533259858552, ""validation_loss"": 0.6958114501953125, ""train_loss"": 1.0492027644263373, ""seconds"": 0.7994573789997048, ""gpu_id"": 0, ""candidate_id"": 78, ""sample_weight"": 0.10352608384640223}, {""client_id"": 4, ""model_family"": ""transformer"", ""feature_ids"": [1, 5, 7, 11, 12, 18, 21], ""subset_size"": 7, ""micro_f1"": 0.8287, ""macro_f1"": 0.027275185746403034, ""validation_loss"": 0.5858947021484375, ""train_loss"": 0.8334331584718492, ""seconds"": 0.7425407619998623, ""gpu_id"": 1, ""candidate_id"": 78, ""sample_weight"": 0.05331880053778213}, {""client_id"": 5, ""model_family"": ""transformer"", ""feature_ids"": [1, 5, 7, 11, 12, 18, 21], ""subset_size"": 7, ""micro_f1"": 0.9488, ""macro_f1"": 0.05585590198059907, ""validation_loss"": 0.2780979797363281, ""train_loss"": 0.6427566005282932, ""seconds"": 0.7188196609999977, ""gpu_id"": 0, ""candidate_id"": 78, ""sample_weight"": 0.07030155005722065}, {""client_id"": 6, ""model_family"": ""gru"", ""feature_ids"": [1, 5, 7, 11, 12, 18, 21], ""subset_size"": 7, ""micro_f1"": 0.8468, ""macro_f1"": 0.026971932372689165, ""validation_loss"": 1.088549169921875, ""train_loss"": 2.3959063097212048, ""seconds"": 0.37897294399999737, ""gpu_id"": 1, ""candidate_id"": 78, ""sample_weight"": 0.07459801933327874}, {""client_id"": 7, ""model_family"": ""gru"", ""feature_ids"": [1, 5, 7, 11, 12, 18, 21], ""subset_size"": 7, ""micro_f1"": 0.8645, ""macro_f1"": 0.027274304733961165, ""validation_loss"": 0.899437255859375, ""train_loss"": 2.0602342476420934, ""seconds"": 0.3656577480001033, ""gpu_id"": 1, ""candidate_id"": 78, ""sample_weight"": 0.05067317481195735}, {""client_id"": 8, ""model_family"": ""gru"", ""feature_ids"": [1, 5, 7, 11, 12, 18, 21], ""subset_size"": 7, ""micro_f1"": 0.4011, ""macro_f1"": 0.037862093846608644, ""validation_loss"": 2.7638732421875, ""train_loss"": 3.1751474168989393, ""seconds"": 0.37081575299998804, ""gpu_id"": 1, ""candidate_id"": 78, ""sample_weight"": 0.354287210681253}, {""client_id"": 9, ""model_family"": ""gru"", ""feature_ids"": [1, 5, 7, 11, 12, 18, 21], ""subset_size"": 7, ""micro_f1"": 0.7576, ""macro_f1"": 0.025366977392049714, ""validation_loss"": 1.1760959594726563, ""train_loss"": 1.9290125863605074, ""seconds"": 0.39911107299985815, ""gpu_id"": 0, ""candidate_id"": 78, ""sample_weight"": 0.12090074249549396}, {""client_id"": 10, ""model_family"": ""gru"", ""feature_ids"": [1, 5, 7, 11, 12, 18, 21], ""subset_size"": 7, ""micro_f1"": 0.3865, ""macro_f1"": 0.016397615663647357, ""validation_loss"": 2.33086455078125, ""train_loss"": 2.9852215385860865, ""seconds"": 0.3692355389998738, ""gpu_id"": 0, ""candidate_id"": 78, ""sample_weight"": 0.11011103958316146}]"
79,8,7900,"[1, 5, 7, 11, 12, 18, 21]","[""AVG"", ""Max"", ""syn_count"", ""syn_flag_number"", ""rst_flag_number"", ""rst_count"", ""ICMP""]",7,0.6032563307130574,0.03507429972121707,0.6053773760795593,0.72,0.6477878954633498,180,17380,"[{""client_id"": 1, ""model_family"": ""transformer"", ""feature_ids"": [1, 5, 7, 11, 12, 18, 21], ""subset_size"": 7, ""micro_f1"": 0.8775380710659898, ""macro_f1"": 0.02749339005625907, ""validation_loss"": 0.6682277427712068, ""train_loss"": 1.2055702423955248, ""seconds"": 0.21286344100008137, ""gpu_id"": 0, ""candidate_id"": 79, ""sample_weight"": 0.0008752009911046531}, {""client_id"": 2, ""model_family"": ""transformer"", ""feature_ids"": [1, 5, 7, 11, 12, 18, 21], ""subset_size"": 7, ""micro_f1"": 0.3728, ""macro_f1"": 0.04250730370529318, ""validation_loss"": 1.639609228515625, ""train_loss"": 2.0537675617429945, ""seconds"": 0.7909002219998911, ""gpu_id"": 1, ""candidate_id"": 79, ""sample_weight"": 0.061408177662345804}, {""client_id"": 3, ""model_family"": ""transformer"", ""feature_ids"": [1, 5, 7, 11, 12, 18, 21], ""subset_size"": 7, ""micro_f1"": 0.8257, ""macro_f1"": 0.05195648306153384, ""validation_loss"": 0.6964910827636719, ""train_loss"": 1.0507032604747348, ""seconds"": 0.8173197389996858, ""gpu_id"": 0, ""candidate_id"": 79, ""sample_weight"": 0.10352608384640223}, {""client_id"": 4, ""model_family"": ""transformer"", ""feature_ids"": [1, 5, 7, 11, 12, 18, 21], ""subset_size"": 7, ""micro_f1"": 0.8287, ""macro_f1"": 0.02727434189046475, ""validation_loss"": 0.5858583740234375, ""train_loss"": 0.8310783162328932, ""seconds"": 0.7084121029997732, ""gpu_id"": 1, ""candidate_id"": 79, ""sample_weight"": 0.05331880053778213}, {""client_id"": 5, ""model_family"": ""transformer"", ""feature_ids"": [1, 5, 7, 11, 12, 18, 21], ""subset_size"": 7, ""micro_f1"": 0.9487, ""macro_f1"": 0.05584835794331938, ""validation_loss"": 0.2780787170410156, ""train_loss"": 0.6422979985237122, ""seconds"": 0.6872444410000753, ""gpu_id"": 0, ""candidate_id"": 79, ""sample_weight"": 0.07030155005722065}, {""client_id"": 6, ""model_family"": ""gru"", ""feature_ids"": [1, 5, 7, 11, 12, 18, 21], ""subset_size"": 7, ""micro_f1"": 0.8468, ""macro_f1"": 0.026971932372689165, ""validation_loss"": 1.0898123046875, ""train_loss"": 2.3958541452831694, ""seconds"": 0.35067707100006373, ""gpu_id"": 1, ""candidate_id"": 79, ""sample_weight"": 0.07459801933327874}, {""client_id"": 7, ""model_family"": ""gru"", ""feature_ids"": [1, 5, 7, 11, 12, 18, 21], ""subset_size"": 7, ""micro_f1"": 0.8645, ""macro_f1"": 0.027274304733961165, ""validation_loss"": 0.8993485473632813, ""train_loss"": 2.0582707611931697, ""seconds"": 0.3327789589998247, ""gpu_id"": 1, ""candidate_id"": 79, ""sample_weight"": 0.05067317481195735}, {""client_id"": 8, ""model_family"": ""gru"", ""feature_ids"": [1, 5, 7, 11, 12, 18, 21], ""subset_size"": 7, ""micro_f1"": 0.4011, ""macro_f1"": 0.037862093846608644, ""validation_loss"": 2.76385, ""train_loss"": 3.174829600991143, ""seconds"": 0.3383506770001077, ""gpu_id"": 1, ""candidate_id"": 79, ""sample_weight"": 0.354287210681253}, {""client_id"": 9, ""model_family"": ""gru"", ""feature_ids"": [1, 5, 7, 11, 12, 18, 21], ""subset_size"": 7, ""micro_f1"": 0.7576, ""macro_f1"": 0.025366977392049714, ""validation_loss"": 1.1772392211914062, ""train_loss"": 1.928616538090176, ""seconds"": 0.337638337000044, ""gpu_id"": 0, ""candidate_id"": 79, ""sample_weight"": 0.12090074249549396}, {""client_id"": 10, ""model_family"": ""gru"", ""feature_ids"": [1, 5, 7, 11, 12, 18, 21], ""subset_size"": 7, ""micro_f1"": 0.3865, ""macro_f1"": 0.016397615663647357, ""validation_loss"": 2.329167578125, ""train_loss"": 2.9846401249779597, ""seconds"": 0.3511401820001083, ""gpu_id"": 0, ""candidate_id"": 79, ""sample_weight"": 0.11011103958316146}]"
80,8,8000,"[1, 5, 7, 11, 12, 18, 21]","[""AVG"", ""Max"", ""syn_count"", ""syn_flag_number"", ""rst_flag_number"", ""rst_count"", ""ICMP""]",7,0.6028852981782751,0.03490290765543476,0.6088055968284607,0.72,0.6474079701349814,180,17560,"[{""client_id"": 1, ""model_family"": ""transformer"", ""feature_ids"": [1, 5, 7, 11, 12, 18, 21], ""subset_size"": 7, ""micro_f1"": 0.8775380710659898, ""macro_f1"": 0.02749339005625907, ""validation_loss"": 0.6688880533131246, ""train_loss"": 1.2022581371424632, ""seconds"": 0.22401780599966514, ""gpu_id"": 0, ""candidate_id"": 80, ""sample_weight"": 0.0008752009911046531}, {""client_id"": 2, ""model_family"": ""transformer"", ""feature_ids"": [1, 5, 7, 11, 12, 18, 21], ""subset_size"": 7, ""micro_f1"": 0.3663, ""macro_f1"": 0.03967392240167381, ""validation_loss"": 1.63876865234375, ""train_loss"": 2.0538110028796726, ""seconds"": 0.7295124269999178, ""gpu_id"": 1, ""candidate_id"": 80, ""sample_weight"": 0.061408177662345804}, {""client_id"": 3, ""model_family"": ""transformer"", ""feature_ids"": [1, 5, 7, 11, 12, 18, 21], ""subset_size"": 7, ""micro_f1"": 0.8257, ""macro_f1"": 0.05195624607743435, ""validation_loss"": 0.6959287963867188, ""train_loss"": 1.0513689574135674, ""seconds"": 0.7733287719997861, ""gpu_id"": 0, ""candidate_id"": 80, ""sample_weight"": 0.10352608384640223}, {""client_id"": 4, ""model_family"": ""transformer"", ""feature_ids"": [1, 5, 7, 11, 12, 18, 21], ""subset_size"": 7, ""micro_f1"": 0.8287, ""macro_f1"": 0.02727434189046475, ""validation_loss"": 0.5865087036132812, ""train_loss"": 0.8334293072170681, ""seconds"": 0.8485278899997866, ""gpu_id"": 1, ""candidate_id"": 80, ""sample_weight"": 0.05331880053778213}, {""client_id"": 5, ""model_family"": ""transformer"", ""feature_ids"": [1, 5, 7, 11, 12, 18, 21], ""subset_size"": 7, ""micro_f1"": 0.9491, ""macro_f1"": 0.05588570065808361, ""validation_loss"": 0.2778109939575195, ""train_loss"": 0.642123148197598, ""seconds"": 0.7930737650003721, ""gpu_id"": 0, ""candidate_id"": 80, ""sample_weight"": 0.07030155005722065}, {""client_id"": 6, ""model_family"": ""gru"", ""feature_ids"": [1, 5, 7, 11, 12, 18, 21], ""subset_size"": 7, ""micro_f1"": 0.8468, ""macro_f1"": 0.026971932372689165, ""validation_loss"": 1.0887419189453125, ""train_loss"": 2.396253144285414, ""seconds"": 0.33603536199962036, ""gpu_id"": 1, ""candidate_id"": 80, ""sample_weight"": 0.07459801933327874}, {""client_id"": 7, ""model_family"": ""gru"", ""feature_ids"": [1, 5, 7, 11, 12, 18, 21], ""subset_size"": 7, ""micro_f1"": 0.8645, ""macro_f1"": 0.027274304733961165, ""validation_loss"": 0.8986888305664062, ""train_loss"": 2.0591268527560764, ""seconds"": 0.3289685899999313, ""gpu_id"": 1, ""candidate_id"": 80, ""sample_weight"": 0.05067317481195735}, {""client_id"": 8, ""model_family"": ""gru"", ""feature_ids"": [1, 5, 7, 11, 12, 18, 21], ""subset_size"": 7, ""micro_f1"": 0.4011, ""macro_f1"": 0.037862093846608644, ""validation_loss"": 2.76348203125, ""train_loss"": 3.1747822708553737, ""seconds"": 0.35729662299991105, ""gpu_id"": 1, ""candidate_id"": 80, ""sample_weight"": 0.354287210681253}, {""client_id"": 9, ""model_family"": ""gru"", ""feature_ids"": [1, 5, 7, 11, 12, 18, 21], ""subset_size"": 7, ""micro_f1"": 0.7576, ""macro_f1"": 0.025366977392049714, ""validation_loss"": 1.176744287109375, ""train_loss"": 1.928669981151157, ""seconds"": 0.3458609509998496, ""gpu_id"": 0, ""candidate_id"": 80, ""sample_weight"": 0.12090074249549396}, {""client_id"": 10, ""model_family"": ""gru"", ""feature_ids"": [1, 5, 7, 11, 12, 18, 21], ""subset_size"": 7, ""micro_f1"": 0.3865, ""macro_f1"": 0.016397615663647357, ""validation_loss"": 2.33007099609375, ""train_loss"": 2.984736794153849, ""seconds"": 0.3590858410002511, ""gpu_id"": 0, ""candidate_id"": 80, ""sample_weight"": 0.11011103958316146}]"
81,9,8100,"[1, 5, 7, 11, 12, 18, 21]","[""AVG"", ""Max"", ""syn_count"", ""syn_flag_number"", ""rst_flag_number"", ""rst_count"", ""ICMP""]",7,0.6038850742103676,0.035175759939287975,0.6001992225646973,0.72,0.6483685851645671,180,17740,"[{""client_id"": 1, ""model_family"": ""transformer"", ""feature_ids"": [1, 5, 7, 11, 12, 18, 21], ""subset_size"": 7, ""micro_f1"": 0.8775380710659898, ""macro_f1"": 0.02749339005625907, ""validation_loss"": 0.667387889726513, ""train_loss"": 1.2077978692415132, ""seconds"": 0.24414184499983094, ""gpu_id"": 0, ""candidate_id"": 81, ""sample_weight"": 0.0008752009911046531}, {""client_id"": 2, ""model_family"": ""transformer"", ""feature_ids"": [1, 5, 7, 11, 12, 18, 21], ""subset_size"": 7, ""micro_f1"": 0.3844, ""macro_f1"": 0.04426153663058178, ""validation_loss"": 1.639399609375, ""train_loss"": 2.054046180237664, ""seconds"": 0.7772678740002448, ""gpu_id"": 1, ""candidate_id"": 81, ""sample_weight"": 0.061408177662345804}, {""client_id"": 3, ""model_family"": ""transformer"", ""feature_ids"": [1, 5, 7, 11, 12, 18, 21], ""subset_size"": 7, ""micro_f1"": 0.8253, ""macro_f1"": 0.05192996225445182, ""validation_loss"": 0.696924658203125, ""train_loss"": 1.050752506658766, ""seconds"": 0.7502000260001296, ""gpu_id"": 0, ""candidate_id"": 81, ""sample_weight"": 0.10352608384640223}, {""client_id"": 4, ""model_family"": ""transformer"", ""feature_ids"": [1, 5, 7, 11, 12, 18, 21], ""subset_size"": 7, ""micro_f1"": 0.8287, ""macro_f1"": 0.027272663774034638, ""validation_loss"": 0.586474755859375, ""train_loss"": 0.8345676667955186, ""seconds"": 0.6768680389996007, ""gpu_id"": 1, ""candidate_id"": 81, ""sample_weight"": 0.05331880053778213}, {""client_id"": 5, ""model_family"": ""transformer"", ""feature_ids"": [1, 5, 7, 11, 12, 18, 21], ""subset_size"": 7, ""micro_f1"": 0.9481, ""macro_f1"": 0.05579958293607274, ""validation_loss"": 0.27869075775146485, ""train_loss"": 0.6423405852423774, ""seconds"": 0.7082024349997482, ""gpu_id"": 0, ""candidate_id"": 81, ""sample_weight"": 0.07030155005722065}, {""client_id"": 6, ""model_family"": ""gru"", ""feature_ids"": [1, 5, 7, 11, 12, 18, 21], ""subset_size"": 7, ""micro_f1"": 0.8468, ""macro_f1"": 0.026971932372689165, ""validation_loss"": 1.0872330322265624, ""train_loss"": 2.3953852324167886, ""seconds"": 0.3638720559997637, ""gpu_id"": 1, ""candidate_id"": 81, ""sample_weight"": 0.07459801933327874}, {""client_id"": 7, ""model_family"": ""gru"", ""feature_ids"": [1, 5, 7, 11, 12, 18, 21], ""subset_size"": 7, ""micro_f1"": 0.8645, ""macro_f1"": 0.027274304733961165, ""validation_loss"": 0.8995278930664062, ""train_loss"": 2.060017356777191, ""seconds"": 0.35129411400021127, ""gpu_id"": 1, ""candidate_id"": 81, ""sample_weight"": 0.05067317481195735}, {""client_id"": 8, ""model_family"": ""gru"", ""feature_ids"": [1, 5, 7, 11, 12, 18, 21], ""subset_size"": 7, ""micro_f1"": 0.4011, ""macro_f1"": 0.037862093846608644, ""validation_loss"": 2.763240234375, ""train_loss"": 3.1746710279252794, ""seconds"": 0.33877465900013704, ""gpu_id"": 1, ""candidate_id"": 81, ""sample_weight"": 0.354287210681253}, {""client_id"": 9, ""model_family"": ""gru"", ""feature_ids"": [1, 5, 7, 11, 12, 18, 21], ""subset_size"": 7, ""micro_f1"": 0.7576, ""macro_f1"": 0.025366977392049714, ""validation_loss"": 1.1768937744140624, ""train_loss"": 1.9285929386138916, ""seconds"": 0.3438390360001904, ""gpu_id"": 0, ""candidate_id"": 81, ""sample_weight"": 0.12090074249549396}, {""client_id"": 10, ""model_family"": ""gru"", ""feature_ids"": [1, 5, 7, 11, 12, 18, 21], ""subset_size"": 7, ""micro_f1"": 0.3865, ""macro_f1"": 0.016397615663647357, ""validation_loss"": 2.330763671875, ""train_loss"": 2.9853255970001222, ""seconds"": 0.33879490199979045, ""gpu_id"": 0, ""candidate_id"": 81, ""sample_weight"": 0.11011103958316146}]"
82,9,8200,"[1, 5, 7, 11, 12, 18, 21]","[""AVG"", ""Max"", ""syn_count"", ""syn_flag_number"", ""rst_flag_number"", ""rst_count"", ""ICMP""]",7,0.6025084255310642,0.034732127453035944,0.6027377247810364,0.72,0.6479770700750028,180,17920,"[{""client_id"": 1, ""model_family"": ""transformer"", ""feature_ids"": [1, 5, 7, 11, 12, 18, 21], ""subset_size"": 7, ""micro_f1"": 0.8775380710659898, ""macro_f1"": 0.02749339005625907, ""validation_loss"": 0.6681075313974758, ""train_loss"": 1.2070660937726665, ""seconds"": 0.2512088319999748, ""gpu_id"": 0, ""candidate_id"": 82, ""sample_weight"": 0.0008752009911046531}, {""client_id"": 2, ""model_family"": ""transformer"", ""feature_ids"": [1, 5, 7, 11, 12, 18, 21], ""subset_size"": 7, ""micro_f1"": 0.3605, ""macro_f1"": 0.03691155075176096, ""validation_loss"": 1.639704931640625, ""train_loss"": 2.0541065972646075, ""seconds"": 0.7118728730001749, ""gpu_id"": 1, ""candidate_id"": 82, ""sample_weight"": 0.061408177662345804}, {""client_id"": 3, ""model_family"": ""transformer"", ""feature_ids"": [1, 5, 7, 11, 12, 18, 21], ""subset_size"": 7, ""micro_f1"": 0.8255, ""macro_f1"": 0.051942725276624795, ""validation_loss"": 0.6962812316894531, ""train_loss"": 1.0498967459042867, ""seconds"": 0.6905467450001197, ""gpu_id"": 0, ""candidate_id"": 82, ""sample_weight"": 0.10352608384640223}, {""client_id"": 4, ""model_family"": ""transformer"", ""feature_ids"": [1, 5, 7, 11, 12, 18, 21], ""subset_size"": 7, ""micro_f1"": 0.8287, ""macro_f1"": 0.02727434189046475, ""validation_loss"": 0.5864602416992187, ""train_loss"": 0.8326485705799527, ""seconds"": 0.8290691090001019, ""gpu_id"": 1, ""candidate_id"": 82, ""sample_weight"": 0.05331880053778213}, {""client_id"": 5, ""model_family"": ""transformer"", ""feature_ids"": [1, 5, 7, 11, 12, 18, 21], ""subset_size"": 7, ""micro_f1"": 0.9491, ""macro_f1"": 0.05588928183384055, ""validation_loss"": 0.27798424835205077, ""train_loss"": 0.6432689578904046, ""seconds"": 0.8419568240001354, ""gpu_id"": 0, ""candidate_id"": 82, ""sample_weight"": 0.07030155005722065}, {""client_id"": 6, ""model_family"": ""gru"", ""feature_ids"": [1, 5, 7, 11, 12, 18, 21], ""subset_size"": 7, ""micro_f1"": 0.8468, ""macro_f1"": 0.026971932372689165, ""validation_loss"": 1.08848203125, ""train_loss"": 2.3957501840379503, ""seconds"": 0.38196430800007874, ""gpu_id"": 1, ""candidate_id"": 82, ""sample_weight"": 0.07459801933327874}, {""client_id"": 7, ""model_family"": ""gru"", ""feature_ids"": [1, 5, 7, 11, 12, 18, 21], ""subset_size"": 7, ""micro_f1"": 0.8645, ""macro_f1"": 0.027274304733961165, ""validation_loss"": 0.8990137573242187, ""train_loss"": 2.0590414819399516, ""seconds"": 0.35423608700011755, ""gpu_id"": 1, ""candidate_id"": 82, ""sample_weight"": 0.05067317481195735}, {""client_id"": 8, ""model_family"": ""gru"", ""feature_ids"": [1, 5, 7, 11, 12, 18, 21], ""subset_size"": 7, ""micro_f1"": 0.4011, ""macro_f1"": 0.037862093846608644, ""validation_loss"": 2.763917578125, ""train_loss"": 3.174916862191094, ""seconds"": 0.34885013099983553, ""gpu_id"": 1, ""candidate_id"": 82, ""sample_weight"": 0.354287210681253}, {""client_id"": 9, ""model_family"": ""gru"", ""feature_ids"": [1, 5, 7, 11, 12, 18, 21], ""subset_size"": 7, ""micro_f1"": 0.7576, ""macro_f1"": 0.025366977392049714, ""validation_loss"": 1.1765752197265624, ""train_loss"": 1.928192589378357, ""seconds"": 0.34874776700007715, ""gpu_id"": 0, ""candidate_id"": 82, ""sample_weight"": 0.12090074249549396}, {""client_id"": 10, ""model_family"": ""gru"", ""feature_ids"": [1, 5, 7, 11, 12, 18, 21], ""subset_size"": 7, ""micro_f1"": 0.3865, ""macro_f1"": 0.016397615663647357, ""validation_loss"": 2.32941328125, ""train_loss"": 2.9845257154676648, ""seconds"": 0.3643711429999712, ""gpu_id"": 0, ""candidate_id"": 82, ""sample_weight"": 0.11011103958316146}]"
83,9,8300,"[1, 5, 7, 11, 12, 18, 21]","[""AVG"", ""Max"", ""syn_count"", ""syn_flag_number"", ""rst_flag_number"", ""rst_count"", ""ICMP""]",7,0.6032191320701372,0.03507078220808888,0.6040317416191101,0.72,0.6479187390451028,180,18100,"[{""client_id"": 1, ""model_family"": ""transformer"", ""feature_ids"": [1, 5, 7, 11, 12, 18, 21], ""subset_size"": 7, ""micro_f1"": 0.8775380710659898, ""macro_f1"": 0.02749339005625907, ""validation_loss"": 0.6669614762824199, ""train_loss"": 1.207505365582556, ""seconds"": 0.21816031500020472, ""gpu_id"": 0, ""candidate_id"": 83, ""sample_weight"": 0.0008752009911046531}, {""client_id"": 2, ""model_family"": ""transformer"", ""feature_ids"": [1, 5, 7, 11, 12, 18, 21], ""subset_size"": 7, ""micro_f1"": 0.3727, ""macro_f1"": 0.04248609155007288, ""validation_loss"": 1.637775732421875, ""train_loss"": 2.0519758632024128, ""seconds"": 0.7883899369999199, ""gpu_id"": 1, ""candidate_id"": 83, ""sample_weight"": 0.061408177662345804}, {""client_id"": 3, ""model_family"": ""transformer"", ""feature_ids"": [1, 5, 7, 11, 12, 18, 21], ""subset_size"": 7, ""micro_f1"": 0.8254, ""macro_f1"": 0.05193638228464021, ""validation_loss"": 0.6957119079589844, ""train_loss"": 1.0504100706630284, ""seconds"": 0.8369985299996188, ""gpu_id"": 0, ""candidate_id"": 83, ""sample_weight"": 0.10352608384640223}, {""client_id"": 4, ""model_family"": ""transformer"", ""feature_ids"": [1, 5, 7, 11, 12, 18, 21], ""subset_size"": 7, ""micro_f1"": 0.8287, ""macro_f1"": 0.027271829481775842, ""validation_loss"": 0.5864266479492187, ""train_loss"": 0.8322317449887594, ""seconds"": 0.7822916410000289, ""gpu_id"": 1, ""candidate_id"": 83, ""sample_weight"": 0.05331880053778213}, {""client_id"": 5, ""model_family"": ""transformer"", ""feature_ids"": [1, 5, 7, 11, 12, 18, 21], ""subset_size"": 7, ""micro_f1"": 0.9487, ""macro_f1"": 0.05584835794331938, ""validation_loss"": 0.27826602325439453, ""train_loss"": 0.6438512157546149, ""seconds"": 0.7238238690001708, ""gpu_id"": 0, ""candidate_id"": 83, ""sample_weight"": 0.07030155005722065}, {""client_id"": 6, ""model_family"": ""gru"", ""feature_ids"": [1, 5, 7, 11, 12, 18, 21], ""subset_size"": 7, ""micro_f1"": 0.8468, ""macro_f1"": 0.026971932372689165, ""validation_loss"": 1.08899599609375, ""train_loss"": 2.3960521505991617, ""seconds"": 0.3279989860002388, ""gpu_id"": 1, ""candidate_id"": 83, ""sample_weight"": 0.07459801933327874}, {""client_id"": 7, ""model_family"": ""gru"", ""feature_ids"": [1, 5, 7, 11, 12, 18, 21], ""subset_size"": 7, ""micro_f1"": 0.8645, ""macro_f1"": 0.027274304733961165, ""validation_loss"": 0.8997315551757813, ""train_loss"": 2.0593003067864313, ""seconds"": 0.4007956639998156, ""gpu_id"": 1, ""candidate_id"": 83, ""sample_weight"": 0.05067317481195735}, {""client_id"": 8, ""model_family"": ""gru"", ""feature_ids"": [1, 5, 7, 11, 12, 18, 21], ""subset_size"": 7, ""micro_f1"": 0.4011, ""macro_f1"": 0.037862093846608644, ""validation_loss"": 2.7631794921875, ""train_loss"": 3.1745680778079564, ""seconds"": 0.3516252579997854, ""gpu_id"": 1, ""candidate_id"": 83, ""sample_weight"": 0.354287210681253}, {""client_id"": 9, ""model_family"": ""gru"", ""feature_ids"": [1, 5, 7, 11, 12, 18, 21], ""subset_size"": 7, ""micro_f1"": 0.7576, ""macro_f1"": 0.025366977392049714, ""validation_loss"": 1.17693515625, ""train_loss"": 1.928630461798774, ""seconds"": 0.37072454899998775, ""gpu_id"": 0, ""candidate_id"": 83, ""sample_weight"": 0.12090074249549396}, {""client_id"": 10, ""model_family"": ""gru"", ""feature_ids"": [1, 5, 7, 11, 12, 18, 21], ""subset_size"": 7, ""micro_f1"": 0.3865, ""macro_f1"": 0.016397615663647357, ""validation_loss"": 2.32951826171875, ""train_loss"": 2.984628330866496, ""seconds"": 0.3737217910002073, ""gpu_id"": 0, ""candidate_id"": 83, ""sample_weight"": 0.11011103958316146}]"
84,9,8400,"[1, 5, 7, 11, 12, 18, 21]","[""AVG"", ""Max"", ""syn_count"", ""syn_flag_number"", ""rst_flag_number"", ""rst_count"", ""ICMP""]",7,0.6031102256721551,0.03501069438407176,0.6027705073356628,0.72,0.6480339718336492,180,18280,"[{""client_id"": 1, ""model_family"": ""transformer"", ""feature_ids"": [1, 5, 7, 11, 12, 18, 21], ""subset_size"": 7, ""micro_f1"": 0.8775380710659898, ""macro_f1"": 0.02749339005625907, ""validation_loss"": 0.6677231183511957, ""train_loss"": 1.2089203665704291, ""seconds"": 0.22230131700007405, ""gpu_id"": 0, ""candidate_id"": 84, ""sample_weight"": 0.0008752009911046531}, {""client_id"": 2, ""model_family"": ""transformer"", ""feature_ids"": [1, 5, 7, 11, 12, 18, 21], ""subset_size"": 7, ""micro_f1"": 0.3703, ""macro_f1"": 0.04144884692948981, ""validation_loss"": 1.639100830078125, ""train_loss"": 2.0536816729651557, ""seconds"": 0.7771939879999081, ""gpu_id"": 1, ""candidate_id"": 84, ""sample_weight"": 0.061408177662345804}, {""client_id"": 3, ""model_family"": ""transformer"", ""feature_ids"": [1, 5, 7, 11, 12, 18, 21], ""subset_size"": 7, ""micro_f1"": 0.8255, ""macro_f1"": 0.051942144179082994, ""validation_loss"": 0.6968159057617187, ""train_loss"": 1.0511102958997092, ""seconds"": 0.7643411840003864, ""gpu_id"": 0, ""candidate_id"": 84, ""sample_weight"": 0.10352608384640223}, {""client_id"": 4, ""model_family"": ""transformer"", ""feature_ids"": [1, 5, 7, 11, 12, 18, 21], ""subset_size"": 7, ""micro_f1"": 0.8287, ""macro_f1"": 0.02727434189046475, ""validation_loss"": 0.5868976928710937, ""train_loss"": 0.8323059925397237, ""seconds"": 0.7004229259996464, ""gpu_id"": 1, ""candidate_id"": 84, ""sample_weight"": 0.05331880053778213}, {""client_id"": 5, ""model_family"": ""transformer"", ""feature_ids"": [1, 5, 7, 11, 12, 18, 21], ""subset_size"": 7, ""micro_f1"": 0.9491, ""macro_f1"": 0.05588928183384055, ""validation_loss"": 0.27799886016845704, ""train_loss"": 0.6437822075472938, ""seconds"": 0.7448276229997646, ""gpu_id"": 0, ""candidate_id"": 84, ""sample_weight"": 0.07030155005722065}, {""client_id"": 6, ""model_family"": ""gru"", ""feature_ids"": [1, 5, 7, 11, 12, 18, 21], ""subset_size"": 7, ""micro_f1"": 0.8468, ""macro_f1"": 0.026971932372689165, ""validation_loss"": 1.0884171875, ""train_loss"": 2.3957360027101307, ""seconds"": 0.3774851119997038, ""gpu_id"": 1, ""candidate_id"": 84, ""sample_weight"": 0.07459801933327874}, {""client_id"": 7, ""model_family"": ""gru"", ""feature_ids"": [1, 5, 7, 11, 12, 18, 21], ""subset_size"": 7, ""micro_f1"": 0.8645, ""macro_f1"": 0.027274304733961165, ""validation_loss"": 0.8984242797851563, ""train_loss"": 2.058488545449575, ""seconds"": 0.36474742500013235, ""gpu_id"": 1, ""candidate_id"": 84, ""sample_weight"": 0.05067317481195735}, {""client_id"": 8, ""model_family"": ""gru"", ""feature_ids"": [1, 5, 7, 11, 12, 18, 21], ""subset_size"": 7, ""micro_f1"": 0.4011, ""macro_f1"": 0.037862093846608644, ""validation_loss"": 2.7635783203125, ""train_loss"": 3.174647438981798, ""seconds"": 0.3246259969996572, ""gpu_id"": 1, ""candidate_id"": 84, ""sample_weight"": 0.354287210681253}, {""client_id"": 9, ""model_family"": ""gru"", ""feature_ids"": [1, 5, 7, 11, 12, 18, 21], ""subset_size"": 7, ""micro_f1"": 0.7576, ""macro_f1"": 0.025366977392049714, ""validation_loss"": 1.1767814331054687, ""train_loss"": 1.92767570215861, ""seconds"": 0.35839156900010494, ""gpu_id"": 0, ""candidate_id"": 84, ""sample_weight"": 0.12090074249549396}, {""client_id"": 10, ""model_family"": ""gru"", ""feature_ids"": [1, 5, 7, 11, 12, 18, 21], ""subset_size"": 7, ""micro_f1"": 0.3865, ""macro_f1"": 0.016397615663647357, ""validation_loss"": 2.330099609375, ""train_loss"": 2.985074977238973, ""seconds"": 0.3457069850001062, ""gpu_id"": 0, ""candidate_id"": 84, ""sample_weight"": 0.11011103958316146}]"
85,9,8500,"[1, 5, 7, 11, 12, 18, 21]","[""AVG"", ""Max"", ""syn_count"", ""syn_flag_number"", ""rst_flag_number"", ""rst_count"", ""ICMP""]",7,0.6031782787565754,0.035038999587588014,0.6029293537139893,0.72,0.6480248925042587,180,18460,"[{""client_id"": 1, ""model_family"": ""transformer"", ""feature_ids"": [1, 5, 7, 11, 12, 18, 21], ""subset_size"": 7, ""micro_f1"": 0.8775380710659898, ""macro_f1"": 0.02749339005625907, ""validation_loss"": 0.6678175563134517, ""train_loss"": 1.2092140242331322, ""seconds"": 0.26468807599985666, ""gpu_id"": 0, ""candidate_id"": 85, ""sample_weight"": 0.0008752009911046531}, {""client_id"": 2, ""model_family"": ""transformer"", ""feature_ids"": [1, 5, 7, 11, 12, 18, 21], ""subset_size"": 7, ""micro_f1"": 0.3713, ""macro_f1"": 0.0419075075672965, ""validation_loss"": 1.639021630859375, ""train_loss"": 2.05317269376119, ""seconds"": 0.8483399750002718, ""gpu_id"": 1, ""candidate_id"": 85, ""sample_weight"": 0.061408177662345804}, {""client_id"": 3, ""model_family"": ""transformer"", ""feature_ids"": [1, 5, 7, 11, 12, 18, 21], ""subset_size"": 7, ""micro_f1"": 0.8257, ""macro_f1"": 0.05195774017240472, ""validation_loss"": 0.6961662658691407, ""train_loss"": 1.0510130643102857, ""seconds"": 0.8304761379999945, ""gpu_id"": 0, ""candidate_id"": 85, ""sample_weight"": 0.10352608384640223}, {""client_id"": 4, ""model_family"": ""transformer"", ""feature_ids"": [1, 5, 7, 11, 12, 18, 21], ""subset_size"": 7, ""micro_f1"": 0.8287, ""macro_f1"": 0.027276032822191192, ""validation_loss"": 0.5863843994140625, ""train_loss"": 0.8325103008694119, ""seconds"": 0.738627422999798, ""gpu_id"": 1, ""candidate_id"": 85, ""sample_weight"": 0.05331880053778213}, {""client_id"": 5, ""model_family"": ""transformer"", ""feature_ids"": [1, 5, 7, 11, 12, 18, 21], ""subset_size"": 7, ""micro_f1"": 0.9489, ""macro_f1"": 0.055867019721847704, ""validation_loss"": 0.2782182556152344, ""train_loss"": 0.642664593050215, ""seconds"": 0.691053073999683, ""gpu_id"": 0, ""candidate_id"": 85, ""sample_weight"": 0.07030155005722065}, {""client_id"": 6, ""model_family"": ""gru"", ""feature_ids"": [1, 5, 7, 11, 12, 18, 21], ""subset_size"": 7, ""micro_f1"": 0.8468, ""macro_f1"": 0.026971932372689165, ""validation_loss"": 1.0872693115234375, ""train_loss"": 2.395214550696479, ""seconds"": 0.3419094689998019, ""gpu_id"": 1, ""candidate_id"": 85, ""sample_weight"": 0.07459801933327874}, {""client_id"": 7, ""model_family"": ""gru"", ""feature_ids"": [1, 5, 7, 11, 12, 18, 21], ""subset_size"": 7, ""micro_f1"": 0.8645, ""macro_f1"": 0.027274304733961165, ""validation_loss"": 0.898438818359375, ""train_loss"": 2.057802508057488, ""seconds"": 0.36169924999967407, ""gpu_id"": 1, ""candidate_id"": 85, ""sample_weight"": 0.05067317481195735}, {""client_id"": 8, ""model_family"": ""gru"", ""feature_ids"": [1, 5, 7, 11, 12, 18, 21], ""subset_size"": 7, ""micro_f1"": 0.4011, ""macro_f1"": 0.037862093846608644, ""validation_loss"": 2.763951953125, ""train_loss"": 3.174774217944675, ""seconds"": 0.3634668220001913, ""gpu_id"": 1, ""candidate_id"": 85, ""sample_weight"": 0.354287210681253}, {""client_id"": 9, ""model_family"": ""gru"", ""feature_ids"": [1, 5, 7, 11, 12, 18, 21], ""subset_size"": 7, ""micro_f1"": 0.7576, ""macro_f1"": 0.025366977392049714, ""validation_loss"": 1.17662421875, ""train_loss"": 1.9283599519305759, ""seconds"": 0.3628139279999232, ""gpu_id"": 0, ""candidate_id"": 85, ""sample_weight"": 0.12090074249549396}, {""client_id"": 10, ""model_family"": ""gru"", ""feature_ids"": [1, 5, 7, 11, 12, 18, 21], ""subset_size"": 7, ""micro_f1"": 0.3865, ""macro_f1"": 0.016397615663647357, ""validation_loss"": 2.32953349609375, ""train_loss"": 2.9848667866600884, ""seconds"": 0.36764944200012906, ""gpu_id"": 0, ""candidate_id"": 85, ""sample_weight"": 0.11011103958316146}]"
86,9,8600,"[1, 5, 7, 11, 12, 18, 21]","[""AVG"", ""Max"", ""syn_count"", ""syn_flag_number"", ""rst_flag_number"", ""rst_count"", ""ICMP""]",7,0.6036836044878855,0.03509651741594493,0.6033408045768738,0.72,0.6480342799911012,180,18640,"[{""client_id"": 1, ""model_family"": ""transformer"", ""feature_ids"": [1, 5, 7, 11, 12, 18, 21], ""subset_size"": 7, ""micro_f1"": 0.8775380710659898, ""macro_f1"": 0.02749339005625907, ""validation_loss"": 0.6685661664468988, ""train_loss"": 1.203145762217361, ""seconds"": 0.2536222210001142, ""gpu_id"": 0, ""candidate_id"": 86, ""sample_weight"": 0.0008752009911046531}, {""client_id"": 2, ""model_family"": ""transformer"", ""feature_ids"": [1, 5, 7, 11, 12, 18, 21], ""subset_size"": 7, ""micro_f1"": 0.3793, ""macro_f1"": 0.04282263281568498, ""validation_loss"": 1.639033251953125, ""train_loss"": 2.053241020796034, ""seconds"": 0.7089128170000549, ""gpu_id"": 1, ""candidate_id"": 86, ""sample_weight"": 0.061408177662345804}, {""client_id"": 3, ""model_family"": ""transformer"", ""feature_ids"": [1, 5, 7, 11, 12, 18, 21], ""subset_size"": 7, ""micro_f1"": 0.8257, ""macro_f1"": 0.051958691760588704, ""validation_loss"": 0.6963357116699219, ""train_loss"": 1.051057781071133, ""seconds"": 0.6759891709998556, ""gpu_id"": 0, ""candidate_id"": 86, ""sample_weight"": 0.10352608384640223}, {""client_id"": 4, ""model_family"": ""transformer"", ""feature_ids"": [1, 5, 7, 11, 12, 18, 21], ""subset_size"": 7, ""micro_f1"": 0.8287, ""macro_f1"": 0.02727434189046475, ""validation_loss"": 0.5866968994140624, ""train_loss"": 0.8324583077112834, ""seconds"": 0.6830732549997265, ""gpu_id"": 1, ""candidate_id"": 86, ""sample_weight"": 0.05331880053778213}, {""client_id"": 5, ""model_family"": ""transformer"", ""feature_ids"": [1, 5, 7, 11, 12, 18, 21], ""subset_size"": 7, ""micro_f1"": 0.9491, ""macro_f1"": 0.05588570065808361, ""validation_loss"": 0.27809940795898436, ""train_loss"": 0.64309213731024, ""seconds"": 0.6882170679996307, ""gpu_id"": 0, ""candidate_id"": 86, ""sample_weight"": 0.07030155005722065}, {""client_id"": 6, ""model_family"": ""gru"", ""feature_ids"": [1, 5, 7, 11, 12, 18, 21], ""subset_size"": 7, ""micro_f1"": 0.8468, ""macro_f1"": 0.026971932372689165, ""validation_loss"": 1.086955615234375, ""train_loss"": 2.3952768309063384, ""seconds"": 0.335865198999727, ""gpu_id"": 1, ""candidate_id"": 86, ""sample_weight"": 0.07459801933327874}, {""client_id"": 7, ""model_family"": ""gru"", ""feature_ids"": [1, 5, 7, 11, 12, 18, 21], ""subset_size"": 7, ""micro_f1"": 0.8645, ""macro_f1"": 0.027274304733961165, ""validation_loss"": 0.8984126953125, ""train_loss"": 2.0587015662935046, ""seconds"": 0.3402044049998949, ""gpu_id"": 1, ""candidate_id"": 86, ""sample_weight"": 0.05067317481195735}, {""client_id"": 8, ""model_family"": ""gru"", ""feature_ids"": [1, 5, 7, 11, 12, 18, 21], ""subset_size"": 7, ""micro_f1"": 0.4011, ""macro_f1"": 0.037862093846608644, ""validation_loss"": 2.76354296875, ""train_loss"": 3.1747108077155217, ""seconds"": 0.35358326000005036, ""gpu_id"": 1, ""candidate_id"": 86, ""sample_weight"": 0.354287210681253}, {""client_id"": 9, ""model_family"": ""gru"", ""feature_ids"": [1, 5, 7, 11, 12, 18, 21], ""subset_size"": 7, ""micro_f1"": 0.7576, ""macro_f1"": 0.025366977392049714, ""validation_loss"": 1.1770698608398438, ""train_loss"": 1.9289885632620918, ""seconds"": 0.34607591899975887, ""gpu_id"": 0, ""candidate_id"": 86, ""sample_weight"": 0.12090074249549396}, {""client_id"": 10, ""model_family"": ""gru"", ""feature_ids"": [1, 5, 7, 11, 12, 18, 21], ""subset_size"": 7, ""micro_f1"": 0.3865, ""macro_f1"": 0.016397615663647357, ""validation_loss"": 2.32907919921875, ""train_loss"": 2.984389899105496, ""seconds"": 0.3640923699999803, ""gpu_id"": 0, ""candidate_id"": 86, ""sample_weight"": 0.11011103958316146}]"
87,9,8700,"[1, 5, 7, 11, 12, 18, 21]","[""AVG"", ""Max"", ""syn_count"", ""syn_flag_number"", ""rst_flag_number"", ""rst_count"", ""ICMP""]",7,0.6031782787565754,0.03504000780951158,0.6037519574165344,0.72,0.6479426321340042,180,18820,"[{""client_id"": 1, ""model_family"": ""transformer"", ""feature_ids"": [1, 5, 7, 11, 12, 18, 21], ""subset_size"": 7, ""micro_f1"": 0.8775380710659898, ""macro_f1"": 0.02749339005625907, ""validation_loss"": 0.6678370945344722, ""train_loss"": 1.2096138864133699, ""seconds"": 0.22899749599991992, ""gpu_id"": 0, ""candidate_id"": 87, ""sample_weight"": 0.0008752009911046531}, {""client_id"": 2, ""model_family"": ""transformer"", ""feature_ids"": [1, 5, 7, 11, 12, 18, 21], ""subset_size"": 7, ""micro_f1"": 0.3713, ""macro_f1"": 0.041932231298556874, ""validation_loss"": 1.637289404296875, ""train_loss"": 2.05259070608351, ""seconds"": 0.6946919530000741, ""gpu_id"": 1, ""candidate_id"": 87, ""sample_weight"": 0.061408177662345804}, {""client_id"": 3, ""model_family"": ""transformer"", ""feature_ids"": [1, 5, 7, 11, 12, 18, 21], ""subset_size"": 7, ""micro_f1"": 0.8257, ""macro_f1"": 0.05195523918642283, ""validation_loss"": 0.6963436279296875, ""train_loss"": 1.0511159403377108, ""seconds"": 0.6980883249998442, ""gpu_id"": 0, ""candidate_id"": 87, ""sample_weight"": 0.10352608384640223}, {""client_id"": 4, ""model_family"": ""transformer"", ""feature_ids"": [1, 5, 7, 11, 12, 18, 21], ""subset_size"": 7, ""micro_f1"": 0.8287, ""macro_f1"": 0.027276032822191192, ""validation_loss"": 0.5857024169921875, ""train_loss"": 0.8324679535547892, ""seconds"": 0.7213158570002633, ""gpu_id"": 1, ""candidate_id"": 87, ""sample_weight"": 0.05331880053778213}, {""client_id"": 5, ""model_family"": ""transformer"", ""feature_ids"": [1, 5, 7, 11, 12, 18, 21], ""subset_size"": 7, ""micro_f1"": 0.9489, ""macro_f1"": 0.055863447964560976, ""validation_loss"": 0.27812385711669924, ""train_loss"": 0.6423953364372254, ""seconds"": 0.7444631030002711, ""gpu_id"": 0, ""candidate_id"": 87, ""sample_weight"": 0.07030155005722065}, {""client_id"": 6, ""model_family"": ""gru"", ""feature_ids"": [1, 5, 7, 11, 12, 18, 21], ""subset_size"": 7, ""micro_f1"": 0.8468, ""macro_f1"": 0.026971932372689165, ""validation_loss"": 1.08668740234375, ""train_loss"": 2.3955179909388225, ""seconds"": 0.39274120400023094, ""gpu_id"": 1, ""candidate_id"": 87, ""sample_weight"": 0.07459801933327874}, {""client_id"": 7, ""model_family"": ""gru"", ""feature_ids"": [1, 5, 7, 11, 12, 18, 21], ""subset_size"": 7, ""micro_f1"": 0.8645, ""macro_f1"": 0.027274304733961165, ""validation_loss"": 0.8992298706054688, ""train_loss"": 2.060318497488234, ""seconds"": 0.3233244449997983, ""gpu_id"": 1, ""candidate_id"": 87, ""sample_weight"": 0.05067317481195735}, {""client_id"": 8, ""model_family"": ""gru"", ""feature_ids"": [1, 5, 7, 11, 12, 18, 21], ""subset_size"": 7, ""micro_f1"": 0.4011, ""macro_f1"": 0.037862093846608644, ""validation_loss"": 2.76351875, ""train_loss"": 3.174922114690145, ""seconds"": 0.34105263599985847, ""gpu_id"": 1, ""candidate_id"": 87, ""sample_weight"": 0.354287210681253}, {""client_id"": 9, ""model_family"": ""gru"", ""feature_ids"": [1, 5, 7, 11, 12, 18, 21], ""subset_size"": 7, ""micro_f1"": 0.7576, ""macro_f1"": 0.025366977392049714, ""validation_loss"": 1.1765459106445313, ""train_loss"": 1.9294451932059393, ""seconds"": 0.35304278400008116, ""gpu_id"": 0, ""candidate_id"": 87, ""sample_weight"": 0.12090074249549396}, {""client_id"": 10, ""model_family"": ""gru"", ""feature_ids"": [1, 5, 7, 11, 12, 18, 21], ""subset_size"": 7, ""micro_f1"": 0.3865, ""macro_f1"": 0.016397615663647357, ""validation_loss"": 2.3299376953125, ""train_loss"": 2.9849952359517413, ""seconds"": 0.333974304000094, ""gpu_id"": 0, ""candidate_id"": 87, ""sample_weight"": 0.11011103958316146}]"
88,9,8800,"[1, 5, 7, 11, 12, 18, 21]","[""AVG"", ""Max"", ""syn_count"", ""syn_flag_number"", ""rst_flag_number"", ""rst_count"", ""ICMP""]",7,0.6030971735401269,0.03500641158687144,0.6032800078392029,0.72,0.6479817165700924,180,19000,"[{""client_id"": 1, ""model_family"": ""transformer"", ""feature_ids"": [1, 5, 7, 11, 12, 18, 21], ""subset_size"": 7, ""micro_f1"": 0.8775380710659898, ""macro_f1"": 0.02749339005625907, ""validation_loss"": 0.6675017884540074, ""train_loss"": 1.2062775644957515, ""seconds"": 0.2438626469997871, ""gpu_id"": 0, ""candidate_id"": 88, ""sample_weight"": 0.0008752009911046531}, {""client_id"": 2, ""model_family"": ""transformer"", ""feature_ids"": [1, 5, 7, 11, 12, 18, 21], ""subset_size"": 7, ""micro_f1"": 0.3701, ""macro_f1"": 0.04138306178584622, ""validation_loss"": 1.639136572265625, ""train_loss"": 2.0537203720092774, ""seconds"": 0.8388052529999186, ""gpu_id"": 1, ""candidate_id"": 88, ""sample_weight"": 0.061408177662345804}, {""client_id"": 3, ""model_family"": ""transformer"", ""feature_ids"": [1, 5, 7, 11, 12, 18, 21], ""subset_size"": 7, ""micro_f1"": 0.8259, ""macro_f1"": 0.05197782858100078, ""validation_loss"": 0.6968614135742187, ""train_loss"": 1.0513106878492566, ""seconds"": 0.8164042520002113, ""gpu_id"": 0, ""candidate_id"": 88, ""sample_weight"": 0.10352608384640223}, {""client_id"": 4, ""model_family"": ""transformer"", ""feature_ids"": [1, 5, 7, 11, 12, 18, 21], ""subset_size"": 7, ""micro_f1"": 0.8287, ""macro_f1"": 0.02727434189046475, ""validation_loss"": 0.5858349853515625, ""train_loss"": 0.8320465092129178, ""seconds"": 0.6730769040000268, ""gpu_id"": 1, ""candidate_id"": 88, ""sample_weight"": 0.05331880053778213}, {""client_id"": 5, ""model_family"": ""transformer"", ""feature_ids"": [1, 5, 7, 11, 12, 18, 21], ""subset_size"": 7, ""micro_f1"": 0.9485, ""macro_f1"": 0.05583327570319827, ""validation_loss"": 0.2784440658569336, ""train_loss"": 0.6428630392180549, ""seconds"": 0.7057667220001349, ""gpu_id"": 0, ""candidate_id"": 88, ""sample_weight"": 0.07030155005722065}, {""client_id"": 6, ""model_family"": ""gru"", ""feature_ids"": [1, 5, 7, 11, 12, 18, 21], ""subset_size"": 7, ""micro_f1"": 0.8468, ""macro_f1"": 0.026971932372689165, ""validation_loss"": 1.086988525390625, ""train_loss"": 2.3952196238835652, ""seconds"": 0.36880037399987486, ""gpu_id"": 1, ""candidate_id"": 88, ""sample_weight"": 0.07459801933327874}, {""client_id"": 7, ""model_family"": ""gru"", ""feature_ids"": [1, 5, 7, 11, 12, 18, 21], ""subset_size"": 7, ""micro_f1"": 0.8645, ""macro_f1"": 0.027274304733961165, ""validation_loss"": 0.8984354370117188, ""train_loss"": 2.0575228896776836, ""seconds"": 0.3733875360003367, ""gpu_id"": 1, ""candidate_id"": 88, ""sample_weight"": 0.05067317481195735}, {""client_id"": 8, ""model_family"": ""gru"", ""feature_ids"": [1, 5, 7, 11, 12, 18, 21], ""subset_size"": 7, ""micro_f1"": 0.4011, ""macro_f1"": 0.037862093846608644, ""validation_loss"": 2.763392578125, ""train_loss"": 3.1748260643429225, ""seconds"": 0.37321634099998846, ""gpu_id"": 1, ""candidate_id"": 88, ""sample_weight"": 0.354287210681253}, {""client_id"": 9, ""model_family"": ""gru"", ""feature_ids"": [1, 5, 7, 11, 12, 18, 21], ""subset_size"": 7, ""micro_f1"": 0.7576, ""macro_f1"": 0.025366977392049714, ""validation_loss"": 1.1768663452148438, ""train_loss"": 1.9281061264673869, ""seconds"": 0.3642524910001157, ""gpu_id"": 0, ""candidate_id"": 88, ""sample_weight"": 0.12090074249549396}, {""client_id"": 10, ""model_family"": ""gru"", ""feature_ids"": [1, 5, 7, 11, 12, 18, 21], ""subset_size"": 7, ""micro_f1"": 0.3865, ""macro_f1"": 0.016397615663647357, ""validation_loss"": 2.330478125, ""train_loss"": 2.985072472169664, ""seconds"": 0.37302992300010374, ""gpu_id"": 0, ""candidate_id"": 88, ""sample_weight"": 0.11011103958316146}]"
89,9,8900,"[1, 5, 7, 11, 12, 18, 21]","[""AVG"", ""Max"", ""syn_count"", ""syn_flag_number"", ""rst_flag_number"", ""rst_count"", ""ICMP""]",7,0.6032495354536307,0.035066574810307234,0.6028803586959839,0.72,0.6480369176757647,180,19180,"[{""client_id"": 1, ""model_family"": ""transformer"", ""feature_ids"": [1, 5, 7, 11, 12, 18, 21], ""subset_size"": 7, ""micro_f1"": 0.8775380710659898, ""macro_f1"": 0.02749339005625907, ""validation_loss"": 0.6674101001720139, ""train_loss"": 1.2051938779597489, ""seconds"": 0.23537397100017188, ""gpu_id"": 0, ""candidate_id"": 89, ""sample_weight"": 0.0008752009911046531}, {""client_id"": 2, ""model_family"": ""transformer"", ""feature_ids"": [1, 5, 7, 11, 12, 18, 21], ""subset_size"": 7, ""micro_f1"": 0.3724, ""macro_f1"": 0.04234695552790255, ""validation_loss"": 1.638336669921875, ""train_loss"": 2.0531510418574017, ""seconds"": 0.7193913680002879, ""gpu_id"": 1, ""candidate_id"": 89, ""sample_weight"": 0.061408177662345804}, {""client_id"": 3, ""model_family"": ""transformer"", ""feature_ids"": [1, 5, 7, 11, 12, 18, 21], ""subset_size"": 7, ""micro_f1"": 0.8256, ""macro_f1"": 0.051949187948507745, ""validation_loss"": 0.6962490905761719, ""train_loss"": 1.049506564447615, ""seconds"": 0.7281477840001571, ""gpu_id"": 0, ""candidate_id"": 89, ""sample_weight"": 0.10352608384640223}, {""client_id"": 4, ""model_family"": ""transformer"", ""feature_ids"": [1, 5, 7, 11, 12, 18, 21], ""subset_size"": 7, ""micro_f1"": 0.8287, ""macro_f1"": 0.02727434189046475, ""validation_loss"": 0.5860641357421875, ""train_loss"": 0.8339001492924161, ""seconds"": 0.77510002300005, ""gpu_id"": 1, ""candidate_id"": 89, ""sample_weight"": 0.05331880053778213}, {""client_id"": 5, ""model_family"": ""transformer"", ""feature_ids"": [1, 5, 7, 11, 12, 18, 21], ""subset_size"": 7, ""micro_f1"": 0.9491, ""macro_f1"": 0.05588928183384055, ""validation_loss"": 0.27768893432617187, ""train_loss"": 0.6426493899795744, ""seconds"": 0.7862751280003977, ""gpu_id"": 0, ""candidate_id"": 89, ""sample_weight"": 0.07030155005722065}, {""client_id"": 6, ""model_family"": ""gru"", ""feature_ids"": [1, 5, 7, 11, 12, 18, 21], ""subset_size"": 7, ""micro_f1"": 0.8468, ""macro_f1"": 0.026971932372689165, ""validation_loss"": 1.0872556884765625, ""train_loss"": 2.395467650900947, ""seconds"": 0.3938714920000166, ""gpu_id"": 1, ""candidate_id"": 89, ""sample_weight"": 0.07459801933327874}, {""client_id"": 7, ""model_family"": ""gru"", ""feature_ids"": [1, 5, 7, 11, 12, 18, 21], ""subset_size"": 7, ""micro_f1"": 0.8645, ""macro_f1"": 0.027274304733961165, ""validation_loss"": 0.8989915405273438, ""train_loss"": 2.0595378365516663, ""seconds"": 0.3913708609998139, ""gpu_id"": 1, ""candidate_id"": 89, ""sample_weight"": 0.05067317481195735}, {""client_id"": 8, ""model_family"": ""gru"", ""feature_ids"": [1, 5, 7, 11, 12, 18, 21], ""subset_size"": 7, ""micro_f1"": 0.4011, ""macro_f1"": 0.037862093846608644, ""validation_loss"": 2.7634322265625, ""train_loss"": 3.174679166115655, ""seconds"": 0.34244691399999283, ""gpu_id"": 1, ""candidate_id"": 89, ""sample_weight"": 0.354287210681253}, {""client_id"": 9, ""model_family"": ""gru"", ""feature_ids"": [1, 5, 7, 11, 12, 18, 21], ""subset_size"": 7, ""micro_f1"": 0.7576, ""macro_f1"": 0.025366977392049714, ""validation_loss"": 1.177202099609375, ""train_loss"": 1.9283635805765789, ""seconds"": 0.39595347200020115, ""gpu_id"": 0, ""candidate_id"": 89, ""sample_weight"": 0.12090074249549396}, {""client_id"": 10, ""model_family"": ""gru"", ""feature_ids"": [1, 5, 7, 11, 12, 18, 21], ""subset_size"": 7, ""micro_f1"": 0.3865, ""macro_f1"": 0.016397615663647357, ""validation_loss"": 2.3300697265625, ""train_loss"": 2.9850640851762558, ""seconds"": 0.35739432899981693, ""gpu_id"": 0, ""candidate_id"": 89, ""sample_weight"": 0.11011103958316146}]"
90,9,9000,"[1, 5, 7, 11, 12, 18, 21]","[""AVG"", ""Max"", ""syn_count"", ""syn_flag_number"", ""rst_flag_number"", ""rst_count"", ""ICMP""]",7,0.6032046865118779,0.035067764009779644,0.6032111048698425,0.72,0.6479993581642035,180,19360,"[{""client_id"": 1, ""model_family"": ""transformer"", ""feature_ids"": [1, 5, 7, 11, 12, 18, 21], ""subset_size"": 7, ""micro_f1"": 0.8775380710659898, ""macro_f1"": 0.02749339005625907, ""validation_loss"": 0.6679881720373473, ""train_loss"": 1.2041701974669756, ""seconds"": 0.23144069399995715, ""gpu_id"": 0, ""candidate_id"": 90, ""sample_weight"": 0.0008752009911046531}, {""client_id"": 2, ""model_family"": ""transformer"", ""feature_ids"": [1, 5, 7, 11, 12, 18, 21], ""subset_size"": 7, ""micro_f1"": 0.3727, ""macro_f1"": 0.0424625444620616, ""validation_loss"": 1.638141064453125, ""train_loss"": 2.053286040581597, ""seconds"": 0.7283371130001797, ""gpu_id"": 1, ""candidate_id"": 90, ""sample_weight"": 0.061408177662345804}, {""client_id"": 3, ""model_family"": ""transformer"", ""feature_ids"": [1, 5, 7, 11, 12, 18, 21], ""subset_size"": 7, ""micro_f1"": 0.8256, ""macro_f1"": 0.05194877411083512, ""validation_loss"": 0.6965632507324219, ""train_loss"": 1.0497492721663582, ""seconds"": 0.734891571999924, ""gpu_id"": 0, ""candidate_id"": 90, ""sample_weight"": 0.10352608384640223}, {""client_id"": 4, ""model_family"": ""transformer"", ""feature_ids"": [1, 5, 7, 11, 12, 18, 21], ""subset_size"": 7, ""micro_f1"": 0.8287, ""macro_f1"": 0.027272663774034638, ""validation_loss"": 0.586329150390625, ""train_loss"": 0.8342307022942437, ""seconds"": 0.7502161860002161, ""gpu_id"": 1, ""candidate_id"": 90, ""sample_weight"": 0.05331880053778213}, {""client_id"": 5, ""model_family"": ""transformer"", ""feature_ids"": [1, 5, 7, 11, 12, 18, 21], ""subset_size"": 7, ""micro_f1"": 0.9482, ""macro_f1"": 0.0558071131166683, ""validation_loss"": 0.2783831726074219, ""train_loss"": 0.642717389482922, ""seconds"": 0.7183758630003467, ""gpu_id"": 0, ""candidate_id"": 90, ""sample_weight"": 0.07030155005722065}, {""client_id"": 6, ""model_family"": ""gru"", ""feature_ids"": [1, 5, 7, 11, 12, 18, 21], ""subset_size"": 7, ""micro_f1"": 0.8468, ""macro_f1"": 0.026971932372689165, ""validation_loss"": 1.0877538330078125, ""train_loss"": 2.3955991993586223, ""seconds"": 0.35515961000010066, ""gpu_id"": 1, ""candidate_id"": 90, ""sample_weight"": 0.07459801933327874}, {""client_id"": 7, ""model_family"": ""gru"", ""feature_ids"": [1, 5, 7, 11, 12, 18, 21], ""subset_size"": 7, ""micro_f1"": 0.8645, ""macro_f1"": 0.027274304733961165, ""validation_loss"": 0.8995135131835937, ""train_loss"": 2.059726315667894, ""seconds"": 0.3685486009999295, ""gpu_id"": 1, ""candidate_id"": 90, ""sample_weight"": 0.05067317481195735}, {""client_id"": 8, ""model_family"": ""gru"", ""feature_ids"": [1, 5, 7, 11, 12, 18, 21], ""subset_size"": 7, ""micro_f1"": 0.4011, ""macro_f1"": 0.037862093846608644, ""validation_loss"": 2.76337265625, ""train_loss"": 3.17469516037835, ""seconds"": 0.34417748600026243, ""gpu_id"": 1, ""candidate_id"": 90, ""sample_weight"": 0.354287210681253}, {""client_id"": 9, ""model_family"": ""gru"", ""feature_ids"": [1, 5, 7, 11, 12, 18, 21], ""subset_size"": 7, ""micro_f1"": 0.7576, ""macro_f1"": 0.025366977392049714, ""validation_loss"": 1.1773273193359375, ""train_loss"": 1.927400005361769, ""seconds"": 0.35799707199976183, ""gpu_id"": 0, ""candidate_id"": 90, ""sample_weight"": 0.12090074249549396}, {""client_id"": 10, ""model_family"": ""gru"", ""feature_ids"": [1, 5, 7, 11, 12, 18, 21], ""subset_size"": 7, ""micro_f1"": 0.3865, ""macro_f1"": 0.016397615663647357, ""validation_loss"": 2.33017568359375, ""train_loss"": 2.985045757675171, ""seconds"": 0.363602267999795, ""gpu_id"": 0, ""candidate_id"": 90, ""sample_weight"": 0.11011103958316146}]"
91,10,9100,"[1, 5, 7, 11, 12, 18, 21]","[""AVG"", ""Max"", ""syn_count"", ""syn_flag_number"", ""rst_flag_number"", ""rst_count"", ""ICMP""]",7,0.6031393544701612,0.03501063201358885,0.6033393144607544,0.72,0.6479800040009407,180,19540,"[{""client_id"": 1, ""model_family"": ""transformer"", ""feature_ids"": [1, 5, 7, 11, 12, 18, 21], ""subset_size"": 7, ""micro_f1"": 0.8775380710659898, ""macro_f1"": 0.02749339005625907, ""validation_loss"": 0.667676199511223, ""train_loss"": 1.2074210768827125, ""seconds"": 0.2386046249998799, ""gpu_id"": 0, ""candidate_id"": 91, ""sample_weight"": 0.0008752009911046531}, {""client_id"": 2, ""model_family"": ""transformer"", ""feature_ids"": [1, 5, 7, 11, 12, 18, 21], ""subset_size"": 7, ""micro_f1"": 0.3701, ""macro_f1"": 0.04138569324283349, ""validation_loss"": 1.639236376953125, ""train_loss"": 2.0535956165737574, ""seconds"": 0.6884301990003223, ""gpu_id"": 1, ""candidate_id"": 91, ""sample_weight"": 0.061408177662345804}, {""client_id"": 3, ""model_family"": ""transformer"", ""feature_ids"": [1, 5, 7, 11, 12, 18, 21], ""subset_size"": 7, ""micro_f1"": 0.8259, ""macro_f1"": 0.05197900235226546, ""validation_loss"": 0.6955854248046875, ""train_loss"": 1.0498570441775852, ""seconds"": 0.6943007040003977, ""gpu_id"": 0, ""candidate_id"": 91, ""sample_weight"": 0.10352608384640223}, {""client_id"": 4, ""model_family"": ""transformer"", ""feature_ids"": [1, 5, 7, 11, 12, 18, 21], ""subset_size"": 7, ""micro_f1"": 0.8287, ""macro_f1"": 0.02727434189046475, ""validation_loss"": 0.5863638427734374, ""train_loss"": 0.8334623027059767, ""seconds"": 0.7470576260002417, ""gpu_id"": 1, ""candidate_id"": 91, ""sample_weight"": 0.05331880053778213}, {""client_id"": 5, ""model_family"": ""transformer"", ""feature_ids"": [1, 5, 7, 11, 12, 18, 21], ""subset_size"": 7, ""micro_f1"": 0.9491, ""macro_f1"": 0.05588928183384055, ""validation_loss"": 0.2780987854003906, ""train_loss"": 0.6428645396020677, ""seconds"": 0.7456767699995908, ""gpu_id"": 0, ""candidate_id"": 91, ""sample_weight"": 0.07030155005722065}, {""client_id"": 6, ""model_family"": ""gru"", ""feature_ids"": [1, 5, 7, 11, 12, 18, 21], ""subset_size"": 7, ""micro_f1"": 0.8468, ""macro_f1"": 0.026971932372689165, ""validation_loss"": 1.0885381591796874, ""train_loss"": 2.395988645278083, ""seconds"": 0.36951091400032965, ""gpu_id"": 1, ""candidate_id"": 91, ""sample_weight"": 0.07459801933327874}, {""client_id"": 7, ""model_family"": ""gru"", ""feature_ids"": [1, 5, 7, 11, 12, 18, 21], ""subset_size"": 7, ""micro_f1"": 0.8645, ""macro_f1"": 0.027274304733961165, ""validation_loss"": 0.8995552001953125, ""train_loss"": 2.0584308049201967, ""seconds"": 0.3677933949998078, ""gpu_id"": 1, ""candidate_id"": 91, ""sample_weight"": 0.05067317481195735}, {""client_id"": 8, ""model_family"": ""gru"", ""feature_ids"": [1, 5, 7, 11, 12, 18, 21], ""subset_size"": 7, ""micro_f1"": 0.4011, ""macro_f1"": 0.037862093846608644, ""validation_loss"": 2.76345625, ""train_loss"": 3.1747305990431043, ""seconds"": 0.32514445300012085, ""gpu_id"": 1, ""candidate_id"": 91, ""sample_weight"": 0.354287210681253}, {""client_id"": 9, ""model_family"": ""gru"", ""feature_ids"": [1, 5, 7, 11, 12, 18, 21], ""subset_size"": 7, ""micro_f1"": 0.7576, ""macro_f1"": 0.025366977392049714, ""validation_loss"": 1.1769800170898437, ""train_loss"": 1.9292924453311497, ""seconds"": 0.3624748990000626, ""gpu_id"": 0, ""candidate_id"": 91, ""sample_weight"": 0.12090074249549396}, {""client_id"": 10, ""model_family"": ""gru"", ""feature_ids"": [1, 5, 7, 11, 12, 18, 21], ""subset_size"": 7, ""micro_f1"": 0.3865, ""macro_f1"": 0.016397615663647357, ""validation_loss"": 2.329023046875, ""train_loss"": 2.984648915608724, ""seconds"": 0.3348107440001513, ""gpu_id"": 0, ""candidate_id"": 91, ""sample_weight"": 0.11011103958316146}]"
92,10,9200,"[1, 5, 7, 11, 12, 18, 21]","[""AVG"", ""Max"", ""syn_count"", ""syn_flag_number"", ""rst_flag_number"", ""rst_count"", ""ICMP""]",7,0.6543765034387612,0.043801574782655096,0.6031289100646973,0.72,0.6531247593374064,180,19720,"[{""client_id"": 1, ""model_family"": ""transformer"", ""feature_ids"": [1, 5, 7, 11, 12, 18, 21], ""subset_size"": 7, ""micro_f1"": 0.8775380710659898, ""macro_f1"": 0.02749339005625907, ""validation_loss"": 0.6679153442382812, ""train_loss"": 1.2054515887772506, ""seconds"": 0.24068636800029708, ""gpu_id"": 0, ""candidate_id"": 92, ""sample_weight"": 0.0008752009911046531}, {""client_id"": 2, ""model_family"": ""transformer"", ""feature_ids"": [1, 5, 7, 11, 12, 18, 21], ""subset_size"": 7, ""micro_f1"": 0.3695, ""macro_f1"": 0.03832420936729985, ""validation_loss"": 1.640606103515625, ""train_loss"": 2.0534058320999145, ""seconds"": 0.8313943459997972, ""gpu_id"": 1, ""candidate_id"": 92, ""sample_weight"": 0.061408177662345804}, {""client_id"": 3, ""model_family"": ""transformer"", ""feature_ids"": [1, 5, 7, 11, 12, 18, 21], ""subset_size"": 7, ""micro_f1"": 0.8255, ""macro_f1"": 0.05194252677066988, ""validation_loss"": 0.6960438110351562, ""train_loss"": 1.047768901316325, ""seconds"": 0.791737799999737, ""gpu_id"": 0, ""candidate_id"": 92, ""sample_weight"": 0.10352608384640223}, {""client_id"": 4, ""model_family"": ""transformer"", ""feature_ids"": [1, 5, 7, 11, 12, 18, 21], ""subset_size"": 7, ""micro_f1"": 0.8287, ""macro_f1"": 0.027270998345831073, ""validation_loss"": 0.5868538330078125, ""train_loss"": 0.8334548941400316, ""seconds"": 0.6775844630001302, ""gpu_id"": 1, ""candidate_id"": 92, ""sample_weight"": 0.05331880053778213}, {""client_id"": 5, ""model_family"": ""transformer"", ""feature_ids"": [1, 5, 7, 11, 12, 18, 21], ""subset_size"": 7, ""micro_f1"": 0.9483, ""macro_f1"": 0.05581820123299156, ""validation_loss"": 0.2783533294677734, ""train_loss"": 0.6433322625001272, ""seconds"": 0.683114901999943, ""gpu_id"": 0, ""candidate_id"": 92, ""sample_weight"": 0.07030155005722065}, {""client_id"": 6, ""model_family"": ""gru"", ""feature_ids"": [1, 5, 7, 11, 12, 18, 21], ""subset_size"": 7, ""micro_f1"": 0.8468, ""macro_f1"": 0.026971932372689165, ""validation_loss"": 1.0892478759765625, ""train_loss"": 2.39642874361674, ""seconds"": 0.3361802950003039, ""gpu_id"": 1, ""candidate_id"": 92, ""sample_weight"": 0.07459801933327874}, {""client_id"": 7, ""model_family"": ""gru"", ""feature_ids"": [1, 5, 7, 11, 12, 18, 21], ""subset_size"": 7, ""micro_f1"": 0.8645, ""macro_f1"": 0.027274304733961165, ""validation_loss"": 0.8987168579101562, ""train_loss"": 2.0583782321188187, ""seconds"": 0.34186191099979624, ""gpu_id"": 1, ""candidate_id"": 92, ""sample_weight"": 0.05067317481195735}, {""client_id"": 8, ""model_family"": ""gru"", ""feature_ids"": [1, 5, 7, 11, 12, 18, 21], ""subset_size"": 7, ""micro_f1"": 0.5461, ""macro_f1"": 0.06323104358049673, ""validation_loss"": 2.7639580078125, ""train_loss"": 3.1748917088826496, ""seconds"": 0.33131438700002036, ""gpu_id"": 1, ""candidate_id"": 92, ""sample_weight"": 0.354287210681253}, {""client_id"": 9, ""model_family"": ""gru"", ""feature_ids"": [1, 5, 7, 11, 12, 18, 21], ""subset_size"": 7, ""micro_f1"": 0.7576, ""macro_f1"": 0.025366977392049714, ""validation_loss"": 1.1768367431640625, ""train_loss"": 1.9276280371983845, ""seconds"": 0.3387391060000482, ""gpu_id"": 0, ""candidate_id"": 92, ""sample_weight"": 0.12090074249549396}, {""client_id"": 10, ""model_family"": ""gru"", ""feature_ids"": [1, 5, 7, 11, 12, 18, 21], ""subset_size"": 7, ""micro_f1"": 0.3865, ""macro_f1"": 0.016397615663647357, ""validation_loss"": 2.32942373046875, ""train_loss"": 2.984790060551961, ""seconds"": 0.3416693259996464, ""gpu_id"": 0, ""candidate_id"": 92, ""sample_weight"": 0.11011103958316146}]"
93,10,9300,"[1, 5, 7, 11, 12, 18, 21]","[""AVG"", ""Max"", ""syn_count"", ""syn_flag_number"", ""rst_flag_number"", ""rst_count"", ""ICMP""]",7,0.6025333425384518,0.03473416885569778,0.6493971347808838,0.72,0.6433136207757568,180,19900,"[{""client_id"": 1, ""model_family"": ""transformer"", ""feature_ids"": [1, 5, 7, 11, 12, 18, 21], ""subset_size"": 7, ""micro_f1"": 0.8775380710659898, ""macro_f1"": 0.02749339005625907, ""validation_loss"": 0.6670944484962424, ""train_loss"": 1.2060214607512554, ""seconds"": 0.21990052399996785, ""gpu_id"": 0, ""candidate_id"": 93, ""sample_weight"": 0.0008752009911046531}, {""client_id"": 2, ""model_family"": ""transformer"", ""feature_ids"": [1, 5, 7, 11, 12, 18, 21], ""subset_size"": 7, ""micro_f1"": 0.3604, ""macro_f1"": 0.036908449807183476, ""validation_loss"": 1.640033251953125, ""train_loss"": 2.0535593423843386, ""seconds"": 0.799379091999981, ""gpu_id"": 1, ""candidate_id"": 93, ""sample_weight"": 0.061408177662345804}, {""client_id"": 3, ""model_family"": ""transformer"", ""feature_ids"": [1, 5, 7, 11, 12, 18, 21], ""subset_size"": 7, ""micro_f1"": 0.8258, ""macro_f1"": 0.05196341250332509, ""validation_loss"": 0.6970994323730468, ""train_loss"": 1.0515477152082655, ""seconds"": 0.8122458210000332, ""gpu_id"": 0, ""candidate_id"": 93, ""sample_weight"": 0.10352608384640223}, {""client_id"": 4, ""model_family"": ""transformer"", ""feature_ids"": [1, 5, 7, 11, 12, 18, 21], ""subset_size"": 7, ""micro_f1"": 0.8287, ""macro_f1"": 0.027276032822191192, ""validation_loss"": 0.5857111938476562, ""train_loss"": 0.8328912626054552, ""seconds"": 0.7586715559996264, ""gpu_id"": 1, ""candidate_id"": 93, ""sample_weight"": 0.05331880053778213}, {""client_id"": 5, ""model_family"": ""transformer"", ""feature_ids"": [1, 5, 7, 11, 12, 18, 21], ""subset_size"": 7, ""micro_f1"": 0.9491, ""macro_f1"": 0.05588928183384055, ""validation_loss"": 0.27799028778076174, ""train_loss"": 0.6432676226403978, ""seconds"": 0.730470256999979, ""gpu_id"": 0, ""candidate_id"": 93, ""sample_weight"": 0.07030155005722065}, {""client_id"": 6, ""model_family"": ""gru"", ""feature_ids"": [1, 5, 7, 11, 12, 18, 21], ""subset_size"": 7, ""micro_f1"": 0.8468, ""macro_f1"": 0.026971932372689165, ""validation_loss"": 1.0871908447265626, ""train_loss"": 2.395255881669786, ""seconds"": 0.34264282200001617, ""gpu_id"": 1, ""candidate_id"": 93, ""sample_weight"": 0.07459801933327874}, {""client_id"": 7, ""model_family"": ""gru"", ""feature_ids"": [1, 5, 7, 11, 12, 18, 21], ""subset_size"": 7, ""micro_f1"": 0.8645, ""macro_f1"": 0.027274304733961165, ""validation_loss"": 0.8995681030273438, ""train_loss"": 2.0596008803473578, ""seconds"": 0.34845433599957687, ""gpu_id"": 1, ""candidate_id"": 93, ""sample_weight"": 0.05067317481195735}, {""client_id"": 8, ""model_family"": ""gru"", ""feature_ids"": [1, 5, 7, 11, 12, 18, 21], ""subset_size"": 7, ""micro_f1"": 0.4011, ""macro_f1"": 0.037862093846608644, ""validation_loss"": 2.763801171875, ""train_loss"": 3.1750163185967337, ""seconds"": 0.37328585299974293, ""gpu_id"": 1, ""candidate_id"": 93, ""sample_weight"": 0.354287210681253}, {""client_id"": 9, ""model_family"": ""gru"", ""feature_ids"": [1, 5, 7, 11, 12, 18, 21], ""subset_size"": 7, ""micro_f1"": 0.7576, ""macro_f1"": 0.025366977392049714, ""validation_loss"": 1.1765490356445312, ""train_loss"": 1.9283238173378838, ""seconds"": 0.34745287099985944, ""gpu_id"": 0, ""candidate_id"": 93, ""sample_weight"": 0.12090074249549396}, {""client_id"": 10, ""model_family"": ""gru"", ""feature_ids"": [1, 5, 7, 11, 12, 18, 21], ""subset_size"": 7, ""micro_f1"": 0.3865, ""macro_f1"": 0.016397615663647357, ""validation_loss"": 2.32986552734375, ""train_loss"": 2.984848425716824, ""seconds"": 0.38294909700016433, ""gpu_id"": 0, ""candidate_id"": 93, ""sample_weight"": 0.11011103958316146}]"
94,10,9400,"[1, 5, 7, 11, 12, 18, 21]","[""AVG"", ""Max"", ""syn_count"", ""syn_flag_number"", ""rst_flag_number"", ""rst_count"", ""ICMP""]",7,0.6038229142693611,0.035153583452171434,0.6217516660690308,0.72,0.6462071248200331,180,20080,"[{""client_id"": 1, ""model_family"": ""transformer"", ""feature_ids"": [1, 5, 7, 11, 12, 18, 21], ""subset_size"": 7, ""micro_f1"": 0.8775380710659898, ""macro_f1"": 0.02749339005625907, ""validation_loss"": 0.6680260672787119, ""train_loss"": 1.207530054781172, ""seconds"": 0.2174511859998347, ""gpu_id"": 0, ""candidate_id"": 94, ""sample_weight"": 0.0008752009911046531}, {""client_id"": 2, ""model_family"": ""transformer"", ""feature_ids"": [1, 5, 7, 11, 12, 18, 21], ""subset_size"": 7, ""micro_f1"": 0.3814, ""macro_f1"": 0.04373511881329318, ""validation_loss"": 1.6388564453125, ""train_loss"": 2.053851692369249, ""seconds"": 0.6832072170000174, ""gpu_id"": 1, ""candidate_id"": 94, ""sample_weight"": 0.061408177662345804}, {""client_id"": 3, ""model_family"": ""transformer"", ""feature_ids"": [1, 5, 7, 11, 12, 18, 21], ""subset_size"": 7, ""micro_f1"": 0.8258, ""macro_f1"": 0.051966227752826104, ""validation_loss"": 0.6962944946289062, ""train_loss"": 1.0525861417558458, ""seconds"": 0.6877274260000377, ""gpu_id"": 0, ""candidate_id"": 94, ""sample_weight"": 0.10352608384640223}, {""client_id"": 4, ""model_family"": ""transformer"", ""feature_ids"": [1, 5, 7, 11, 12, 18, 21], ""subset_size"": 7, ""micro_f1"": 0.8287, ""macro_f1"": 0.02727434189046475, ""validation_loss"": 0.58644052734375, ""train_loss"": 0.831986401324802, ""seconds"": 0.6919550650000019, ""gpu_id"": 1, ""candidate_id"": 94, ""sample_weight"": 0.05331880053778213}, {""client_id"": 5, ""model_family"": ""transformer"", ""feature_ids"": [1, 5, 7, 11, 12, 18, 21], ""subset_size"": 7, ""micro_f1"": 0.9491, ""macro_f1"": 0.05588928183384055, ""validation_loss"": 0.27767830810546873, ""train_loss"": 0.6433345751179589, ""seconds"": 0.6805876299999909, ""gpu_id"": 0, ""candidate_id"": 94, ""sample_weight"": 0.07030155005722065}, {""client_id"": 6, ""model_family"": ""gru"", ""feature_ids"": [1, 5, 7, 11, 12, 18, 21], ""subset_size"": 7, ""micro_f1"": 0.8468, ""macro_f1"": 0.026971932372689165, ""validation_loss"": 1.0888019775390625, ""train_loss"": 2.3960638107299803, ""seconds"": 0.32773272599979464, ""gpu_id"": 1, ""candidate_id"": 94, ""sample_weight"": 0.07459801933327874}, {""client_id"": 7, ""model_family"": ""gru"", ""feature_ids"": [1, 5, 7, 11, 12, 18, 21], ""subset_size"": 7, ""micro_f1"": 0.8645, ""macro_f1"": 0.027274304733961165, ""validation_loss"": 0.898900390625, ""train_loss"": 2.0600139826668635, ""seconds"": 0.33369104400026117, ""gpu_id"": 1, ""candidate_id"": 94, ""sample_weight"": 0.05067317481195735}, {""client_id"": 8, ""model_family"": ""gru"", ""feature_ids"": [1, 5, 7, 11, 12, 18, 21], ""subset_size"": 7, ""micro_f1"": 0.4011, ""macro_f1"": 0.037862093846608644, ""validation_loss"": 2.7630998046875, ""train_loss"": 3.1745360249413386, ""seconds"": 0.329733806999684, ""gpu_id"": 1, ""candidate_id"": 94, ""sample_weight"": 0.354287210681253}, {""client_id"": 9, ""model_family"": ""gru"", ""feature_ids"": [1, 5, 7, 11, 12, 18, 21], ""subset_size"": 7, ""micro_f1"": 0.7576, ""macro_f1"": 0.025366977392049714, ""validation_loss"": 1.1767167846679687, ""train_loss"": 1.9282128773371379, ""seconds"": 0.338698882999779, ""gpu_id"": 0, ""candidate_id"": 94, ""sample_weight"": 0.12090074249549396}, {""client_id"": 10, ""model_family"": ""gru"", ""feature_ids"": [1, 5, 7, 11, 12, 18, 21], ""subset_size"": 7, ""micro_f1"": 0.3865, ""macro_f1"": 0.016397615663647357, ""validation_loss"": 2.32983818359375, ""train_loss"": 2.9850447058359784, ""seconds"": 0.32480285299971, ""gpu_id"": 0, ""candidate_id"": 94, ""sample_weight"": 0.11011103958316146}]"
95,10,9500,"[1, 5, 7, 11, 12, 18, 21]","[""AVG"", ""Max"", ""syn_count"", ""syn_flag_number"", ""rst_flag_number"", ""rst_count"", ""ICMP""]",7,0.6030838837266113,0.03500696696167794,0.5857112407684326,0.72,0.6497372642958179,180,20260,"[{""client_id"": 1, ""model_family"": ""transformer"", ""feature_ids"": [1, 5, 7, 11, 12, 18, 21], ""subset_size"": 7, ""micro_f1"": 0.8775380710659898, ""macro_f1"": 0.02749339005625907, ""validation_loss"": 0.668214633380096, ""train_loss"": 1.2078498054949227, ""seconds"": 0.21616238700016766, ""gpu_id"": 0, ""candidate_id"": 95, ""sample_weight"": 0.0008752009911046531}, {""client_id"": 2, ""model_family"": ""transformer"", ""feature_ids"": [1, 5, 7, 11, 12, 18, 21], ""subset_size"": 7, ""micro_f1"": 0.3701, ""macro_f1"": 0.04141213717448779, ""validation_loss"": 1.638850244140625, ""train_loss"": 2.052751963573032, ""seconds"": 0.7354737179998665, ""gpu_id"": 1, ""candidate_id"": 95, ""sample_weight"": 0.061408177662345804}, {""client_id"": 3, ""model_family"": ""transformer"", ""feature_ids"": [1, 5, 7, 11, 12, 18, 21], ""subset_size"": 7, ""micro_f1"": 0.8255, ""macro_f1"": 0.051943032049468055, ""validation_loss"": 0.6955962036132812, ""train_loss"": 1.0496968157450357, ""seconds"": 0.7370991140001024, ""gpu_id"": 0, ""candidate_id"": 95, ""sample_weight"": 0.10352608384640223}, {""client_id"": 4, ""model_family"": ""transformer"", ""feature_ids"": [1, 5, 7, 11, 12, 18, 21], ""subset_size"": 7, ""micro_f1"": 0.8287, ""macro_f1"": 0.02727434189046475, ""validation_loss"": 0.586183837890625, ""train_loss"": 0.8326529141002231, ""seconds"": 0.7706784590000098, ""gpu_id"": 1, ""candidate_id"": 95, ""sample_weight"": 0.05331880053778213}, {""client_id"": 5, ""model_family"": ""transformer"", ""feature_ids"": [1, 5, 7, 11, 12, 18, 21], ""subset_size"": 7, ""micro_f1"": 0.9489, ""macro_f1"": 0.055867019721847704, ""validation_loss"": 0.27851885681152344, ""train_loss"": 0.6433434111966028, ""seconds"": 0.7772351589997015, ""gpu_id"": 0, ""candidate_id"": 95, ""sample_weight"": 0.07030155005722065}, {""client_id"": 6, ""model_family"": ""gru"", ""feature_ids"": [1, 5, 7, 11, 12, 18, 21], ""subset_size"": 7, ""micro_f1"": 0.8468, ""macro_f1"": 0.026971932372689165, ""validation_loss"": 1.0880301025390624, ""train_loss"": 2.3960416527642145, ""seconds"": 0.38064565800004857, ""gpu_id"": 1, ""candidate_id"": 95, ""sample_weight"": 0.07459801933327874}, {""client_id"": 7, ""model_family"": ""gru"", ""feature_ids"": [1, 5, 7, 11, 12, 18, 21], ""subset_size"": 7, ""micro_f1"": 0.8645, ""macro_f1"": 0.027274304733961165, ""validation_loss"": 0.899120361328125, ""train_loss"": 2.0600680376582674, ""seconds"": 0.34721522500012725, ""gpu_id"": 1, ""candidate_id"": 95, ""sample_weight"": 0.05067317481195735}, {""client_id"": 8, ""model_family"": ""gru"", ""feature_ids"": [1, 5, 7, 11, 12, 18, 21], ""subset_size"": 7, ""micro_f1"": 0.4011, ""macro_f1"": 0.037862093846608644, ""validation_loss"": 2.763836328125, ""train_loss"": 3.1748245654212104, ""seconds"": 0.3717380180000873, ""gpu_id"": 1, ""candidate_id"": 95, ""sample_weight"": 0.354287210681253}, {""client_id"": 9, ""model_family"": ""gru"", ""feature_ids"": [1, 5, 7, 11, 12, 18, 21], ""subset_size"": 7, ""micro_f1"": 0.7576, ""macro_f1"": 0.025366977392049714, ""validation_loss"": 1.1762393432617186, ""train_loss"": 1.9288279155943129, ""seconds"": 0.381441877999805, ""gpu_id"": 0, ""candidate_id"": 95, ""sample_weight"": 0.12090074249549396}, {""client_id"": 10, ""model_family"": ""gru"", ""feature_ids"": [1, 5, 7, 11, 12, 18, 21], ""subset_size"": 7, ""micro_f1"": 0.3865, ""macro_f1"": 0.016397615663647357, ""validation_loss"": 2.33011787109375, ""train_loss"": 2.985008755747477, ""seconds"": 0.36176165599999877, ""gpu_id"": 0, ""candidate_id"": 95, ""sample_weight"": 0.11011103958316146}]"
96,10,9600,"[1, 5, 7, 11, 12, 18, 21]","[""AVG"", ""Max"", ""syn_count"", ""syn_flag_number"", ""rst_flag_number"", ""rst_count"", ""ICMP""]",7,0.6036836044878855,0.035096096990469006,0.5981975793838501,0.72,0.6485486025104036,180,20440,"[{""client_id"": 1, ""model_family"": ""transformer"", ""feature_ids"": [1, 5, 7, 11, 12, 18, 21], ""subset_size"": 7, ""micro_f1"": 0.8775380710659898, ""macro_f1"": 0.02749339005625907, ""validation_loss"": 0.6676876242390744, ""train_loss"": 1.2071429064094987, ""seconds"": 0.23556950700003654, ""gpu_id"": 0, ""candidate_id"": 96, ""sample_weight"": 0.0008752009911046531}, {""client_id"": 2, ""model_family"": ""transformer"", ""feature_ids"": [1, 5, 7, 11, 12, 18, 21], ""subset_size"": 7, ""micro_f1"": 0.3793, ""macro_f1"": 0.0428201062261331, ""validation_loss"": 1.639039111328125, ""train_loss"": 2.0531383849249947, ""seconds"": 0.7450879089997215, ""gpu_id"": 1, ""candidate_id"": 96, ""sample_weight"": 0.061408177662345804}, {""client_id"": 3, ""model_family"": ""transformer"", ""feature_ids"": [1, 5, 7, 11, 12, 18, 21], ""subset_size"": 7, ""micro_f1"": 0.8257, ""macro_f1"": 0.05195612938977364, ""validation_loss"": 0.6953536499023437, ""train_loss"": 1.0495747804217868, ""seconds"": 0.7933694519997516, ""gpu_id"": 0, ""candidate_id"": 96, ""sample_weight"": 0.10352608384640223}, {""client_id"": 4, ""model_family"": ""transformer"", ""feature_ids"": [1, 5, 7, 11, 12, 18, 21], ""subset_size"": 7, ""micro_f1"": 0.8287, ""macro_f1"": 0.02727434189046475, ""validation_loss"": 0.58631669921875, ""train_loss"": 0.8319550704744128, ""seconds"": 0.7776787589996275, ""gpu_id"": 1, ""candidate_id"": 96, ""sample_weight"": 0.05331880053778213}, {""client_id"": 5, ""model_family"": ""transformer"", ""feature_ids"": [1, 5, 7, 11, 12, 18, 21], ""subset_size"": 7, ""micro_f1"": 0.9491, ""macro_f1"": 0.05588570065808361, ""validation_loss"": 0.27776534423828125, ""train_loss"": 0.6422352328618367, ""seconds"": 0.7155909500002053, ""gpu_id"": 0, ""candidate_id"": 96, ""sample_weight"": 0.07030155005722065}, {""client_id"": 6, ""model_family"": ""gru"", ""feature_ids"": [1, 5, 7, 11, 12, 18, 21], ""subset_size"": 7, ""micro_f1"": 0.8468, ""macro_f1"": 0.026971932372689165, ""validation_loss"": 1.0877359619140625, ""train_loss"": 2.3954419049368965, ""seconds"": 0.3397603949997574, ""gpu_id"": 1, ""candidate_id"": 96, ""sample_weight"": 0.07459801933327874}, {""client_id"": 7, ""model_family"": ""gru"", ""feature_ids"": [1, 5, 7, 11, 12, 18, 21], ""subset_size"": 7, ""micro_f1"": 0.8645, ""macro_f1"": 0.027274304733961165, ""validation_loss"": 0.9002696655273438, ""train_loss"": 2.0604638998879325, ""seconds"": 0.3498488479999651, ""gpu_id"": 1, ""candidate_id"": 96, ""sample_weight"": 0.05067317481195735}, {""client_id"": 8, ""model_family"": ""gru"", ""feature_ids"": [1, 5, 7, 11, 12, 18, 21], ""subset_size"": 7, ""micro_f1"": 0.4011, ""macro_f1"": 0.037862093846608644, ""validation_loss"": 2.7637580078125, ""train_loss"": 3.1747956372155084, ""seconds"": 0.3266324139999597, ""gpu_id"": 1, ""candidate_id"": 96, ""sample_weight"": 0.354287210681253}, {""client_id"": 9, ""model_family"": ""gru"", ""feature_ids"": [1, 5, 7, 11, 12, 18, 21], ""subset_size"": 7, ""micro_f1"": 0.7576, ""macro_f1"": 0.025366977392049714, ""validation_loss"": 1.17601669921875, ""train_loss"": 1.929183535024855, ""seconds"": 0.3374839990001419, ""gpu_id"": 0, ""candidate_id"": 96, ""sample_weight"": 0.12090074249549396}, {""client_id"": 10, ""model_family"": ""gru"", ""feature_ids"": [1, 5, 7, 11, 12, 18, 21], ""subset_size"": 7, ""micro_f1"": 0.3865, ""macro_f1"": 0.016397615663647357, ""validation_loss"": 2.33067783203125, ""train_loss"": 2.98521053598192, ""seconds"": 0.34375981099992714, ""gpu_id"": 0, ""candidate_id"": 96, ""sample_weight"": 0.11011103958316146}]"
97,10,9700,"[1, 5, 7, 11, 12, 18, 21]","[""AVG"", ""Max"", ""syn_count"", ""syn_flag_number"", ""rst_flag_number"", ""rst_count"", ""ICMP""]",7,0.6030227447423615,0.03498569387347393,0.6100804209709167,0.72,0.6472942323771445,180,20620,"[{""client_id"": 1, ""model_family"": ""transformer"", ""feature_ids"": [1, 5, 7, 11, 12, 18, 21], ""subset_size"": 7, ""micro_f1"": 0.8775380710659898, ""macro_f1"": 0.02749339005625907, ""validation_loss"": 0.667910483887958, ""train_loss"": 1.2080975173222972, ""seconds"": 0.28610852500014516, ""gpu_id"": 0, ""candidate_id"": 97, ""sample_weight"": 0.0008752009911046531}, {""client_id"": 2, ""model_family"": ""transformer"", ""feature_ids"": [1, 5, 7, 11, 12, 18, 21], ""subset_size"": 7, ""micro_f1"": 0.3694, ""macro_f1"": 0.04109481579010743, ""validation_loss"": 1.6390935546875, ""train_loss"": 2.053313780954149, ""seconds"": 0.8268241250002575, ""gpu_id"": 1, ""candidate_id"": 97, ""sample_weight"": 0.061408177662345804}, {""client_id"": 3, ""model_family"": ""transformer"", ""feature_ids"": [1, 5, 7, 11, 12, 18, 21], ""subset_size"": 7, ""micro_f1"": 0.8258, ""macro_f1"": 0.05196533259858552, ""validation_loss"": 0.6957139404296875, ""train_loss"": 1.04982104733785, ""seconds"": 0.8426727319997553, ""gpu_id"": 0, ""candidate_id"": 97, ""sample_weight"": 0.10352608384640223}, {""client_id"": 4, ""model_family"": ""transformer"", ""feature_ids"": [1, 5, 7, 11, 12, 18, 21], ""subset_size"": 7, ""micro_f1"": 0.8287, ""macro_f1"": 0.027271829481775842, ""validation_loss"": 0.586120263671875, ""train_loss"": 0.8329846641434564, ""seconds"": 0.7688322369999696, ""gpu_id"": 1, ""candidate_id"": 97, ""sample_weight"": 0.05331880053778213}, {""client_id"": 5, ""model_family"": ""transformer"", ""feature_ids"": [1, 5, 7, 11, 12, 18, 21], ""subset_size"": 7, ""micro_f1"": 0.9482, ""macro_f1"": 0.055810666908108875, ""validation_loss"": 0.2786193405151367, ""train_loss"": 0.6421805003854963, ""seconds"": 0.674151042000176, ""gpu_id"": 0, ""candidate_id"": 97, ""sample_weight"": 0.07030155005722065}, {""client_id"": 6, ""model_family"": ""gru"", ""feature_ids"": [1, 5, 7, 11, 12, 18, 21], ""subset_size"": 7, ""micro_f1"": 0.8468, ""macro_f1"": 0.026971932372689165, ""validation_loss"": 1.0892857666015625, ""train_loss"": 2.396380794058906, ""seconds"": 0.3170889940001871, ""gpu_id"": 1, ""candidate_id"": 97, ""sample_weight"": 0.07459801933327874}, {""client_id"": 7, ""model_family"": ""gru"", ""feature_ids"": [1, 5, 7, 11, 12, 18, 21], ""subset_size"": 7, ""micro_f1"": 0.8645, ""macro_f1"": 0.027274304733961165, ""validation_loss"": 0.8991677978515625, ""train_loss"": 2.060073765479194, ""seconds"": 0.3509142200000497, ""gpu_id"": 1, ""candidate_id"": 97, ""sample_weight"": 0.05067317481195735}, {""client_id"": 8, ""model_family"": ""gru"", ""feature_ids"": [1, 5, 7, 11, 12, 18, 21], ""subset_size"": 7, ""micro_f1"": 0.4011, ""macro_f1"": 0.037862093846608644, ""validation_loss"": 2.7637130859375, ""train_loss"": 3.1750137587653264, ""seconds"": 0.3613078250000399, ""gpu_id"": 1, ""candidate_id"": 97, ""sample_weight"": 0.354287210681253}, {""client_id"": 9, ""model_family"": ""gru"", ""feature_ids"": [1, 5, 7, 11, 12, 18, 21], ""subset_size"": 7, ""micro_f1"": 0.7576, ""macro_f1"": 0.025366977392049714, ""validation_loss"": 1.1770546630859375, ""train_loss"": 1.9280878250333997, ""seconds"": 0.34363929500023005, ""gpu_id"": 0, ""candidate_id"": 97, ""sample_weight"": 0.12090074249549396}, {""client_id"": 10, ""model_family"": ""gru"", ""feature_ids"": [1, 5, 7, 11, 12, 18, 21], ""subset_size"": 7, ""micro_f1"": 0.3865, ""macro_f1"": 0.016397615663647357, ""validation_loss"": 2.3302125, ""train_loss"": 2.985365505218506, ""seconds"": 0.3686977770003068, ""gpu_id"": 0, ""candidate_id"": 97, ""sample_weight"": 0.11011103958316146}]"
98,10,9800,"[1, 5, 7, 11, 12, 18, 21]","[""AVG"", ""Max"", ""syn_count"", ""syn_flag_number"", ""rst_flag_number"", ""rst_count"", ""ICMP""]",7,0.6032642502053026,0.03507423779109229,0.6046076416969299,0.72,0.6478656608508373,180,20800,"[{""client_id"": 1, ""model_family"": ""transformer"", ""feature_ids"": [1, 5, 7, 11, 12, 18, 21], ""subset_size"": 7, ""micro_f1"": 0.8775380710659898, ""macro_f1"": 0.02749339005625907, ""validation_loss"": 0.6667570898375536, ""train_loss"": 1.2102059753883778, ""seconds"": 0.2267640830000346, ""gpu_id"": 0, ""candidate_id"": 98, ""sample_weight"": 0.0008752009911046531}, {""client_id"": 2, ""model_family"": ""transformer"", ""feature_ids"": [1, 5, 7, 11, 12, 18, 21], ""subset_size"": 7, ""micro_f1"": 0.3727, ""macro_f1"": 0.04248667737473839, ""validation_loss"": 1.63979140625, ""train_loss"": 2.0539937776989405, ""seconds"": 0.6962021539998204, ""gpu_id"": 1, ""candidate_id"": 98, ""sample_weight"": 0.061408177662345804}, {""client_id"": 3, ""model_family"": ""transformer"", ""feature_ids"": [1, 5, 7, 11, 12, 18, 21], ""subset_size"": 7, ""micro_f1"": 0.8257, ""macro_f1"": 0.0519578725023146, ""validation_loss"": 0.6952281494140625, ""train_loss"": 1.0486185357199775, ""seconds"": 0.7336671819998628, ""gpu_id"": 0, ""candidate_id"": 98, ""sample_weight"": 0.10352608384640223}, {""client_id"": 4, ""model_family"": ""transformer"", ""feature_ids"": [1, 5, 7, 11, 12, 18, 21], ""subset_size"": 7, ""micro_f1"": 0.8287, ""macro_f1"": 0.02727434189046475, ""validation_loss"": 0.5857352661132813, ""train_loss"": 0.8328132757080926, ""seconds"": 0.7865629369998715, ""gpu_id"": 1, ""candidate_id"": 98, ""sample_weight"": 0.05331880053778213}, {""client_id"": 5, ""model_family"": ""transformer"", ""feature_ids"": [1, 5, 7, 11, 12, 18, 21], ""subset_size"": 7, ""micro_f1"": 0.9489, ""macro_f1"": 0.055863447964560976, ""validation_loss"": 0.2783764770507812, ""train_loss"": 0.6441475043667687, ""seconds"": 0.7442500030001611, ""gpu_id"": 0, ""candidate_id"": 98, ""sample_weight"": 0.07030155005722065}, {""client_id"": 6, ""model_family"": ""gru"", ""feature_ids"": [1, 5, 7, 11, 12, 18, 21], ""subset_size"": 7, ""micro_f1"": 0.8468, ""macro_f1"": 0.026971932372689165, ""validation_loss"": 1.08885703125, ""train_loss"": 2.396349468315972, ""seconds"": 0.34698933800018494, ""gpu_id"": 1, ""candidate_id"": 98, ""sample_weight"": 0.07459801933327874}, {""client_id"": 7, ""model_family"": ""gru"", ""feature_ids"": [1, 5, 7, 11, 12, 18, 21], ""subset_size"": 7, ""micro_f1"": 0.8645, ""macro_f1"": 0.027274304733961165, ""validation_loss"": 0.8991899536132812, ""train_loss"": 2.0592990044381883, ""seconds"": 0.33551236299990705, ""gpu_id"": 1, ""candidate_id"": 98, ""sample_weight"": 0.05067317481195735}, {""client_id"": 8, ""model_family"": ""gru"", ""feature_ids"": [1, 5, 7, 11, 12, 18, 21], ""subset_size"": 7, ""micro_f1"": 0.4011, ""macro_f1"": 0.037862093846608644, ""validation_loss"": 2.7630390625, ""train_loss"": 3.174581184895833, ""seconds"": 0.3353919470000619, ""gpu_id"": 1, ""candidate_id"": 98, ""sample_weight"": 0.354287210681253}, {""client_id"": 9, ""model_family"": ""gru"", ""feature_ids"": [1, 5, 7, 11, 12, 18, 21], ""subset_size"": 7, ""micro_f1"": 0.7576, ""macro_f1"": 0.025366977392049714, ""validation_loss"": 1.1765233032226563, ""train_loss"": 1.927614792696635, ""seconds"": 0.33747510900002453, ""gpu_id"": 0, ""candidate_id"": 98, ""sample_weight"": 0.12090074249549396}, {""client_id"": 10, ""model_family"": ""gru"", ""feature_ids"": [1, 5, 7, 11, 12, 18, 21], ""subset_size"": 7, ""micro_f1"": 0.3865, ""macro_f1"": 0.016397615663647357, ""validation_loss"": 2.3297919921875, ""train_loss"": 2.9847882697635226, ""seconds"": 0.33813401700035683, ""gpu_id"": 0, ""candidate_id"": 98, ""sample_weight"": 0.11011103958316146}]"
99,10,9900,"[1, 5, 7, 11, 12, 18, 21]","[""AVG"", ""Max"", ""syn_count"", ""syn_flag_number"", ""rst_flag_number"", ""rst_count"", ""ICMP""]",7,0.6028922479337537,0.03491024313446376,0.6007212996482849,0.72,0.648217094828547,180,20980,"[{""client_id"": 1, ""model_family"": ""transformer"", ""feature_ids"": [1, 5, 7, 11, 12, 18, 21], ""subset_size"": 7, ""micro_f1"": 0.8775380710659898, ""macro_f1"": 0.02749339005625907, ""validation_loss"": 0.6676960862832626, ""train_loss"": 1.2071185454566533, ""seconds"": 0.22085809999998673, ""gpu_id"": 0, ""candidate_id"": 99, ""sample_weight"": 0.0008752009911046531}, {""client_id"": 2, ""model_family"": ""transformer"", ""feature_ids"": [1, 5, 7, 11, 12, 18, 21], ""subset_size"": 7, ""micro_f1"": 0.3665, ""macro_f1"": 0.03978903442504852, ""validation_loss"": 1.638842333984375, ""train_loss"": 2.0529948409610324, ""seconds"": 0.6820528299999751, ""gpu_id"": 1, ""candidate_id"": 99, ""sample_weight"": 0.061408177662345804}, {""client_id"": 3, ""model_family"": ""transformer"", ""feature_ids"": [1, 5, 7, 11, 12, 18, 21], ""subset_size"": 7, ""micro_f1"": 0.8257, ""macro_f1"": 0.051956013904963794, ""validation_loss"": 0.6963498596191406, ""train_loss"": 1.0513256238195632, ""seconds"": 0.6719806199998857, ""gpu_id"": 0, ""candidate_id"": 99, ""sample_weight"": 0.10352608384640223}, {""client_id"": 4, ""model_family"": ""transformer"", ""feature_ids"": [1, 5, 7, 11, 12, 18, 21], ""subset_size"": 7, ""micro_f1"": 0.8286, ""macro_f1"": 0.027275072085931648, ""validation_loss"": 0.585734375, ""train_loss"": 0.8338382847679986, ""seconds"": 0.7176865159999579, ""gpu_id"": 1, ""candidate_id"": 99, ""sample_weight"": 0.05331880053778213}, {""client_id"": 5, ""model_family"": ""transformer"", ""feature_ids"": [1, 5, 7, 11, 12, 18, 21], ""subset_size"": 7, ""micro_f1"": 0.9491, ""macro_f1"": 0.05588928183384055, ""validation_loss"": 0.27824476776123047, ""train_loss"": 0.6428956152068244, ""seconds"": 0.7503377009998076, ""gpu_id"": 0, ""candidate_id"": 99, ""sample_weight"": 0.07030155005722065}, {""client_id"": 6, ""model_family"": ""gru"", ""feature_ids"": [1, 5, 7, 11, 12, 18, 21], ""subset_size"": 7, ""micro_f1"": 0.8468, ""macro_f1"": 0.026971932372689165, ""validation_loss"": 1.08853720703125, ""train_loss"": 2.395950976032681, ""seconds"": 0.39946692100011205, ""gpu_id"": 1, ""candidate_id"": 99, ""sample_weight"": 0.07459801933327874}, {""client_id"": 7, ""model_family"": ""gru"", ""feature_ids"": [1, 5, 7, 11, 12, 18, 21], ""subset_size"": 7, ""micro_f1"": 0.8645, ""macro_f1"": 0.027274304733961165, ""validation_loss"": 0.8987081176757813, ""train_loss"": 2.05860056131151, ""seconds"": 0.35811759800026266, ""gpu_id"": 1, ""candidate_id"": 99, ""sample_weight"": 0.05067317481195735}, {""client_id"": 8, ""model_family"": ""gru"", ""feature_ids"": [1, 5, 7, 11, 12, 18, 21], ""subset_size"": 7, ""micro_f1"": 0.4011, ""macro_f1"": 0.037862093846608644, ""validation_loss"": 2.7641296875, ""train_loss"": 3.1750324881659613, ""seconds"": 0.32662636299983205, ""gpu_id"": 1, ""candidate_id"": 99, ""sample_weight"": 0.354287210681253}, {""client_id"": 9, ""model_family"": ""gru"", ""feature_ids"": [1, 5, 7, 11, 12, 18, 21], ""subset_size"": 7, ""micro_f1"": 0.7576, ""macro_f1"": 0.025366977392049714, ""validation_loss"": 1.1769385009765625, ""train_loss"": 1.9278833744896782, ""seconds"": 0.36322734399982437, ""gpu_id"": 0, ""candidate_id"": 99, ""sample_weight"": 0.12090074249549396}, {""client_id"": 10, ""model_family"": ""gru"", ""feature_ids"": [1, 5, 7, 11, 12, 18, 21], ""subset_size"": 7, ""micro_f1"": 0.3865, ""macro_f1"": 0.016397615663647357, ""validation_loss"": 2.33058740234375, ""train_loss"": 2.9852762815687393, ""seconds"": 0.35070122099978107, ""gpu_id"": 0, ""candidate_id"": 99, ""sample_weight"": 0.11011103958316146}]"
100,10,10000,"[1, 5, 7, 11, 12, 18, 21]","[""AVG"", ""Max"", ""syn_count"", ""syn_flag_number"", ""rst_flag_number"", ""rst_count"", ""ICMP""]",7,0.6029586342551471,0.034948801071713435,0.6024788618087769,0.72,0.648047977244637,180,21160,"[{""client_id"": 1, ""model_family"": ""transformer"", ""feature_ids"": [1, 5, 7, 11, 12, 18, 21], ""subset_size"": 7, ""micro_f1"": 0.8775380710659898, ""macro_f1"": 0.02749339005625907, ""validation_loss"": 0.6677035994941208, ""train_loss"": 1.2082252914933787, ""seconds"": 0.2365555360001963, ""gpu_id"": 0, ""candidate_id"": 100, ""sample_weight"": 0.0008752009911046531}, {""client_id"": 2, ""model_family"": ""transformer"", ""feature_ids"": [1, 5, 7, 11, 12, 18, 21], ""subset_size"": 7, ""micro_f1"": 0.368, ""macro_f1"": 0.04044967005469452, ""validation_loss"": 1.64071650390625, ""train_loss"": 2.054698231146071, ""seconds"": 0.7102230649998091, ""gpu_id"": 1, ""candidate_id"": 100, ""sample_weight"": 0.061408177662345804}, {""client_id"": 3, ""model_family"": ""transformer"", ""feature_ids"": [1, 5, 7, 11, 12, 18, 21], ""subset_size"": 7, ""micro_f1"": 0.8254, ""macro_f1"": 0.05193609894156423, ""validation_loss"": 0.6964862915039063, ""train_loss"": 1.0484555183940463, ""seconds"": 0.6667388709997795, ""gpu_id"": 0, ""candidate_id"": 100, ""sample_weight"": 0.10352608384640223}, {""client_id"": 4, ""model_family"": ""transformer"", ""feature_ids"": [1, 5, 7, 11, 12, 18, 21], ""subset_size"": 7, ""micro_f1"": 0.8287, ""macro_f1"": 0.027276032822191192, ""validation_loss"": 0.5860796264648438, ""train_loss"": 0.832955098607805, ""seconds"": 0.7374118669999916, ""gpu_id"": 1, ""candidate_id"": 100, ""sample_weight"": 0.05331880053778213}, {""client_id"": 5, ""model_family"": ""transformer"", ""feature_ids"": [1, 5, 7, 11, 12, 18, 21], ""subset_size"": 7, ""micro_f1"": 0.9491, ""macro_f1"": 0.05588928183384055, ""validation_loss"": 0.2781323318481445, ""train_loss"": 0.6435375132534239, ""seconds"": 0.7860232769999129, ""gpu_id"": 0, ""candidate_id"": 100, ""sample_weight"": 0.07030155005722065}, {""client_id"": 6, ""model_family"": ""gru"", ""feature_ids"": [1, 5, 7, 11, 12, 18, 21], ""subset_size"": 7, ""micro_f1"": 0.8468, ""macro_f1"": 0.026971932372689165, ""validation_loss"": 1.08901494140625, ""train_loss"": 2.39615516749488, ""seconds"": 0.37456546600014917, ""gpu_id"": 1, ""candidate_id"": 100, ""sample_weight"": 0.07459801933327874}, {""client_id"": 7, ""model_family"": ""gru"", ""feature_ids"": [1, 5, 7, 11, 12, 18, 21], ""subset_size"": 7, ""micro_f1"": 0.8645, ""macro_f1"": 0.027274304733961165, ""validation_loss"": 0.8986637329101562, ""train_loss"": 2.0590667048560247, ""seconds"": 0.358062357000108, ""gpu_id"": 1, ""candidate_id"": 100, ""sample_weight"": 0.05067317481195735}, {""client_id"": 8, ""model_family"": ""gru"", ""feature_ids"": [1, 5, 7, 11, 12, 18, 21], ""subset_size"": 7, ""micro_f1"": 0.4011, ""macro_f1"": 0.037862093846608644, ""validation_loss"": 2.763840625, ""train_loss"": 3.174885481558906, ""seconds"": 0.37252789100011796, ""gpu_id"": 1, ""candidate_id"": 100, ""sample_weight"": 0.354287210681253}, {""client_id"": 9, ""model_family"": ""gru"", ""feature_ids"": [1, 5, 7, 11, 12, 18, 21], ""subset_size"": 7, ""micro_f1"": 0.7576, ""macro_f1"": 0.025366977392049714, ""validation_loss"": 1.1770965454101563, ""train_loss"": 1.9284305366939969, ""seconds"": 0.33966274800013707, ""gpu_id"": 0, ""candidate_id"": 100, ""sample_weight"": 0.12090074249549396}, {""client_id"": 10, ""model_family"": ""gru"", ""feature_ids"": [1, 5, 7, 11, 12, 18, 21], ""subset_size"": 7, ""micro_f1"": 0.3865, ""macro_f1"": 0.016397615663647357, ""validation_loss"": 2.33014736328125, ""train_loss"": 2.9848353852589926, ""seconds"": 0.4028250459996343, ""gpu_id"": 0, ""candidate_id"": 100, ""sample_weight"": 0.11011103958316146}]"
