gpu_id,utilization_percent,memory_used_mib,memory_total_mib,temperature_c,power_w,timestamp,task_id,task_kind
0,3.0,107.0,15360.0,41.0,26.46,1786247508.3829284,benchmark_g0,benchmark
0,0.0,231.0,15360.0,43.0,26.56,1786247513.440462,benchmark_g0,benchmark
0,54.0,479.0,15360.0,44.0,28.12,1786247514.014945,benchmark_g0,benchmark
1,3.0,107.0,15360.0,41.0,26.65,1786247508.3807008,benchmark_g1,benchmark
1,0.0,231.0,15360.0,43.0,26.85,1786247513.4406078,benchmark_g1,benchmark
1,63.0,479.0,15360.0,44.0,40.2,1786247514.0148926,benchmark_g1,benchmark
0,33.0,691.0,15360.0,43.0,28.12,1786247514.0903552,cache_g0,initialize_cache
0,2.0,1333.0,15360.0,44.0,26.65,1786247519.1412306,cache_g0,initialize_cache
0,2.0,1961.0,15360.0,44.0,26.75,1786247522.7829676,cache_g0,initialize_cache
1,63.0,499.0,15360.0,43.0,29.79,1786247514.090357,cache_g1,initialize_cache
1,2.0,1911.0,15360.0,44.0,26.93,1786247519.1431563,cache_g1,initialize_cache
1,2.0,2527.0,15360.0,44.0,27.03,1786247524.1856885,cache_g1,initialize_cache
1,2.0,3047.0,15360.0,44.0,27.13,1786247526.097949,cache_g1,initialize_cache
0,0.0,1981.0,15360.0,45.0,26.65,1786247526.1502302,collect_g0,collect_records
0,32.0,2441.0,15360.0,49.0,46.89,1786247531.2062407,collect_g0,collect_records
0,37.0,2889.0,15360.0,50.0,43.56,1786247536.2587538,collect_g0,collect_records
0,39.0,2921.0,15360.0,52.0,51.2,1786247541.3126297,collect_g0,collect_records
0,37.0,2927.0,15360.0,54.0,52.31,1786247546.364735,collect_g0,collect_records
0,37.0,2967.0,15360.0,55.0,44.17,1786247551.4145308,collect_g0,collect_records
0,37.0,2947.0,15360.0,57.0,57.92,1786247556.4655428,collect_g0,collect_records
0,43.0,3017.0,15360.0,59.0,53.06,1786247561.515538,collect_g0,collect_records
0,33.0,3155.0,15360.0,59.0,44.93,1786247566.568984,collect_g0,collect_records
0,38.0,3211.0,15360.0,61.0,55.18,1786247571.6215994,collect_g0,collect_records
0,42.0,3221.0,15360.0,62.0,57.42,1786247576.6704636,collect_g0,collect_records
0,45.0,3221.0,15360.0,64.0,53.65,1786247581.723243,collect_g0,collect_records
0,43.0,3241.0,15360.0,64.0,55.6,1786247586.7834778,collect_g0,collect_records
0,36.0,2937.0,15360.0,65.0,50.13,1786247591.831868,collect_g0,collect_records
0,38.0,3019.0,15360.0,66.0,50.02,1786247596.880692,collect_g0,collect_records
0,38.0,3193.0,15360.0,68.0,53.91,1786247601.922628,collect_g0,collect_records
0,40.0,3205.0,15360.0,69.0,51.0,1786247606.9722295,collect_g0,collect_records
0,36.0,3209.0,15360.0,70.0,53.81,1786247612.0148985,collect_g0,collect_records
0,42.0,3221.0,15360.0,71.0,60.82,1786247617.0614738,collect_g0,collect_records
0,43.0,3221.0,15360.0,72.0,52.96,1786247622.1059148,collect_g0,collect_records
0,40.0,3225.0,15360.0,73.0,59.86,1786247627.1508067,collect_g0,collect_records
0,39.0,3243.0,15360.0,75.0,56.84,1786247632.1981368,collect_g0,collect_records
0,34.0,3247.0,15360.0,75.0,56.48,1786247637.2443316,collect_g0,collect_records
0,41.0,3249.0,15360.0,77.0,56.74,1786247642.2918153,collect_g0,collect_records
0,42.0,3249.0,15360.0,78.0,60.22,1786247647.3336477,collect_g0,collect_records
0,46.0,3041.0,15360.0,78.0,59.22,1786247652.381078,collect_g0,collect_records
0,41.0,3171.0,15360.0,77.0,54.95,1786247657.4295788,collect_g0,collect_records
0,37.0,3207.0,15360.0,75.0,56.15,1786247662.475165,collect_g0,collect_records
0,37.0,3215.0,15360.0,73.0,53.19,1786247667.5203133,collect_g0,collect_records
0,43.0,3215.0,15360.0,72.0,57.88,1786247672.5642204,collect_g0,collect_records
0,51.0,2919.0,15360.0,72.0,63.93,1786247677.6123714,collect_g0,collect_records
0,41.0,2967.0,15360.0,71.0,57.52,1786247682.6586766,collect_g0,collect_records
0,42.0,3141.0,15360.0,70.0,50.9,1786247687.7068634,collect_g0,collect_records
0,44.0,2921.0,15360.0,71.0,64.36,1786247692.752849,collect_g0,collect_records
0,34.0,3065.0,15360.0,70.0,50.19,1786247697.794702,collect_g0,collect_records
0,41.0,3137.0,15360.0,71.0,51.33,1786247702.8393767,collect_g0,collect_records
0,36.0,3219.0,15360.0,72.0,63.63,1786247707.8981638,collect_g0,collect_records
0,35.0,3235.0,15360.0,72.0,52.28,1786247712.9495752,collect_g0,collect_records
0,32.0,3245.0,15360.0,74.0,59.35,1786247718.0027063,collect_g0,collect_records
0,40.0,3255.0,15360.0,75.0,60.82,1786247723.0500052,collect_g0,collect_records
0,37.0,3315.0,15360.0,76.0,50.48,1786247728.098124,collect_g0,collect_records
0,37.0,3315.0,15360.0,77.0,60.78,1786247733.1460433,collect_g0,collect_records
0,30.0,3315.0,15360.0,77.0,56.06,1786247738.1984344,collect_g0,collect_records
0,47.0,3315.0,15360.0,76.0,58.53,1786247743.2501583,collect_g0,collect_records
0,39.0,3315.0,15360.0,74.0,54.53,1786247748.3060524,collect_g0,collect_records
0,44.0,3315.0,15360.0,73.0,58.33,1786247753.3554025,collect_g0,collect_records
0,45.0,3315.0,15360.0,73.0,59.22,1786247758.4084573,collect_g0,collect_records
0,43.0,2935.0,15360.0,72.0,58.9,1786247763.4670231,collect_g0,collect_records
0,44.0,3013.0,15360.0,72.0,53.25,1786247768.5147743,collect_g0,collect_records
0,43.0,3179.0,15360.0,72.0,61.31,1786247773.568608,collect_g0,collect_records
0,48.0,2941.0,15360.0,73.0,69.84,1786247778.6176815,collect_g0,collect_records
0,47.0,3127.0,15360.0,73.0,56.55,1786247783.6666634,collect_g0,collect_records
0,49.0,3215.0,15360.0,74.0,69.54,1786247788.7163885,collect_g0,collect_records
0,43.0,3257.0,15360.0,74.0,62.85,1786247793.7696817,collect_g0,collect_records
0,38.0,3267.0,15360.0,75.0,63.89,1786247798.8199744,collect_g0,collect_records
0,41.0,3281.0,15360.0,75.0,60.19,1786247803.8702104,collect_g0,collect_records
0,45.0,3285.0,15360.0,76.0,57.56,1786247808.920007,collect_g0,collect_records
0,38.0,3295.0,15360.0,75.0,52.47,1786247813.9743426,collect_g0,collect_records
0,45.0,3295.0,15360.0,75.0,57.16,1786247819.017744,collect_g0,collect_records
0,45.0,3295.0,15360.0,75.0,54.13,1786247824.064342,collect_g0,collect_records
0,43.0,3301.0,15360.0,75.0,57.62,1786247829.1137414,collect_g0,collect_records
0,39.0,3301.0,15360.0,75.0,62.19,1786247834.1574957,collect_g0,collect_records
0,34.0,3301.0,15360.0,74.0,52.53,1786247839.2041192,collect_g0,collect_records
0,43.0,3361.0,15360.0,74.0,63.05,1786247844.2536054,collect_g0,collect_records
0,38.0,3361.0,15360.0,74.0,60.76,1786247849.298314,collect_g0,collect_records
0,39.0,3361.0,15360.0,74.0,54.72,1786247854.3414671,collect_g0,collect_records
0,45.0,3363.0,15360.0,74.0,56.84,1786247859.3874962,collect_g0,collect_records
0,39.0,3363.0,15360.0,74.0,59.67,1786247864.4310915,collect_g0,collect_records
0,39.0,3363.0,15360.0,74.0,54.04,1786247869.4758058,collect_g0,collect_records
0,36.0,3363.0,15360.0,74.0,59.52,1786247874.5212922,collect_g0,collect_records
0,43.0,3363.0,15360.0,74.0,61.87,1786247879.5654764,collect_g0,collect_records
0,40.0,3365.0,15360.0,74.0,59.35,1786247884.612296,collect_g0,collect_records
0,42.0,3365.0,15360.0,75.0,58.57,1786247889.6538498,collect_g0,collect_records
0,43.0,3365.0,15360.0,75.0,64.61,1786247894.6973474,collect_g0,collect_records
0,47.0,3209.0,15360.0,75.0,62.7,1786247899.7435193,collect_g0,collect_records
0,39.0,2971.0,15360.0,75.0,58.48,1786247904.7912083,collect_g0,collect_records
0,40.0,3161.0,15360.0,75.0,58.31,1786247909.8346384,collect_g0,collect_records
0,38.0,3207.0,15360.0,75.0,58.34,1786247914.8789434,collect_g0,collect_records
0,39.0,3207.0,15360.0,75.0,57.86,1786247919.9219959,collect_g0,collect_records
0,46.0,3211.0,15360.0,74.0,61.31,1786247924.967056,collect_g0,collect_records
0,34.0,3211.0,15360.0,74.0,59.91,1786247930.012389,collect_g0,collect_records
0,51.0,3211.0,15360.0,75.0,62.85,1786247935.0575202,collect_g0,collect_records
0,42.0,3311.0,15360.0,74.0,54.49,1786247940.103019,collect_g0,collect_records
0,45.0,3431.0,15360.0,74.0,54.62,1786247945.1453376,collect_g0,collect_records
0,47.0,3531.0,15360.0,74.0,67.3,1786247950.188698,collect_g0,collect_records
0,42.0,3651.0,15360.0,75.0,57.82,1786247955.233509,collect_g0,collect_records
0,45.0,3731.0,15360.0,75.0,62.31,1786247960.278786,collect_g0,collect_records
0,45.0,3731.0,15360.0,75.0,67.48,1786247965.3253112,collect_g0,collect_records
0,63.0,2939.0,15360.0,76.0,58.57,1786247970.3689334,collect_g0,collect_records
0,45.0,3041.0,15360.0,76.0,58.25,1786247975.4145706,collect_g0,collect_records
0,41.0,3143.0,15360.0,77.0,68.62,1786247980.4584222,collect_g0,collect_records
0,51.0,3407.0,15360.0,77.0,68.9,1786247985.5045347,collect_g0,collect_records
0,43.0,3513.0,15360.0,77.0,57.76,1786247990.5481887,collect_g0,collect_records
0,45.0,3513.0,15360.0,77.0,64.36,1786247995.5900736,collect_g0,collect_records
0,43.0,3513.0,15360.0,77.0,65.59,1786248000.6347373,collect_g0,collect_records
0,44.0,3613.0,15360.0,77.0,58.86,1786248005.6798575,collect_g0,collect_records
0,43.0,3613.0,15360.0,77.0,56.84,1786248010.7242868,collect_g0,collect_records
0,37.0,3617.0,15360.0,76.0,63.63,1786248015.768091,collect_g0,collect_records
0,45.0,3619.0,15360.0,76.0,59.57,1786248020.8138115,collect_g0,collect_records
0,39.0,3633.0,15360.0,75.0,54.46,1786248025.8590682,collect_g0,collect_records
0,34.0,2927.0,15360.0,74.0,47.23,1786248030.905741,collect_g0,collect_records
0,33.0,2947.0,15360.0,74.0,59.03,1786248035.9497712,collect_g0,collect_records
0,35.0,3093.0,15360.0,73.0,47.17,1786248040.9918394,collect_g0,collect_records
0,35.0,2963.0,15360.0,73.0,56.0,1786248046.034758,collect_g0,collect_records
0,40.0,2941.0,15360.0,73.0,59.09,1786248051.0781243,collect_g0,collect_records
0,34.0,3013.0,15360.0,73.0,56.61,1786248056.1236444,collect_g0,collect_records
0,39.0,2927.0,15360.0,73.0,50.93,1786248061.1664083,collect_g0,collect_records
0,36.0,2995.0,15360.0,72.0,48.44,1786248066.2087212,collect_g0,collect_records
0,39.0,3175.0,15360.0,73.0,59.64,1786248071.2535,collect_g0,collect_records
0,38.0,3205.0,15360.0,73.0,49.89,1786248076.2957673,collect_g0,collect_records
0,42.0,3215.0,15360.0,73.0,57.3,1786248081.339827,collect_g0,collect_records
0,38.0,3215.0,15360.0,72.0,60.95,1786248086.382823,collect_g0,collect_records
0,37.0,3221.0,15360.0,72.0,52.4,1786248091.4291763,collect_g0,collect_records
0,34.0,2937.0,15360.0,72.0,51.94,1786248096.4713483,collect_g0,collect_records
0,41.0,2945.0,15360.0,72.0,64.55,1786248101.5191581,collect_g0,collect_records
0,43.0,3017.0,15360.0,72.0,62.56,1786248106.560636,collect_g0,collect_records
0,34.0,3093.0,15360.0,71.0,45.43,1786248111.6035836,collect_g0,collect_records
0,36.0,3219.0,15360.0,71.0,56.03,1786248116.650065,collect_g0,collect_records
0,33.0,3235.0,15360.0,71.0,54.98,1786248121.696117,collect_g0,collect_records
0,42.0,3241.0,15360.0,71.0,53.55,1786248126.743326,collect_g0,collect_records
0,46.0,3261.0,15360.0,72.0,64.72,1786248131.7853174,collect_g0,collect_records
0,37.0,3301.0,15360.0,71.0,51.33,1786248136.8282533,collect_g0,collect_records
0,42.0,3303.0,15360.0,72.0,56.03,1786248141.8678155,collect_g0,collect_records
0,35.0,3303.0,15360.0,71.0,56.06,1786248146.9111495,collect_g0,collect_records
0,37.0,3303.0,15360.0,71.0,51.26,1786248151.9614458,collect_g0,collect_records
0,42.0,3303.0,15360.0,72.0,56.36,1786248157.0143785,collect_g0,collect_records
0,47.0,3303.0,15360.0,72.0,64.28,1786248162.062269,collect_g0,collect_records
0,39.0,3317.0,15360.0,72.0,57.66,1786248167.1050596,collect_g0,collect_records
0,40.0,3357.0,15360.0,72.0,58.02,1786248172.1487799,collect_g0,collect_records
0,43.0,3357.0,15360.0,72.0,56.35,1786248177.1953804,collect_g0,collect_records
0,41.0,2925.0,15360.0,72.0,64.2,1786248182.2431045,collect_g0,collect_records
0,44.0,3079.0,15360.0,72.0,54.2,1786248187.2865796,collect_g0,collect_records
0,34.0,3197.0,15360.0,72.0,53.91,1786248192.3297477,collect_g0,collect_records
0,40.0,3221.0,15360.0,71.0,56.75,1786248197.3750374,collect_g0,collect_records
0,42.0,3225.0,15360.0,71.0,60.46,1786248202.4175835,collect_g0,collect_records
0,40.0,3233.0,15360.0,71.0,48.47,1786248207.4634364,collect_g0,collect_records
0,43.0,3239.0,15360.0,71.0,57.98,1786248212.507166,collect_g0,collect_records
0,41.0,3023.0,15360.0,72.0,55.86,1786248217.5508242,collect_g0,collect_records
0,33.0,3195.0,15360.0,71.0,51.71,1786248222.5936363,collect_g0,collect_records
0,45.0,3243.0,15360.0,71.0,57.49,1786248227.6477616,collect_g0,collect_records
0,40.0,3249.0,15360.0,72.0,59.36,1786248232.6919086,collect_g0,collect_records
0,40.0,3253.0,15360.0,72.0,54.13,1786248237.7376018,collect_g0,collect_records
0,37.0,3267.0,15360.0,73.0,54.2,1786248242.779384,collect_g0,collect_records
0,38.0,3271.0,15360.0,73.0,59.81,1786248247.8251371,collect_g0,collect_records
0,47.0,3271.0,15360.0,74.0,54.0,1786248252.8683116,collect_g0,collect_records
0,40.0,3291.0,15360.0,74.0,54.53,1786248257.9273064,collect_g0,collect_records
0,44.0,3291.0,15360.0,74.0,66.55,1786248262.9711106,collect_g0,collect_records
0,37.0,3293.0,15360.0,74.0,54.0,1786248268.0124884,collect_g0,collect_records
0,45.0,3293.0,15360.0,74.0,60.84,1786248273.0557544,collect_g0,collect_records
0,36.0,3293.0,15360.0,73.0,59.62,1786248278.0989938,collect_g0,collect_records
0,45.0,3293.0,15360.0,73.0,58.47,1786248283.1425815,collect_g0,collect_records
0,41.0,3297.0,15360.0,73.0,59.07,1786248288.187184,collect_g0,collect_records
0,37.0,3297.0,15360.0,73.0,59.51,1786248293.2318616,collect_g0,collect_records
0,38.0,3299.0,15360.0,73.0,57.21,1786248298.2744343,collect_g0,collect_records
0,42.0,3319.0,15360.0,73.0,56.95,1786248303.3161354,collect_g0,collect_records
0,39.0,3339.0,15360.0,73.0,58.35,1786248308.3611722,collect_g0,collect_records
0,38.0,2989.0,15360.0,73.0,57.37,1786248313.4042647,collect_g0,collect_records
0,48.0,3161.0,15360.0,74.0,60.43,1786248318.4472172,collect_g0,collect_records
0,44.0,3227.0,15360.0,74.0,58.93,1786248323.491166,collect_g0,collect_records
0,46.0,2927.0,15360.0,74.0,64.89,1786248328.5345283,collect_g0,collect_records
0,45.0,2997.0,15360.0,74.0,56.68,1786248333.578976,collect_g0,collect_records
0,42.0,3261.0,15360.0,74.0,58.6,1786248338.623534,collect_g0,collect_records
0,41.0,3289.0,15360.0,74.0,60.13,1786248343.6677372,collect_g0,collect_records
0,38.0,3303.0,15360.0,74.0,56.55,1786248348.7119536,collect_g0,collect_records
0,41.0,3313.0,15360.0,74.0,56.78,1786248353.7564092,collect_g0,collect_records
0,41.0,3313.0,15360.0,74.0,60.56,1786248358.800473,collect_g0,collect_records
0,38.0,3319.0,15360.0,73.0,55.77,1786248363.8423545,collect_g0,collect_records
0,40.0,3319.0,15360.0,73.0,52.17,1786248368.885929,collect_g0,collect_records
0,39.0,3319.0,15360.0,73.0,59.97,1786248373.934688,collect_g0,collect_records
0,40.0,3319.0,15360.0,73.0,53.94,1786248378.9791129,collect_g0,collect_records
0,38.0,3319.0,15360.0,73.0,53.74,1786248384.023481,collect_g0,collect_records
0,37.0,3319.0,15360.0,73.0,58.73,1786248389.072491,collect_g0,collect_records
0,45.0,3319.0,15360.0,74.0,68.84,1786248394.1242592,collect_g0,collect_records
0,53.0,3321.0,15360.0,74.0,60.24,1786248399.1747952,collect_g0,collect_records
0,40.0,3361.0,15360.0,74.0,60.88,1786248404.222183,collect_g0,collect_records
0,42.0,3461.0,15360.0,74.0,61.34,1786248409.2660747,collect_g0,collect_records
0,44.0,3461.0,15360.0,74.0,53.48,1786248414.3133085,collect_g0,collect_records
0,43.0,3461.0,15360.0,74.0,67.09,1786248419.3656874,collect_g0,collect_records
0,42.0,3521.0,15360.0,74.0,56.06,1786248424.4174283,collect_g0,collect_records
0,42.0,3521.0,15360.0,74.0,65.51,1786248429.467804,collect_g0,collect_records
0,44.0,3561.0,15360.0,74.0,63.87,1786248434.5137281,collect_g0,collect_records
0,47.0,3621.0,15360.0,74.0,60.94,1786248439.55976,collect_g0,collect_records
0,46.0,3621.0,15360.0,74.0,61.17,1786248444.6048698,collect_g0,collect_records
0,44.0,3621.0,15360.0,74.0,60.52,1786248449.6501524,collect_g0,collect_records
0,42.0,3681.0,15360.0,74.0,57.5,1786248454.7009163,collect_g0,collect_records
0,42.0,3681.0,15360.0,74.0,58.04,1786248459.7453852,collect_g0,collect_records
0,42.0,3681.0,15360.0,74.0,59.15,1786248464.7961514,collect_g0,collect_records
0,35.0,3683.0,15360.0,75.0,56.49,1786248469.8417425,collect_g0,collect_records
0,43.0,3683.0,15360.0,75.0,62.6,1786248474.8942554,collect_g0,collect_records
0,40.0,3683.0,15360.0,75.0,58.69,1786248479.9426758,collect_g0,collect_records
0,45.0,3683.0,15360.0,76.0,55.47,1786248484.9927537,collect_g0,collect_records
0,46.0,3683.0,15360.0,76.0,65.85,1786248490.0366802,collect_g0,collect_records
0,46.0,3683.0,15360.0,75.0,63.75,1786248495.0799701,collect_g0,collect_records
0,47.0,3683.0,15360.0,75.0,55.7,1786248500.1278753,collect_g0,collect_records
0,39.0,3683.0,15360.0,74.0,57.23,1786248505.1703963,collect_g0,collect_records
0,39.0,3683.0,15360.0,74.0,59.25,1786248510.2122982,collect_g0,collect_records
0,42.0,3683.0,15360.0,74.0,54.4,1786248515.2564182,collect_g0,collect_records
0,46.0,2949.0,15360.0,74.0,60.68,1786248520.300702,collect_g0,collect_records
0,52.0,3015.0,15360.0,74.0,66.17,1786248525.3452845,collect_g0,collect_records
0,41.0,3243.0,15360.0,73.0,57.65,1786248530.3925369,collect_g0,collect_records
0,36.0,2953.0,15360.0,73.0,51.23,1786248535.4405248,collect_g0,collect_records
0,34.0,3009.0,15360.0,72.0,50.44,1786248540.4880474,collect_g0,collect_records
0,37.0,2927.0,15360.0,72.0,54.46,1786248545.5338087,collect_g0,collect_records
0,37.0,3059.0,15360.0,73.0,52.15,1786248550.5814147,collect_g0,collect_records
0,37.0,3139.0,15360.0,73.0,57.56,1786248555.6272469,collect_g0,collect_records
0,37.0,3027.0,15360.0,73.0,51.65,1786248560.6715512,collect_g0,collect_records
0,47.0,2927.0,15360.0,73.0,47.0,1786248565.7154212,collect_g0,collect_records
0,41.0,3023.0,15360.0,73.0,55.11,1786248570.7602706,collect_g0,collect_records
0,44.0,3197.0,15360.0,73.0,62.64,1786248575.8062613,collect_g0,collect_records
0,34.0,3199.0,15360.0,73.0,55.7,1786248580.8542886,collect_g0,collect_records
0,44.0,3199.0,15360.0,72.0,56.03,1786248585.9004989,collect_g0,collect_records
0,44.0,3203.0,15360.0,73.0,61.01,1786248590.9547222,collect_g0,collect_records
0,45.0,2931.0,15360.0,72.0,53.65,1786248596.0034354,collect_g0,collect_records
0,32.0,2931.0,15360.0,72.0,55.61,1786248601.0559318,collect_g0,collect_records
0,35.0,3099.0,15360.0,71.0,56.42,1786248606.1049063,collect_g0,collect_records
0,31.0,2927.0,15360.0,70.0,44.55,1786248611.157513,collect_g0,collect_records
0,44.0,3089.0,15360.0,71.0,62.77,1786248616.210366,collect_g0,collect_records
0,40.0,3159.0,15360.0,71.0,50.31,1786248621.2646809,collect_g0,collect_records
0,38.0,3181.0,15360.0,71.0,56.36,1786248626.311896,collect_g0,collect_records
0,40.0,3183.0,15360.0,71.0,60.93,1786248631.3675952,collect_g0,collect_records
0,33.0,3191.0,15360.0,71.0,53.87,1786248636.4166582,collect_g0,collect_records
0,43.0,3203.0,15360.0,72.0,55.44,1786248641.4618225,collect_g0,collect_records
0,40.0,3221.0,15360.0,72.0,58.35,1786248646.511465,collect_g0,collect_records
0,40.0,3221.0,15360.0,72.0,58.25,1786248651.5617847,collect_g0,collect_records
0,40.0,3221.0,15360.0,72.0,60.15,1786248656.6059587,collect_g0,collect_records
0,38.0,3229.0,15360.0,71.0,52.93,1786248661.6540203,collect_g0,collect_records
0,37.0,2931.0,15360.0,72.0,60.15,1786248666.6973295,collect_g0,collect_records
0,40.0,3113.0,15360.0,72.0,54.33,1786248671.7463973,collect_g0,collect_records
0,38.0,3189.0,15360.0,71.0,51.55,1786248676.7932277,collect_g0,collect_records
0,36.0,3197.0,15360.0,71.0,54.3,1786248681.836743,collect_g0,collect_records
0,39.0,3203.0,15360.0,71.0,54.07,1786248686.8815386,collect_g0,collect_records
0,36.0,3207.0,15360.0,71.0,54.88,1786248691.9262762,collect_g0,collect_records
0,37.0,3221.0,15360.0,71.0,56.39,1786248696.9711645,collect_g0,collect_records
0,36.0,3281.0,15360.0,71.0,50.67,1786248702.0157166,collect_g0,collect_records
0,41.0,3281.0,15360.0,71.0,56.97,1786248707.068545,collect_g0,collect_records
0,40.0,3289.0,15360.0,71.0,58.25,1786248712.112079,collect_g0,collect_records
0,45.0,3289.0,15360.0,72.0,55.28,1786248717.1553593,collect_g0,collect_records
0,39.0,3329.0,15360.0,72.0,64.69,1786248722.2030892,collect_g0,collect_records
0,32.0,3335.0,15360.0,72.0,53.09,1786248727.247171,collect_g0,collect_records
0,42.0,3335.0,15360.0,72.0,59.29,1786248732.290757,collect_g0,collect_records
0,42.0,3335.0,15360.0,72.0,56.55,1786248737.3343098,collect_g0,collect_records
0,39.0,3335.0,15360.0,73.0,61.21,1786248742.3763497,collect_g0,collect_records
0,38.0,3335.0,15360.0,73.0,55.87,1786248747.4218807,collect_g0,collect_records
0,41.0,3335.0,15360.0,73.0,52.6,1786248752.4678752,collect_g0,collect_records
0,34.0,3335.0,15360.0,73.0,61.6,1786248757.511771,collect_g0,collect_records
0,45.0,2979.0,15360.0,74.0,64.47,1786248762.5559022,collect_g0,collect_records
0,37.0,3137.0,15360.0,74.0,52.41,1786248767.6023312,collect_g0,collect_records
0,41.0,3203.0,15360.0,74.0,55.37,1786248772.6445515,collect_g0,collect_records
0,43.0,3215.0,15360.0,74.0,62.16,1786248777.6912794,collect_g0,collect_records
0,36.0,3217.0,15360.0,73.0,55.25,1786248782.7383468,collect_g0,collect_records
0,47.0,3223.0,15360.0,73.0,58.9,1786248787.791482,collect_g0,collect_records
0,35.0,3227.0,15360.0,73.0,54.33,1786248792.8348932,collect_g0,collect_records
0,50.0,3273.0,15360.0,73.0,61.58,1786248797.8948343,collect_g0,collect_records
0,44.0,3273.0,15360.0,73.0,59.74,1786248802.9386964,collect_g0,collect_records
0,41.0,3273.0,15360.0,73.0,55.41,1786248807.9824755,collect_g0,collect_records
0,41.0,3273.0,15360.0,73.0,53.81,1786248813.0266778,collect_g0,collect_records
0,43.0,3273.0,15360.0,74.0,62.64,1786248818.0692263,collect_g0,collect_records
0,44.0,3273.0,15360.0,74.0,66.78,1786248823.1151521,collect_g0,collect_records
0,37.0,3313.0,15360.0,74.0,57.57,1786248828.1602988,collect_g0,collect_records
0,45.0,3313.0,15360.0,75.0,62.34,1786248833.2067416,collect_g0,collect_records
0,39.0,3333.0,15360.0,74.0,59.19,1786248838.2513716,collect_g0,collect_records
0,37.0,3333.0,15360.0,74.0,54.3,1786248843.2983773,collect_g0,collect_records
0,41.0,3333.0,15360.0,74.0,57.63,1786248848.3460891,collect_g0,collect_records
0,40.0,3333.0,15360.0,74.0,64.14,1786248853.3927584,collect_g0,collect_records
0,38.0,3333.0,15360.0,74.0,50.84,1786248858.43833,collect_g0,collect_records
0,39.0,3393.0,15360.0,74.0,54.1,1786248863.4833646,collect_g0,collect_records
0,42.0,3393.0,15360.0,74.0,58.51,1786248868.5284383,collect_g0,collect_records
0,41.0,3393.0,15360.0,74.0,58.05,1786248873.5704556,collect_g0,collect_records
0,44.0,3393.0,15360.0,74.0,54.79,1786248878.614179,collect_g0,collect_records
0,47.0,3393.0,15360.0,74.0,65.75,1786248883.6621506,collect_g0,collect_records
0,40.0,3393.0,15360.0,74.0,54.2,1786248888.7053814,collect_g0,collect_records
0,38.0,3393.0,15360.0,74.0,52.04,1786248893.751731,collect_g0,collect_records
0,38.0,3393.0,15360.0,73.0,54.49,1786248898.7950742,collect_g0,collect_records
0,37.0,3393.0,15360.0,73.0,63.12,1786248903.8400335,collect_g0,collect_records
0,43.0,3393.0,15360.0,73.0,52.11,1786248908.8850808,collect_g0,collect_records
0,36.0,3393.0,15360.0,73.0,58.08,1786248913.9303684,collect_g0,collect_records
0,47.0,3393.0,15360.0,73.0,62.17,1786248918.974719,collect_g0,collect_records
0,43.0,3059.0,15360.0,73.0,59.57,1786248924.018862,collect_g0,collect_records
0,41.0,3139.0,15360.0,73.0,54.59,1786248929.0623093,collect_g0,collect_records
0,41.0,3177.0,15360.0,73.0,57.33,1786248934.106065,collect_g0,collect_records
0,41.0,3187.0,15360.0,73.0,51.46,1786248939.1517398,collect_g0,collect_records
0,42.0,3211.0,15360.0,73.0,55.6,1786248944.1953292,collect_g0,collect_records
0,39.0,3219.0,15360.0,73.0,62.67,1786248949.239288,collect_g0,collect_records
0,38.0,3219.0,15360.0,73.0,51.46,1786248954.284053,collect_g0,collect_records
0,45.0,3219.0,15360.0,74.0,58.47,1786248959.3294752,collect_g0,collect_records
0,36.0,3219.0,15360.0,73.0,52.99,1786248964.3736217,collect_g0,collect_records
0,42.0,3219.0,15360.0,73.0,58.87,1786248969.4175606,collect_g0,collect_records
0,43.0,3219.0,15360.0,74.0,59.57,1786248974.463333,collect_g0,collect_records
0,40.0,3219.0,15360.0,74.0,60.39,1786248979.507,collect_g0,collect_records
0,40.0,3219.0,15360.0,74.0,57.03,1786248984.5552185,collect_g0,collect_records
0,41.0,3219.0,15360.0,74.0,53.12,1786248989.6005483,collect_g0,collect_records
0,45.0,3239.0,15360.0,74.0,61.89,1786248994.6419203,collect_g0,collect_records
0,52.0,3259.0,15360.0,74.0,66.03,1786248999.6872897,collect_g0,collect_records
0,46.0,3259.0,15360.0,74.0,54.1,1786249004.7332993,collect_g0,collect_records
0,43.0,3279.0,15360.0,74.0,64.98,1786249009.7874088,collect_g0,collect_records
0,42.0,3279.0,15360.0,74.0,61.27,1786249014.8359847,collect_g0,collect_records
0,44.0,3339.0,15360.0,74.0,53.78,1786249019.8797302,collect_g0,collect_records
0,45.0,3341.0,15360.0,74.0,62.32,1786249024.9257677,collect_g0,collect_records
0,34.0,2929.0,15360.0,73.0,60.54,1786249029.9712546,collect_g0,collect_records
0,32.0,2923.0,15360.0,72.0,48.67,1786249035.018315,collect_g0,collect_records
0,33.0,2995.0,15360.0,72.0,51.49,1786249040.063223,collect_g0,collect_records
0,45.0,2937.0,15360.0,72.0,60.35,1786249045.1076736,collect_g0,collect_records
0,38.0,2973.0,15360.0,72.0,53.45,1786249050.1534536,collect_g0,collect_records
0,38.0,3009.0,15360.0,72.0,60.94,1786249055.200296,collect_g0,collect_records
0,38.0,3071.0,15360.0,72.0,57.24,1786249060.2467275,collect_g0,collect_records
0,38.0,2955.0,15360.0,72.0,52.21,1786249065.2959125,collect_g0,collect_records
0,36.0,3025.0,15360.0,73.0,54.53,1786249070.3400743,collect_g0,collect_records
0,46.0,3187.0,15360.0,73.0,64.02,1786249075.3826501,collect_g0,collect_records
0,31.0,3213.0,15360.0,72.0,46.34,1786249080.4265416,collect_g0,collect_records
0,34.0,3213.0,15360.0,73.0,55.34,1786249085.4703488,collect_g0,collect_records
0,44.0,3213.0,15360.0,73.0,61.31,1786249090.5170865,collect_g0,collect_records
0,38.0,3093.0,15360.0,73.0,53.22,1786249095.559967,collect_g0,collect_records
0,34.0,3171.0,15360.0,73.0,54.95,1786249100.6043262,collect_g0,collect_records
0,36.0,3191.0,15360.0,73.0,60.54,1786249105.648638,collect_g0,collect_records
0,41.0,3211.0,15360.0,72.0,56.58,1786249110.6950514,collect_g0,collect_records
0,37.0,3215.0,15360.0,72.0,52.24,1786249115.7398772,collect_g0,collect_records
0,33.0,3225.0,15360.0,71.0,58.64,1786249120.7874155,collect_g0,collect_records
0,36.0,3225.0,15360.0,71.0,54.75,1786249125.8318624,collect_g0,collect_records
0,39.0,3225.0,15360.0,71.0,53.42,1786249130.8788803,collect_g0,collect_records
0,37.0,3225.0,15360.0,71.0,55.54,1786249135.922046,collect_g0,collect_records
0,40.0,3239.0,15360.0,71.0,56.39,1786249140.9675975,collect_g0,collect_records
0,45.0,3239.0,15360.0,71.0,54.17,1786249146.0102894,collect_g0,collect_records
0,43.0,3241.0,15360.0,71.0,54.76,1786249151.0583913,collect_g0,collect_records
0,39.0,2989.0,15360.0,71.0,54.43,1786249156.1038578,collect_g0,collect_records
0,39.0,3161.0,15360.0,72.0,56.16,1786249161.148707,collect_g0,collect_records
0,36.0,3237.0,15360.0,72.0,54.49,1786249166.1929233,collect_g0,collect_records
0,35.0,3245.0,15360.0,72.0,57.07,1786249171.237452,collect_g0,collect_records
0,37.0,3247.0,15360.0,72.0,53.29,1786249176.285584,collect_g0,collect_records
0,42.0,3249.0,15360.0,73.0,59.12,1786249181.3315938,collect_g0,collect_records
0,37.0,3249.0,15360.0,73.0,59.09,1786249186.3759634,collect_g0,collect_records
0,39.0,3255.0,15360.0,73.0,54.2,1786249191.4209697,collect_g0,collect_records
0,43.0,3259.0,15360.0,73.0,60.29,1786249196.4647563,collect_g0,collect_records
0,39.0,3259.0,15360.0,73.0,60.44,1786249201.5099607,collect_g0,collect_records
0,44.0,3259.0,15360.0,73.0,56.03,1786249206.5590537,collect_g0,collect_records
0,35.0,3259.0,15360.0,72.0,55.83,1786249211.6050317,collect_g0,collect_records
0,41.0,3279.0,15360.0,72.0,56.09,1786249216.6494157,collect_g0,collect_records
0,42.0,3279.0,15360.0,72.0,51.36,1786249221.6921897,collect_g0,collect_records
0,39.0,3281.0,15360.0,73.0,58.6,1786249226.7345006,collect_g0,collect_records
0,41.0,3281.0,15360.0,73.0,58.18,1786249231.7775092,collect_g0,collect_records
0,40.0,3281.0,15360.0,74.0,58.25,1786249236.82139,collect_g0,collect_records
0,42.0,3281.0,15360.0,74.0,55.57,1786249241.8670642,collect_g0,collect_records
0,44.0,3281.0,15360.0,75.0,64.18,1786249246.91487,collect_g0,collect_records
0,36.0,3283.0,15360.0,75.0,55.15,1786249251.9584203,collect_g0,collect_records
0,37.0,3283.0,15360.0,75.0,55.71,1786249257.0023785,collect_g0,collect_records
0,39.0,3283.0,15360.0,75.0,57.75,1786249262.0496194,collect_g0,collect_records
0,40.0,3283.0,15360.0,75.0,55.9,1786249267.0946734,collect_g0,collect_records
0,46.0,3283.0,15360.0,75.0,55.51,1786249272.137806,collect_g0,collect_records
0,42.0,3343.0,15360.0,74.0,61.93,1786249277.1802022,collect_g0,collect_records
0,43.0,3343.0,15360.0,74.0,62.54,1786249282.232013,collect_g0,collect_records
0,40.0,2925.0,15360.0,74.0,57.86,1786249287.278713,collect_g0,collect_records
0,37.0,3011.0,15360.0,74.0,58.15,1786249292.3235416,collect_g0,collect_records
0,37.0,3275.0,15360.0,74.0,59.9,1786249297.366368,collect_g0,collect_records
0,48.0,3379.0,15360.0,74.0,61.95,1786249302.4089978,collect_g0,collect_records
0,40.0,3403.0,15360.0,74.0,60.01,1786249307.4546564,collect_g0,collect_records
0,43.0,3415.0,15360.0,74.0,61.25,1786249312.4972463,collect_g0,collect_records
0,45.0,3475.0,15360.0,75.0,66.06,1786249317.5407705,collect_g0,collect_records
0,37.0,3535.0,15360.0,75.0,56.19,1786249322.5877576,collect_g0,collect_records
0,41.0,3535.0,15360.0,75.0,59.18,1786249327.6319199,collect_g0,collect_records
0,44.0,3615.0,15360.0,75.0,60.35,1786249332.6740773,collect_g0,collect_records
0,44.0,3697.0,15360.0,75.0,60.6,1786249337.716833,collect_g0,collect_records
0,48.0,3697.0,15360.0,75.0,65.32,1786249342.7643573,collect_g0,collect_records
0,47.0,3697.0,15360.0,75.0,62.19,1786249347.807655,collect_g0,collect_records
0,43.0,3699.0,15360.0,75.0,57.04,1786249352.854799,collect_g0,collect_records
0,41.0,3699.0,15360.0,75.0,59.78,1786249357.9186947,collect_g0,collect_records
0,44.0,3699.0,15360.0,75.0,53.58,1786249362.963912,collect_g0,collect_records
0,40.0,3701.0,15360.0,75.0,58.38,1786249368.006825,collect_g0,collect_records
0,42.0,3701.0,15360.0,74.0,58.93,1786249373.0502317,collect_g0,collect_records
0,35.0,3713.0,15360.0,74.0,62.03,1786249378.103802,collect_g0,collect_records
0,34.0,3713.0,15360.0,74.0,57.62,1786249383.148615,collect_g0,collect_records
0,49.0,3713.0,15360.0,74.0,63.59,1786249388.1937416,collect_g0,collect_records
0,48.0,3753.0,15360.0,74.0,63.99,1786249393.2389157,collect_g0,collect_records
0,44.0,3753.0,15360.0,74.0,54.49,1786249398.2802613,collect_g0,collect_records
0,45.0,3109.0,15360.0,74.0,57.07,1786249403.3233852,collect_g0,collect_records
0,42.0,2927.0,15360.0,74.0,62.23,1786249408.3667061,collect_g0,collect_records
0,49.0,3341.0,15360.0,75.0,59.39,1786249413.410322,collect_g0,collect_records
0,53.0,2949.0,15360.0,75.0,59.45,1786249418.4537296,collect_g0,collect_records
0,49.0,3307.0,15360.0,76.0,63.77,1786249423.4966304,collect_g0,collect_records
0,46.0,3769.0,15360.0,76.0,60.06,1786249428.5437877,collect_g0,collect_records
0,48.0,3789.0,15360.0,76.0,67.47,1786249433.5859675,collect_g0,collect_records
0,48.0,3789.0,15360.0,76.0,64.51,1786249438.632151,collect_g0,collect_records
0,52.0,3789.0,15360.0,76.0,64.45,1786249443.6770062,collect_g0,collect_records
0,50.0,3789.0,15360.0,76.0,61.11,1786249448.7219589,collect_g0,collect_records
0,47.0,3789.0,15360.0,76.0,66.74,1786249453.768967,collect_g0,collect_records
0,43.0,3799.0,15360.0,76.0,59.45,1786249458.8111303,collect_g0,collect_records
0,43.0,3799.0,15360.0,76.0,64.04,1786249463.8526382,collect_g0,collect_records
0,48.0,3799.0,15360.0,76.0,70.17,1786249468.8945217,collect_g0,collect_records
0,48.0,3799.0,15360.0,76.0,66.9,1786249473.937894,collect_g0,collect_records
0,52.0,3799.0,15360.0,76.0,63.34,1786249478.9811215,collect_g0,collect_records
0,43.0,3809.0,15360.0,76.0,57.86,1786249484.0218472,collect_g0,collect_records
0,45.0,3819.0,15360.0,76.0,63.03,1786249489.0685804,collect_g0,collect_records
0,45.0,3833.0,15360.0,76.0,61.09,1786249494.1128056,collect_g0,collect_records
0,51.0,3839.0,15360.0,76.0,64.51,1786249499.160625,collect_g0,collect_records
0,45.0,3853.0,15360.0,76.0,61.32,1786249504.2067342,collect_g0,collect_records
0,48.0,3853.0,15360.0,76.0,65.19,1786249509.250448,collect_g0,collect_records
0,50.0,3857.0,15360.0,76.0,61.48,1786249514.2932422,collect_g0,collect_records
0,46.0,3857.0,15360.0,76.0,62.64,1786249519.3357906,collect_g0,collect_records
0,45.0,3857.0,15360.0,75.0,65.85,1786249524.3781502,collect_g0,collect_records
0,43.0,3857.0,15360.0,75.0,57.56,1786249529.4268053,collect_g0,collect_records
0,37.0,3857.0,15360.0,75.0,55.28,1786249534.4711952,collect_g0,collect_records
0,43.0,3867.0,15360.0,74.0,55.31,1786249539.515733,collect_g0,collect_records
0,39.0,3869.0,15360.0,74.0,55.93,1786249544.5563035,collect_g0,collect_records
0,32.0,3869.0,15360.0,73.0,51.59,1786249549.6019437,collect_g0,collect_records
0,27.0,3875.0,15360.0,73.0,50.51,1786249554.6437404,collect_g0,collect_records
0,36.0,3887.0,15360.0,73.0,53.06,1786249559.6874974,collect_g0,collect_records
0,36.0,3887.0,15360.0,73.0,52.7,1786249564.7293894,collect_g0,collect_records
0,38.0,3887.0,15360.0,73.0,54.76,1786249569.7711473,collect_g0,collect_records
0,42.0,3887.0,15360.0,73.0,61.74,1786249574.8141992,collect_g0,collect_records
0,37.0,3887.0,15360.0,73.0,58.09,1786249579.8565106,collect_g0,collect_records
0,42.0,3901.0,15360.0,73.0,51.98,1786249584.8980615,collect_g0,collect_records
0,41.0,3903.0,15360.0,73.0,58.77,1786249589.9386365,collect_g0,collect_records
0,40.0,3903.0,15360.0,72.0,54.07,1786249594.9817884,collect_g0,collect_records
0,38.0,3903.0,15360.0,72.0,53.91,1786249600.0252914,collect_g0,collect_records
0,44.0,3903.0,15360.0,72.0,58.21,1786249605.0714025,collect_g0,collect_records
0,44.0,3903.0,15360.0,72.0,62.81,1786249610.1169462,collect_g0,collect_records
0,51.0,3903.0,15360.0,72.0,58.05,1786249615.1617339,collect_g0,collect_records
0,45.0,3905.0,15360.0,72.0,59.57,1786249620.2078123,collect_g0,collect_records
0,43.0,3905.0,15360.0,72.0,60.84,1786249625.2553535,collect_g0,collect_records
0,42.0,2941.0,15360.0,71.0,56.69,1786249630.2992904,collect_g0,collect_records
0,34.0,3013.0,15360.0,72.0,57.4,1786249635.340362,collect_g0,collect_records
0,39.0,3191.0,15360.0,71.0,56.19,1786249640.382536,collect_g0,collect_records
0,45.0,3195.0,15360.0,72.0,56.81,1786249645.4256353,collect_g0,collect_records
0,37.0,3201.0,15360.0,71.0,53.74,1786249650.4693549,collect_g0,collect_records
0,44.0,3211.0,15360.0,71.0,57.07,1786249655.5143347,collect_g0,collect_records
0,47.0,3231.0,15360.0,72.0,62.93,1786249660.5579627,collect_g0,collect_records
0,43.0,3259.0,15360.0,72.0,59.64,1786249665.60132,collect_g0,collect_records
0,36.0,3359.0,15360.0,72.0,58.32,1786249670.645849,collect_g0,collect_records
0,41.0,3363.0,15360.0,72.0,55.31,1786249675.6868644,collect_g0,collect_records
0,43.0,3367.0,15360.0,72.0,54.2,1786249680.733024,collect_g0,collect_records
0,36.0,3367.0,15360.0,72.0,51.29,1786249685.7783363,collect_g0,collect_records
0,45.0,3369.0,15360.0,73.0,62.38,1786249690.822815,collect_g0,collect_records
0,36.0,3377.0,15360.0,71.0,49.39,1786249695.8661683,collect_g0,collect_records
0,40.0,3377.0,15360.0,72.0,52.44,1786249700.90922,collect_g0,collect_records
0,40.0,3379.0,15360.0,72.0,57.98,1786249705.9516644,collect_g0,collect_records
0,42.0,3381.0,15360.0,71.0,55.02,1786249710.9960148,collect_g0,collect_records
0,48.0,3381.0,15360.0,72.0,64.96,1786249716.0374632,collect_g0,collect_records
0,44.0,3381.0,15360.0,72.0,57.52,1786249721.0788093,collect_g0,collect_records
0,48.0,3381.0,15360.0,73.0,63.44,1786249726.1174698,collect_g0,collect_records
0,41.0,3381.0,15360.0,74.0,52.99,1786249731.1607797,collect_g0,collect_records
0,44.0,3381.0,15360.0,75.0,64.57,1786249736.201878,collect_g0,collect_records
0,44.0,3381.0,15360.0,77.0,60.52,1786249741.24376,collect_g0,collect_records
0,41.0,3389.0,15360.0,78.0,59.65,1786249746.2828906,collect_g0,collect_records
0,42.0,3401.0,15360.0,79.0,61.44,1786249751.326331,collect_g0,collect_records
0,46.0,3401.0,15360.0,81.0,65.49,1786249756.3662057,collect_g0,collect_records
0,45.0,3401.0,15360.0,82.0,68.31,1786249761.4085445,collect_g0,collect_records
0,45.0,3401.0,15360.0,82.0,65.67,1786249766.4486349,collect_g0,collect_records
0,45.0,3401.0,15360.0,80.0,61.64,1786249771.4922152,collect_g0,collect_records
0,45.0,3401.0,15360.0,79.0,63.97,1786249776.534202,collect_g0,collect_records
0,40.0,3401.0,15360.0,77.0,57.72,1786249781.5772185,collect_g0,collect_records
0,38.0,3401.0,15360.0,76.0,63.56,1786249786.6173265,collect_g0,collect_records
0,47.0,3405.0,15360.0,75.0,60.62,1786249791.6574967,collect_g0,collect_records
0,51.0,3425.0,15360.0,75.0,63.34,1786249796.6984718,collect_g0,collect_records
0,49.0,3425.0,15360.0,75.0,66.84,1786249801.7397075,collect_g0,collect_records
0,42.0,3425.0,15360.0,74.0,61.7,1786249806.7808897,collect_g0,collect_records
0,45.0,3425.0,15360.0,75.0,65.75,1786249811.821664,collect_g0,collect_records
0,52.0,3505.0,15360.0,76.0,66.81,1786249816.866368,collect_g0,collect_records
0,51.0,3505.0,15360.0,76.0,69.48,1786249821.9055448,collect_g0,collect_records
0,52.0,3505.0,15360.0,77.0,64.68,1786249826.9452786,collect_g0,collect_records
0,45.0,3505.0,15360.0,77.0,65.37,1786249831.9851193,collect_g0,collect_records
0,48.0,3505.0,15360.0,78.0,67.04,1786249837.0287757,collect_g0,collect_records
0,48.0,3505.0,15360.0,78.0,65.11,1786249842.0672667,collect_g0,collect_records
0,48.0,3505.0,15360.0,78.0,68.12,1786249847.106872,collect_g0,collect_records
0,46.0,3505.0,15360.0,78.0,63.97,1786249852.1457524,collect_g0,collect_records
0,54.0,3605.0,15360.0,78.0,63.65,1786249857.1878455,collect_g0,collect_records
0,53.0,3605.0,15360.0,78.0,58.41,1786249862.2318735,collect_g0,collect_records
0,54.0,3645.0,15360.0,78.0,69.34,1786249867.2759593,collect_g0,collect_records
0,51.0,3705.0,15360.0,77.0,68.26,1786249872.3149028,collect_g0,collect_records
0,50.0,3705.0,15360.0,77.0,64.81,1786249877.3557956,collect_g0,collect_records
0,49.0,3845.0,15360.0,77.0,68.75,1786249882.394713,collect_g0,collect_records
0,51.0,3845.0,15360.0,76.0,71.44,1786249887.4363737,collect_g0,collect_records
0,47.0,3845.0,15360.0,76.0,62.42,1786249892.4801412,collect_g0,collect_records
0,39.0,3845.0,15360.0,75.0,62.1,1786249897.5192149,collect_g0,collect_records
0,48.0,3845.0,15360.0,76.0,65.82,1786249902.5611823,collect_g0,collect_records
0,45.0,3845.0,15360.0,75.0,58.15,1786249907.601529,collect_g0,collect_records
0,45.0,3847.0,15360.0,76.0,62.59,1786249912.6436687,collect_g0,collect_records
0,52.0,3847.0,15360.0,77.0,65.98,1786249917.6833224,collect_g0,collect_records
0,44.0,3847.0,15360.0,77.0,60.62,1786249922.7226298,collect_g0,collect_records
0,45.0,3847.0,15360.0,77.0,60.31,1786249927.7630801,collect_g0,collect_records
0,48.0,3847.0,15360.0,78.0,62.07,1786249932.805186,collect_g0,collect_records
0,43.0,3847.0,15360.0,78.0,59.83,1786249937.849133,collect_g0,collect_records
0,40.0,3847.0,15360.0,78.0,62.81,1786249942.8885205,collect_g0,collect_records
0,48.0,3847.0,15360.0,78.0,66.94,1786249947.9321167,collect_g0,collect_records
0,48.0,3847.0,15360.0,78.0,61.5,1786249952.9752276,collect_g0,collect_records
0,44.0,3847.0,15360.0,78.0,63.85,1786249958.0146778,collect_g0,collect_records
0,46.0,3847.0,15360.0,77.0,62.5,1786249963.0538745,collect_g0,collect_records
0,49.0,3847.0,15360.0,77.0,65.02,1786249968.0937028,collect_g0,collect_records
0,49.0,3847.0,15360.0,77.0,64.28,1786249973.135371,collect_g0,collect_records
0,48.0,3847.0,15360.0,77.0,61.34,1786249978.178631,collect_g0,collect_records
0,54.0,3847.0,15360.0,77.0,69.49,1786249983.2177002,collect_g0,collect_records
0,48.0,3847.0,15360.0,76.0,63.81,1786249988.2596118,collect_g0,collect_records
0,41.0,3847.0,15360.0,76.0,59.33,1786249993.300923,collect_g0,collect_records
0,48.0,3847.0,15360.0,75.0,41.85,1786249997.777041,collect_g0,collect_records
1,2.0,3067.0,15360.0,44.0,27.23,1786247526.151609,collect_g1,collect_records
1,33.0,3913.0,15360.0,49.0,49.24,1786247531.2061875,collect_g1,collect_records
1,36.0,3959.0,15360.0,50.0,45.38,1786247536.2587748,collect_g1,collect_records
1,42.0,3935.0,15360.0,52.0,47.64,1786247541.3137238,collect_g1,collect_records
1,33.0,4117.0,15360.0,54.0,46.47,1786247546.366052,collect_g1,collect_records
1,37.0,4329.0,15360.0,55.0,56.12,1786247551.4152415,collect_g1,collect_records
1,35.0,4353.0,15360.0,57.0,47.11,1786247556.466086,collect_g1,collect_records
1,39.0,4439.0,15360.0,59.0,55.6,1786247561.5158894,collect_g1,collect_records
1,37.0,4239.0,15360.0,60.0,54.79,1786247566.567868,collect_g1,collect_records
1,42.0,4323.0,15360.0,61.0,56.58,1786247571.6195357,collect_g1,collect_records
1,39.0,4351.0,15360.0,62.0,56.41,1786247576.6726484,collect_g1,collect_records
1,41.0,4355.0,15360.0,64.0,51.75,1786247581.7221212,collect_g1,collect_records
1,37.0,4357.0,15360.0,65.0,48.62,1786247586.7716181,collect_g1,collect_records
1,35.0,4359.0,15360.0,66.0,53.45,1786247591.818016,collect_g1,collect_records
1,38.0,4183.0,15360.0,67.0,50.97,1786247596.8648198,collect_g1,collect_records
1,36.0,4415.0,15360.0,68.0,52.24,1786247601.9081068,collect_g1,collect_records
1,37.0,4443.0,15360.0,70.0,56.65,1786247606.9553812,collect_g1,collect_records
1,40.0,4453.0,15360.0,71.0,56.74,1786247612.001318,collect_g1,collect_records
1,36.0,4459.0,15360.0,72.0,56.19,1786247617.0471935,collect_g1,collect_records
1,38.0,4459.0,15360.0,74.0,54.62,1786247622.0915065,collect_g1,collect_records
1,41.0,4463.0,15360.0,75.0,60.06,1786247627.1363602,collect_g1,collect_records
1,44.0,4483.0,15360.0,77.0,57.19,1786247632.184793,collect_g1,collect_records
1,41.0,4543.0,15360.0,78.0,69.15,1786247637.2289398,collect_g1,collect_records
1,43.0,4543.0,15360.0,80.0,66.42,1786247642.2728379,collect_g1,collect_records
1,42.0,4413.0,15360.0,81.0,59.08,1786247647.3186617,collect_g1,collect_records
1,42.0,4443.0,15360.0,83.0,60.92,1786247652.3608956,collect_g1,collect_records
1,40.0,4469.0,15360.0,82.0,63.91,1786247657.4061747,collect_g1,collect_records
1,37.0,4469.0,15360.0,80.0,63.54,1786247662.4547436,collect_g1,collect_records
1,43.0,4569.0,15360.0,78.0,60.53,1786247667.5036943,collect_g1,collect_records
1,35.0,4589.0,15360.0,77.0,57.07,1786247672.548389,collect_g1,collect_records
1,36.0,4605.0,15360.0,75.0,57.97,1786247677.5987883,collect_g1,collect_records
1,37.0,4631.0,15360.0,74.0,52.18,1786247682.6457863,collect_g1,collect_records
1,38.0,4651.0,15360.0,74.0,55.57,1786247687.6912441,collect_g1,collect_records
1,42.0,4651.0,15360.0,74.0,68.95,1786247692.7356467,collect_g1,collect_records
1,39.0,4771.0,15360.0,75.0,62.23,1786247697.7800248,collect_g1,collect_records
1,34.0,3961.0,15360.0,74.0,52.99,1786247702.8252802,collect_g1,collect_records
1,29.0,3925.0,15360.0,75.0,64.85,1786247707.8903456,collect_g1,collect_records
1,38.0,3923.0,15360.0,75.0,57.65,1786247712.941883,collect_g1,collect_records
1,31.0,4171.0,15360.0,76.0,50.87,1786247717.9952445,collect_g1,collect_records
1,44.0,4253.0,15360.0,79.0,58.8,1786247723.0476086,collect_g1,collect_records
1,29.0,4111.0,15360.0,80.0,60.38,1786247728.0972712,collect_g1,collect_records
1,39.0,4175.0,15360.0,82.0,61.06,1786247733.145726,collect_g1,collect_records
1,32.0,4137.0,15360.0,82.0,55.6,1786247738.19669,collect_g1,collect_records
1,41.0,3945.0,15360.0,79.0,52.51,1786247743.2503095,collect_g1,collect_records
1,37.0,4177.0,15360.0,78.0,58.91,1786247748.305246,collect_g1,collect_records
1,44.0,4307.0,15360.0,77.0,59.02,1786247753.355366,collect_g1,collect_records
1,42.0,4307.0,15360.0,75.0,58.01,1786247758.407989,collect_g1,collect_records
1,41.0,4317.0,15360.0,75.0,56.74,1786247763.466399,collect_g1,collect_records
1,42.0,4319.0,15360.0,75.0,59.42,1786247768.517939,collect_g1,collect_records
1,41.0,3933.0,15360.0,75.0,59.83,1786247773.5714471,collect_g1,collect_records
1,36.0,4029.0,15360.0,75.0,59.23,1786247778.6202953,collect_g1,collect_records
1,41.0,4271.0,15360.0,76.0,60.65,1786247783.6704464,collect_g1,collect_records
1,40.0,3933.0,15360.0,76.0,63.42,1786247788.7221453,collect_g1,collect_records
1,30.0,4071.0,15360.0,76.0,53.94,1786247793.7697077,collect_g1,collect_records
1,43.0,4157.0,15360.0,77.0,66.02,1786247798.820037,collect_g1,collect_records
1,43.0,4289.0,15360.0,78.0,68.11,1786247803.867207,collect_g1,collect_records
1,43.0,4305.0,15360.0,78.0,61.76,1786247808.914459,collect_g1,collect_records
1,41.0,4325.0,15360.0,78.0,58.96,1786247813.961262,collect_g1,collect_records
1,37.0,4327.0,15360.0,78.0,58.34,1786247819.0046854,collect_g1,collect_records
1,42.0,4331.0,15360.0,78.0,62.17,1786247824.0505066,collect_g1,collect_records
1,37.0,4333.0,15360.0,77.0,60.82,1786247829.0935345,collect_g1,collect_records
1,34.0,4333.0,15360.0,77.0,55.37,1786247834.139908,collect_g1,collect_records
1,41.0,4333.0,15360.0,77.0,58.57,1786247839.1852176,collect_g1,collect_records
1,35.0,4341.0,15360.0,77.0,59.73,1786247844.2271454,collect_g1,collect_records
1,42.0,4341.0,15360.0,77.0,59.45,1786247849.2678957,collect_g1,collect_records
1,37.0,4341.0,15360.0,77.0,63.38,1786247854.3135343,collect_g1,collect_records
1,40.0,4341.0,15360.0,76.0,58.04,1786247859.3577762,collect_g1,collect_records
1,35.0,4353.0,15360.0,76.0,55.34,1786247864.4016216,collect_g1,collect_records
1,40.0,4473.0,15360.0,77.0,61.76,1786247869.450589,collect_g1,collect_records
1,35.0,4473.0,15360.0,76.0,53.35,1786247874.4945326,collect_g1,collect_records
1,35.0,4473.0,15360.0,76.0,56.03,1786247879.5406897,collect_g1,collect_records
1,45.0,4473.0,15360.0,77.0,64.53,1786247884.5843744,collect_g1,collect_records
1,39.0,4473.0,15360.0,77.0,59.24,1786247889.6299577,collect_g1,collect_records
1,34.0,4473.0,15360.0,77.0,52.54,1786247894.6754692,collect_g1,collect_records
1,40.0,4479.0,15360.0,77.0,54.95,1786247899.7221797,collect_g1,collect_records
1,43.0,4479.0,15360.0,78.0,61.72,1786247904.770192,collect_g1,collect_records
1,40.0,4479.0,15360.0,78.0,60.3,1786247909.812356,collect_g1,collect_records
1,37.0,4479.0,15360.0,78.0,63.18,1786247914.8565276,collect_g1,collect_records
1,36.0,4479.0,15360.0,77.0,55.83,1786247919.8997688,collect_g1,collect_records
1,44.0,4479.0,15360.0,77.0,64.26,1786247924.9424653,collect_g1,collect_records
1,35.0,4479.0,15360.0,77.0,58.28,1786247929.9883995,collect_g1,collect_records
1,42.0,4479.0,15360.0,77.0,56.22,1786247935.031745,collect_g1,collect_records
1,43.0,4479.0,15360.0,77.0,63.77,1786247940.0760489,collect_g1,collect_records
1,42.0,4479.0,15360.0,76.0,58.34,1786247945.1209016,collect_g1,collect_records
1,36.0,4479.0,15360.0,76.0,61.1,1786247950.168001,collect_g1,collect_records
1,37.0,4483.0,15360.0,75.0,46.75,1786247955.2131534,collect_g1,collect_records
1,41.0,4483.0,15360.0,76.0,61.56,1786247960.255238,collect_g1,collect_records
1,38.0,4483.0,15360.0,76.0,60.27,1786247965.299815,collect_g1,collect_records
1,41.0,4483.0,15360.0,77.0,58.67,1786247970.344072,collect_g1,collect_records
1,37.0,4483.0,15360.0,77.0,60.1,1786247975.3887513,collect_g1,collect_records
1,45.0,4483.0,15360.0,78.0,64.4,1786247980.4332652,collect_g1,collect_records
1,44.0,4483.0,15360.0,78.0,60.39,1786247985.480047,collect_g1,collect_records
1,42.0,4483.0,15360.0,79.0,63.03,1786247990.523771,collect_g1,collect_records
1,38.0,4115.0,15360.0,78.0,58.37,1786247995.5686817,collect_g1,collect_records
1,43.0,4197.0,15360.0,79.0,68.37,1786248000.6116984,collect_g1,collect_records
1,38.0,4283.0,15360.0,78.0,52.57,1786248005.6543038,collect_g1,collect_records
1,40.0,4291.0,15360.0,77.0,56.94,1786248010.6988387,collect_g1,collect_records
1,38.0,4293.0,15360.0,77.0,60.0,1786248015.7406733,collect_g1,collect_records
1,35.0,4299.0,15360.0,77.0,55.54,1786248020.7916732,collect_g1,collect_records
1,41.0,4299.0,15360.0,77.0,59.9,1786248025.8357415,collect_g1,collect_records
1,40.0,4301.0,15360.0,77.0,62.01,1786248030.8784645,collect_g1,collect_records
1,40.0,4301.0,15360.0,76.0,59.9,1786248035.9218535,collect_g1,collect_records
1,40.0,4301.0,15360.0,76.0,57.94,1786248040.9633155,collect_g1,collect_records
1,39.0,4301.0,15360.0,76.0,58.5,1786248046.0059974,collect_g1,collect_records
1,41.0,4301.0,15360.0,77.0,59.73,1786248051.0492952,collect_g1,collect_records
1,41.0,4301.0,15360.0,77.0,57.75,1786248056.0932415,collect_g1,collect_records
1,41.0,4301.0,15360.0,77.0,61.43,1786248061.1367452,collect_g1,collect_records
1,43.0,4301.0,15360.0,77.0,60.97,1786248066.1790116,collect_g1,collect_records
1,42.0,4301.0,15360.0,77.0,61.03,1786248071.2210011,collect_g1,collect_records
1,41.0,4301.0,15360.0,78.0,64.59,1786248076.265833,collect_g1,collect_records
1,41.0,4301.0,15360.0,78.0,59.18,1786248081.311796,collect_g1,collect_records
1,37.0,4301.0,15360.0,77.0,61.93,1786248086.3549273,collect_g1,collect_records
1,40.0,4301.0,15360.0,77.0,62.25,1786248091.402725,collect_g1,collect_records
1,43.0,4303.0,15360.0,77.0,63.56,1786248096.444616,collect_g1,collect_records
1,39.0,4303.0,15360.0,77.0,61.79,1786248101.4919555,collect_g1,collect_records
1,45.0,4303.0,15360.0,77.0,68.26,1786248106.5358107,collect_g1,collect_records
1,46.0,4303.0,15360.0,76.0,65.43,1786248111.5807426,collect_g1,collect_records
1,41.0,4303.0,15360.0,77.0,65.96,1786248116.6287708,collect_g1,collect_records
1,39.0,4305.0,15360.0,77.0,65.04,1786248121.6717634,collect_g1,collect_records
1,47.0,4305.0,15360.0,77.0,64.47,1786248126.720011,collect_g1,collect_records
1,43.0,4307.0,15360.0,76.0,58.11,1786248131.7636569,collect_g1,collect_records
1,45.0,4307.0,15360.0,77.0,54.26,1786248136.8068917,collect_g1,collect_records
1,41.0,4307.0,15360.0,77.0,62.38,1786248141.8537734,collect_g1,collect_records
1,41.0,4307.0,15360.0,77.0,62.46,1786248146.898495,collect_g1,collect_records
1,40.0,4307.0,15360.0,77.0,63.5,1786248151.951211,collect_g1,collect_records
1,41.0,4307.0,15360.0,77.0,64.26,1786248157.00499,collect_g1,collect_records
1,45.0,4307.0,15360.0,77.0,64.86,1786248162.0470378,collect_g1,collect_records
1,41.0,4307.0,15360.0,77.0,62.6,1786248167.0889251,collect_g1,collect_records
1,38.0,4307.0,15360.0,77.0,63.95,1786248172.1310077,collect_g1,collect_records
1,42.0,4307.0,15360.0,77.0,59.9,1786248177.1762416,collect_g1,collect_records
1,49.0,3921.0,15360.0,78.0,63.3,1786248182.2225802,collect_g1,collect_records
1,40.0,4185.0,15360.0,78.0,66.31,1786248187.2661529,collect_g1,collect_records
1,44.0,4257.0,15360.0,77.0,59.4,1786248192.3111057,collect_g1,collect_records
1,43.0,4273.0,15360.0,77.0,57.99,1786248197.353205,collect_g1,collect_records
1,41.0,3923.0,15360.0,77.0,59.68,1786248202.3954499,collect_g1,collect_records
1,45.0,3963.0,15360.0,77.0,65.76,1786248207.4405048,collect_g1,collect_records
1,37.0,3921.0,15360.0,76.0,62.42,1786248212.4844773,collect_g1,collect_records
1,45.0,3965.0,15360.0,76.0,58.47,1786248217.5274303,collect_g1,collect_records
1,35.0,3941.0,15360.0,76.0,67.34,1786248222.5706959,collect_g1,collect_records
1,39.0,3931.0,15360.0,76.0,61.05,1786248227.6178327,collect_g1,collect_records
1,38.0,3969.0,15360.0,75.0,53.61,1786248232.6608784,collect_g1,collect_records
1,38.0,4055.0,15360.0,77.0,60.62,1786248237.704808,collect_g1,collect_records
1,39.0,4279.0,15360.0,77.0,62.21,1786248242.748523,collect_g1,collect_records
1,36.0,3967.0,15360.0,77.0,55.83,1786248247.7918584,collect_g1,collect_records
1,37.0,4203.0,15360.0,78.0,59.51,1786248252.835892,collect_g1,collect_records
1,38.0,4281.0,15360.0,78.0,65.74,1786248257.888666,collect_g1,collect_records
1,33.0,4295.0,15360.0,77.0,49.3,1786248262.931008,collect_g1,collect_records
1,35.0,4311.0,15360.0,78.0,54.46,1786248267.9722428,collect_g1,collect_records
1,44.0,3953.0,15360.0,78.0,67.09,1786248273.0149686,collect_g1,collect_records
1,35.0,4069.0,15360.0,78.0,60.62,1786248278.0636697,collect_g1,collect_records
1,36.0,4187.0,15360.0,76.0,51.94,1786248283.105633,collect_g1,collect_records
1,34.0,4275.0,15360.0,76.0,62.21,1786248288.1493504,collect_g1,collect_records
1,37.0,4291.0,15360.0,76.0,62.87,1786248293.1917787,collect_g1,collect_records
1,33.0,4299.0,15360.0,76.0,59.29,1786248298.2356935,collect_g1,collect_records
1,43.0,4305.0,15360.0,77.0,61.56,1786248303.2779598,collect_g1,collect_records
1,42.0,4305.0,15360.0,77.0,59.39,1786248308.3236735,collect_g1,collect_records
1,42.0,4307.0,15360.0,77.0,58.38,1786248313.3677642,collect_g1,collect_records
1,44.0,4309.0,15360.0,77.0,62.62,1786248318.412462,collect_g1,collect_records
1,43.0,4309.0,15360.0,78.0,65.92,1786248323.4560976,collect_g1,collect_records
1,40.0,4309.0,15360.0,77.0,58.25,1786248328.5041044,collect_g1,collect_records
1,38.0,4309.0,15360.0,77.0,56.84,1786248333.5525167,collect_g1,collect_records
1,46.0,4309.0,15360.0,77.0,64.51,1786248338.5965307,collect_g1,collect_records
1,41.0,3933.0,15360.0,78.0,60.84,1786248343.6417985,collect_g1,collect_records
1,36.0,4077.0,15360.0,77.0,63.52,1786248348.6858308,collect_g1,collect_records
1,46.0,4253.0,15360.0,78.0,66.76,1786248353.7308295,collect_g1,collect_records
1,43.0,4279.0,15360.0,77.0,65.1,1786248358.7769754,collect_g1,collect_records
1,44.0,4293.0,15360.0,77.0,62.59,1786248363.8243153,collect_g1,collect_records
1,38.0,4299.0,15360.0,76.0,65.68,1786248368.870659,collect_g1,collect_records
1,38.0,4299.0,15360.0,76.0,55.28,1786248373.9156027,collect_g1,collect_records
1,42.0,4301.0,15360.0,77.0,63.05,1786248378.963665,collect_g1,collect_records
1,35.0,4301.0,15360.0,77.0,56.61,1786248384.0111468,collect_g1,collect_records
1,38.0,4305.0,15360.0,77.0,56.06,1786248389.0617805,collect_g1,collect_records
1,38.0,4311.0,15360.0,77.0,60.46,1786248394.1108384,collect_g1,collect_records
1,41.0,4351.0,15360.0,77.0,61.94,1786248399.158754,collect_g1,collect_records
1,33.0,4351.0,15360.0,77.0,54.46,1786248404.2049255,collect_g1,collect_records
1,48.0,4351.0,15360.0,77.0,66.64,1786248409.254108,collect_g1,collect_records
1,41.0,4351.0,15360.0,77.0,61.6,1786248414.3073397,collect_g1,collect_records
1,49.0,4351.0,15360.0,78.0,60.92,1786248419.3573422,collect_g1,collect_records
1,38.0,4139.0,15360.0,77.0,60.33,1786248424.4080215,collect_g1,collect_records
1,36.0,4235.0,15360.0,77.0,58.05,1786248429.4547524,collect_g1,collect_records
1,39.0,4269.0,15360.0,77.0,56.74,1786248434.4971583,collect_g1,collect_records
1,38.0,4283.0,15360.0,76.0,61.33,1786248439.5403159,collect_g1,collect_records
1,40.0,4295.0,15360.0,76.0,63.52,1786248444.5888908,collect_g1,collect_records
1,41.0,4297.0,15360.0,76.0,58.51,1786248449.634503,collect_g1,collect_records
1,36.0,4297.0,15360.0,76.0,57.66,1786248454.6920009,collect_g1,collect_records
1,41.0,4299.0,15360.0,76.0,63.42,1786248459.7417345,collect_g1,collect_records
1,42.0,4309.0,15360.0,76.0,55.21,1786248464.7888856,collect_g1,collect_records
1,39.0,4309.0,15360.0,77.0,58.96,1786248469.8362768,collect_g1,collect_records
1,35.0,4311.0,15360.0,77.0,59.64,1786248474.881247,collect_g1,collect_records
1,38.0,4311.0,15360.0,77.0,57.86,1786248479.9321678,collect_g1,collect_records
1,43.0,4311.0,15360.0,78.0,65.45,1786248484.977091,collect_g1,collect_records
1,36.0,4311.0,15360.0,78.0,60.52,1786248490.0199168,collect_g1,collect_records
1,41.0,4311.0,15360.0,78.0,57.72,1786248495.0644038,collect_g1,collect_records
1,43.0,4311.0,15360.0,78.0,64.24,1786248500.1098025,collect_g1,collect_records
1,41.0,4313.0,15360.0,78.0,67.78,1786248505.153434,collect_g1,collect_records
1,43.0,4313.0,15360.0,77.0,65.41,1786248510.1970003,collect_g1,collect_records
1,43.0,4413.0,15360.0,77.0,61.46,1786248515.2404842,collect_g1,collect_records
1,35.0,4415.0,15360.0,76.0,63.73,1786248520.2847729,collect_g1,collect_records
1,45.0,4415.0,15360.0,76.0,62.81,1786248525.3334932,collect_g1,collect_records
1,44.0,4415.0,15360.0,76.0,60.46,1786248530.379419,collect_g1,collect_records
1,39.0,4415.0,15360.0,76.0,61.44,1786248535.4288175,collect_g1,collect_records
1,42.0,4415.0,15360.0,76.0,68.11,1786248540.4720309,collect_g1,collect_records
1,41.0,4415.0,15360.0,76.0,60.17,1786248545.5174475,collect_g1,collect_records
1,38.0,4415.0,15360.0,76.0,59.41,1786248550.5691545,collect_g1,collect_records
1,51.0,4415.0,15360.0,77.0,69.14,1786248555.6130273,collect_g1,collect_records
1,45.0,4455.0,15360.0,77.0,56.81,1786248560.6558526,collect_g1,collect_records
1,42.0,4455.0,15360.0,77.0,62.87,1786248565.7032356,collect_g1,collect_records
1,48.0,4455.0,15360.0,78.0,68.56,1786248570.7464898,collect_g1,collect_records
1,46.0,4455.0,15360.0,78.0,67.91,1786248575.7941844,collect_g1,collect_records
1,36.0,4455.0,15360.0,78.0,62.89,1786248580.8458161,collect_g1,collect_records
1,40.0,4455.0,15360.0,77.0,65.22,1786248585.8988175,collect_g1,collect_records
1,42.0,4495.0,15360.0,77.0,56.42,1786248590.9513013,collect_g1,collect_records
1,44.0,4495.0,15360.0,77.0,63.07,1786248596.0037158,collect_g1,collect_records
1,42.0,4495.0,15360.0,77.0,62.27,1786248601.0559623,collect_g1,collect_records
1,42.0,4495.0,15360.0,77.0,59.84,1786248606.1050072,collect_g1,collect_records
1,42.0,4495.0,15360.0,76.0,63.11,1786248611.1576574,collect_g1,collect_records
1,41.0,4495.0,15360.0,76.0,62.74,1786248616.208934,collect_g1,collect_records
1,36.0,4495.0,15360.0,76.0,59.06,1786248621.2605135,collect_g1,collect_records
1,39.0,4495.0,15360.0,76.0,62.85,1786248626.3071253,collect_g1,collect_records
1,44.0,4495.0,15360.0,77.0,56.51,1786248631.3549066,collect_g1,collect_records
1,39.0,4495.0,15360.0,77.0,65.1,1786248636.4035068,collect_g1,collect_records
1,43.0,4495.0,15360.0,77.0,63.89,1786248641.449639,collect_g1,collect_records
1,43.0,4495.0,15360.0,78.0,65.76,1786248646.4987593,collect_g1,collect_records
1,39.0,4495.0,15360.0,77.0,60.56,1786248651.5454993,collect_g1,collect_records
1,34.0,4497.0,15360.0,77.0,60.94,1786248656.5912094,collect_g1,collect_records
1,42.0,4497.0,15360.0,78.0,59.09,1786248661.6388948,collect_g1,collect_records
1,39.0,4497.0,15360.0,77.0,58.92,1786248666.6837406,collect_g1,collect_records
1,46.0,4497.0,15360.0,77.0,66.55,1786248671.7339137,collect_g1,collect_records
1,41.0,4497.0,15360.0,77.0,60.03,1786248676.7790544,collect_g1,collect_records
1,38.0,4497.0,15360.0,77.0,61.1,1786248681.8236709,collect_g1,collect_records
1,39.0,4497.0,15360.0,77.0,57.82,1786248686.8674288,collect_g1,collect_records
1,42.0,4497.0,15360.0,77.0,64.22,1786248691.9098525,collect_g1,collect_records
1,39.0,4497.0,15360.0,77.0,58.2,1786248696.9546146,collect_g1,collect_records
1,44.0,4497.0,15360.0,77.0,66.74,1786248701.9997404,collect_g1,collect_records
1,48.0,4497.0,15360.0,77.0,65.67,1786248707.0441556,collect_g1,collect_records
1,36.0,4007.0,15360.0,77.0,57.33,1786248712.0891588,collect_g1,collect_records
1,44.0,3933.0,15360.0,77.0,59.61,1786248717.1321125,collect_g1,collect_records
1,37.0,3981.0,15360.0,76.0,64.69,1786248722.1798966,collect_g1,collect_records
1,39.0,4059.0,15360.0,76.0,61.37,1786248727.2253976,collect_g1,collect_records
1,38.0,4133.0,15360.0,76.0,56.42,1786248732.2709131,collect_g1,collect_records
1,35.0,4181.0,15360.0,77.0,60.12,1786248737.3156903,collect_g1,collect_records
1,34.0,4257.0,15360.0,77.0,59.48,1786248742.359995,collect_g1,collect_records
1,40.0,3963.0,15360.0,76.0,47.88,1786248747.4066715,collect_g1,collect_records
1,37.0,4057.0,15360.0,77.0,57.79,1786248752.4499547,collect_g1,collect_records
1,41.0,4101.0,15360.0,77.0,62.03,1786248757.494504,collect_g1,collect_records
1,46.0,4243.0,15360.0,78.0,66.0,1786248762.5399113,collect_g1,collect_records
1,32.0,4071.0,15360.0,78.0,56.03,1786248767.5836115,collect_g1,collect_records
1,36.0,3943.0,15360.0,78.0,60.07,1786248772.6303637,collect_g1,collect_records
1,38.0,4081.0,15360.0,78.0,56.32,1786248777.6774693,collect_g1,collect_records
1,34.0,4275.0,15360.0,77.0,58.96,1786248782.722622,collect_g1,collect_records
1,39.0,4277.0,15360.0,77.0,57.33,1786248787.7660668,collect_g1,collect_records
1,40.0,4293.0,15360.0,77.0,56.19,1786248792.8096144,collect_g1,collect_records
1,43.0,4297.0,15360.0,77.0,64.85,1786248797.8587954,collect_g1,collect_records
1,41.0,4307.0,15360.0,77.0,60.49,1786248802.9044125,collect_g1,collect_records
1,40.0,4309.0,15360.0,75.0,47.93,1786248807.95813,collect_g1,collect_records
1,42.0,4309.0,15360.0,76.0,57.33,1786248813.000552,collect_g1,collect_records
1,33.0,4321.0,15360.0,76.0,60.03,1786248818.047483,collect_g1,collect_records
1,45.0,4333.0,15360.0,77.0,61.99,1786248823.0938137,collect_g1,collect_records
1,43.0,4337.0,15360.0,78.0,68.14,1786248828.1384656,collect_g1,collect_records
1,35.0,4207.0,15360.0,77.0,59.06,1786248833.1838038,collect_g1,collect_records
1,41.0,4301.0,15360.0,77.0,59.74,1786248838.2301474,collect_g1,collect_records
1,43.0,4311.0,15360.0,78.0,62.28,1786248843.274506,collect_g1,collect_records
1,39.0,4319.0,15360.0,78.0,60.92,1786248848.3191924,collect_g1,collect_records
1,42.0,4329.0,15360.0,77.0,58.9,1786248853.3638282,collect_g1,collect_records
1,35.0,4329.0,15360.0,77.0,54.69,1786248858.4084249,collect_g1,collect_records
1,38.0,4331.0,15360.0,77.0,60.82,1786248863.4517145,collect_g1,collect_records
1,45.0,4331.0,15360.0,77.0,64.22,1786248868.4989543,collect_g1,collect_records
1,33.0,4339.0,15360.0,77.0,54.23,1786248873.5438225,collect_g1,collect_records
1,39.0,4345.0,15360.0,77.0,62.37,1786248878.5898619,collect_g1,collect_records
1,41.0,4345.0,15360.0,77.0,64.1,1786248883.6343946,collect_g1,collect_records
1,43.0,4345.0,15360.0,77.0,55.21,1786248888.6782024,collect_g1,collect_records
1,45.0,4345.0,15360.0,78.0,61.64,1786248893.7254198,collect_g1,collect_records
1,46.0,4345.0,15360.0,77.0,62.71,1786248898.7690787,collect_g1,collect_records
1,37.0,4345.0,15360.0,77.0,60.82,1786248903.8101332,collect_g1,collect_records
1,42.0,4345.0,15360.0,77.0,58.41,1786248908.8569708,collect_g1,collect_records
1,39.0,4345.0,15360.0,77.0,60.67,1786248913.901881,collect_g1,collect_records
1,44.0,4345.0,15360.0,77.0,60.92,1786248918.9477658,collect_g1,collect_records
1,40.0,4345.0,15360.0,77.0,60.25,1786248923.9910097,collect_g1,collect_records
1,40.0,4345.0,15360.0,77.0,62.37,1786248929.034042,collect_g1,collect_records
1,41.0,4345.0,15360.0,76.0,55.41,1786248934.07927,collect_g1,collect_records
1,48.0,4345.0,15360.0,77.0,58.57,1786248939.1217592,collect_g1,collect_records
1,36.0,4345.0,15360.0,76.0,59.91,1786248944.1645076,collect_g1,collect_records
1,40.0,4345.0,15360.0,77.0,63.26,1786248949.2134848,collect_g1,collect_records
1,44.0,4345.0,15360.0,77.0,63.1,1786248954.259197,collect_g1,collect_records
1,43.0,4347.0,15360.0,77.0,61.27,1786248959.3031669,collect_g1,collect_records
1,41.0,4347.0,15360.0,77.0,64.69,1786248964.3487773,collect_g1,collect_records
1,34.0,4347.0,15360.0,77.0,55.34,1786248969.394322,collect_g1,collect_records
1,36.0,4351.0,15360.0,77.0,61.7,1786248974.4414015,collect_g1,collect_records
1,38.0,4353.0,15360.0,76.0,59.29,1786248979.4886112,collect_g1,collect_records
1,37.0,4413.0,15360.0,77.0,62.7,1786248984.5315108,collect_g1,collect_records
1,42.0,4413.0,15360.0,78.0,61.46,1786248989.5806606,collect_g1,collect_records
1,46.0,4413.0,15360.0,78.0,64.94,1786248994.6256475,collect_g1,collect_records
1,45.0,4413.0,15360.0,77.0,57.0,1786248999.671432,collect_g1,collect_records
1,38.0,4413.0,15360.0,77.0,60.99,1786249004.7249198,collect_g1,collect_records
1,38.0,4413.0,15360.0,77.0,62.59,1786249009.775234,collect_g1,collect_records
1,37.0,4413.0,15360.0,77.0,56.51,1786249014.818344,collect_g1,collect_records
1,46.0,4413.0,15360.0,77.0,64.12,1786249019.8633516,collect_g1,collect_records
1,38.0,4413.0,15360.0,77.0,61.17,1786249024.9127007,collect_g1,collect_records
1,42.0,4413.0,15360.0,77.0,62.46,1786249029.9599507,collect_g1,collect_records
1,34.0,4413.0,15360.0,76.0,56.58,1786249035.003671,collect_g1,collect_records
1,35.0,4413.0,15360.0,76.0,59.65,1786249040.0478768,collect_g1,collect_records
1,40.0,4413.0,15360.0,76.0,56.93,1786249045.0896754,collect_g1,collect_records
1,40.0,4413.0,15360.0,76.0,56.09,1786249050.1328323,collect_g1,collect_records
1,38.0,4413.0,15360.0,77.0,63.05,1786249055.1784537,collect_g1,collect_records
1,39.0,4413.0,15360.0,76.0,59.68,1786249060.2217886,collect_g1,collect_records
1,33.0,4413.0,15360.0,76.0,57.27,1786249065.2677405,collect_g1,collect_records
1,38.0,4413.0,15360.0,77.0,58.14,1786249070.310692,collect_g1,collect_records
1,43.0,4413.0,15360.0,77.0,63.2,1786249075.3559759,collect_g1,collect_records
1,43.0,4413.0,15360.0,78.0,61.46,1786249080.3999429,collect_g1,collect_records
1,33.0,4413.0,15360.0,77.0,59.19,1786249085.4447973,collect_g1,collect_records
1,40.0,4413.0,15360.0,77.0,57.69,1786249090.4915774,collect_g1,collect_records
1,42.0,4413.0,15360.0,77.0,60.7,1786249095.5372083,collect_g1,collect_records
1,39.0,4413.0,15360.0,77.0,68.44,1786249100.5829048,collect_g1,collect_records
1,46.0,4413.0,15360.0,78.0,66.94,1786249105.6268284,collect_g1,collect_records
1,42.0,4413.0,15360.0,78.0,63.07,1786249110.6700642,collect_g1,collect_records
1,42.0,4413.0,15360.0,77.0,63.87,1786249115.7143223,collect_g1,collect_records
1,46.0,4413.0,15360.0,78.0,68.03,1786249120.757798,collect_g1,collect_records
1,41.0,4413.0,15360.0,77.0,62.19,1786249125.8003976,collect_g1,collect_records
1,38.0,4413.0,15360.0,77.0,62.6,1786249130.8480995,collect_g1,collect_records
1,41.0,4413.0,15360.0,77.0,64.1,1786249135.8935227,collect_g1,collect_records
1,38.0,4413.0,15360.0,76.0,56.29,1786249140.9356194,collect_g1,collect_records
1,41.0,4413.0,15360.0,76.0,59.61,1786249145.9817462,collect_g1,collect_records
1,35.0,4413.0,15360.0,75.0,55.25,1786249151.0261335,collect_g1,collect_records
1,36.0,4413.0,15360.0,75.0,52.93,1786249156.0724416,collect_g1,collect_records
1,37.0,4413.0,15360.0,76.0,63.65,1786249161.119839,collect_g1,collect_records
1,45.0,4413.0,15360.0,77.0,65.28,1786249166.168416,collect_g1,collect_records
1,36.0,4413.0,15360.0,77.0,59.72,1786249171.2127485,collect_g1,collect_records
1,36.0,4413.0,15360.0,77.0,60.78,1786249176.2641444,collect_g1,collect_records
1,38.0,4413.0,15360.0,77.0,56.78,1786249181.3098924,collect_g1,collect_records
1,37.0,4413.0,15360.0,78.0,56.74,1786249186.3580995,collect_g1,collect_records
1,38.0,4413.0,15360.0,78.0,58.54,1786249191.400963,collect_g1,collect_records
1,36.0,4413.0,15360.0,77.0,58.96,1786249196.4496145,collect_g1,collect_records
1,34.0,4413.0,15360.0,77.0,50.71,1786249201.4937546,collect_g1,collect_records
1,45.0,4413.0,15360.0,77.0,61.07,1786249206.5410144,collect_g1,collect_records
1,28.0,3919.0,15360.0,77.0,60.13,1786249211.5867429,collect_g1,collect_records
1,37.0,3937.0,15360.0,76.0,46.78,1786249216.6315403,collect_g1,collect_records
1,42.0,3937.0,15360.0,76.0,62.28,1786249221.6775017,collect_g1,collect_records
1,39.0,3941.0,15360.0,76.0,57.39,1786249226.720179,collect_g1,collect_records
1,39.0,4175.0,15360.0,76.0,57.59,1786249231.7638702,collect_g1,collect_records
1,36.0,4249.0,15360.0,77.0,60.82,1786249236.8068254,collect_g1,collect_records
1,40.0,3917.0,15360.0,77.0,62.27,1786249241.8505008,collect_g1,collect_records
1,38.0,4029.0,15360.0,77.0,59.09,1786249246.8928025,collect_g1,collect_records
1,34.0,3975.0,15360.0,78.0,56.84,1786249251.9387176,collect_g1,collect_records
1,37.0,4051.0,15360.0,78.0,63.46,1786249256.9824584,collect_g1,collect_records
1,41.0,3953.0,15360.0,79.0,65.29,1786249262.0298672,collect_g1,collect_records
1,38.0,3961.0,15360.0,78.0,58.18,1786249267.0718594,collect_g1,collect_records
1,38.0,4157.0,15360.0,77.0,50.78,1786249272.1142087,collect_g1,collect_records
1,40.0,4277.0,15360.0,77.0,56.46,1786249277.15773,collect_g1,collect_records
1,36.0,4285.0,15360.0,77.0,55.57,1786249282.2000148,collect_g1,collect_records
1,39.0,4295.0,15360.0,77.0,57.27,1786249287.245971,collect_g1,collect_records
1,35.0,4297.0,15360.0,76.0,57.79,1786249292.2927341,collect_g1,collect_records
1,39.0,4301.0,15360.0,76.0,63.52,1786249297.3379922,collect_g1,collect_records
1,42.0,4301.0,15360.0,76.0,66.06,1786249302.3835013,collect_g1,collect_records
1,38.0,4309.0,15360.0,76.0,61.07,1786249307.427226,collect_g1,collect_records
1,39.0,4309.0,15360.0,77.0,58.87,1786249312.4718912,collect_g1,collect_records
1,37.0,4309.0,15360.0,77.0,58.64,1786249317.518832,collect_g1,collect_records
1,38.0,4313.0,15360.0,77.0,61.23,1786249322.5621812,collect_g1,collect_records
1,41.0,4313.0,15360.0,77.0,56.81,1786249327.6087587,collect_g1,collect_records
1,39.0,4313.0,15360.0,78.0,63.1,1786249332.652447,collect_g1,collect_records
1,47.0,4313.0,15360.0,78.0,63.16,1786249337.6957085,collect_g1,collect_records
1,37.0,4313.0,15360.0,78.0,58.28,1786249342.741867,collect_g1,collect_records
1,40.0,4313.0,15360.0,77.0,61.95,1786249347.788051,collect_g1,collect_records
1,40.0,3959.0,15360.0,77.0,57.26,1786249352.8355134,collect_g1,collect_records
1,41.0,4169.0,15360.0,77.0,61.19,1786249357.8909135,collect_g1,collect_records
1,45.0,4257.0,15360.0,78.0,65.0,1786249362.9347124,collect_g1,collect_records
1,35.0,4273.0,15360.0,77.0,62.46,1786249367.9803085,collect_g1,collect_records
1,44.0,4289.0,15360.0,77.0,66.21,1786249373.022787,collect_g1,collect_records
1,38.0,4291.0,15360.0,77.0,59.31,1786249378.068919,collect_g1,collect_records
1,35.0,4295.0,15360.0,77.0,62.62,1786249383.1124518,collect_g1,collect_records
1,34.0,4299.0,15360.0,76.0,58.99,1786249388.1574507,collect_g1,collect_records
1,40.0,4299.0,15360.0,76.0,60.37,1786249393.2001328,collect_g1,collect_records
1,35.0,4303.0,15360.0,76.0,60.39,1786249398.243674,collect_g1,collect_records
1,41.0,4303.0,15360.0,77.0,58.02,1786249403.285506,collect_g1,collect_records
1,40.0,4303.0,15360.0,77.0,61.27,1786249408.3291092,collect_g1,collect_records
1,38.0,4303.0,15360.0,77.0,65.61,1786249413.3730874,collect_g1,collect_records
1,43.0,4305.0,15360.0,77.0,59.8,1786249418.4161394,collect_g1,collect_records
1,45.0,4305.0,15360.0,77.0,70.16,1786249423.4603543,collect_g1,collect_records
1,43.0,4325.0,15360.0,77.0,63.03,1786249428.504665,collect_g1,collect_records
1,41.0,4105.0,15360.0,78.0,64.84,1786249433.5483956,collect_g1,collect_records
1,37.0,4221.0,15360.0,77.0,57.89,1786249438.5907571,collect_g1,collect_records
1,42.0,4261.0,15360.0,77.0,61.55,1786249443.6336234,collect_g1,collect_records
1,41.0,4279.0,15360.0,77.0,58.89,1786249448.6802692,collect_g1,collect_records
1,48.0,4281.0,15360.0,77.0,63.56,1786249453.7252297,collect_g1,collect_records
1,43.0,4283.0,15360.0,77.0,63.52,1786249458.768043,collect_g1,collect_records
1,45.0,4291.0,15360.0,77.0,65.9,1786249463.8112717,collect_g1,collect_records
1,39.0,4293.0,15360.0,77.0,60.07,1786249468.8573353,collect_g1,collect_records
1,39.0,4295.0,15360.0,77.0,64.04,1786249473.9011137,collect_g1,collect_records
1,39.0,4299.0,15360.0,76.0,59.31,1786249478.9447033,collect_g1,collect_records
1,41.0,4299.0,15360.0,77.0,62.56,1786249483.984855,collect_g1,collect_records
1,36.0,4299.0,15360.0,77.0,56.62,1786249489.0295098,collect_g1,collect_records
1,42.0,3959.0,15360.0,77.0,62.11,1786249494.0740602,collect_g1,collect_records
1,46.0,4245.0,15360.0,77.0,59.44,1786249499.1172764,collect_g1,collect_records
1,41.0,4281.0,15360.0,77.0,60.56,1786249504.159092,collect_g1,collect_records
1,46.0,4283.0,15360.0,78.0,66.39,1786249509.2028835,collect_g1,collect_records
1,45.0,4297.0,15360.0,78.0,65.95,1786249514.2461202,collect_g1,collect_records
1,40.0,4299.0,15360.0,77.0,61.97,1786249519.2889936,collect_g1,collect_records
1,45.0,4363.0,15360.0,77.0,65.81,1786249524.3353314,collect_g1,collect_records
1,35.0,4463.0,15360.0,77.0,61.19,1786249529.3800478,collect_g1,collect_records
1,44.0,3951.0,15360.0,77.0,65.35,1786249534.423887,collect_g1,collect_records
1,47.0,4109.0,15360.0,77.0,58.51,1786249539.4700897,collect_g1,collect_records
1,39.0,4283.0,15360.0,76.0,64.55,1786249544.5131474,collect_g1,collect_records
1,39.0,4339.0,15360.0,77.0,61.66,1786249549.5537586,collect_g1,collect_records
1,41.0,4439.0,15360.0,77.0,61.44,1786249554.5958395,collect_g1,collect_records
1,35.0,4443.0,15360.0,76.0,54.69,1786249559.638507,collect_g1,collect_records
1,36.0,4443.0,15360.0,77.0,65.68,1786249564.6822221,collect_g1,collect_records
1,35.0,4449.0,15360.0,77.0,65.36,1786249569.7247152,collect_g1,collect_records
1,46.0,4449.0,15360.0,77.0,59.58,1786249574.767732,collect_g1,collect_records
1,38.0,4471.0,15360.0,77.0,63.12,1786249579.8099966,collect_g1,collect_records
1,41.0,4471.0,15360.0,77.0,61.89,1786249584.8539693,collect_g1,collect_records
1,45.0,4471.0,15360.0,78.0,63.38,1786249589.9021344,collect_g1,collect_records
1,44.0,4471.0,15360.0,78.0,63.42,1786249594.948754,collect_g1,collect_records
1,40.0,4471.0,15360.0,77.0,65.24,1786249599.9966173,collect_g1,collect_records
1,41.0,4481.0,15360.0,77.0,57.5,1786249605.0400395,collect_g1,collect_records
1,53.0,4521.0,15360.0,77.0,59.08,1786249610.0826814,collect_g1,collect_records
1,43.0,4521.0,15360.0,77.0,60.67,1786249615.1268678,collect_g1,collect_records
1,40.0,4521.0,15360.0,77.0,62.77,1786249620.1712987,collect_g1,collect_records
1,51.0,4521.0,15360.0,77.0,65.57,1786249625.2156117,collect_g1,collect_records
1,39.0,4521.0,15360.0,76.0,60.51,1786249630.259803,collect_g1,collect_records
1,34.0,4521.0,15360.0,76.0,61.5,1786249635.3003688,collect_g1,collect_records
1,41.0,4541.0,15360.0,77.0,62.46,1786249640.3453274,collect_g1,collect_records
1,45.0,4541.0,15360.0,77.0,60.62,1786249645.3895879,collect_g1,collect_records
1,39.0,4541.0,15360.0,76.0,61.83,1786249650.4357576,collect_g1,collect_records
1,41.0,4543.0,15360.0,76.0,60.35,1786249655.4790645,collect_g1,collect_records
1,37.0,4543.0,15360.0,76.0,57.95,1786249660.5249424,collect_g1,collect_records
1,45.0,4543.0,15360.0,77.0,61.04,1786249665.5678546,collect_g1,collect_records
1,46.0,4563.0,15360.0,77.0,64.61,1786249670.6104681,collect_g1,collect_records
1,40.0,4563.0,15360.0,77.0,59.48,1786249675.6545951,collect_g1,collect_records
1,43.0,4563.0,15360.0,77.0,65.22,1786249680.6970625,collect_g1,collect_records
1,44.0,4563.0,15360.0,77.0,67.3,1786249685.7413208,collect_g1,collect_records
1,38.0,4563.0,15360.0,77.0,60.84,1786249690.783097,collect_g1,collect_records
1,40.0,4583.0,15360.0,78.0,65.06,1786249695.8253148,collect_g1,collect_records
1,47.0,4585.0,15360.0,78.0,65.72,1786249700.8673592,collect_g1,collect_records
1,43.0,4585.0,15360.0,77.0,66.7,1786249705.9106398,collect_g1,collect_records
1,45.0,4585.0,15360.0,78.0,68.49,1786249710.9544585,collect_g1,collect_records
1,44.0,4585.0,15360.0,77.0,42.81,1786249712.2942195,collect_g1,collect_records
0,0.0,3847.0,15360.0,70.0,29.94,1786250007.7729483,train_autoencoder_g0,train_autoencoder
0,35.0,3921.0,15360.0,70.0,33.96,1786250012.8151476,train_autoencoder_g0,train_autoencoder
0,36.0,3921.0,15360.0,70.0,34.16,1786250017.859002,train_autoencoder_g0,train_autoencoder
0,35.0,3921.0,15360.0,70.0,33.17,1786250022.9037464,train_autoencoder_g0,train_autoencoder
0,32.0,3921.0,15360.0,70.0,32.68,1786250027.9481208,train_autoencoder_g0,train_autoencoder
0,37.0,3921.0,15360.0,70.0,33.75,1786250032.9904425,train_autoencoder_g0,train_autoencoder
0,33.0,3921.0,15360.0,71.0,32.98,1786250038.0317678,train_autoencoder_g0,train_autoencoder
0,31.0,3921.0,15360.0,71.0,32.29,1786250043.0739763,train_autoencoder_g0,train_autoencoder
0,31.0,3921.0,15360.0,71.0,33.67,1786250048.1172557,train_autoencoder_g0,train_autoencoder
0,37.0,3921.0,15360.0,72.0,33.84,1786250053.1611967,train_autoencoder_g0,train_autoencoder
0,36.0,3921.0,15360.0,72.0,33.06,1786250058.2071369,train_autoencoder_g0,train_autoencoder
0,36.0,3921.0,15360.0,72.0,33.55,1786250063.2487187,train_autoencoder_g0,train_autoencoder
0,38.0,3921.0,15360.0,72.0,33.08,1786250068.2906578,train_autoencoder_g0,train_autoencoder
0,37.0,3921.0,15360.0,73.0,34.14,1786250073.3327975,train_autoencoder_g0,train_autoencoder
0,38.0,3921.0,15360.0,73.0,34.34,1786250078.3745086,train_autoencoder_g0,train_autoencoder
0,37.0,3921.0,15360.0,73.0,34.53,1786250083.41788,train_autoencoder_g0,train_autoencoder
0,38.0,3921.0,15360.0,73.0,33.55,1786250088.4629698,train_autoencoder_g0,train_autoencoder
0,36.0,3921.0,15360.0,74.0,34.34,1786250093.5044222,train_autoencoder_g0,train_autoencoder
0,34.0,3921.0,15360.0,74.0,33.65,1786250098.5460181,train_autoencoder_g0,train_autoencoder
0,38.0,3921.0,15360.0,74.0,34.83,1786250103.58867,train_autoencoder_g0,train_autoencoder
0,38.0,3921.0,15360.0,74.0,33.45,1786250108.6316183,train_autoencoder_g0,train_autoencoder
0,35.0,3921.0,15360.0,75.0,34.34,1786250113.674595,train_autoencoder_g0,train_autoencoder
0,39.0,3921.0,15360.0,75.0,33.92,1786250118.7176778,train_autoencoder_g0,train_autoencoder
0,37.0,3921.0,15360.0,75.0,33.65,1786250123.760912,train_autoencoder_g0,train_autoencoder
0,38.0,3921.0,15360.0,75.0,33.63,1786250128.8027797,train_autoencoder_g0,train_autoencoder
0,38.0,3921.0,15360.0,76.0,34.99,1786250133.8492825,train_autoencoder_g0,train_autoencoder
0,37.0,3921.0,15360.0,76.0,34.24,1786250138.8933156,train_autoencoder_g0,train_autoencoder
0,37.0,3921.0,15360.0,76.0,34.51,1786250143.9376721,train_autoencoder_g0,train_autoencoder
0,38.0,3921.0,15360.0,76.0,33.73,1786250148.9810576,train_autoencoder_g0,train_autoencoder
0,37.0,3921.0,15360.0,76.0,33.83,1786250154.0260139,train_autoencoder_g0,train_autoencoder
0,36.0,3921.0,15360.0,76.0,34.79,1786250159.072412,train_autoencoder_g0,train_autoencoder
0,38.0,3921.0,15360.0,76.0,34.04,1786250164.1190028,train_autoencoder_g0,train_autoencoder
0,37.0,3921.0,15360.0,77.0,34.42,1786250169.1606772,train_autoencoder_g0,train_autoencoder
0,39.0,3921.0,15360.0,77.0,33.92,1786250174.2032514,train_autoencoder_g0,train_autoencoder
0,37.0,3921.0,15360.0,77.0,35.2,1786250179.245458,train_autoencoder_g0,train_autoencoder
0,38.0,3921.0,15360.0,77.0,34.71,1786250184.286599,train_autoencoder_g0,train_autoencoder
0,36.0,3921.0,15360.0,78.0,34.42,1786250189.3286018,train_autoencoder_g0,train_autoencoder
0,39.0,3921.0,15360.0,78.0,34.12,1786250194.3701916,train_autoencoder_g0,train_autoencoder
0,37.0,3921.0,15360.0,78.0,34.32,1786250199.41225,train_autoencoder_g0,train_autoencoder
0,38.0,3921.0,15360.0,78.0,33.43,1786250204.4576054,train_autoencoder_g0,train_autoencoder
0,37.0,3921.0,15360.0,78.0,34.42,1786250209.5002213,train_autoencoder_g0,train_autoencoder
0,37.0,3921.0,15360.0,77.0,34.22,1786250214.5417895,train_autoencoder_g0,train_autoencoder
0,38.0,3921.0,15360.0,77.0,35.08,1786250219.5870042,train_autoencoder_g0,train_autoencoder
0,28.0,3921.0,15360.0,76.0,34.71,1786250224.6291878,train_autoencoder_g0,train_autoencoder
0,39.0,3921.0,15360.0,76.0,35.1,1786250229.6718721,train_autoencoder_g0,train_autoencoder
0,36.0,3921.0,15360.0,76.0,33.73,1786250234.7175076,train_autoencoder_g0,train_autoencoder
0,39.0,3921.0,15360.0,76.0,33.63,1786250239.76144,train_autoencoder_g0,train_autoencoder
0,39.0,3921.0,15360.0,77.0,35.08,1786250244.8044083,train_autoencoder_g0,train_autoencoder
0,39.0,3921.0,15360.0,77.0,34.99,1786250249.8477852,train_autoencoder_g0,train_autoencoder
0,31.0,3921.0,15360.0,77.0,33.33,1786250254.891028,train_autoencoder_g0,train_autoencoder
0,38.0,3921.0,15360.0,77.0,34.2,1786250259.9337728,train_autoencoder_g0,train_autoencoder
0,39.0,3921.0,15360.0,77.0,34.4,1786250264.976597,train_autoencoder_g0,train_autoencoder
0,36.0,3921.0,15360.0,78.0,34.69,1786250270.0183444,train_autoencoder_g0,train_autoencoder
0,39.0,3921.0,15360.0,78.0,34.79,1786250275.061716,train_autoencoder_g0,train_autoencoder
0,39.0,3921.0,15360.0,78.0,34.99,1786250280.1052272,train_autoencoder_g0,train_autoencoder
0,32.0,3921.0,15360.0,78.0,33.83,1786250285.1473975,train_autoencoder_g0,train_autoencoder
0,37.0,3921.0,15360.0,78.0,34.3,1786250290.1897802,train_autoencoder_g0,train_autoencoder
0,38.0,3921.0,15360.0,77.0,33.92,1786250295.236176,train_autoencoder_g0,train_autoencoder
0,38.0,3921.0,15360.0,77.0,35.08,1786250300.280362,train_autoencoder_g0,train_autoencoder
0,36.0,3921.0,15360.0,77.0,34.99,1786250305.3232422,train_autoencoder_g0,train_autoencoder
0,37.0,3921.0,15360.0,77.0,34.71,1786250310.3671567,train_autoencoder_g0,train_autoencoder
0,37.0,3921.0,15360.0,76.0,34.12,1786250315.409002,train_autoencoder_g0,train_autoencoder
0,37.0,3921.0,15360.0,76.0,33.63,1786250320.4507053,train_autoencoder_g0,train_autoencoder
0,37.0,3921.0,15360.0,77.0,34.69,1786250325.4936748,train_autoencoder_g0,train_autoencoder
0,38.0,3921.0,15360.0,77.0,35.58,1786250330.5354688,train_autoencoder_g0,train_autoencoder
0,36.0,3921.0,15360.0,77.0,35.67,1786250335.5794427,train_autoencoder_g0,train_autoencoder
0,37.0,3921.0,15360.0,77.0,34.69,1786250340.6212761,train_autoencoder_g0,train_autoencoder
0,38.0,3921.0,15360.0,77.0,34.57,1786250345.6630542,train_autoencoder_g0,train_autoencoder
0,39.0,3921.0,15360.0,77.0,35.28,1786250350.7041016,train_autoencoder_g0,train_autoencoder
0,36.0,3921.0,15360.0,77.0,34.3,1786250355.7506738,train_autoencoder_g0,train_autoencoder
0,39.0,3921.0,15360.0,77.0,34.4,1786250360.7940588,train_autoencoder_g0,train_autoencoder
0,37.0,3921.0,15360.0,78.0,34.89,1786250365.836746,train_autoencoder_g0,train_autoencoder
0,38.0,3921.0,15360.0,77.0,35.48,1786250370.8798018,train_autoencoder_g0,train_autoencoder
0,37.0,3921.0,15360.0,77.0,34.69,1786250375.9242399,train_autoencoder_g0,train_autoencoder
0,37.0,3921.0,15360.0,77.0,34.99,1786250380.9663007,train_autoencoder_g0,train_autoencoder
0,39.0,3921.0,15360.0,77.0,34.59,1786250386.0111368,train_autoencoder_g0,train_autoencoder
0,37.0,3921.0,15360.0,78.0,35.58,1786250391.0550961,train_autoencoder_g0,train_autoencoder
0,38.0,3921.0,15360.0,78.0,34.79,1786250396.0965202,train_autoencoder_g0,train_autoencoder
0,36.0,3921.0,15360.0,78.0,35.26,1786250401.138062,train_autoencoder_g0,train_autoencoder
0,36.0,3921.0,15360.0,78.0,33.12,1786250406.183246,train_autoencoder_g0,train_autoencoder
0,35.0,3921.0,15360.0,77.0,34.69,1786250411.2289386,train_autoencoder_g0,train_autoencoder
0,37.0,3921.0,15360.0,76.0,33.9,1786250416.2731736,train_autoencoder_g0,train_autoencoder
0,38.0,3921.0,15360.0,75.0,35.18,1786250421.316917,train_autoencoder_g0,train_autoencoder
0,38.0,3921.0,15360.0,75.0,33.14,1786250426.3585436,train_autoencoder_g0,train_autoencoder
0,38.0,3921.0,15360.0,76.0,33.61,1786250431.4029279,train_autoencoder_g0,train_autoencoder
0,39.0,3921.0,15360.0,76.0,35.28,1786250436.4452553,train_autoencoder_g0,train_autoencoder
0,37.0,3921.0,15360.0,76.0,34.49,1786250441.4864883,train_autoencoder_g0,train_autoencoder
0,37.0,3921.0,15360.0,77.0,34.2,1786250446.5292928,train_autoencoder_g0,train_autoencoder
0,38.0,3921.0,15360.0,77.0,35.48,1786250451.5712335,train_autoencoder_g0,train_autoencoder
0,39.0,3921.0,15360.0,77.0,34.59,1786250456.613357,train_autoencoder_g0,train_autoencoder
0,37.0,3921.0,15360.0,77.0,34.49,1786250461.6572053,train_autoencoder_g0,train_autoencoder
0,38.0,3921.0,15360.0,77.0,34.99,1786250466.6993523,train_autoencoder_g0,train_autoencoder
0,37.0,3921.0,15360.0,78.0,34.89,1786250471.7415476,train_autoencoder_g0,train_autoencoder
0,37.0,3921.0,15360.0,78.0,34.69,1786250476.786512,train_autoencoder_g0,train_autoencoder
0,37.0,3921.0,15360.0,78.0,34.89,1786250481.8283927,train_autoencoder_g0,train_autoencoder
0,37.0,3921.0,15360.0,78.0,35.87,1786250486.8702927,train_autoencoder_g0,train_autoencoder
0,37.0,3921.0,15360.0,78.0,34.59,1786250491.9122436,train_autoencoder_g0,train_autoencoder
0,37.0,3921.0,15360.0,77.0,35.26,1786250496.9578178,train_autoencoder_g0,train_autoencoder
0,31.0,3921.0,15360.0,77.0,34.1,1786250502.0004296,train_autoencoder_g0,train_autoencoder
0,37.0,3921.0,15360.0,77.0,34.77,1786250507.0440989,train_autoencoder_g0,train_autoencoder
0,38.0,3921.0,15360.0,76.0,34.2,1786250512.0895853,train_autoencoder_g0,train_autoencoder
0,39.0,3921.0,15360.0,76.0,34.99,1786250517.1315167,train_autoencoder_g0,train_autoencoder
0,36.0,3921.0,15360.0,76.0,34.97,1786250522.1752312,train_autoencoder_g0,train_autoencoder
0,38.0,3921.0,15360.0,76.0,34.69,1786250527.2204628,train_autoencoder_g0,train_autoencoder
0,29.0,3921.0,15360.0,76.0,33.23,1786250532.267967,train_autoencoder_g0,train_autoencoder
0,36.0,3921.0,15360.0,76.0,34.1,1786250537.3135295,train_autoencoder_g0,train_autoencoder
0,38.0,3921.0,15360.0,77.0,33.71,1786250542.3586934,train_autoencoder_g0,train_autoencoder
0,38.0,3921.0,15360.0,77.0,35.67,1786250547.3997738,train_autoencoder_g0,train_autoencoder
0,37.0,3921.0,15360.0,77.0,34.89,1786250552.4419515,train_autoencoder_g0,train_autoencoder
0,37.0,3921.0,15360.0,78.0,35.46,1786250557.4831784,train_autoencoder_g0,train_autoencoder
0,30.0,3921.0,15360.0,78.0,34.2,1786250562.5253332,train_autoencoder_g0,train_autoencoder
0,38.0,3921.0,15360.0,78.0,35.08,1786250567.5676467,train_autoencoder_g0,train_autoencoder
0,36.0,3921.0,15360.0,77.0,34.49,1786250572.6106794,train_autoencoder_g0,train_autoencoder
0,38.0,3921.0,15360.0,77.0,35.08,1786250577.6548932,train_autoencoder_g0,train_autoencoder
0,37.0,3921.0,15360.0,77.0,35.85,1786250582.696691,train_autoencoder_g0,train_autoencoder
0,35.0,3921.0,15360.0,77.0,33.41,1786250587.7395337,train_autoencoder_g0,train_autoencoder
0,38.0,3921.0,15360.0,77.0,34.87,1786250592.7816784,train_autoencoder_g0,train_autoencoder
0,37.0,3921.0,15360.0,77.0,35.75,1786250597.8230655,train_autoencoder_g0,train_autoencoder
0,39.0,3921.0,15360.0,77.0,35.16,1786250602.8647785,train_autoencoder_g0,train_autoencoder
0,32.0,3921.0,15360.0,77.0,32.35,1786250607.9139383,train_autoencoder_g0,train_autoencoder
0,37.0,3921.0,15360.0,77.0,34.32,1786250612.9556026,train_autoencoder_g0,train_autoencoder
0,36.0,3921.0,15360.0,77.0,33.02,1786250617.9970179,train_autoencoder_g0,train_autoencoder
0,38.0,3921.0,15360.0,77.0,35.26,1786250623.0386374,train_autoencoder_g0,train_autoencoder
0,32.0,3921.0,15360.0,76.0,34.79,1786250628.0797913,train_autoencoder_g0,train_autoencoder
0,38.0,3921.0,15360.0,76.0,33.81,1786250633.1216583,train_autoencoder_g0,train_autoencoder
0,35.0,3921.0,15360.0,77.0,33.81,1786250638.166597,train_autoencoder_g0,train_autoencoder
0,37.0,3921.0,15360.0,77.0,34.49,1786250643.2099946,train_autoencoder_g0,train_autoencoder
0,36.0,3921.0,15360.0,77.0,35.16,1786250648.2519794,train_autoencoder_g0,train_autoencoder
0,39.0,3921.0,15360.0,77.0,34.97,1786250653.2973635,train_autoencoder_g0,train_autoencoder
0,39.0,3921.0,15360.0,77.0,34.87,1786250658.3388588,train_autoencoder_g0,train_autoencoder
0,37.0,3921.0,15360.0,77.0,34.28,1786250663.3834841,train_autoencoder_g0,train_autoencoder
0,38.0,3921.0,15360.0,77.0,35.18,1786250668.4274502,train_autoencoder_g0,train_autoencoder
0,37.0,3921.0,15360.0,78.0,35.16,1786250673.4715228,train_autoencoder_g0,train_autoencoder
0,35.0,3921.0,15360.0,78.0,33.51,1786250678.5160758,train_autoencoder_g0,train_autoencoder
0,37.0,3921.0,15360.0,78.0,34.59,1786250683.5573995,train_autoencoder_g0,train_autoencoder
0,39.0,3921.0,15360.0,77.0,33.98,1786250688.601502,train_autoencoder_g0,train_autoencoder
0,38.0,3921.0,15360.0,77.0,35.36,1786250693.6432405,train_autoencoder_g0,train_autoencoder
0,37.0,3921.0,15360.0,76.0,33.31,1786250698.687872,train_autoencoder_g0,train_autoencoder
0,37.0,3921.0,15360.0,76.0,35.26,1786250703.7329247,train_autoencoder_g0,train_autoencoder
0,37.0,3921.0,15360.0,76.0,34.28,1786250708.7750437,train_autoencoder_g0,train_autoencoder
0,36.0,3921.0,15360.0,76.0,34.69,1786250713.8164804,train_autoencoder_g0,train_autoencoder
0,13.0,3921.0,15360.0,76.0,31.27,1786250717.5638278,train_autoencoder_g0,train_autoencoder
0,0.0,1703.0,15360.0,77.0,42.78,1786251537.9847188,final_cache_g0,initialize_cache
0,16.0,3499.0,15360.0,76.0,38.11,1786251539.1876554,final_cache_g0,initialize_cache
1,0.0,1605.0,15360.0,75.0,34.2,1786251537.9876366,final_cache_g1,initialize_cache
1,16.0,3323.0,15360.0,75.0,35.65,1786251539.2922373,final_cache_g1,initialize_cache
0,1.0,3507.0,15360.0,76.0,31.76,1786251539.4718366,round_001_train_g0,train_final
0,36.0,3691.0,15360.0,77.0,42.68,1786251544.516077,round_001_train_g0,train_final
0,38.0,3691.0,15360.0,77.0,41.97,1786251549.5608594,round_001_train_g0,train_final
0,35.0,3633.0,15360.0,77.0,44.23,1786251554.6118739,round_001_train_g0,train_final
0,36.0,3633.0,15360.0,77.0,43.07,1786251559.6557837,round_001_train_g0,train_final
0,36.0,4117.0,15360.0,77.0,41.01,1786251564.6988835,round_001_train_g0,train_final
0,36.0,4117.0,15360.0,77.0,42.66,1786251569.7479727,round_001_train_g0,train_final
0,33.0,4117.0,15360.0,76.0,42.68,1786251574.7918272,round_001_train_g0,train_final
0,37.0,4117.0,15360.0,76.0,41.21,1786251579.8386974,round_001_train_g0,train_final
0,38.0,4117.0,15360.0,76.0,45.72,1786251584.8842156,round_001_train_g0,train_final
0,37.0,4117.0,15360.0,76.0,41.99,1786251589.930774,round_001_train_g0,train_final
0,31.0,4117.0,15360.0,75.0,40.91,1786251594.9747415,round_001_train_g0,train_final
0,35.0,4117.0,15360.0,75.0,40.94,1786251600.018707,round_001_train_g0,train_final
0,38.0,4117.0,15360.0,75.0,40.72,1786251605.0606408,round_001_train_g0,train_final
0,37.0,3599.0,15360.0,75.0,46.48,1786251607.8491912,round_001_train_g0,train_final
1,10.0,3439.0,15360.0,75.0,35.46,1786251539.5053883,round_001_train_g1,train_final
1,36.0,3439.0,15360.0,77.0,45.67,1786251544.5469568,round_001_train_g1,train_final
1,33.0,3473.0,15360.0,77.0,42.58,1786251549.59208,round_001_train_g1,train_final
1,35.0,3473.0,15360.0,78.0,42.85,1786251554.63476,round_001_train_g1,train_final
1,36.0,3481.0,15360.0,78.0,44.2,1786251559.6800454,round_001_train_g1,train_final
1,36.0,3481.0,15360.0,77.0,41.77,1786251564.7257671,round_001_train_g1,train_final
1,36.0,3443.0,15360.0,77.0,41.11,1786251569.7723126,round_001_train_g1,train_final
1,33.0,3549.0,15360.0,77.0,44.32,1786251574.8169858,round_001_train_g1,train_final
1,31.0,3549.0,15360.0,77.0,41.31,1786251579.8624482,round_001_train_g1,train_final
1,35.0,3549.0,15360.0,77.0,41.87,1786251584.908883,round_001_train_g1,train_final
1,39.0,3549.0,15360.0,77.0,42.46,1786251589.9525232,round_001_train_g1,train_final
1,30.0,3555.0,15360.0,77.0,43.98,1786251594.9995942,round_001_train_g1,train_final
1,33.0,3555.0,15360.0,76.0,41.28,1786251600.0446098,round_001_train_g1,train_final
1,38.0,3357.0,15360.0,76.0,36.74,1786251604.975205,round_001_train_g1,train_final
0,21.0,4459.0,15360.0,75.0,36.64,1786251608.0658724,round_001_test_g0,test_final
0,49.0,4601.0,15360.0,76.0,58.76,1786251613.1103373,round_001_test_g0,test_final
0,48.0,4601.0,15360.0,78.0,61.17,1786251618.1576426,round_001_test_g0,test_final
0,46.0,4505.0,15360.0,80.0,61.17,1786251623.201029,round_001_test_g0,test_final
0,47.0,4505.0,15360.0,81.0,56.94,1786251628.2455814,round_001_test_g0,test_final
0,47.0,4505.0,15360.0,80.0,60.39,1786251633.2891262,round_001_test_g0,test_final
0,47.0,4507.0,15360.0,77.0,59.83,1786251638.3361955,round_001_test_g0,test_final
0,48.0,4507.0,15360.0,75.0,52.4,1786251643.3803172,round_001_test_g0,test_final
0,49.0,4509.0,15360.0,73.0,59.88,1786251648.4268913,round_001_test_g0,test_final
0,49.0,4509.0,15360.0,72.0,58.35,1786251653.4704018,round_001_test_g0,test_final
0,47.0,4511.0,15360.0,71.0,57.75,1786251658.5142398,round_001_test_g0,test_final
0,44.0,4511.0,15360.0,71.0,57.79,1786251663.5596864,round_001_test_g0,test_final
0,47.0,4511.0,15360.0,70.0,57.59,1786251665.4005396,round_001_test_g0,test_final
1,0.0,4217.0,15360.0,74.0,31.76,1786251608.0875523,round_001_test_g1,test_final
1,48.0,4359.0,15360.0,77.0,58.69,1786251613.1316187,round_001_test_g1,test_final
1,42.0,4359.0,15360.0,80.0,60.25,1786251618.1738036,round_001_test_g1,test_final
1,47.0,4359.0,15360.0,82.0,58.99,1786251623.2214882,round_001_test_g1,test_final
1,48.0,4329.0,15360.0,85.0,64.72,1786251628.267546,round_001_test_g1,test_final
1,51.0,4329.0,15360.0,83.0,60.97,1786251633.3113153,round_001_test_g1,test_final
1,45.0,4331.0,15360.0,81.0,62.34,1786251638.3574657,round_001_test_g1,test_final
1,47.0,4331.0,15360.0,78.0,58.14,1786251643.4007058,round_001_test_g1,test_final
1,43.0,4333.0,15360.0,75.0,54.2,1786251648.4466708,round_001_test_g1,test_final
1,46.0,4333.0,15360.0,74.0,59.39,1786251653.491911,round_001_test_g1,test_final
1,47.0,4335.0,15360.0,73.0,54.53,1786251658.536936,round_001_test_g1,test_final
1,48.0,4335.0,15360.0,72.0,57.75,1786251663.5813682,round_001_test_g1,test_final
1,47.0,4335.0,15360.0,72.0,49.27,1786251666.5667696,round_001_test_g1,test_final
0,0.0,4519.0,15360.0,69.0,39.29,1786251666.701728,round_002_train_g0,train_final
0,33.0,4707.0,15360.0,68.0,41.13,1786251671.745807,round_002_train_g0,train_final
0,34.0,4707.0,15360.0,68.0,39.39,1786251676.7875147,round_002_train_g0,train_final
0,38.0,4809.0,15360.0,68.0,39.86,1786251681.8303757,round_002_train_g0,train_final
0,37.0,4809.0,15360.0,69.0,40.25,1786251686.8731496,round_002_train_g0,train_final
0,39.0,5409.0,15360.0,70.0,39.59,1786251691.915618,round_002_train_g0,train_final
0,39.0,5409.0,15360.0,71.0,42.71,1786251696.9610813,round_002_train_g0,train_final
0,38.0,5409.0,15360.0,72.0,43.05,1786251702.0026264,round_002_train_g0,train_final
0,37.0,5409.0,15360.0,72.0,43.0,1786251707.0464048,round_002_train_g0,train_final
0,37.0,5409.0,15360.0,73.0,40.72,1786251712.0902739,round_002_train_g0,train_final
0,38.0,5409.0,15360.0,74.0,44.25,1786251717.1358335,round_002_train_g0,train_final
0,30.0,5409.0,15360.0,74.0,42.29,1786251722.1786313,round_002_train_g0,train_final
0,38.0,5409.0,15360.0,75.0,42.58,1786251727.2221363,round_002_train_g0,train_final
0,40.0,5409.0,15360.0,76.0,46.41,1786251732.264971,round_002_train_g0,train_final
0,40.0,5409.0,15360.0,76.0,45.7,1786251734.31499,round_002_train_g0,train_final
1,11.0,4451.0,15360.0,72.0,41.11,1786251666.7364814,round_002_train_g1,train_final
1,34.0,4451.0,15360.0,70.0,40.74,1786251671.7804728,round_002_train_g1,train_final
1,36.0,4579.0,15360.0,70.0,39.96,1786251676.824651,round_002_train_g1,train_final
1,39.0,4579.0,15360.0,70.0,40.94,1786251681.8717275,round_002_train_g1,train_final
1,37.0,4717.0,15360.0,71.0,39.83,1786251686.913102,round_002_train_g1,train_final
1,38.0,4717.0,15360.0,72.0,42.34,1786251691.956031,round_002_train_g1,train_final
1,36.0,4811.0,15360.0,72.0,42.19,1786251697.0004275,round_002_train_g1,train_final
1,38.0,5023.0,15360.0,73.0,43.96,1786251702.042755,round_002_train_g1,train_final
1,39.0,5023.0,15360.0,74.0,39.54,1786251707.0860016,round_002_train_g1,train_final
1,39.0,5023.0,15360.0,75.0,41.72,1786251712.1278248,round_002_train_g1,train_final
1,37.0,5221.0,15360.0,76.0,44.62,1786251717.170877,round_002_train_g1,train_final
1,31.0,5221.0,15360.0,77.0,44.32,1786251722.2153902,round_002_train_g1,train_final
1,39.0,5221.0,15360.0,78.0,43.15,1786251727.260545,round_002_train_g1,train_final
1,39.0,5221.0,15360.0,78.0,44.79,1786251731.2190568,round_002_train_g1,train_final
0,4.0,5411.0,15360.0,76.0,44.42,1786251734.5418918,round_002_test_g0,test_final
0,47.0,5411.0,15360.0,79.0,60.22,1786251739.5917192,round_002_test_g0,test_final
0,50.0,5411.0,15360.0,80.0,61.23,1786251744.6427999,round_002_test_g0,test_final
0,50.0,5413.0,15360.0,80.0,55.37,1786251749.692083,round_002_test_g0,test_final
0,47.0,5413.0,15360.0,78.0,60.65,1786251754.7398794,round_002_test_g0,test_final
0,48.0,5415.0,15360.0,75.0,59.86,1786251759.7898161,round_002_test_g0,test_final
0,48.0,5415.0,15360.0,74.0,56.65,1786251764.8411355,round_002_test_g0,test_final
0,47.0,5417.0,15360.0,72.0,57.88,1786251769.8907192,round_002_test_g0,test_final
0,49.0,5417.0,15360.0,71.0,58.25,1786251774.938431,round_002_test_g0,test_final
0,47.0,5419.0,15360.0,70.0,58.18,1786251779.9865818,round_002_test_g0,test_final
0,48.0,5419.0,15360.0,70.0,57.76,1786251785.0341406,round_002_test_g0,test_final
0,48.0,5419.0,15360.0,70.0,41.9,1786251786.784479,round_002_test_g0,test_final
1,0.0,5223.0,15360.0,77.0,32.15,1786251734.543912,round_002_test_g1,test_final
1,49.0,5223.0,15360.0,83.0,58.34,1786251739.5919192,round_002_test_g1,test_final
1,51.0,5223.0,15360.0,84.0,56.06,1786251744.6427364,round_002_test_g1,test_final
1,48.0,5225.0,15360.0,84.0,62.03,1786251749.6932144,round_002_test_g1,test_final
1,47.0,5225.0,15360.0,83.0,57.91,1786251754.742757,round_002_test_g1,test_final
1,46.0,5227.0,15360.0,80.0,62.37,1786251759.788843,round_002_test_g1,test_final
1,49.0,5227.0,15360.0,77.0,62.66,1786251764.8403387,round_002_test_g1,test_final
1,46.0,5229.0,15360.0,75.0,55.21,1786251769.8906372,round_002_test_g1,test_final
1,48.0,5229.0,15360.0,73.0,59.12,1786251774.9372141,round_002_test_g1,test_final
1,45.0,5231.0,15360.0,72.0,57.3,1786251779.9866376,round_002_test_g1,test_final
1,47.0,5231.0,15360.0,72.0,54.13,1786251785.0337386,round_002_test_g1,test_final
1,50.0,5231.0,15360.0,72.0,54.95,1786251787.974507,round_002_test_g1,test_final
0,0.0,5427.0,15360.0,69.0,39.19,1786251788.1124542,round_003_train_g0,train_final
0,40.0,5615.0,15360.0,68.0,41.33,1786251793.1560729,round_003_train_g0,train_final
0,27.0,5615.0,15360.0,68.0,42.76,1786251798.198835,round_003_train_g0,train_final
0,37.0,5717.0,15360.0,68.0,39.81,1786251803.242778,round_003_train_g0,train_final
0,38.0,5717.0,15360.0,69.0,41.4,1786251808.288527,round_003_train_g0,train_final
0,35.0,6317.0,15360.0,70.0,39.56,1786251813.3314722,round_003_train_g0,train_final
0,36.0,6317.0,15360.0,71.0,42.71,1786251818.3746438,round_003_train_g0,train_final
0,39.0,6317.0,15360.0,72.0,42.61,1786251823.417654,round_003_train_g0,train_final
0,36.0,6317.0,15360.0,72.0,40.25,1786251828.4639125,round_003_train_g0,train_final
0,37.0,6317.0,15360.0,73.0,42.41,1786251833.5072978,round_003_train_g0,train_final
0,39.0,6317.0,15360.0,73.0,41.33,1786251838.5517175,round_003_train_g0,train_final
0,40.0,6317.0,15360.0,74.0,42.61,1786251843.596105,round_003_train_g0,train_final
0,37.0,6317.0,15360.0,74.0,43.27,1786251848.6429248,round_003_train_g0,train_final
0,39.0,6317.0,15360.0,75.0,43.07,1786251853.6868467,round_003_train_g0,train_final
0,39.0,6317.0,15360.0,75.0,37.25,1786251855.6914487,round_003_train_g0,train_final
1,18.0,5345.0,15360.0,71.0,48.78,1786251788.1397057,round_003_train_g1,train_final
1,38.0,5347.0,15360.0,70.0,43.17,1786251793.1845462,round_003_train_g1,train_final
1,28.0,5475.0,15360.0,70.0,43.27,1786251798.2279525,round_003_train_g1,train_final
1,36.0,5475.0,15360.0,70.0,39.86,1786251803.273352,round_003_train_g1,train_final
1,36.0,5613.0,15360.0,71.0,40.82,1786251808.318261,round_003_train_g1,train_final
1,35.0,5613.0,15360.0,72.0,42.02,1786251813.3634155,round_003_train_g1,train_final
1,35.0,5707.0,15360.0,73.0,42.68,1786251818.4067078,round_003_train_g1,train_final
1,39.0,5919.0,15360.0,74.0,40.6,1786251823.4511194,round_003_train_g1,train_final
1,36.0,5919.0,15360.0,74.0,41.21,1786251828.49526,round_003_train_g1,train_final
1,38.0,5919.0,15360.0,75.0,43.83,1786251833.539356,round_003_train_g1,train_final
1,39.0,6117.0,15360.0,76.0,41.04,1786251838.5838468,round_003_train_g1,train_final
1,37.0,6117.0,15360.0,76.0,42.07,1786251843.6291332,round_003_train_g1,train_final
1,39.0,6117.0,15360.0,77.0,43.47,1786251848.6736495,round_003_train_g1,train_final
1,38.0,6117.0,15360.0,77.0,44.15,1786251852.6672075,round_003_train_g1,train_final
0,12.0,6319.0,15360.0,75.0,39.68,1786251855.9091964,round_003_test_g0,test_final
0,46.0,6319.0,15360.0,78.0,58.6,1786251860.9627407,round_003_test_g0,test_final
0,48.0,6319.0,15360.0,79.0,61.4,1786251866.014645,round_003_test_g0,test_final
0,43.0,6321.0,15360.0,80.0,53.45,1786251871.0660963,round_003_test_g0,test_final
0,47.0,6321.0,15360.0,78.0,61.23,1786251876.1160443,round_003_test_g0,test_final
0,46.0,6323.0,15360.0,76.0,59.88,1786251881.1651397,round_003_test_g0,test_final
0,47.0,6323.0,15360.0,74.0,57.76,1786251886.2150786,round_003_test_g0,test_final
0,47.0,6325.0,15360.0,72.0,58.31,1786251891.263073,round_003_test_g0,test_final
0,46.0,6325.0,15360.0,71.0,53.68,1786251896.3145013,round_003_test_g0,test_final
0,49.0,6327.0,15360.0,70.0,57.62,1786251901.3642821,round_003_test_g0,test_final
0,47.0,6327.0,15360.0,70.0,56.42,1786251906.4176707,round_003_test_g0,test_final
0,48.0,6327.0,15360.0,70.0,42.12,1786251909.5606065,round_003_test_g0,test_final
1,0.0,6119.0,15360.0,76.0,31.86,1786251855.9100604,round_003_test_g1,test_final
1,45.0,6119.0,15360.0,82.0,56.35,1786251860.9635956,round_003_test_g1,test_final
1,49.0,6119.0,15360.0,84.0,55.96,1786251866.0145924,round_003_test_g1,test_final
1,51.0,6121.0,15360.0,84.0,57.14,1786251871.0677233,round_003_test_g1,test_final
1,48.0,6121.0,15360.0,83.0,57.46,1786251876.117307,round_003_test_g1,test_final
1,46.0,6123.0,15360.0,81.0,61.92,1786251881.16667,round_003_test_g1,test_final
1,47.0,6123.0,15360.0,78.0,59.71,1786251886.2163618,round_003_test_g1,test_final
1,47.0,6125.0,15360.0,75.0,54.1,1786251891.2633262,round_003_test_g1,test_final
1,46.0,6125.0,15360.0,74.0,59.45,1786251896.3145034,round_003_test_g1,test_final
1,48.0,6127.0,15360.0,73.0,58.86,1786251901.3647196,round_003_test_g1,test_final
1,46.0,6127.0,15360.0,72.0,54.17,1786251906.4159489,round_003_test_g1,test_final
1,48.0,6127.0,15360.0,72.0,57.85,1786251909.394288,round_003_test_g1,test_final
0,38.0,6335.0,15360.0,69.0,39.49,1786251909.7018754,round_004_train_g0,train_final
0,38.0,6523.0,15360.0,68.0,42.83,1786251914.7461076,round_004_train_g0,train_final
0,39.0,6523.0,15360.0,68.0,39.51,1786251919.7937503,round_004_train_g0,train_final
0,34.0,6625.0,15360.0,68.0,40.67,1786251924.837132,round_004_train_g0,train_final
0,39.0,6625.0,15360.0,69.0,41.85,1786251929.8843763,round_004_train_g0,train_final
0,40.0,7225.0,15360.0,69.0,41.04,1786251934.9297743,round_004_train_g0,train_final
0,41.0,7225.0,15360.0,70.0,39.59,1786251939.9738584,round_004_train_g0,train_final
0,36.0,7225.0,15360.0,71.0,41.65,1786251945.0173202,round_004_train_g0,train_final
0,40.0,7225.0,15360.0,71.0,38.9,1786251950.0623596,round_004_train_g0,train_final
0,38.0,7225.0,15360.0,72.0,39.61,1786251955.1109412,round_004_train_g0,train_final
0,35.0,7225.0,15360.0,73.0,41.72,1786251960.1590235,round_004_train_g0,train_final
0,38.0,7225.0,15360.0,73.0,42.12,1786251965.2043567,round_004_train_g0,train_final
0,29.0,7225.0,15360.0,74.0,39.19,1786251970.2483501,round_004_train_g0,train_final
0,33.0,7225.0,15360.0,75.0,43.07,1786251975.2872448,round_004_train_g0,train_final
0,40.0,7225.0,15360.0,75.0,45.04,1786251978.2423553,round_004_train_g0,train_final
1,0.0,6243.0,15360.0,71.0,40.64,1786251909.7346509,round_004_train_g1,train_final
1,38.0,6243.0,15360.0,70.0,45.53,1786251914.781343,round_004_train_g1,train_final
1,40.0,6371.0,15360.0,69.0,41.7,1786251919.8257632,round_004_train_g1,train_final
1,33.0,6371.0,15360.0,70.0,40.45,1786251924.869821,round_004_train_g1,train_final
1,39.0,6509.0,15360.0,71.0,41.26,1786251929.9148285,round_004_train_g1,train_final
1,39.0,6509.0,15360.0,72.0,42.88,1786251934.9607697,round_004_train_g1,train_final
1,42.0,6603.0,15360.0,72.0,38.21,1786251940.0048802,round_004_train_g1,train_final
1,35.0,6813.0,15360.0,73.0,42.29,1786251945.0486798,round_004_train_g1,train_final
1,37.0,6813.0,15360.0,74.0,41.75,1786251950.0924754,round_004_train_g1,train_final
1,38.0,6813.0,15360.0,75.0,42.17,1786251955.1408193,round_004_train_g1,train_final
1,35.0,6813.0,15360.0,75.0,41.9,1786251960.1891615,round_004_train_g1,train_final
1,36.0,7009.0,15360.0,76.0,45.16,1786251965.2333736,round_004_train_g1,train_final
1,32.0,7009.0,15360.0,77.0,40.35,1786251970.277881,round_004_train_g1,train_final
1,27.0,7009.0,15360.0,78.0,37.42,1786251975.2141445,round_004_train_g1,train_final
0,9.0,7229.0,15360.0,75.0,35.97,1786251978.4697108,round_004_test_g0,test_final
0,49.0,7229.0,15360.0,78.0,56.12,1786251983.5209296,round_004_test_g0,test_final
0,46.0,7229.0,15360.0,79.0,59.74,1786251988.572276,round_004_test_g0,test_final
0,46.0,7233.0,15360.0,80.0,56.09,1786251993.6224844,round_004_test_g0,test_final
0,45.0,7233.0,15360.0,78.0,59.71,1786251998.6717243,round_004_test_g0,test_final
0,48.0,7237.0,15360.0,75.0,59.41,1786252003.7202997,round_004_test_g0,test_final
0,49.0,7237.0,15360.0,73.0,53.84,1786252008.770783,round_004_test_g0,test_final
0,39.0,7241.0,15360.0,72.0,56.09,1786252013.8245478,round_004_test_g0,test_final
0,44.0,7241.0,15360.0,70.0,57.21,1786252018.8759444,round_004_test_g0,test_final
0,46.0,7243.0,15360.0,70.0,55.54,1786252023.9272158,round_004_test_g0,test_final
0,49.0,7243.0,15360.0,70.0,57.46,1786252028.976771,round_004_test_g0,test_final
0,49.0,7243.0,15360.0,70.0,57.04,1786252031.3886921,round_004_test_g0,test_final
1,0.0,7009.0,15360.0,76.0,32.05,1786251978.4706874,round_004_test_g1,test_final
1,47.0,7009.0,15360.0,83.0,63.38,1786251983.5207875,round_004_test_g1,test_final
1,51.0,7009.0,15360.0,84.0,51.26,1786251988.5723495,round_004_test_g1,test_final
1,45.0,7009.0,15360.0,83.0,53.51,1786251993.6226447,round_004_test_g1,test_final
1,47.0,7009.0,15360.0,83.0,63.83,1786251998.6703742,round_004_test_g1,test_final
1,45.0,7009.0,15360.0,80.0,58.28,1786252003.7201738,round_004_test_g1,test_final
1,46.0,7009.0,15360.0,77.0,60.45,1786252008.770471,round_004_test_g1,test_final
1,40.0,7009.0,15360.0,75.0,57.59,1786252013.8229268,round_004_test_g1,test_final
1,47.0,7009.0,15360.0,73.0,53.42,1786252018.8765109,round_004_test_g1,test_final
1,43.0,7009.0,15360.0,72.0,58.02,1786252023.9267893,round_004_test_g1,test_final
1,42.0,7009.0,15360.0,72.0,56.81,1786252028.9757452,round_004_test_g1,test_final
1,45.0,7009.0,15360.0,72.0,57.92,1786252033.0709436,round_004_test_g1,test_final
0,0.0,7249.0,15360.0,68.0,33.53,1786252033.212723,round_005_train_g0,train_final
0,30.0,7435.0,15360.0,67.0,39.78,1786252038.2602885,round_005_train_g0,train_final
0,40.0,7435.0,15360.0,68.0,41.43,1786252043.3057086,round_005_train_g0,train_final
0,30.0,7535.0,15360.0,68.0,42.53,1786252048.353944,round_005_train_g0,train_final
0,39.0,7535.0,15360.0,69.0,40.18,1786252053.4002147,round_005_train_g0,train_final
0,38.0,8133.0,15360.0,70.0,40.47,1786252058.4442797,round_005_train_g0,train_final
0,37.0,8133.0,15360.0,70.0,40.67,1786252063.4884923,round_005_train_g0,train_final
0,38.0,8133.0,15360.0,71.0,41.67,1786252068.5307465,round_005_train_g0,train_final
0,38.0,8133.0,15360.0,72.0,41.53,1786252073.5766988,round_005_train_g0,train_final
0,39.0,8133.0,15360.0,72.0,41.94,1786252078.621813,round_005_train_g0,train_final
0,38.0,8133.0,15360.0,73.0,41.36,1786252083.6676588,round_005_train_g0,train_final
0,39.0,8133.0,15360.0,74.0,42.02,1786252088.7139168,round_005_train_g0,train_final
0,40.0,8133.0,15360.0,74.0,42.81,1786252093.7576642,round_005_train_g0,train_final
0,42.0,8133.0,15360.0,75.0,43.27,1786252098.796945,round_005_train_g0,train_final
0,39.0,8133.0,15360.0,75.0,45.14,1786252101.4633553,round_005_train_g0,train_final
1,16.0,7009.0,15360.0,71.0,41.13,1786252033.2388895,round_005_train_g1,train_final
1,32.0,7009.0,15360.0,70.0,43.0,1786252038.28146,round_005_train_g1,train_final
1,38.0,7009.0,15360.0,70.0,39.76,1786252043.3259678,round_005_train_g1,train_final
1,30.0,7009.0,15360.0,71.0,41.63,1786252048.3706365,round_005_train_g1,train_final
1,39.0,7117.0,15360.0,71.0,42.31,1786252053.4151866,round_005_train_g1,train_final
1,35.0,7117.0,15360.0,72.0,40.64,1786252058.4619575,round_005_train_g1,train_final
1,35.0,7117.0,15360.0,73.0,40.91,1786252063.509615,round_005_train_g1,train_final
1,39.0,7287.0,15360.0,74.0,42.26,1786252068.5551007,round_005_train_g1,train_final
1,39.0,7287.0,15360.0,75.0,44.15,1786252073.601489,round_005_train_g1,train_final
1,38.0,7287.0,15360.0,75.0,43.56,1786252078.6461463,round_005_train_g1,train_final
1,32.0,7483.0,15360.0,76.0,43.93,1786252083.6930714,round_005_train_g1,train_final
1,35.0,7483.0,15360.0,77.0,44.15,1786252088.7393415,round_005_train_g1,train_final
1,39.0,7483.0,15360.0,78.0,42.09,1786252093.7847311,round_005_train_g1,train_final
1,32.0,7483.0,15360.0,78.0,45.11,1786252098.4704397,round_005_train_g1,train_final
0,28.0,8133.0,15360.0,75.0,35.01,1786252101.6860192,round_005_test_g0,test_final
0,47.0,8133.0,15360.0,78.0,56.03,1786252106.7378,round_005_test_g0,test_final
0,47.0,8133.0,15360.0,79.0,60.6,1786252111.794986,round_005_test_g0,test_final
0,47.0,8133.0,15360.0,79.0,60.1,1786252116.848963,round_005_test_g0,test_final
0,48.0,8133.0,15360.0,77.0,55.01,1786252121.8969574,round_005_test_g0,test_final
0,44.0,8133.0,15360.0,75.0,58.99,1786252126.9466684,round_005_test_g0,test_final
0,47.0,8133.0,15360.0,73.0,59.03,1786252131.9955046,round_005_test_g0,test_final
0,47.0,8133.0,15360.0,71.0,55.18,1786252137.0454328,round_005_test_g0,test_final
0,43.0,8133.0,15360.0,70.0,56.29,1786252142.1024995,round_005_test_g0,test_final
0,47.0,8133.0,15360.0,69.0,51.85,1786252147.1499903,round_005_test_g0,test_final
0,46.0,8133.0,15360.0,69.0,57.62,1786252152.1992476,round_005_test_g0,test_final
0,46.0,8133.0,15360.0,69.0,57.3,1786252155.2267463,round_005_test_g0,test_final
1,0.0,7483.0,15360.0,77.0,32.15,1786252101.6860447,round_005_test_g1,test_final
1,48.0,7483.0,15360.0,83.0,62.01,1786252106.7376468,round_005_test_g1,test_final
1,54.0,7483.0,15360.0,84.0,56.35,1786252111.7954347,round_005_test_g1,test_final
1,48.0,7483.0,15360.0,84.0,60.94,1786252116.846644,round_005_test_g1,test_final
1,46.0,7483.0,15360.0,82.0,60.55,1786252121.8971195,round_005_test_g1,test_final
1,47.0,7483.0,15360.0,80.0,60.84,1786252126.9455807,round_005_test_g1,test_final
1,47.0,7483.0,15360.0,77.0,55.67,1786252131.995619,round_005_test_g1,test_final
1,48.0,7483.0,15360.0,74.0,60.88,1786252137.04661,round_005_test_g1,test_final
1,40.0,7483.0,15360.0,73.0,57.98,1786252142.102614,round_005_test_g1,test_final
1,49.0,7483.0,15360.0,72.0,53.84,1786252147.150021,round_005_test_g1,test_final
1,46.0,7483.0,15360.0,72.0,59.15,1786252152.200377,round_005_test_g1,test_final
1,45.0,7483.0,15360.0,72.0,56.81,1786252154.85794,round_005_test_g1,test_final
0,39.0,8139.0,15360.0,69.0,39.39,1786252155.367573,round_006_train_g0,train_final
0,34.0,8325.0,15360.0,67.0,38.9,1786252160.4172454,round_006_train_g0,train_final
0,40.0,8325.0,15360.0,68.0,41.72,1786252165.4643915,round_006_train_g0,train_final
0,39.0,8425.0,15360.0,68.0,41.82,1786252170.510896,round_006_train_g0,train_final
0,38.0,8425.0,15360.0,69.0,39.98,1786252175.5555177,round_006_train_g0,train_final
0,39.0,9023.0,15360.0,70.0,43.62,1786252180.6004105,round_006_train_g0,train_final
0,39.0,9023.0,15360.0,71.0,42.31,1786252185.6460059,round_006_train_g0,train_final
0,32.0,9023.0,15360.0,71.0,37.74,1786252190.6896122,round_006_train_g0,train_final
0,36.0,9023.0,15360.0,72.0,41.06,1786252195.7381434,round_006_train_g0,train_final
0,35.0,9023.0,15360.0,72.0,41.75,1786252200.7812078,round_006_train_g0,train_final
0,39.0,9023.0,15360.0,73.0,40.23,1786252205.8369997,round_006_train_g0,train_final
0,42.0,9023.0,15360.0,74.0,41.26,1786252210.887402,round_006_train_g0,train_final
0,36.0,9023.0,15360.0,74.0,42.31,1786252215.9311314,round_006_train_g0,train_final
0,36.0,9023.0,15360.0,75.0,45.26,1786252220.969937,round_006_train_g0,train_final
0,39.0,9023.0,15360.0,75.0,45.53,1786252223.7101374,round_006_train_g0,train_final
1,0.0,7483.0,15360.0,71.0,40.45,1786252155.3931334,round_006_train_g1,train_final
1,33.0,7483.0,15360.0,70.0,42.9,1786252160.436779,round_006_train_g1,train_final
1,39.0,7483.0,15360.0,70.0,42.12,1786252165.480999,round_006_train_g1,train_final
1,35.0,7483.0,15360.0,70.0,39.78,1786252170.5261085,round_006_train_g1,train_final
1,36.0,7591.0,15360.0,71.0,42.68,1786252175.5700397,round_006_train_g1,train_final
1,37.0,7591.0,15360.0,72.0,44.13,1786252180.6160316,round_006_train_g1,train_final
1,40.0,7591.0,15360.0,73.0,40.57,1786252185.6601467,round_006_train_g1,train_final
1,33.0,7761.0,15360.0,73.0,39.37,1786252190.705784,round_006_train_g1,train_final
1,36.0,7761.0,15360.0,74.0,42.02,1786252195.751187,round_006_train_g1,train_final
1,40.0,7761.0,15360.0,75.0,41.7,1786252200.7972353,round_006_train_g1,train_final
1,39.0,7957.0,15360.0,76.0,42.29,1786252205.8454585,round_006_train_g1,train_final
1,37.0,7957.0,15360.0,76.0,43.07,1786252210.9013076,round_006_train_g1,train_final
1,35.0,7957.0,15360.0,77.0,43.0,1786252215.9446888,round_006_train_g1,train_final
1,38.0,7957.0,15360.0,78.0,39.0,1786252220.7737346,round_006_train_g1,train_final
0,8.0,9023.0,15360.0,75.0,34.51,1786252223.931816,round_006_test_g0,test_final
0,48.0,9023.0,15360.0,78.0,61.27,1786252228.9801662,round_006_test_g0,test_final
0,47.0,9023.0,15360.0,79.0,55.86,1786252234.031433,round_006_test_g0,test_final
0,48.0,9023.0,15360.0,80.0,60.25,1786252239.08433,round_006_test_g0,test_final
0,49.0,9023.0,15360.0,78.0,56.71,1786252244.1409376,round_006_test_g0,test_final
0,48.0,9023.0,15360.0,75.0,58.8,1786252249.1928127,round_006_test_g0,test_final
0,44.0,9023.0,15360.0,73.0,55.6,1786252254.246965,round_006_test_g0,test_final
0,47.0,9023.0,15360.0,72.0,52.4,1786252259.2963994,round_006_test_g0,test_final
0,45.0,9023.0,15360.0,70.0,56.74,1786252264.3458638,round_006_test_g0,test_final
0,47.0,9023.0,15360.0,70.0,56.32,1786252269.3976827,round_006_test_g0,test_final
0,47.0,9023.0,15360.0,70.0,56.03,1786252274.4487119,round_006_test_g0,test_final
0,47.0,9023.0,15360.0,69.0,56.16,1786252276.9576151,round_006_test_g0,test_final
1,0.0,7957.0,15360.0,76.0,32.05,1786252223.9308572,round_006_test_g1,test_final
1,48.0,7957.0,15360.0,83.0,63.81,1786252228.9791837,round_006_test_g1,test_final
1,54.0,7957.0,15360.0,84.0,52.47,1786252234.03373,round_006_test_g1,test_final
1,52.0,7957.0,15360.0,84.0,56.78,1786252239.0858731,round_006_test_g1,test_final
1,47.0,7957.0,15360.0,83.0,62.54,1786252244.1404934,round_006_test_g1,test_final
1,46.0,7957.0,15360.0,80.0,58.11,1786252249.192287,round_006_test_g1,test_final
1,40.0,7957.0,15360.0,77.0,59.57,1786252254.246998,round_006_test_g1,test_final
1,48.0,7957.0,15360.0,75.0,55.08,1786252259.2973611,round_006_test_g1,test_final
1,47.0,7957.0,15360.0,73.0,60.13,1786252264.345653,round_006_test_g1,test_final
1,47.0,7957.0,15360.0,72.0,58.73,1786252269.397017,round_006_test_g1,test_final
1,46.0,7957.0,15360.0,72.0,52.6,1786252274.4490407,round_006_test_g1,test_final
1,48.0,7957.0,15360.0,72.0,43.96,1786252277.6517155,round_006_test_g1,test_final
0,0.0,9029.0,15360.0,69.0,39.02,1786252277.7942464,round_007_train_g0,train_final
0,38.0,9215.0,15360.0,68.0,40.86,1786252282.8368752,round_007_train_g0,train_final
0,32.0,9215.0,15360.0,68.0,40.54,1786252287.8900194,round_007_train_g0,train_final
0,34.0,9315.0,15360.0,68.0,40.86,1786252292.9336746,round_007_train_g0,train_final
0,39.0,9315.0,15360.0,69.0,38.33,1786252297.976757,round_007_train_g0,train_final
0,36.0,9913.0,15360.0,70.0,39.81,1786252303.0190296,round_007_train_g0,train_final
0,29.0,9913.0,15360.0,70.0,41.53,1786252308.0648017,round_007_train_g0,train_final
0,34.0,9913.0,15360.0,71.0,40.91,1786252313.1103542,round_007_train_g0,train_final
0,38.0,9913.0,15360.0,72.0,38.8,1786252318.1550999,round_007_train_g0,train_final
0,39.0,9913.0,15360.0,73.0,42.71,1786252323.1994421,round_007_train_g0,train_final
0,37.0,9913.0,15360.0,73.0,41.7,1786252328.2426214,round_007_train_g0,train_final
0,40.0,9913.0,15360.0,74.0,43.98,1786252333.284988,round_007_train_g0,train_final
0,41.0,9913.0,15360.0,74.0,41.13,1786252338.330715,round_007_train_g0,train_final
0,39.0,9913.0,15360.0,75.0,45.11,1786252343.3728127,round_007_train_g0,train_final
0,38.0,9913.0,15360.0,75.0,44.91,1786252345.5017385,round_007_train_g0,train_final
1,30.0,7957.0,15360.0,71.0,41.13,1786252277.8336535,round_007_train_g1,train_final
1,36.0,7957.0,15360.0,70.0,42.22,1786252282.8784823,round_007_train_g1,train_final
1,32.0,7957.0,15360.0,70.0,39.68,1786252287.93749,round_007_train_g1,train_final
1,32.0,7957.0,15360.0,71.0,41.26,1786252292.9818218,round_007_train_g1,train_final
1,31.0,8065.0,15360.0,71.0,39.17,1786252298.024809,round_007_train_g1,train_final
1,34.0,8065.0,15360.0,72.0,41.06,1786252303.0694335,round_007_train_g1,train_final
1,28.0,8065.0,15360.0,73.0,43.1,1786252308.1126988,round_007_train_g1,train_final
1,35.0,8235.0,15360.0,74.0,42.73,1786252313.1564212,round_007_train_g1,train_final
1,29.0,8235.0,15360.0,75.0,41.92,1786252318.1987696,round_007_train_g1,train_final
1,38.0,8235.0,15360.0,75.0,43.07,1786252323.2419155,round_007_train_g1,train_final
1,37.0,8431.0,15360.0,76.0,44.72,1786252328.2847097,round_007_train_g1,train_final
1,40.0,8431.0,15360.0,77.0,42.39,1786252333.327448,round_007_train_g1,train_final
1,39.0,8431.0,15360.0,78.0,43.37,1786252338.3707578,round_007_train_g1,train_final
1,40.0,8431.0,15360.0,79.0,40.15,1786252342.4560094,round_007_train_g1,train_final
0,21.0,9913.0,15360.0,75.0,34.91,1786252345.7156084,round_007_test_g0,test_final
0,46.0,9913.0,15360.0,78.0,54.95,1786252350.7663107,round_007_test_g0,test_final
0,48.0,9913.0,15360.0,79.0,61.37,1786252355.8181858,round_007_test_g0,test_final
0,47.0,9913.0,15360.0,79.0,55.51,1786252360.867733,round_007_test_g0,test_final
0,47.0,9913.0,15360.0,76.0,56.71,1786252365.9185963,round_007_test_g0,test_final
0,48.0,9913.0,15360.0,74.0,59.9,1786252370.9688365,round_007_test_g0,test_final
0,49.0,9913.0,15360.0,73.0,53.74,1786252376.0213609,round_007_test_g0,test_final
0,48.0,9913.0,15360.0,71.0,56.72,1786252381.0718129,round_007_test_g0,test_final
0,47.0,9913.0,15360.0,70.0,56.65,1786252386.117508,round_007_test_g0,test_final
0,48.0,9913.0,15360.0,70.0,52.01,1786252391.1690116,round_007_test_g0,test_final
0,47.0,9913.0,15360.0,69.0,57.43,1786252396.2169688,round_007_test_g0,test_final
0,47.0,9913.0,15360.0,69.0,42.51,1786252398.4923427,round_007_test_g0,test_final
1,2.0,8431.0,15360.0,77.0,32.25,1786252345.7156804,round_007_test_g1,test_final
1,47.0,8431.0,15360.0,83.0,60.37,1786252350.7662709,round_007_test_g1,test_final
1,51.0,8431.0,15360.0,84.0,56.26,1786252355.8191686,round_007_test_g1,test_final
1,50.0,8431.0,15360.0,84.0,63.28,1786252360.8672295,round_007_test_g1,test_final
1,47.0,8431.0,15360.0,82.0,63.58,1786252365.9180312,round_007_test_g1,test_final
1,45.0,8431.0,15360.0,79.0,60.1,1786252370.968413,round_007_test_g1,test_final
1,44.0,8431.0,15360.0,76.0,59.55,1786252376.0242636,round_007_test_g1,test_final
1,44.0,8431.0,15360.0,74.0,54.1,1786252381.0694826,round_007_test_g1,test_final
1,48.0,8431.0,15360.0,73.0,57.98,1786252386.1167588,round_007_test_g1,test_final
1,47.0,8431.0,15360.0,72.0,58.18,1786252391.1686797,round_007_test_g1,test_final
1,49.0,8431.0,15360.0,72.0,52.28,1786252396.2185194,round_007_test_g1,test_final
1,48.0,8431.0,15360.0,72.0,45.04,1786252399.2273428,round_007_test_g1,test_final
0,0.0,9917.0,15360.0,68.0,39.02,1786252399.363109,round_008_train_g0,train_final
0,38.0,10101.0,15360.0,68.0,40.57,1786252404.4096224,round_008_train_g0,train_final
0,39.0,10101.0,15360.0,68.0,39.88,1786252409.4521837,round_008_train_g0,train_final
0,40.0,10199.0,15360.0,69.0,42.26,1786252414.4992044,round_008_train_g0,train_final
0,37.0,10199.0,15360.0,69.0,41.92,1786252419.5440383,round_008_train_g0,train_final
0,36.0,10795.0,15360.0,70.0,40.54,1786252424.5907853,round_008_train_g0,train_final
0,39.0,10795.0,15360.0,71.0,42.02,1786252429.6360373,round_008_train_g0,train_final
0,36.0,10795.0,15360.0,71.0,42.34,1786252434.680664,round_008_train_g0,train_final
0,40.0,10795.0,15360.0,72.0,41.04,1786252439.7246866,round_008_train_g0,train_final
0,38.0,10795.0,15360.0,73.0,44.08,1786252444.7693653,round_008_train_g0,train_final
0,43.0,10795.0,15360.0,73.0,41.26,1786252449.8164642,round_008_train_g0,train_final
0,38.0,10795.0,15360.0,74.0,43.45,1786252454.8589249,round_008_train_g0,train_final
0,34.0,10795.0,15360.0,75.0,43.2,1786252459.9015393,round_008_train_g0,train_final
0,39.0,10795.0,15360.0,76.0,45.48,1786252464.9439743,round_008_train_g0,train_final
0,38.0,10795.0,15360.0,76.0,37.44,1786252467.0827603,round_008_train_g0,train_final
1,35.0,8431.0,15360.0,72.0,41.04,1786252399.386389,round_008_train_g1,train_final
1,38.0,8431.0,15360.0,71.0,45.33,1786252404.4317353,round_008_train_g1,train_final
1,37.0,8431.0,15360.0,70.0,38.53,1786252409.4749737,round_008_train_g1,train_final
1,37.0,8431.0,15360.0,71.0,42.61,1786252414.5214834,round_008_train_g1,train_final
1,39.0,8431.0,15360.0,71.0,40.47,1786252419.5676248,round_008_train_g1,train_final
1,34.0,8431.0,15360.0,73.0,40.94,1786252424.61763,round_008_train_g1,train_final
1,40.0,8431.0,15360.0,73.0,41.9,1786252429.6616697,round_008_train_g1,train_final
1,35.0,8601.0,15360.0,74.0,40.54,1786252434.709818,round_008_train_g1,train_final
1,40.0,8601.0,15360.0,75.0,42.22,1786252439.7533643,round_008_train_g1,train_final
1,37.0,8601.0,15360.0,76.0,43.79,1786252444.8087804,round_008_train_g1,train_final
1,39.0,8797.0,15360.0,76.0,43.37,1786252449.8540945,round_008_train_g1,train_final
1,32.0,8797.0,15360.0,77.0,40.94,1786252454.898501,round_008_train_g1,train_final
1,35.0,8797.0,15360.0,78.0,44.35,1786252459.9448345,round_008_train_g1,train_final
1,32.0,8797.0,15360.0,79.0,43.79,1786252464.0092695,round_008_train_g1,train_final
0,29.0,10795.0,15360.0,76.0,41.43,1786252467.3012638,round_008_test_g0,test_final
0,48.0,10795.0,15360.0,79.0,61.37,1786252472.3521342,round_008_test_g0,test_final
0,47.0,10795.0,15360.0,79.0,61.62,1786252477.4066556,round_008_test_g0,test_final
0,46.0,10795.0,15360.0,78.0,57.23,1786252482.453928,round_008_test_g0,test_final
0,49.0,10795.0,15360.0,76.0,60.92,1786252487.505502,round_008_test_g0,test_final
0,45.0,10795.0,15360.0,74.0,53.61,1786252492.5575063,round_008_test_g0,test_final
0,46.0,10795.0,15360.0,72.0,57.49,1786252497.607601,round_008_test_g0,test_final
0,49.0,10795.0,15360.0,71.0,57.43,1786252502.658374,round_008_test_g0,test_final
0,49.0,10795.0,15360.0,70.0,50.67,1786252507.7107143,round_008_test_g0,test_final
0,44.0,10795.0,15360.0,69.0,55.74,1786252512.763281,round_008_test_g0,test_final
0,45.0,10795.0,15360.0,69.0,57.01,1786252517.8141124,round_008_test_g0,test_final
0,47.0,10795.0,15360.0,69.0,47.95,1786252520.1467013,round_008_test_g0,test_final
1,0.0,8797.0,15360.0,77.0,32.25,1786252467.3032606,round_008_test_g1,test_final
1,48.0,8797.0,15360.0,84.0,61.52,1786252472.3528082,round_008_test_g1,test_final
1,53.0,8797.0,15360.0,83.0,52.37,1786252477.4040692,round_008_test_g1,test_final
1,43.0,8797.0,15360.0,83.0,62.21,1786252482.4533873,round_008_test_g1,test_final
1,43.0,8797.0,15360.0,81.0,61.0,1786252487.5054028,round_008_test_g1,test_final
1,45.0,8797.0,15360.0,79.0,60.52,1786252492.5576084,round_008_test_g1,test_final
1,48.0,8797.0,15360.0,76.0,62.11,1786252497.6097844,round_008_test_g1,test_final
1,45.0,8797.0,15360.0,74.0,54.46,1786252502.6583118,round_008_test_g1,test_final
1,43.0,8797.0,15360.0,73.0,55.93,1786252507.7106748,round_008_test_g1,test_final
1,42.0,8797.0,15360.0,72.0,56.35,1786252512.7624345,round_008_test_g1,test_final
1,43.0,8797.0,15360.0,72.0,54.33,1786252517.8128061,round_008_test_g1,test_final
1,47.0,8797.0,15360.0,72.0,50.84,1786252522.5210388,round_008_test_g1,test_final
0,3.0,10801.0,15360.0,67.0,29.92,1786252522.659925,round_009_train_g0,train_final
0,35.0,10981.0,15360.0,68.0,39.22,1786252527.7038596,round_009_train_g0,train_final
0,31.0,10981.0,15360.0,68.0,40.49,1786252532.747432,round_009_train_g0,train_final
0,36.0,10981.0,15360.0,69.0,39.12,1786252537.791203,round_009_train_g0,train_final
0,39.0,10981.0,15360.0,70.0,41.65,1786252542.8342826,round_009_train_g0,train_final
0,35.0,11573.0,15360.0,70.0,40.79,1786252547.882424,round_009_train_g0,train_final
0,37.0,11573.0,15360.0,71.0,38.21,1786252552.9283516,round_009_train_g0,train_final
0,28.0,11573.0,15360.0,71.0,40.99,1786252557.9746947,round_009_train_g0,train_final
0,37.0,11573.0,15360.0,72.0,42.81,1786252563.0189364,round_009_train_g0,train_final
0,30.0,11573.0,15360.0,73.0,41.23,1786252568.0628254,round_009_train_g0,train_final
0,39.0,11573.0,15360.0,73.0,41.72,1786252573.1077564,round_009_train_g0,train_final
0,28.0,11573.0,15360.0,74.0,41.63,1786252578.150215,round_009_train_g0,train_final
0,32.0,11573.0,15360.0,75.0,40.45,1786252583.1948383,round_009_train_g0,train_final
0,38.0,11573.0,15360.0,75.0,42.12,1786252588.2394233,round_009_train_g0,train_final
0,39.0,11573.0,15360.0,75.0,37.25,1786252590.637929,round_009_train_g0,train_final
1,19.0,8797.0,15360.0,72.0,41.13,1786252522.6898797,round_009_train_g1,train_final
1,39.0,8797.0,15360.0,71.0,41.82,1786252527.7327514,round_009_train_g1,train_final
1,33.0,8797.0,15360.0,71.0,41.26,1786252532.7778466,round_009_train_g1,train_final
1,34.0,8797.0,15360.0,72.0,43.44,1786252537.8222845,round_009_train_g1,train_final
1,40.0,8797.0,15360.0,72.0,40.27,1786252542.868654,round_009_train_g1,train_final
1,33.0,8797.0,15360.0,73.0,39.78,1786252547.9305365,round_009_train_g1,train_final
1,38.0,8797.0,15360.0,74.0,40.74,1786252552.9738796,round_009_train_g1,train_final
1,30.0,8967.0,15360.0,75.0,43.2,1786252558.016203,round_009_train_g1,train_final
1,37.0,8967.0,15360.0,76.0,42.36,1786252563.0588937,round_009_train_g1,train_final
1,28.0,8967.0,15360.0,76.0,41.67,1786252568.1041148,round_009_train_g1,train_final
1,40.0,9163.0,15360.0,77.0,44.03,1786252573.1476812,round_009_train_g1,train_final
1,33.0,9163.0,15360.0,78.0,41.92,1786252578.1911004,round_009_train_g1,train_final
1,31.0,9163.0,15360.0,78.0,41.92,1786252583.234635,round_009_train_g1,train_final
1,34.0,9163.0,15360.0,79.0,38.01,1786252587.7038028,round_009_train_g1,train_final
0,0.0,11573.0,15360.0,75.0,36.17,1786252590.8852723,round_009_test_g0,test_final
0,45.0,11573.0,15360.0,78.0,60.74,1786252595.936374,round_009_test_g0,test_final
0,43.0,11573.0,15360.0,78.0,54.62,1786252600.9851356,round_009_test_g0,test_final
0,43.0,11573.0,15360.0,77.0,58.7,1786252606.0371807,round_009_test_g0,test_final
0,46.0,11573.0,15360.0,75.0,58.31,1786252611.085693,round_009_test_g0,test_final
0,43.0,11573.0,15360.0,73.0,55.7,1786252616.138837,round_009_test_g0,test_final
0,47.0,11573.0,15360.0,71.0,57.43,1786252621.1862752,round_009_test_g0,test_final
0,46.0,11573.0,15360.0,70.0,51.33,1786252626.2380733,round_009_test_g0,test_final
0,47.0,11573.0,15360.0,69.0,56.49,1786252631.2904239,round_009_test_g0,test_final
0,49.0,11573.0,15360.0,69.0,55.7,1786252636.3398738,round_009_test_g0,test_final
0,46.0,11573.0,15360.0,69.0,52.21,1786252641.3900976,round_009_test_g0,test_final
0,48.0,11573.0,15360.0,69.0,57.72,1786252644.7312915,round_009_test_g0,test_final
1,0.0,9163.0,15360.0,78.0,32.35,1786252590.884869,round_009_test_g1,test_final
1,44.0,9163.0,15360.0,84.0,56.97,1786252595.9353068,round_009_test_g1,test_final
1,38.0,9163.0,15360.0,84.0,61.56,1786252600.983719,round_009_test_g1,test_final
1,46.0,9163.0,15360.0,83.0,63.18,1786252606.036969,round_009_test_g1,test_final
1,45.0,9163.0,15360.0,81.0,57.92,1786252611.0855372,round_009_test_g1,test_final
1,44.0,9163.0,15360.0,78.0,59.9,1786252616.1351988,round_009_test_g1,test_final
1,49.0,9163.0,15360.0,76.0,60.95,1786252621.1883996,round_009_test_g1,test_final
1,46.0,9163.0,15360.0,73.0,54.2,1786252626.2382092,round_009_test_g1,test_final
1,48.0,9163.0,15360.0,72.0,59.09,1786252631.290915,round_009_test_g1,test_final
1,47.0,9163.0,15360.0,72.0,59.09,1786252636.3403533,round_009_test_g1,test_final
1,47.0,9163.0,15360.0,72.0,58.28,1786252641.3902566,round_009_test_g1,test_final
1,48.0,9163.0,15360.0,72.0,58.92,1786252645.0009918,round_009_test_g1,test_final
0,0.0,11579.0,15360.0,68.0,39.22,1786252645.13668,round_010_train_g0,train_final
0,36.0,11759.0,15360.0,68.0,40.86,1786252650.1798027,round_010_train_g0,train_final
0,33.0,11759.0,15360.0,68.0,40.08,1786252655.2314465,round_010_train_g0,train_final
0,40.0,11759.0,15360.0,69.0,43.17,1786252660.2745206,round_010_train_g0,train_final
0,40.0,11759.0,15360.0,70.0,41.85,1786252665.3178182,round_010_train_g0,train_final
0,38.0,12351.0,15360.0,70.0,41.63,1786252670.3606517,round_010_train_g0,train_final
0,41.0,12351.0,15360.0,71.0,40.05,1786252675.4063692,round_010_train_g0,train_final
0,37.0,12351.0,15360.0,71.0,40.82,1786252680.449956,round_010_train_g0,train_final
0,38.0,12351.0,15360.0,72.0,43.0,1786252685.4964633,round_010_train_g0,train_final
0,35.0,12351.0,15360.0,73.0,41.63,1786252690.5391567,round_010_train_g0,train_final
0,33.0,12351.0,15360.0,73.0,42.49,1786252695.586435,round_010_train_g0,train_final
0,34.0,12351.0,15360.0,74.0,42.29,1786252700.6301622,round_010_train_g0,train_final
0,31.0,12351.0,15360.0,75.0,39.86,1786252705.6777098,round_010_train_g0,train_final
0,39.0,12351.0,15360.0,75.0,43.86,1786252710.7197504,round_010_train_g0,train_final
0,40.0,12351.0,15360.0,75.0,46.12,1786252712.9475238,round_010_train_g0,train_final
1,6.0,9163.0,15360.0,72.0,50.08,1786252645.1679919,round_010_train_g1,train_final
1,35.0,9163.0,15360.0,71.0,42.12,1786252650.2170362,round_010_train_g1,train_final
1,31.0,9163.0,15360.0,71.0,40.25,1786252655.2598019,round_010_train_g1,train_final
1,40.0,9163.0,15360.0,72.0,42.68,1786252660.3038888,round_010_train_g1,train_final
1,39.0,9163.0,15360.0,72.0,42.02,1786252665.349527,round_010_train_g1,train_final
1,36.0,9163.0,15360.0,73.0,41.9,1786252670.3936899,round_010_train_g1,train_final
1,41.0,9163.0,15360.0,74.0,45.16,1786252675.4387531,round_010_train_g1,train_final
1,37.0,9333.0,15360.0,75.0,41.75,1786252680.4818056,round_010_train_g1,train_final
1,39.0,9333.0,15360.0,75.0,42.81,1786252685.5237968,round_010_train_g1,train_final
1,36.0,9333.0,15360.0,76.0,43.96,1786252690.5696285,round_010_train_g1,train_final
1,33.0,9529.0,15360.0,77.0,44.23,1786252695.6135237,round_010_train_g1,train_final
1,33.0,9529.0,15360.0,78.0,42.31,1786252700.65873,round_010_train_g1,train_final
1,33.0,9529.0,15360.0,79.0,43.86,1786252705.7046409,round_010_train_g1,train_final
1,37.0,9529.0,15360.0,79.0,44.72,1786252709.8137612,round_010_train_g1,train_final
0,26.0,12351.0,15360.0,75.0,36.07,1786252713.1763759,round_010_test_g0,test_final
0,42.0,12351.0,15360.0,78.0,52.96,1786252718.2298436,round_010_test_g0,test_final
0,48.0,12351.0,15360.0,78.0,61.4,1786252723.2789912,round_010_test_g0,test_final
0,46.0,12351.0,15360.0,77.0,59.29,1786252728.32768,round_010_test_g0,test_final
0,47.0,12351.0,15360.0,75.0,53.38,1786252733.378591,round_010_test_g0,test_final
0,47.0,12351.0,15360.0,73.0,57.72,1786252738.4310274,round_010_test_g0,test_final
0,48.0,12351.0,15360.0,71.0,57.95,1786252743.47966,round_010_test_g0,test_final
0,45.0,12351.0,15360.0,70.0,51.42,1786252748.530579,round_010_test_g0,test_final
0,48.0,12351.0,15360.0,69.0,57.95,1786252753.5804064,round_010_test_g0,test_final
0,47.0,12351.0,15360.0,69.0,56.32,1786252758.627997,round_010_test_g0,test_final
0,48.0,12351.0,15360.0,69.0,52.57,1786252763.6768882,round_010_test_g0,test_final
0,49.0,12351.0,15360.0,69.0,44.55,1786252766.3671165,round_010_test_g0,test_final
1,2.0,9529.0,15360.0,77.0,36.44,1786252713.1763513,round_010_test_g1,test_final
1,46.0,9529.0,15360.0,83.0,64.16,1786252718.2299376,round_010_test_g1,test_final
1,47.0,9529.0,15360.0,84.0,60.94,1786252723.2783172,round_010_test_g1,test_final
1,44.0,9529.0,15360.0,83.0,57.79,1786252728.3278368,round_010_test_g1,test_final
1,44.0,9529.0,15360.0,81.0,61.82,1786252733.378549,round_010_test_g1,test_final
1,45.0,9529.0,15360.0,78.0,60.74,1786252738.4305336,round_010_test_g1,test_final
1,48.0,9529.0,15360.0,76.0,55.47,1786252743.478923,round_010_test_g1,test_final
1,48.0,9529.0,15360.0,74.0,59.25,1786252748.529609,round_010_test_g1,test_final
1,47.0,9529.0,15360.0,73.0,58.51,1786252753.580596,round_010_test_g1,test_final
1,48.0,9529.0,15360.0,72.0,58.96,1786252758.627738,round_010_test_g1,test_final
1,48.0,9529.0,15360.0,72.0,58.37,1786252763.6767352,round_010_test_g1,test_final
1,43.0,9529.0,15360.0,72.0,58.37,1786252767.3118453,round_010_test_g1,test_final
